date,daily_return,universe,method,growth_of_1
2021-01-04,-0.013701064199660194,Equity,Equal-weight (1/N),0.9862989358003398
2021-01-05,0.012741623294831668,Equity,Equal-weight (1/N),0.998865985296401
2021-01-06,0.013716586163369607,Equity,Equal-weight (1/N),1.0125670166493783
2021-01-07,0.00979755852435766,Equity,Equal-weight (1/N),1.0224877012548348
2021-01-08,0.0025391197143721156,Equity,Equal-weight (1/N),1.0250839199347939
2021-01-11,0.00024143705130121593,Equity,Equal-weight (1/N),1.0253314131737592
2021-01-12,0.004053146990521044,Equity,Equal-weight (1/N),1.029487232105351
2021-01-13,-0.0003666870544489757,Equity,Equal-weight (1/N),1.0291097324646175
2021-01-14,0.004186892503517239,Equity,Equal-weight (1/N),1.0334185042887702
2021-01-15,-0.012468237405141813,Equity,Equal-weight (1/N),1.0205335970384313
2021-01-19,0.007686465686841389,Equity,Equal-weight (1/N),1.028377893514336
2021-01-20,0.007530881578070001,Equity,Equal-weight (1/N),1.0361224856478974
2021-01-21,-0.008091989758853557,Equity,Equal-weight (1/N),1.0277381931051166
2021-01-22,-0.0032570650886820864,Equity,Equal-weight (1/N),1.0243907829160488
2021-01-25,0.0017190661049002161,Equity,Equal-weight (1/N),1.026151778389132
2021-01-26,-0.005633202476990918,Equity,Equal-weight (1/N),1.0203712576493418
2021-01-27,-0.02568990468095619,Equity,Equal-weight (1/N),0.9941580173011427
2021-01-28,0.010414456904308634,Equity,Equal-weight (1/N),1.0045116331283983
2021-01-29,-0.014843771101669807,Equity,Equal-weight (1/N),0.9896008923772759
2021-02-01,0.008517686014717274,Equity,Equal-weight (1/N),0.9980300020584296
2021-02-02,0.017461368582400643,Equity,Equal-weight (1/N),1.0154569717806659
2021-02-03,0.001869028892936623,Equity,Equal-weight (1/N),1.0173548902004579
2021-02-04,0.009279172224145423,Equity,Equal-weight (1/N),1.0267951014397045
2021-02-05,0.006292140440644191,Equity,Equal-weight (1/N),1.0332558404217287
2021-02-08,0.013472894033687228,Equity,Equal-weight (1/N),1.047176786869419
2021-02-09,-0.0028566363844635123,Equity,Equal-weight (1/N),1.0441853835590822
2021-02-10,0.0018380613809191849,Equity,Equal-weight (1/N),1.0461046603871225
2021-02-11,-0.0011448702812422444,Equity,Equal-weight (1/N),1.0449070062503762
2021-02-12,0.00456925706778937,Equity,Equal-weight (1/N),1.0496814549738684
2021-02-16,0.0013897038414903639,Equity,Equal-weight (1/N),1.0511402013241868
2021-02-17,0.0025314182146181355,Equity,Equal-weight (1/N),1.0538010767759363
2021-02-18,-0.006636366116092682,Equity,Equal-weight (1/N),1.0468076670169184
2021-02-19,0.001755214269742609,Equity,Equal-weight (1/N),1.0486450387717425
2021-02-22,0.0031514621982570985,Equity,Equal-weight (1/N),1.0519498039708215
2021-02-23,0.0007040167077609853,Equity,Equal-weight (1/N),1.0526903942085428
2021-02-24,0.016122034613694283,Equity,Equal-weight (1/N),1.0696619051814764
2021-02-25,-0.019177178544150526,Equity,Equal-weight (1/N),1.049148807843935
2021-02-26,-0.013518257118032433,Equity,Equal-weight (1/N),1.0349661445044236
2021-03-01,0.019963326496913784,Equity,Equal-weight (1/N),1.0556275115604175
2021-03-02,-0.002806234801394803,Equity,Equal-weight (1/N),1.0526651729001668
2021-03-03,-0.00686562246203485,Equity,Equal-weight (1/N),1.0454379712441018
2021-03-04,-0.00767822301159603,Equity,Equal-weight (1/N),1.037410865356099
2021-03-05,0.017818035114266734,Equity,Equal-weight (1/N),1.0558954885829357
2021-03-08,0.002415640111810529,Equity,Equal-weight (1/N),1.0584461520790365
2021-03-09,0.005985780768517135,Equity,Equal-weight (1/N),1.0647817787006622
2021-03-10,0.0101448846756299,Equity,Equal-weight (1/N),1.0755838670502924
2021-03-11,0.004733695242030586,Equity,Equal-weight (1/N),1.080675353284153
2021-03-12,0.007321322908661966,Equity,Equal-weight (1/N),1.0885873265049788
2021-03-15,0.005322672463124853,Equity,Equal-weight (1/N),1.0943815202914735
2021-03-16,-0.0006629149901878921,Equity,Equal-weight (1/N),1.0936560383766876
2021-03-17,0.0024525274775814045,Equity,Equal-weight (1/N),1.0963382598618294
2021-03-18,-0.013330223758688135,Equity,Equal-weight (1/N),1.0817238255426604
2021-03-19,-0.004960196790008944,Equity,Equal-weight (1/N),1.0763582624955275
2021-03-22,0.005318652811677227,Equity,Equal-weight (1/N),1.0820830383947213
2021-03-23,-0.008369492885778741,Equity,Equal-weight (1/N),1.0730265521030549
2021-03-24,-0.0030626418984172673,Equity,Equal-weight (1/N),1.0697402560264697
2021-03-25,0.007372562002828899,Equity,Equal-weight (1/N),1.077626982390947
2021-03-26,0.019572563755066646,Equity,Equal-weight (1/N),1.0987189052079738
2021-03-29,0.001166862291467606,Equity,Equal-weight (1/N),1.1000009588673836
2021-03-30,-0.0033567374259093805,Equity,Equal-weight (1/N),1.0963085444802172
2021-03-31,-0.0011654710318684406,Equity,Equal-weight (1/N),1.0950308286296355
2021-04-01,0.011919235422437929,Equity,Equal-weight (1/N),1.1080827588708995
2021-04-05,0.005152482779723814,Equity,Equal-weight (1/N),1.1137921362044907
2021-04-06,0.00029015905144857827,Equity,Equal-weight (1/N),1.1141153130742427
2021-04-07,-0.0009851625251715208,Equity,Equal-weight (1/N),1.1130177284190823
2021-04-08,-0.0011896458588349858,Equity,Equal-weight (1/N),1.1116936314876587
2021-04-09,0.002584947891170619,Equity,Equal-weight (1/N),1.1145673015960005
2021-04-12,-0.00037056396292804413,Equity,Equal-weight (1/N),1.114154283119771
2021-04-13,0.0018030353949632738,Equity,Equal-weight (1/N),1.116163142727686
2021-04-14,0.0029439118121921018,Equity,Equal-weight (1/N),1.1194490285878955
2021-04-15,0.009653589624722807,Equity,Equal-weight (1/N),1.1302557301156775
2021-04-16,0.0028845720106958775,Equity,Equal-weight (1/N),1.1335160341596977
2021-04-19,-0.003685581075592001,Equity,Equal-weight (1/N),1.1293383689153187
2021-04-20,-0.008392591578321392,Equity,Equal-weight (1/N),1.1198602932312847
2021-04-21,0.010332327422379967,Equity,Equal-weight (1/N),1.1314310564482726
2021-04-22,-0.00956673855724171,Equity,Equal-weight (1/N),1.1206069513356882
2021-04-23,0.008828568661872389,Equity,Equal-weight (1/N),1.1305003067485266
2021-04-26,0.0008393950486170936,Equity,Equal-weight (1/N),1.1314492431084715
2021-04-27,0.0009805905140328796,Equity,Equal-weight (1/N),1.1325587315033734
2021-04-28,0.00037666134718443455,Equity,Equal-weight (1/N),1.132985322600947
2021-04-29,0.009013733656547535,Equity,Equal-weight (1/N),1.1431977505356494
2021-04-30,-0.006816810626382465,Equity,Equal-weight (1/N),1.1354047879617415
2021-05-03,0.00743764494814448,Equity,Equal-weight (1/N),1.1438495256470242
2021-05-04,-0.002205629241720546,Equity,Equal-weight (1/N),1.141326617685129
2021-05-05,0.006270642447277541,Equity,Equal-weight (1/N),1.1484834688201933
2021-05-06,0.008144083604476942,Equity,Equal-weight (1/N),1.1578368142086246
2021-05-07,0.009758339599586878,Equity,Equal-weight (1/N),1.169135379042576
2021-05-10,-0.00416815586662013,Equity,Equal-weight (1/N),1.1642622405535465
2021-05-11,-0.009370387932132964,Equity,Equal-weight (1/N),1.1533526517048256
2021-05-12,-0.01579045429726434,Equity,Equal-weight (1/N),1.135140689369452
2021-05-13,0.00860986437106621,Equity,Equal-weight (1/N),1.1449140967470015
2021-05-14,0.013974679855317626,Equity,Equal-weight (1/N),1.160913904710881
2021-05-17,0.003747577613446719,Equity,Equal-weight (1/N),1.1652645196713145
2021-05-18,-0.009097171754679109,Equity,Equal-weight (1/N),1.1546639081962309
2021-05-19,-0.005935456398289735,Equity,Equal-weight (1/N),1.1478104509144533
2021-05-20,0.008183759709366703,Equity,Equal-weight (1/N),1.157203855836637
2021-05-21,0.002359981859232572,Equity,Equal-weight (1/N),1.1599348359438455
2021-05-24,0.0060864525345690045,Equity,Equal-weight (1/N),1.1669947242660108
2021-05-25,-0.005869998182363043,Equity,Equal-weight (1/N),1.1601444673557422
2021-05-26,0.003776031442801286,Equity,Equal-weight (1/N),1.1645252093426695
2021-05-27,0.0024923296656812186,Equity,Equal-weight (1/N),1.1674275900683477
2021-05-28,0.002876537334263198,Equity,Equal-weight (1/N),1.1707857391162282
2021-06-01,0.006155867931106327,Equity,Equal-weight (1/N),1.1779929415018502
2021-06-02,0.003969831351910205,Equity,Equal-weight (1/N),1.1826693748133532
2021-06-03,0.0015788199979827806,Equity,Equal-weight (1/N),1.1845365968733101
2021-06-04,0.006554730938169273,Equity,Equal-weight (1/N),1.1923009155522293
2021-06-07,-0.001991456404602489,Equity,Equal-weight (1/N),1.1899265002577393
2021-06-08,-0.0025166232777746166,Equity,Equal-weight (1/N),1.1869319035283499
2021-06-09,-0.0027107162217694524,Equity,Equal-weight (1/N),1.1837144679633198
2021-06-10,0.003564716778577709,Equity,Equal-weight (1/N),1.1879340747883138
2021-06-11,-0.0002335275682293712,Equity,Equal-weight (1/N),1.1876566594326117
2021-06-14,-0.0014199066300114543,Equity,Equal-weight (1/N),1.185970297867706
2021-06-15,-0.00147291081420799,Equity,Equal-weight (1/N),1.1842234693906473
2021-06-16,-0.007743520783867147,Equity,Equal-weight (1/N),1.1750534103426775
2021-06-17,-0.008576267296364641,Equity,Equal-weight (1/N),1.164975838208074
2021-06-18,-0.014980241444400758,Equity,Equal-weight (1/N),1.1475242188748238
2021-06-21,0.01678714014012788,Equity,Equal-weight (1/N),1.1667878687512663
2021-06-22,0.0015589372176139633,Equity,Equal-weight (1/N),1.1686068177849231
2021-06-23,-0.0032648221050919435,Equity,Equal-weight (1/N),1.1647915244140579
2021-06-24,0.00805398133996189,Equity,Equal-weight (1/N),1.1741727336166343
2021-06-25,0.007776346214146105,Equity,Equal-weight (1/N),1.1833035073084475
2021-06-28,-0.0019288688029264647,Equity,Equal-weight (1/N),1.1810210700888069
2021-06-29,-0.000287545213088689,Equity,Equal-weight (1/N),1.180681473133546
2021-06-30,0.004219853898124078,Equity,Equal-weight (1/N),1.1856637764503917
2021-07-01,0.006588444236266209,Equity,Equal-weight (1/N),1.193475456124496
2021-07-02,0.0037589984151255055,Equity,Equal-weight (1/N),1.1979617284725592
2021-07-06,-0.008705132818467135,Equity,Equal-weight (1/N),1.1875333125147651
2021-07-07,0.0001473798852486552,Equity,Equal-weight (1/N),1.1877083310380925
2021-07-08,-0.006891177591098055,Equity,Equal-weight (1/N),1.1795236220024823
2021-07-09,0.011886116594822253,Equity,Equal-weight (1/N),1.193543577299951
2021-07-12,0.004306081787775152,Equity,Equal-weight (1/N),1.1986830735610783
2021-07-13,-0.004758785672821968,Equity,Equal-weight (1/N),1.1929787977243616
2021-07-14,-0.0011872127717577215,Equity,Equal-weight (1/N),1.191562478059267
2021-07-15,-0.0010231912264077685,Equity,Equal-weight (1/N),1.190343281786
2021-07-16,-0.009047969358912363,Equity,Equal-weight (1/N),1.179573092245813
2021-07-19,-0.0169820696934967,Equity,Equal-weight (1/N),1.159541499784721
2021-07-20,0.01095352150457917,Equity,Equal-weight (1/N),1.1722425625380648
2021-07-21,0.009476477867411277,Equity,Equal-weight (1/N),1.1833512932371941
2021-07-22,-0.0011833126287486297,Equity,Equal-weight (1/N),1.1819510187076605
2021-07-23,0.0053920726524787545,Equity,Equal-weight (1/N),1.1883241844722034
2021-07-26,0.005263367379403112,Equity,Equal-weight (1/N),1.1945787712209104
2021-07-27,-0.0018026140060781425,Equity,Equal-weight (1/N),1.1924254067965439
2021-07-28,0.002008152787671694,Equity,Equal-weight (1/N),1.1948199792012928
2021-07-29,0.006309618739833487,Equity,Equal-weight (1/N),1.2023588377327887
2021-07-30,-0.005238942743134161,Equity,Equal-weight (1/N),1.1960597486252054
2021-08-02,-0.0025946151195928866,Equity,Equal-weight (1/N),1.1929564339174858
2021-08-03,0.0065430526409699695,Equity,Equal-weight (1/N),1.2007620106629917
2021-08-04,-0.007947856433161217,Equity,Equal-weight (1/N),1.1912185265918482
2021-08-05,0.004729711210361382,Equity,Equal-weight (1/N),1.19685264621106
2021-08-06,0.0033489065998157383,Equity,Equal-weight (1/N),1.2008607939369633
2021-08-09,-0.0025267697335256945,Equity,Equal-weight (1/N),1.1978264952286657
2021-08-10,0.006358216606883075,Equity,Equal-weight (1/N),1.2054425355427933
2021-08-11,0.00872425838958547,Equity,Equal-weight (1/N),1.2159591276966657
2021-08-12,0.0018867578823303023,Equity,Equal-weight (1/N),1.2182533481654387
2021-08-13,0.0010013830616489106,Equity,Equal-weight (1/N),1.2194732864330886
2021-08-16,-0.0014171066135067875,Equity,Equal-weight (1/N),1.2177451627738893
2021-08-17,-0.005470573643860242,Equity,Equal-weight (1/N),1.2110833981814801
2021-08-18,-0.012675200259877301,Equity,Equal-weight (1/N),1.195732673578117
2021-08-19,-0.00447328080450753,Equity,Equal-weight (1/N),1.1903838255620778
2021-08-20,0.0054841915157974735,Equity,Equal-weight (1/N),1.1969121184387679
2021-08-23,0.009680123750783089,Equity,Equal-weight (1/N),1.208498375864067
2021-08-24,0.0020043639405780338,Equity,Equal-weight (1/N),1.2109206464308961
2021-08-25,0.00034303500431423473,Equity,Equal-weight (1/N),1.2113360346000688
2021-08-26,-0.006980986363108577,Equity,Equal-weight (1/N),1.2028797142613836
2021-08-27,0.011113697746322985,Equity,Equal-weight (1/N),1.2162481558308682
2021-08-30,-0.0008508688526370066,Equity,Equal-weight (1/N),1.2152132881579947
2021-08-31,-0.0005868884250815777,Equity,Equal-weight (1/N),1.2145000935451693
2021-09-01,-0.002052550198318417,Equity,Equal-weight (1/N),1.2120072711373056
2021-09-02,0.006855141706756001,Equity,Equal-weight (1/N),1.2203157527305704
2021-09-03,-0.0034854095979250455,Equity,Equal-weight (1/N),1.216062452493504
2021-09-07,-0.010039107318296967,Equity,Equal-weight (1/N),1.2038542710271702
2021-09-08,-0.001964255083443876,Equity,Equal-weight (1/N),1.2014895941555794
2021-09-09,-0.006293044893125629,Equity,Equal-weight (1/N),1.1939285662009351
2021-09-10,-0.003748525331430732,Equity,Equal-weight (1/N),1.1894530947266122
2021-09-13,0.005462647442534112,Equity,Equal-weight (1/N),1.1959506576325347
2021-09-14,-0.009581884755736054,Equity,Equal-weight (1/N),1.184491196257553
2021-09-15,0.008668950899265367,Equity,Equal-weight (1/N),1.194759492278522
2021-09-16,-0.004967130913694056,Equity,Equal-weight (1/N),1.188824965469996
2021-09-17,-0.011456549406665743,Equity,Equal-weight (1/N),1.1752051335172113
2021-09-20,-0.017153708495714313,Equity,Equal-weight (1/N),1.1550460072341902
2021-09-21,-0.0019734950395553274,Equity,Equal-weight (1/N),1.1527665296684553
2021-09-22,0.009012739936000476,Equity,Equal-weight (1/N),1.1631561146072829
2021-09-23,0.011529630846185374,Equity,Equal-weight (1/N),1.176566875225188
2021-09-24,-0.002247202793513517,Equity,Equal-weight (1/N),1.1739228908564265
2021-09-27,0.0036372158958625812,Equity,Equal-weight (1/N),1.1781927018555665
2021-09-28,-0.0109497376300456,Equity,Equal-weight (1/N),1.1652918008926134
2021-09-29,0.0038438323889387407,Equity,Equal-weight (1/N),1.169770987259449
2021-09-30,-0.010301100036886297,Equity,Equal-weight (1/N),1.1577210592994422
2021-10-01,0.012342170182835961,Equity,Equal-weight (1/N),1.172009849637569
2021-10-04,-0.0026742703526463794,Equity,Equal-weight (1/N),1.1688755784436737
2021-10-05,0.005617750743428091,Equity,Equal-weight (1/N),1.1754420300934505
2021-10-06,0.0009717107355535327,Equity,Equal-weight (1/N),1.1765842197331131
2021-10-07,0.008006648558154618,Equity,Equal-weight (1/N),1.1860047160795868
2021-10-08,-0.0007260894772497136,Equity,Equal-weight (1/N),1.1851435705352729
2021-10-11,-0.008942032694964195,Equity,Equal-weight (1/N),1.17454597797932
2021-10-12,-0.0007150394873135913,Equity,Equal-weight (1/N),1.1737061312253994
2021-10-13,0.003199445563091726,Equity,Equal-weight (1/N),1.177461340099322
2021-10-14,0.012679958244172515,Equity,Equal-weight (1/N),1.1923915007259087
2021-10-15,0.004765137570803163,Equity,Equal-weight (1/N),1.198073410265124
2021-10-18,0.0005462587680141475,Equity,Equal-weight (1/N),1.1987278683702058
2021-10-19,0.00957966100380038,Equity,Equal-weight (1/N),1.2102112749850007
2021-10-20,0.008764338742140134,Equity,Equal-weight (1/N),1.2208179765485265
2021-10-21,0.000888986091249067,Equity,Equal-weight (1/N),1.221903266749625
2021-10-22,0.0013105339249409953,Equity,Equal-weight (1/N),1.2235046124336968
2021-10-25,0.00637993588890246,Equity,Equal-weight (1/N),1.2313104934208003
2021-10-26,0.005304058631400444,Equity,Equal-weight (1/N),1.2378414364713628
2021-10-27,-0.016192859751054924,Equity,Equal-weight (1/N),1.2177972436965376
2021-10-28,0.008344650983747575,Equity,Equal-weight (1/N),1.227959336664155
2021-10-29,-0.0028256392887496054,Equity,Equal-weight (1/N),1.22448956651749
2021-11-01,0.007461175731891199,Equity,Equal-weight (1/N),1.2336256983551444
2021-11-02,0.004582309794136339,Equity,Equal-weight (1/N),1.2392785534750155
2021-11-03,0.005054705923649991,Equity,Equal-weight (1/N),1.2455427421203182
2021-11-04,0.004676926318802623,Equity,Equal-weight (1/N),1.2513680537521343
2021-11-05,0.004364928390093409,Equity,Equal-weight (1/N),1.256830185696413
2021-11-08,0.003949575710675319,Equity,Equal-weight (1/N),1.2617941316702832
2021-11-09,-0.0007566975682508272,Equity,Equal-weight (1/N),1.260839335119215
2021-11-10,-0.007784110102288109,Equity,Equal-weight (1/N),1.2510248229133514
2021-11-11,0.001316792215520654,Equity,Equal-weight (1/N),1.2526721626615867
2021-11-12,0.002194501291658534,Equity,Equal-weight (1/N),1.2554211533405721
2021-11-15,-0.0008587087364836886,Equity,Equal-weight (1/N),1.2543431122282322
2021-11-16,0.00041268201794661505,Equity,Equal-weight (1/N),1.2548607570749841
2021-11-17,-0.006225458161504621,Equity,Equal-weight (1/N),1.2470486739332998
2021-11-18,-0.0008484705773919598,Equity,Equal-weight (1/N),1.2459905898248915
2021-11-19,-0.007689636759913476,Equity,Equal-weight (1/N),1.2364093747828677
2021-11-22,0.0014162766634133557,Equity,Equal-weight (1/N),1.2381604725267983
2021-11-23,0.007062857814890846,Equity,Equal-weight (1/N),1.2469054238962731
2021-11-24,0.0018731504042178546,Equity,Equal-weight (1/N),1.2492410652950658
2021-11-26,-0.02202977832936754,Equity,Equal-weight (1/N),1.2217205615466724
2021-11-29,0.008083930148740403,Equity,Equal-weight (1/N),1.2315968652274956
2021-11-30,-0.022771518595520165,Equity,Equal-weight (1/N),1.2035515343087833
2021-12-01,-0.013137975243081343,Equity,Equal-weight (1/N),1.187739304047262
2021-12-02,0.021465293991124994,Equity,Equal-weight (1/N),1.2132344773934507
2021-12-03,-0.000900754136866506,Equity,Equal-weight (1/N),1.2121416514189494
2021-12-06,0.013700797601592535,Equity,Equal-weight (1/N),1.2287489588495006
2021-12-07,0.014639166742671003,Equity,Equal-weight (1/N),1.246736819742982
2021-12-08,-0.0006247389621425852,Equity,Equal-weight (1/N),1.245957934676151
2021-12-09,-0.006624504675048626,Equity,Equal-weight (1/N),1.2377040805129749
2021-12-10,0.005411903505497249,Equity,Equal-weight (1/N),1.2444024155650713
2021-12-13,-0.005806314676182593,Equity,Equal-weight (1/N),1.2371770235564987
2021-12-14,-0.0020031239545274023,Equity,Equal-weight (1/N),1.234698804624622
2021-12-15,0.008172930634757635,Equity,Equal-weight (1/N),1.244789912309637
2021-12-16,0.005188184467772125,Equity,Equal-weight (1/N),1.2512481119983214
2021-12-17,-0.012404277764205432,Equity,Equal-weight (1/N),1.2357272828651567
2021-12-20,-0.00793526818999775,Equity,Equal-weight (1/N),1.2259214554659243
2021-12-21,0.013635049801826376,Equity,Equal-weight (1/N),1.2426369555643295
2021-12-22,0.0059386648454824225,Equity,Equal-weight (1/N),1.2500165599680366
2021-12-23,0.004855126687119217,Equity,Equal-weight (1/N),1.2560855487276785
2021-12-27,0.012365691105961932,Equity,Equal-weight (1/N),1.2716179146259077
2021-12-28,0.001893442554953201,Equity,Equal-weight (1/N),1.2740256500991014
2021-12-29,0.00053901214417082,Equity,Equal-weight (1/N),1.27471236539649
2021-12-30,-0.001374931812846655,Equity,Equal-weight (1/N),1.2729597228130773
2021-12-31,-0.001025881554362155,Equity,Equal-weight (1/N),1.2716538169139975
2022-01-03,0.007893532580496583,Equity,Equal-weight (1/N),1.2816916577489208
2022-01-04,0.008557829538885776,Equity,Equal-weight (1/N),1.2926601564773479
2022-01-05,-0.00971380391077853,Equity,Equal-weight (1/N),1.2801035091940505
2022-01-06,0.0007960560820971089,Equity,Equal-weight (1/N),1.2811225433782585
2022-01-07,0.0018716458788919504,Equity,Equal-weight (1/N),1.283520351106928
2022-01-10,-0.006256184023373472,Equity,Equal-weight (1/N),1.2754904115926582
2022-01-11,0.010438560625179439,Equity,Equal-weight (1/N),1.2888046955809032
2022-01-12,0.0025407852186011106,Equity,Equal-weight (1/N),1.2920792715010987
2022-01-13,-0.004715426210225354,Equity,Equal-weight (1/N),1.2859865670385735
2022-01-14,0.0027788486177522517,Equity,Equal-weight (1/N),1.2895601290328367
2022-01-18,-0.010422173561390882,Equity,Equal-weight (1/N),1.2761201095502068
2022-01-19,-0.0072401585113884386,Equity,Equal-weight (1/N),1.266880797677493
2022-01-20,-0.011773923035989214,Equity,Equal-weight (1/N),1.2519646406698655
2022-01-21,-0.013229841117012928,Equity,Equal-weight (1/N),1.235401347389685
2022-01-24,0.00187826408052515,Equity,Equal-weight (1/N),1.2377217573655193
2022-01-25,-0.0016889833460317126,Equity,Equal-weight (1/N),1.2356312659303077
2022-01-26,-0.008535256110923302,Equity,Equal-weight (1/N),1.225084836616928
2022-01-27,-0.002653213159819779,Equity,Equal-weight (1/N),1.2218344254065203
2022-01-28,0.015718961857947633,Equity,Equal-weight (1/N),1.2410403941362127
2022-01-31,0.01237437420411341,Equity,Equal-weight (1/N),1.2563974923756744
2022-02-01,0.010950258432124882,Equity,Equal-weight (1/N),1.2701553696106616
2022-02-02,0.00992411953145162,Equity,Equal-weight (1/N),1.282760543322193
2022-02-03,-0.009571662356480127,Equity,Equal-weight (1/N),1.2704823925172979
2022-02-04,-0.0008988477450475379,Equity,Equal-weight (1/N),1.269340422283661
2022-02-07,0.0024172070796756617,Equity,Equal-weight (1/N),1.2724086809389237
2022-02-08,0.004002567828544926,Equity,Equal-weight (1/N),1.2775015829900112
2022-02-09,0.01265625070074087,Equity,Equal-weight (1/N),1.293669963294926
2022-02-10,-0.016801704370753828,Equity,Equal-weight (1/N),1.2719341030183207
2022-02-11,-0.010457606014640191,Equity,Equal-weight (1/N),1.2586327172923704
2022-02-14,-0.006484181964311183,Equity,Equal-weight (1/N),1.250471513727211
2022-02-15,0.010562964709826789,Equity,Equal-weight (1/N),1.2636802001973555
2022-02-16,-0.00036046905209297564,Equity,Equal-weight (1/N),1.2632246825934417
2022-02-17,-0.015425567951036698,Equity,Equal-weight (1/N),1.2437387244146698
2022-02-18,-0.008401983050542832,Equity,Equal-weight (1/N),1.233288852732834
2022-02-22,-0.006932345335474342,Equity,Equal-weight (1/N),1.224739268507299
2022-02-23,-0.011310469002434348,Equity,Equal-weight (1/N),1.2108868929747831
2022-02-24,0.006113009538672122,Equity,Equal-weight (1/N),1.218289056101791
2022-02-25,0.025590264373992797,Equity,Equal-weight (1/N),1.2494653951313779
2022-02-28,-0.001876773622613395,Equity,Equal-weight (1/N),1.2471204314354272
2022-03-01,-0.012896231197349315,Equity,Equal-weight (1/N),1.231037278020698
2022-03-02,0.01967809946588129,Equity,Equal-weight (1/N),1.2552617520237972
2022-03-03,-0.00068954929827713,Equity,Equal-weight (1/N),1.254396187163535
2022-03-04,0.002677948828055771,Equity,Equal-weight (1/N),1.2577553959628671
2022-03-07,-0.01661011808474173,Equity,Equal-weight (1/N),1.2368639303142028
2022-03-08,-0.004702170966391099,Equity,Equal-weight (1/N),1.2310479846517028
2022-03-09,0.013490126186327276,Equity,Equal-weight (1/N),1.247654977306078
2022-03-10,-0.0002118163610091426,Equity,Equal-weight (1/N),1.2473907035689902
2022-03-11,-0.0079407974882235,Equity,Equal-weight (1/N),1.2374854266032562
2022-03-14,-0.009772847058779503,Equity,Equal-weight (1/N),1.2253916707915942
2022-03-15,0.008476043351912039,Equity,Equal-weight (1/N),1.2357781437162956
2022-03-16,0.014508445572803983,Equity,Equal-weight (1/N),1.2537073636544642
2022-03-17,0.015002773123964858,Equity,Equal-weight (1/N),1.2725164507952162
2022-03-18,0.004393717604026516,Equity,Equal-weight (1/N),1.2781075287264885
2022-03-21,0.00428143541945368,Equity,Equal-weight (1/N),1.2835796635698484
2022-03-22,0.004963677342199874,Equity,Equal-weight (1/N),1.2899509388628188
2022-03-23,-0.009105424807429359,Equity,Equal-weight (1/N),1.2782053875837305
2022-03-24,0.01026883122364575,Equity,Equal-weight (1/N),1.2913310629779826
2022-03-25,0.00920199744910587,Equity,Equal-weight (1/N),1.3032138881254571
2022-03-28,0.00022991488118235528,Equity,Equal-weight (1/N),1.3035135163917007
2022-03-29,0.011933388043900359,Equity,Equal-weight (1/N),1.3190688490032718
2022-03-30,-0.003828855655144526,Equity,Equal-weight (1/N),1.3140183247812407
2022-03-31,-0.014221202142033082,Equity,Equal-weight (1/N),1.295331404566191
2022-04-01,0.006186125023239843,Equity,Equal-weight (1/N),1.3033444865813661
2022-04-04,0.002276617550217415,Equity,Equal-weight (1/N),1.3063117035134963
2022-04-05,-0.010604681001322187,Equity,Equal-weight (1/N),1.292458684609442
2022-04-06,-0.0009029271017112798,Equity,Equal-weight (1/N),1.2912916886352659
2022-04-07,0.0016742166564927764,Equity,Equal-weight (1/N),1.2934535906887696
2022-04-08,0.0035065897723677514,Equity,Equal-weight (1/N),1.2979892018209114
2022-04-11,-0.011929035170042929,Equity,Equal-weight (1/N),1.2825054429820537
2022-04-12,-0.0007004274837974024,Equity,Equal-weight (1/N),1.2816071409216694
2022-04-13,0.008842244191448165,Equity,Equal-weight (1/N),1.2929394242192025
2022-04-14,-0.0017895739780087305,Equity,Equal-weight (1/N),1.2906256134704783
2022-04-18,0.0007497079830465129,Equity,Equal-weight (1/N),1.2915932057960215
2022-04-19,0.011961508825629064,Equity,Equal-weight (1/N),1.3070426093262733
2022-04-20,0.0019334597261816005,Equity,Equal-weight (1/N),1.309569723571809
2022-04-21,-0.01163613713024381,Equity,Equal-weight (1/N),1.2943313906867118
2022-04-22,-0.023505755428103618,Equity,Equal-weight (1/N),1.2639071535743127
2022-04-25,-0.003037606586353282,Equity,Equal-weight (1/N),1.2600679008800764
2022-04-26,-0.019905870575549135,Equity,Equal-weight (1/N),1.2349851523287536
2022-04-27,0.0008208542313641693,Equity,Equal-weight (1/N),1.2359988951167145
2022-04-28,0.016911672779662296,Equity,Equal-weight (1/N),1.2569017039869526
2022-04-29,-0.03491485544757718,Equity,Equal-weight (1/N),1.2130171626804347
2022-05-02,0.004282752066340887,Equity,Equal-weight (1/N),1.2182122144404113
2022-05-03,0.006453169685688456,Equity,Equal-weight (1/N),1.2260735445733735
2022-05-04,0.030826143950610178,Equity,Equal-weight (1/N),1.263868664152427
2022-05-05,-0.025330554791964152,Equity,Equal-weight (1/N),1.2318541697052674
2022-05-06,-0.003267578446473068,Equity,Equal-weight (1/N),1.2278289895711405
2022-05-09,-0.03559861271205253,Equity,Equal-weight (1/N),1.1841199808947667
2022-05-10,-0.004178687715627578,Equity,Equal-weight (1/N),1.1791719132767726
2022-05-11,-0.0033674548594865295,Equity,Equal-weight (1/N),1.1752011050872386
2022-05-12,0.0024514477622846493,Equity,Equal-weight (1/N),1.1780820492065391
2022-05-13,0.021987015580558752,Equity,Equal-weight (1/N),1.20398455757762
2022-05-16,0.0020556778233531384,Equity,Equal-weight (1/N),1.206459561932292
2022-05-17,0.019054264195207622,Equity,Equal-weight (1/N),1.2294477611661843
2022-05-18,-0.02766799351032163,Equity,Equal-weight (1/N),1.1954314084889588
2022-05-19,-0.001905553046663729,Equity,Equal-weight (1/N),1.1931534505264352
2022-05-20,0.000653964813578004,Equity,Equal-weight (1/N),1.1939337309002787
2022-05-23,0.019144835471557334,Equity,Equal-weight (1/N),1.216791395742307
2022-05-24,0.0007774847368343307,Equity,Equal-weight (1/N),1.217737432480408
2022-05-25,0.008803887045134151,Equity,Equal-weight (1/N),1.2284582552865972
2022-05-26,0.014748339934138802,Equity,Equal-weight (1/N),1.246575975230463
2022-05-27,0.019151363469379977,Equity,Equal-weight (1/N),1.2704496048242986
2022-05-31,-0.007963899183436825,Equity,Equal-weight (1/N),1.2603318722538406
2022-06-01,-0.005248085487194567,Equity,Equal-weight (1/N),1.2537175428460163
2022-06-02,0.014594936780382432,Equity,Equal-weight (1/N),1.2720154711243103
2022-06-03,-0.008328148069157593,Equity,Equal-weight (1/N),1.2614219379345277
2022-06-06,-0.00046420173971095213,Equity,Equal-weight (1/N),1.260836383676429
2022-06-07,0.010267784720320059,Equity,Equal-weight (1/N),1.2737823802315653
2022-06-08,-0.01281062896471546,Equity,Equal-weight (1/N),1.2574644267766266
2022-06-09,-0.023577811131328494,Equity,Equal-weight (1/N),1.227816168017723
2022-06-10,-0.02575906062703906,Equity,Equal-weight (1/N),1.1961887769068957
2022-06-13,-0.040448702934738845,Equity,Equal-weight (1/N),1.14780449241592
2022-06-14,-0.006656390921949066,Equity,Equal-weight (1/N),1.1401642570124304
2022-06-15,0.010697439125869108,Equity,Equal-weight (1/N),1.1523610947453127
2022-06-16,-0.028691539898185053,Equity,Equal-weight (1/N),1.1192980804183112
2022-06-17,-0.004024583730670721,Equity,Equal-weight (1/N),1.1147933715740888
2022-06-21,0.021254470138237225,Equity,Equal-weight (1/N),1.138487714000515
2022-06-22,-0.003003589050751786,Equity,Equal-weight (1/N),1.1350681647683276
2022-06-23,0.003278364360115719,Equity,Equal-weight (1/N),1.138789331786006
2022-06-24,0.028106950730770356,Equity,Equal-weight (1/N),1.1707972274272422
2022-06-27,-0.0034467457392659195,Equity,Equal-weight (1/N),1.166761787072063
2022-06-28,-0.009935317070791976,Equity,Equal-weight (1/N),1.155169638771418
2022-06-29,-0.004598591051314442,Equity,Equal-weight (1/N),1.1498574860078137
2022-06-30,-0.007309195796401207,Equity,Equal-weight (1/N),1.1414529525046249
2022-07-01,0.01073505233633957,Equity,Equal-weight (1/N),1.1537065096892314
2022-07-05,-0.0063939319528122885,Equity,Equal-weight (1/N),1.146329788772762
2022-07-06,-0.00011955787474479478,Equity,Equal-weight (1/N),1.1461927360194595
2022-07-07,0.013848664698403738,Equity,Equal-weight (1/N),1.162065974900339
2022-07-08,-0.0033434671235589696,Equity,Equal-weight (1/N),1.1581806455178534
2022-07-11,-0.007641223965006269,Equity,Equal-weight (1/N),1.149330727813516
2022-07-12,-0.003819230967396589,Equity,Equal-weight (1/N),1.1449411683060702
2022-07-13,-0.0036969149960810396,Equity,Equal-weight (1/N),1.140708418131329
2022-07-14,-0.0039207150040935215,Equity,Equal-weight (1/N),1.1362360255210657
2022-07-15,0.01845927063757866,Equity,Equal-weight (1/N),1.1572101138243258
2022-07-18,-0.0034147286016938403,Equity,Equal-weight (1/N),1.1532585553504804
2022-07-19,0.027573424580895938,Equity,Equal-weight (1/N),1.1850578431487098
2022-07-20,0.003198743203757322,Equity,Equal-weight (1/N),1.188848538870541
2022-07-21,0.005901582894834631,Equity,Equal-weight (1/N),1.1958646270720885
2022-07-22,-0.005628580633262105,Equity,Equal-weight (1/N),1.1891336065921474
2022-07-25,0.003675421527317044,Equity,Equal-weight (1/N),1.1935041738486725
2022-07-26,-0.0054334554366425565,Equity,Equal-weight (1/N),1.1870193221066188
2022-07-27,0.011784392418515512,Equity,Equal-weight (1/N),1.2010076236066833
2022-07-28,0.010181929366293432,Equity,Equal-weight (1/N),1.2132361983986266
2022-07-29,0.010052623439692779,Equity,Equal-weight (1/N),1.2254324050445324
2022-08-01,-0.0016167632894356567,Equity,Equal-weight (1/N),1.2234511709183717
2022-08-02,-0.009766373595193573,Equity,Equal-weight (1/N),1.2115024897077058
2022-08-03,0.0063906425985524335,Equity,Equal-weight (1/N),1.2192447691266843
2022-08-04,-0.0013548306398488389,Equity,Equal-weight (1/N),1.217592898955996
2022-08-05,0.0012453867441642144,Equity,Equal-weight (1/N),1.2191092730121444
2022-08-08,-0.0002995871484246112,Equity,Equal-weight (1/N),1.2187440435414247
2022-08-09,-0.0009765693351909404,Equity,Equal-weight (1/N),1.2175538554810554
2022-08-10,0.016693861603007894,Equity,Equal-weight (1/N),1.2378795310386648
2022-08-11,0.005780713311737086,Equity,Equal-weight (1/N),1.245035357722067
2022-08-12,0.014905165969355847,Equity,Equal-weight (1/N),1.2635928163666306
2022-08-15,0.00439258391531658,Equity,Equal-weight (1/N),1.2691432538473122
2022-08-16,0.0028145708297887175,Equity,Equal-weight (1/N),1.2727153474284139
2022-08-17,-0.00826071016336447,Equity,Equal-weight (1/N),1.262201814822842
2022-08-18,0.003813745801491206,Equity,Equal-weight (1/N),1.2670155316947573
2022-08-19,-0.00898165469584749,Equity,Equal-weight (1/N),1.2556356356947995
2022-08-22,-0.01935673846727022,Equity,Equal-weight (1/N),1.2313306250844707
2022-08-23,0.0019486535738077052,Equity,Equal-weight (1/N),1.2337300619075806
2022-08-24,0.0024583820091130934,Equity,Equal-weight (1/N),1.2367630416958761
2022-08-25,0.013695141798581084,Equity,Equal-weight (1/N),1.2537006869231457
2022-08-26,-0.027577299678903204,Equity,Equal-weight (1/N),1.2191270073722194
2022-08-29,-0.0034928481816605458,Equity,Equal-weight (1/N),1.214868781821306
2022-08-30,-0.013645333641191412,Equity,Equal-weight (1/N),1.1982914919630865
2022-08-31,-0.007278695249996041,Equity,Equal-weight (1/N),1.1895694933724241
2022-09-01,-0.0006877551969647987,Equity,Equal-weight (1/N),1.1887513607712064
2022-09-02,-0.009613545886802997,Equity,Equal-weight (1/N),1.1773232450164328
2022-09-06,-0.0039005182992777917,Equity,Equal-weight (1/N),1.1727310741550812
2022-09-07,0.015960464864984227,Equity,Equal-weight (1/N),1.1914484072602085
2022-09-08,0.006018702471834117,Equity,Equal-weight (1/N),1.1986193807340484
2022-09-09,0.014423439717681825,Equity,Equal-weight (1/N),1.2159075951165113
2022-09-12,0.008437920739043966,Equity,Equal-weight (1/N),1.226167327030106
2022-09-13,-0.03985345235372455,Equity,Equal-weight (1/N),1.1773003258846177
2022-09-14,0.0031036886697662102,Equity,Equal-weight (1/N),1.180954299566978
2022-09-15,-0.016145963616459452,Equity,Equal-weight (1/N),1.161886654413468
2022-09-16,-0.007292396556558051,Equity,Equal-weight (1/N),1.1534137161757125
2022-09-19,0.00626501671081487,Equity,Equal-weight (1/N),1.1606398723820366
2022-09-20,-0.0156037117533184,Equity,Equal-weight (1/N),1.142529582363979
2022-09-21,-0.016928039373087095,Equity,Equal-weight (1/N),1.1231887966088048
2022-09-22,-0.009024928838551795,Equity,Equal-weight (1/N),1.1130520976471516
2022-09-23,-0.022376044828069694,Equity,Equal-weight (1/N),1.088146394014222
2022-09-26,-0.015827350009298448,Equity,Equal-weight (1/N),1.0709239201748029
2022-09-27,-0.00396765242999195,Equity,Equal-weight (1/N),1.0666748662805847
2022-09-28,0.02123671819398733,Equity,Equal-weight (1/N),1.0893275398203948
2022-09-29,-0.019499450361383015,Equity,Equal-weight (1/N),1.0680862515303795
2022-09-30,-0.01509094026348772,Equity,Equal-weight (1/N),1.051967825712282
2022-10-03,0.0321847780436476,Equity,Equal-weight (1/N),1.0858251766918903
2022-10-04,0.029716713772508625,Equity,Equal-weight (1/N),1.1180923326746268
2022-10-05,-0.003080433110727426,Equity,Equal-weight (1/N),1.1146481240322055
2022-10-06,-0.010930192552807838,Equity,Equal-weight (1/N),1.1024648054079074
2022-10-07,-0.023419937888679253,Equity,Equal-weight (1/N),1.0766451481407993
2022-10-10,-0.005956076655687656,Equity,Equal-weight (1/N),1.0702325671074984
2022-10-11,-0.0034076338240855517,Equity,Equal-weight (1/N),1.0665856064121848
2022-10-12,-0.005256500287898012,Equity,Equal-weight (1/N),1.0609790988650112
2022-10-13,0.029823824173668884,Equity,Equal-weight (1/N),1.0926215529614989
2022-10-14,-0.018462524981440076,Equity,Equal-weight (1/N),1.0724490002446874
2022-10-17,0.019579942251181773,Equity,Equal-weight (1/N),1.093447489736816
2022-10-18,0.011810061568663438,Equity,Equal-weight (1/N),1.1063611719127082
2022-10-19,-0.007276178074036377,Equity,Equal-weight (1/N),1.0983110910116718
2022-10-20,-0.0037545364491887406,Equity,Equal-weight (1/N),1.0941874419879203
2022-10-21,0.024666311338928347,Equity,Equal-weight (1/N),1.12117701009514
2022-10-24,0.008306729831362707,Equity,Equal-weight (1/N),1.130490324611135
2022-10-25,0.016016301376917043,Equity,Equal-weight (1/N),1.1485965983537958
2022-10-26,0.004910484672556122,Equity,Equal-weight (1/N),1.154236764344962
2022-10-27,6.750475335683389e-05,Equity,Equal-weight (1/N),1.1543146808130547
2022-10-28,0.023408456192025452,Equity,Equal-weight (1/N),1.1813354054506788
2022-10-31,-0.007439346393211251,Equity,Equal-weight (1/N),1.1725470421629667
2022-11-01,0.002382415505355267,Equity,Equal-weight (1/N),1.1753405364169742
2022-11-02,-0.01712137262688236,Equity,Equal-weight (1/N),1.1552170931294994
2022-11-03,-0.002230025980833633,Equity,Equal-weight (1/N),1.1526409289983175
2022-11-04,0.018554139073698996,Equity,Equal-weight (1/N),1.1740271890969898
2022-11-07,0.007642691898989187,Equity,Equal-weight (1/N),1.1829999171842944
2022-11-08,0.007187529304418124,Equity,Equal-weight (1/N),1.1915027637561808
2022-11-09,-0.021372852933680526,Equity,Equal-weight (1/N),1.1660369504163461
2022-11-10,0.04928761538731936,Equity,Equal-weight (1/N),1.2235081311558698
2022-11-11,0.011639787227017714,Equity,Equal-weight (1/N),1.2377495054730503
2022-11-14,-0.008590830164419846,Equity,Equal-weight (1/N),1.2271162096854367
2022-11-15,0.009769950151148494,Equity,Equal-weight (1/N),1.2391050738837297
2022-11-16,-0.01097711023878445,Equity,Equal-weight (1/N),1.2255032808902708
2022-11-17,-0.0021553294150205918,Equity,Equal-weight (1/N),1.2228619176207638
2022-11-18,0.004875489548294266,Equity,Equal-weight (1/N),1.2288239681191309
2022-11-21,0.0005924241313309368,Equity,Equal-weight (1/N),1.2295519530910024
2022-11-22,0.014796078622159953,Equity,Equal-weight (1/N),1.2477445004589671
2022-11-23,0.003432975946991168,Equity,Equal-weight (1/N),1.252027977317033
2022-11-25,0.0006559898607796781,Equity,Equal-weight (1/N),1.2528492949755654
2022-11-28,-0.01842763667913219,Equity,Equal-weight (1/N),1.2297622433540487
2022-11-29,0.004221745751968521,Equity,Equal-weight (1/N),1.2349539868808599
2022-11-30,0.0239228148718615,Equity,Equal-weight (1/N),1.264497562484278
2022-12-01,-0.00026709377345173873,Equity,Equal-weight (1/N),1.2641598230587936
2022-12-02,0.0015183411558823225,Equity,Equal-weight (1/N),1.2660792489457566
2022-12-05,-0.017184994613129712,Equity,Equal-weight (1/N),1.2443216838728284
2022-12-06,-0.012274126807731047,Equity,Equal-weight (1/N),1.2290487217353638
2022-12-07,-0.0011437305864305809,Equity,Equal-weight (1/N),1.2276430211201017
2022-12-08,0.0070522068786633444,Equity,Equal-weight (1/N),1.236300613678188
2022-12-09,-0.010254785330439147,Equity,Equal-weight (1/N),1.223622616281028
2022-12-12,0.016563221778664483,Equity,Equal-weight (1/N),1.2438897490478802
2022-12-13,0.008761215922174305,Equity,Equal-weight (1/N),1.254787735722668
2022-12-14,-0.008771137905100746,Equity,Equal-weight (1/N),1.2437818194510153
2022-12-15,-0.021577165257177157,Equity,Equal-weight (1/N),1.2169445335888482
2022-12-16,-0.009633909748084897,Equity,Equal-weight (1/N),1.2052205997838281
2022-12-19,-0.006678064825197673,Equity,Equal-weight (1/N),1.197172058489808
2022-12-20,0.003175297678679693,Equity,Equal-weight (1/N),1.2009734361481108
2022-12-21,0.017800293087814376,Equity,Equal-weight (1/N),1.2223511153022266
2022-12-22,-0.01146311503656168,Equity,Equal-weight (1/N),1.2083391638524477
2022-12-23,0.007719453178407677,Equity,Equal-weight (1/N),1.2176668814514429
2022-12-27,0.000602190548185646,Equity,Equal-weight (1/N),1.2184001489382916
2022-12-28,-0.012830416580132975,Equity,Equal-weight (1/N),1.2027675674661173
2022-12-29,0.013300522362961403,Equity,Equal-weight (1/N),1.2187650043946452
2022-12-30,-0.001956584148664913,Equity,Equal-weight (1/N),1.216380388106099
2023-01-03,0.002250905749167054,Equity,Equal-weight (1/N),1.219118345714861
2023-01-04,0.01854508288045782,Equity,Equal-weight (1/N),1.24172699647723
2023-01-05,-0.006906765570471075,Equity,Equal-weight (1/N),1.2331506792100366
2023-01-06,0.023276105438488386,Equity,Equal-weight (1/N),1.2618536244408731
2023-01-09,3.0421508607487004e-05,Equity,Equal-weight (1/N),1.2618920119317705
2023-01-10,0.0077821217067052815,Equity,Equal-weight (1/N),1.2717122091493427
2023-01-11,0.00990945781652475,Equity,Equal-weight (1/N),1.2843141876406676
2023-01-12,0.007304297406839222,Equity,Equal-weight (1/N),1.293695200431018
2023-01-13,0.003480063676094221,Equity,Equal-weight (1/N),1.2981973421059756
2023-01-17,-0.00411263276688207,Equity,Equal-weight (1/N),1.2928583331789514
2023-01-18,-0.01589522743753153,Equity,Equal-weight (1/N),1.272308055928564
2023-01-19,-0.00777637208161436,Equity,Equal-weight (1/N),1.262414115083228
2023-01-20,0.01559769747636787,Equity,Equal-weight (1/N),1.2821048685401928
2023-01-23,0.011988523736075618,Equity,Equal-weight (1/N),1.2974754131888249
2023-01-24,-0.0029241967203046575,Equity,Equal-weight (1/N),1.2936813398409022
2023-01-25,0.0021112797690974,Equity,Equal-weight (1/N),1.296412663081367
2023-01-26,0.008731238443590753,Equity,Equal-weight (1/N),1.3077319511640209
2023-01-27,-0.0011044634544705924,Equity,Equal-weight (1/N),1.3062876090157167
2023-01-30,-0.010706329978273914,Equity,Equal-weight (1/N),1.292302062827064
2023-01-31,0.011942488332101174,Equity,Equal-weight (1/N),1.3077353651339265
2023-02-01,0.006518284067217186,Equity,Equal-weight (1/N),1.3162595557286154
2023-02-02,0.0004622065711983379,Equity,Equal-weight (1/N),1.3168679395446758
2023-02-03,-0.012949497310195889,Equity,Equal-weight (1/N),1.2998151617036589
2023-02-06,-0.004753319540309474,Equity,Equal-weight (1/N),1.2936367248967424
2023-02-07,0.010736627026255635,Equity,Equal-weight (1/N),1.3075260199194256
2023-02-08,-0.009588321735836031,Equity,Equal-weight (1/N),1.294989039762461
2023-02-09,-0.009693282094659651,Equity,Equal-weight (1/N),1.282436345690551
2023-02-10,0.007181624715616184,Equity,Equal-weight (1/N),1.2916463222469667
2023-02-13,0.008827761579968455,Equity,Equal-weight (1/N),1.3030486680254063
2023-02-14,-0.0003612301921311564,Equity,Equal-weight (1/N),1.3025779675046991
2023-02-15,0.00017669496084403143,Equity,Equal-weight (1/N),1.3028081264676636
2023-02-16,-0.014195348622545763,Equity,Equal-weight (1/N),1.2843143109241695
2023-02-17,-0.0028890962180575302,Equity,Equal-weight (1/N),1.2806038033056812
2023-02-21,-0.017682778803168778,Equity,Equal-weight (1/N),1.2579591695173302
2023-02-22,-0.0054353695870858944,Equity,Equal-weight (1/N),1.2511216965055398
2023-02-23,0.005760612896976144,Equity,Equal-weight (1/N),1.2583289242861162
2023-02-24,-0.009383516029478768,Equity,Equal-weight (1/N),1.2465213746547208
2023-02-27,0.0018285851470658007,Equity,Equal-weight (1/N),1.2488007451259144
2023-02-28,-0.004411038409913709,Equity,Equal-weight (1/N),1.2432922370728352
2023-03-01,-0.001058031993739652,Equity,Equal-weight (1/N),1.241976794108444
2023-03-02,0.01193595239608564,Equity,Equal-weight (1/N),1.2568009699999654
2023-03-03,0.013022516039795422,Equity,Equal-weight (1/N),1.2731676807906205
2023-03-06,-0.0018683339450611628,Equity,Equal-weight (1/N),1.2707889783948445
2023-03-07,-0.017102287608685124,Equity,Equal-weight (1/N),1.2490555797963887
2023-03-08,0.003192957178142676,Equity,Equal-weight (1/N),1.2530437607757987
2023-03-09,-0.01718543896284886,Equity,Equal-weight (1/N),1.2315096537072077
2023-03-10,-0.013030084597309703,Equity,Equal-weight (1/N),1.2154629787369993
2023-03-13,-0.0031597945663550415,Equity,Equal-weight (1/N),1.2116223654211804
2023-03-14,0.014563255790028037,Equity,Equal-weight (1/N),1.2292675318497277
2023-03-15,-0.008860534960167206,Equity,Equal-weight (1/N),1.2183755639083746
2023-03-16,0.014486195870694399,Equity,Equal-weight (1/N),1.236025190971219
2023-03-17,-0.011278523801250183,Equity,Equal-weight (1/N),1.2220846514359054
2023-03-20,0.010574870312222068,Equity,Equal-weight (1/N),1.2350080381353974
2023-03-21,0.007112954768541914,Equity,Equal-weight (1/N),1.2437925944494403
2023-03-22,-0.019482661723618323,Equity,Equal-weight (1/N),1.2195602040774403
2023-03-23,0.0024555631422803633,Equity,Equal-weight (1/N),1.2225549111643648
2023-03-24,0.007734433012731466,Equity,Equal-weight (1/N),1.2320106802291513
2023-03-27,0.0036365621656743977,Equity,Equal-weight (1/N),1.2364909636565795
2023-03-28,0.001344008802234866,Equity,Equal-weight (1/N),1.2381528183956179
2023-03-29,0.015592519241283987,Equity,Equal-weight (1/N),1.2574587400401016
2023-03-30,0.005176542784378534,Equity,Equal-weight (1/N),1.26396802900751
2023-03-31,0.012312761242483188,Equity,Equal-weight (1/N),1.2795309655668115
2023-04-03,0.006940014431519135,Equity,Equal-weight (1/N),1.2884109289334207
2023-04-04,-0.005147652373407161,Equity,Equal-weight (1/N),1.281778637357173
2023-04-05,0.003823707215428133,Equity,Equal-weight (1/N),1.2866797835814172
2023-04-06,-0.00022899060380659802,Equity,Equal-weight (1/N),1.2863851460008693
2023-04-10,0.003305528673422659,Equity,Equal-weight (1/N),1.2906373289860402
2023-04-11,0.0025354861715741637,Equity,Equal-weight (1/N),1.2939097220862017
2023-04-12,-0.0021173351006915013,Equity,Equal-weight (1/N),1.2911700816145026
2023-04-13,0.006992451831331535,Equity,Equal-weight (1/N),1.3001985262162485
2023-04-14,-0.005797086851696218,Equity,Equal-weight (1/N),1.2926611624353255
2023-04-17,0.004862982713123602,Equity,Equal-weight (1/N),1.2989473513221748
2023-04-18,0.00028719818363245506,Equity,Equal-weight (1/N),1.2993204066421087
2023-04-19,0.0021720707585582413,Equity,Equal-weight (1/N),1.3021426225033739
2023-04-20,-0.007077377016030322,Equity,Equal-weight (1/N),1.292926868235275
2023-04-21,-0.0009659452215853709,Equity,Equal-weight (1/N),1.291677971705044
2023-04-24,0.0019529810196173471,Equity,Equal-weight (1/N),1.2942005942672417
2023-04-25,-0.014704495440667046,Equity,Equal-weight (1/N),1.2751700275295303
2023-04-26,-0.012827861743642189,Equity,Equal-weight (1/N),1.2588123227167451
2023-04-27,0.014347282786500572,Equity,Equal-weight (1/N),1.276872859085894
2023-04-28,0.009198899033564956,Equity,Equal-weight (1/N),1.2886186835953246
2023-05-01,-0.003422566579296094,Equity,Equal-weight (1/N),1.2842083003553948
2023-05-02,-0.016629829055402945,Equity,Equal-weight (1/N),1.2628521358489548
2023-05-03,-0.012219442723836592,Equity,Equal-weight (1/N),1.2474207865062739
2023-05-04,-0.005387040267944116,Equity,Equal-weight (1/N),1.240700880498294
2023-05-05,0.017180999340013478,Equity,Equal-weight (1/N),1.2620173615072892
2023-05-08,-0.0005680833791005673,Equity,Equal-weight (1/N),1.2613004304200806
2023-05-09,-0.004328358042743126,Equity,Equal-weight (1/N),1.2558410705577565
2023-05-10,-0.0016591148260532284,Equity,Equal-weight (1/N),1.2537574860184277
2023-05-11,-0.008963126949554982,Equity,Equal-weight (1/N),1.2425198985072896
2023-05-12,-0.0008871261050615236,Equity,Equal-weight (1/N),1.2414176266692654
2023-05-15,0.004358360238366724,Equity,Equal-weight (1/N),1.2468281718925482
2023-05-16,-0.015696428003992194,Equity,Equal-weight (1/N),1.2272574232590876
2023-05-17,0.012076639919893295,Equity,Equal-weight (1/N),1.2420785692488037
2023-05-18,0.006180413523317434,Equity,Equal-weight (1/N),1.2497551284352117
2023-05-19,-0.0025869926868791896,Equity,Equal-weight (1/N),1.24652202105756
2023-05-22,0.0007540434259480237,Equity,Equal-weight (1/N),1.2474619527928381
2023-05-23,-0.0072094083254667565,Equity,Equal-weight (1/N),1.2384684902046703
2023-05-24,-0.009130113339869607,Equity,Equal-weight (1/N),1.2271611325212446
2023-05-25,0.0016355279500846927,Equity,Equal-weight (1/N),1.2291681888527406
2023-05-26,0.00936154023655126,Equity,Equal-weight (1/N),1.2406750963101743
2023-05-30,-0.0016030583374567922,Equity,Equal-weight (1/N),1.2386862217529593
2023-05-31,-0.00580277765973624,Equity,Equal-weight (1/N),1.2314984010179482
2023-06-01,0.005148317863618266,Equity,Equal-weight (1/N),1.2378385462349262
2023-06-02,0.019480527192096298,Equity,Equal-weight (1/N),1.2619522936942806
2023-06-05,-0.006075971611307451,Equity,Equal-weight (1/N),1.25428470738297
2023-06-06,0.004443072471725296,Equity,Equal-weight (1/N),1.2598575852380491
2023-06-07,0.008389084864273729,Equity,Equal-weight (1/N),1.2704266374375102
2023-06-08,0.003794077573800139,Equity,Equal-weight (1/N),1.2752467346517702
2023-06-09,-0.002844631567123883,Equity,Equal-weight (1/N),1.2716191275345081
2023-06-12,0.005284171612457428,Equity,Equal-weight (1/N),1.2783385812300838
2023-06-13,0.007481329417958426,Equity,Equal-weight (1/N),1.2879022532639515
2023-06-14,-2.654541376915735e-06,Equity,Equal-weight (1/N),1.2878988344741307
2023-06-15,0.009949952278302535,Equity,Equal-weight (1/N),1.3007133664164299
2023-06-16,0.0004959624312415149,Equity,Equal-weight (1/N),1.3013584713799862
2023-06-20,-0.012710568969964474,Equity,Equal-weight (1/N),1.2848174647748634
2023-06-21,-0.0033136857767980445,Equity,Equal-weight (1/N),1.2805599834160573
2023-06-22,-0.005672063010697706,Equity,Equal-weight (1/N),1.2732965665011433
2023-06-23,-0.007193413999764748,Equity,Equal-weight (1/N),1.2641372171538217
2023-06-26,0.006585998076306899,Equity,Equal-weight (1/N),1.2724628224341847
2023-06-27,0.007338063190960923,Equity,Equal-weight (1/N),1.2818002350333553
2023-06-28,-0.001755250978370287,Equity,Equal-weight (1/N),1.2795503539167377
2023-06-29,0.00631724723102799,Equity,Equal-weight (1/N),1.287633589846979
2023-06-30,0.008296112019194937,Equity,Equal-weight (1/N),1.2983159423480277
2023-07-03,0.005677130992006776,Equity,Equal-weight (1/N),1.305686652021748
2023-07-05,-0.004251848765599571,Equity,Equal-weight (1/N),1.3001350698420895
2023-07-06,-0.012072997639928928,Equity,Equal-weight (1/N),1.284438542212297
2023-07-07,0.0006215754590248514,Equity,Equal-weight (1/N),1.285236917688762
2023-07-10,0.004690524035945817,Equity,Equal-weight (1/N),1.291265352343066
2023-07-11,0.014299911669048834,Equity,Equal-weight (1/N),1.3097303328228749
2023-07-12,0.008231720754254292,Equity,Equal-weight (1/N),1.3205116671860495
2023-07-13,0.005697379485609181,Equity,Equal-weight (1/N),1.328035123269183
2023-07-14,-0.006642226951845117,Equity,Equal-weight (1/N),1.3192140125804075
2023-07-17,-0.0034132899030326854,Equity,Equal-weight (1/N),1.3147111527113275
2023-07-18,0.006090662173107136,Equity,Equal-weight (1/N),1.3227186141977085
2023-07-19,0.005788033210893857,Equity,Equal-weight (1/N),1.3303745534653524
2023-07-20,0.001556261531398349,Equity,Equal-weight (1/N),1.3324449642052618
2023-07-21,0.004182597164530412,Equity,Equal-weight (1/N),1.3380180447344396
2023-07-24,0.005468579506111398,Equity,Equal-weight (1/N),1.3453351027926816
2023-07-25,0.00331556884176289,Equity,Equal-weight (1/N),1.349795653941231
2023-07-26,0.002150961114901359,Equity,Equal-weight (1/N),1.3526990119059215
2023-07-27,-0.004601791984464934,Equity,Equal-weight (1/N),1.3464741724355391
2023-07-28,0.004367127240576106,Equity,Equal-weight (1/N),1.3523543964727145
2023-07-31,0.004233558177479611,Equity,Equal-weight (1/N),1.358079667486752
2023-08-01,-0.003631701024004783,Equity,Equal-weight (1/N),1.3531475281676602
2023-08-02,-0.013746221050211577,Equity,Equal-weight (1/N),1.33454686313192
2023-08-03,-0.0049963286593417925,Equity,Equal-weight (1/N),1.3278790283924193
2023-08-04,-0.00225111844132205,Equity,Equal-weight (1/N),1.3248898154237603
2023-08-07,0.008185103574475567,Equity,Equal-weight (1/N),1.3357341757877716
2023-08-08,-0.003391373105570694,Equity,Equal-weight (1/N),1.3312042028278133
2023-08-09,-0.001885374652470124,Equity,Equal-weight (1/N),1.3286943841665402
2023-08-10,0.0010105465767160124,Equity,Equal-weight (1/N),1.3300370917279616
2023-08-11,0.0017668655801793818,Equity,Equal-weight (1/N),1.3323870884856976
2023-08-14,0.0014966100940485023,Equity,Equal-weight (1/N),1.3343811524515052
2023-08-15,-0.013096050541263757,Equity,Equal-weight (1/N),1.3169060294376906
2023-08-16,-0.008241152819028787,Equity,Equal-weight (1/N),1.306053205600794
2023-08-17,-0.004686343809791277,Equity,Equal-weight (1/N),1.2999325912454687
2023-08-18,0.0017492224539475505,Equity,Equal-weight (1/N),1.3022064625226935
2023-08-21,-0.0006476406998453042,Equity,Equal-weight (1/N),1.301363100617962
2023-08-22,-0.004996775127307371,Equity,Equal-weight (1/N),1.2948604818451985
2023-08-23,0.007182512046445334,Equity,Equal-weight (1/N),1.3041608328545176
2023-08-24,-0.012235983019700802,Equity,Equal-weight (1/N),1.2882031430487508
2023-08-25,0.0048601902001878545,Equity,Equal-weight (1/N),1.2944640553404476
2023-08-28,0.008234120625703572,Equity,Equal-weight (1/N),1.3051228285177583
2023-08-29,0.011958259719208716,Equity,Equal-weight (1/N),1.320729826266642
2023-08-30,0.0016303783814023282,Equity,Equal-weight (1/N),1.3228831156230603
2023-08-31,-0.0030476882857766573,Equity,Equal-weight (1/N),1.318851380248124
2023-09-01,0.004049068438607959,Equity,Equal-weight (1/N),1.3241914997471012
2023-09-05,-0.00866072058290145,Equity,Equal-weight (1/N),1.3127230471695384
2023-09-06,-0.004177960672444923,Equity,Equal-weight (1/N),1.307238541904652
2023-09-07,-0.0002231574162743188,Equity,Equal-weight (1/N),1.3069468219291862
2023-09-08,0.0026374729269918284,Equity,Equal-weight (1/N),1.3103938587890425
2023-09-11,0.0028016683013838374,Equity,Equal-weight (1/N),1.3140651477255398
2023-09-12,0.0023925045473656105,Equity,Equal-weight (1/N),1.3172090545670079
2023-09-13,-0.0010406922939882519,Equity,Equal-weight (1/N),1.3158382452543484
2023-09-14,0.012318705031342742,Equity,Equal-weight (1/N),1.3320476684665963
2023-09-15,-0.010396618037459775,Equity,Equal-weight (1/N),1.3181988776498603
2023-09-18,-0.0001755626192346401,Equity,Equal-weight (1/N),1.317967451202228
2023-09-19,-0.004352956537590352,Equity,Equal-weight (1/N),1.312230396169186
2023-09-20,-0.005174190529454844,Equity,Equal-weight (1/N),1.3054406660808644
2023-09-21,-0.01840727123002388,Equity,Equal-weight (1/N),1.281411065665611
2023-09-22,-0.0033939441023224464,Equity,Equal-weight (1/N),1.2770620281366445
2023-09-25,0.0020707034061604613,Equity,Equal-weight (1/N),1.2797064448281852
2023-09-26,-0.01200012916069913,Equity,Equal-weight (1/N),1.264349802202468
2023-09-27,-0.0013670892214583277,Equity,Equal-weight (1/N),1.262621323215724
2023-09-28,0.003947234722531331,Equity,Equal-weight (1/N),1.2676051859441295
2023-09-29,-0.0015647446333802786,Equity,Equal-weight (1/N),1.2656217075321785
2023-10-02,-0.014277794548844161,Equity,Equal-weight (1/N),1.2475514208154768
2023-10-03,-0.008737447189766875,Equity,Equal-weight (1/N),1.236651006159583
2023-10-04,0.0014861904195193711,Equity,Equal-weight (1/N),1.2384889050372263
2023-10-05,-0.0017993164430961676,Equity,Equal-weight (1/N),1.2362604715858008
2023-10-06,0.010562235035083519,Equity,Equal-weight (1/N),1.2493181452512732
2023-10-09,0.008618105599254033,Equity,Equal-weight (1/N),1.2600849009541129
2023-10-10,0.008175075293704533,Equity,Equal-weight (1/N),1.2703861898958728
2023-10-11,0.003405430597009822,Equity,Equal-weight (1/N),1.274712401896963
2023-10-12,-0.008177812077289359,Equity,Equal-weight (1/N),1.2642880434216595
2023-10-13,0.0008539952818469674,Equity,Equal-weight (1/N),1.265367739445637
2023-10-16,0.010054401801848065,Equity,Equal-weight (1/N),1.2780902551251196
2023-10-17,0.002685309412875975,Equity,Equal-weight (1/N),1.2815223229177122
2023-10-18,-0.014230273413928558,Equity,Equal-weight (1/N),1.2632859098765403
2023-10-19,-0.009305594370400684,Equity,Equal-weight (1/N),1.2515302836253868
2023-10-20,-0.009081863328990969,Equity,Equal-weight (1/N),1.2401640566374077
2023-10-23,-0.006638668904780638,Equity,Equal-weight (1/N),1.2319310180777823
2023-10-24,0.01067225634497537,Equity,Equal-weight (1/N),1.2450785017020347
2023-10-25,-0.012202086934438765,Equity,Equal-weight (1/N),1.2298859455840656
2023-10-26,-0.0022385106114812744,Equity,Equal-weight (1/N),1.227132832843964
2023-10-27,-0.010265573942721826,Equity,Equal-weight (1/N),1.2145356100108624
2023-10-30,0.009873107151553416,Equity,Equal-weight (1/N),1.226526850227877
2023-10-31,0.005956443679252162,Equity,Equal-weight (1/N),1.2338325883323498
2023-11-01,0.004883111660390649,Equity,Equal-weight (1/N),1.2398575306314055
2023-11-02,0.02571160574756406,Equity,Equal-weight (1/N),1.2717362586421486
2023-11-03,0.012890217249610085,Equity,Equal-weight (1/N),1.2881292153002522
2023-11-06,-0.004416477626457302,Equity,Equal-weight (1/N),1.2824402214408928
2023-11-07,-0.003574772707582172,Equity,Equal-weight (1/N),1.27785578913818
2023-11-08,-0.0010367018021812308,Equity,Equal-weight (1/N),1.2765310337386528
2023-11-09,-0.008860343964443552,Equity,Equal-weight (1/N),1.2652205296984416
2023-11-10,0.010826555111601258,Equity,Equal-weight (1/N),1.2789185094915512
2023-11-13,-0.0012120591519519694,Equity,Equal-weight (1/N),1.2773683846075212
2023-11-14,0.024687450084704514,Equity,Equal-weight (1/N),1.308903352842299
2023-11-15,0.0053937813541817,Equity,Equal-weight (1/N),1.315963291341286
2023-11-16,0.0010921748663441325,Equity,Equal-weight (1/N),1.3174005533731206
2023-11-17,0.002986404718840333,Equity,Equal-weight (1/N),1.321334844602317
2023-11-20,0.004563278235892127,Equity,Equal-weight (1/N),1.3273644631410166
2023-11-21,-0.0026567024424664996,Equity,Equal-weight (1/N),1.3238380507297467
2023-11-22,0.0017565054393906226,Equity,Equal-weight (1/N),1.3261633794667258
2023-11-24,0.0024257399861027113,Equity,Equal-weight (1/N),1.3293803070044035
2023-11-27,0.0005686227715852705,Equity,Equal-weight (1/N),1.3301362229190632
2023-11-28,0.0019367620270540813,Equity,Equal-weight (1/N),1.332712380246422
2023-11-29,0.004991001233244942,Equity,Equal-weight (1/N),1.3393639493797929
2023-11-30,0.006265115907290458,Equity,Equal-weight (1/N),1.3477552197647036
2023-12-01,0.009225927380084264,Equity,Equal-weight (1/N),1.3601895115483824
2023-12-04,-0.0017582468630449508,Equity,Equal-weight (1/N),1.357797962606556
2023-12-05,-0.005279051190612241,Equity,Equal-weight (1/N),1.350630077655447
2023-12-06,-0.0006334092051961215,Equity,Equal-weight (1/N),1.3497745761314452
2023-12-07,0.004791250836244424,Equity,Equal-weight (1/N),1.3562416846980765
2023-12-08,0.003223287681120715,Equity,Equal-weight (1/N),1.3606132418129862
2023-12-11,0.006827058068376081,Equity,Equal-weight (1/N),1.3699022274234447
2023-12-12,0.0009476746672545511,Equity,Equal-weight (1/N),1.3712004490609895
2023-12-13,0.02087639168672023,Equity,Equal-weight (1/N),1.3998261667165934
2023-12-14,0.014595779068877952,Equity,Equal-weight (1/N),1.4202577201808233
2023-12-15,-0.0029875010146680893,Equity,Equal-weight (1/N),1.416014698800693
2023-12-18,-0.0016647325267448259,Equity,Equal-weight (1/N),1.4136574130732507
2023-12-19,0.008157793757598827,Equity,Equal-weight (1/N),1.4251897386930028
2023-12-20,-0.014850677593572906,Equity,Equal-weight (1/N),1.4040247053740045
2023-12-21,0.008232135847797428,Equity,Equal-weight (1/N),1.415582827482307
2023-12-22,0.0017961345326030756,Equity,Equal-weight (1/N),1.4181254046825078
2023-12-26,0.006694788903153798,Equity,Equal-weight (1/N),1.427619454905057
2023-12-27,0.001613632617548883,Equity,Equal-weight (1/N),1.429923108222939
2023-12-28,0.0012615334683205742,Equity,Equal-weight (1/N),1.4317270040810874
2023-12-29,-0.0031501740577642113,Equity,Equal-weight (1/N),1.4272168148150308
2021-01-04,0.003654997158843918,Equity,Minimum-variance,1.003654997158844
2021-01-05,0.0011304832750996315,Equity,Minimum-variance,1.004789612347102
2021-01-06,0.006447854448576092,Equity,Minimum-variance,1.0112683495189572
2021-01-07,0.006117365703698468,Equity,Minimum-variance,1.0174546478375401
2021-01-08,-0.0027340775324496726,Equity,Minimum-variance,1.014672847944601
2021-01-11,0.00022726768654923366,Equity,Minimum-variance,1.0149034502953576
2021-01-12,0.0013562226815923514,Equity,Minimum-variance,1.0162798853742745
2021-01-13,-0.001739186595533953,Equity,Minimum-variance,1.0145123850203208
2021-01-14,0.004004216116298911,Equity,Minimum-variance,1.018574711862604
2021-01-15,-0.005382635409516461,Equity,Minimum-variance,1.0130920955512943
2021-01-19,0.010193875498470971,Equity,Minimum-variance,1.0234194302418294
2021-01-20,0.015019914431109976,Equity,Minimum-variance,1.038791102511197
2021-01-21,-0.009557704641705213,Equity,Minimum-variance,1.0288626439689637
2021-01-22,-0.0005132054419623949,Equity,Minimum-variance,1.0283346260610469
2021-01-25,0.0034761135787312724,Equity,Minimum-variance,1.0319092340181772
2021-01-26,-0.002368999188926767,Equity,Minimum-variance,1.0294646418797422
2021-01-27,-0.021790911648353155,Equity,Minimum-variance,1.0070316688234373
2021-01-28,0.0005405530692829822,Equity,Minimum-variance,1.007576022882885
2021-01-29,-0.010214152913786636,Equity,Minimum-variance,0.9972844873128941
2021-02-01,0.0009397564344036009,Equity,Minimum-variance,0.9982216918267772
2021-02-02,0.006267395860586004,Equity,Minimum-variance,1.0044779423260797
2021-02-03,-0.002655289867352403,Equity,Minimum-variance,1.0018107622238421
2021-02-04,0.0024250206639009485,Equity,Minimum-variance,1.0042401740235534
2021-02-05,0.014545194570606457,Equity,Minimum-variance,1.0188470427503458
2021-02-08,0.003076019849438126,Equity,Minimum-variance,1.0219810364773871
2021-02-09,-0.0007544762270867693,Equity,Minimum-variance,1.0212099760808315
2021-02-10,-0.007159929776646379,Equity,Minimum-variance,1.013898184364882
2021-02-11,-0.004816328018754236,Equity,Minimum-variance,1.0090149181313615
2021-02-12,0.004131498168641107,Equity,Minimum-variance,1.0131836614177527
2021-02-16,-0.009103851237999568,Equity,Minimum-variance,1.0039597880874338
2021-02-17,0.006816904471703048,Equity,Minimum-variance,1.010803686056257
2021-02-18,-0.011526256770484973,Equity,Minimum-variance,0.9991529032262199
2021-02-19,-0.007247435989921533,Equity,Minimum-variance,0.9919116065159436
2021-02-22,0.001590901878443622,Equity,Minimum-variance,0.9934896405539999
2021-02-23,-0.006750428167893146,Equity,Minimum-variance,0.9867831600998941
2021-02-24,-0.0007602429943674139,Equity,Minimum-variance,0.9860329651154685
2021-02-25,-0.008903091394538322,Equity,Minimum-variance,0.9772542235090178
2021-02-26,-0.01757172788299477,Equity,Minimum-variance,0.9600821782210099
2021-03-01,0.00880941285296693,Equity,Minimum-variance,0.9685399385017347
2021-03-02,0.0048200396423230835,Equity,Minimum-variance,0.9732083394004861
2021-03-03,-0.012651703977515366,Equity,Minimum-variance,0.9608955955819418
2021-03-04,-0.003663347970766586,Equity,Minimum-variance,0.9573755006517481
2021-03-05,0.014848703770430658,Equity,Minimum-variance,0.9715912858579936
2021-03-08,-0.004733321292375781,Equity,Minimum-variance,0.9669924321371551
2021-03-09,0.006615522971663216,Equity,Minimum-variance,0.9733895927853828
2021-03-10,0.009891834593849498,Equity,Minimum-variance,0.9830182016325903
2021-03-11,7.34438528689797e-05,Equity,Minimum-variance,0.9830903982767585
2021-03-12,0.005272835397475727,Equity,Minimum-variance,0.9882740721277108
2021-03-15,0.014348127491989606,Equity,Minimum-variance,1.0024539545116269
2021-03-16,0.004559529867327697,Equity,Minimum-variance,1.0070246732578434
2021-03-17,-0.00775149680756713,Equity,Minimum-variance,0.9992187247179438
2021-03-18,-0.007131984470367685,Equity,Minimum-variance,0.9920923122907549
2021-03-19,-0.00148802302992194,Equity,Minimum-variance,0.9906160560822578
2021-03-22,0.008121005508632179,Equity,Minimum-variance,0.9986608545306414
2021-03-23,-0.000531787889907728,Equity,Minimum-variance,0.9981297787820771
2021-03-24,-0.00550879294554486,Equity,Minimum-variance,0.9926312884979841
2021-03-25,0.0023552483462708704,Equity,Minimum-variance,0.9949691816986755
2021-03-26,0.016863628496748224,Equity,Minimum-variance,1.0117479723445557
2021-03-29,0.010880336462941374,Equity,Minimum-variance,1.022756130699363
2021-03-30,-0.009978355462113472,Equity,Minimum-variance,1.0125507064761892
2021-03-31,0.0008983122525857154,Equity,Minimum-variance,1.013460293182181
2021-04-01,0.010683678793710747,Equity,Minimum-variance,1.0242877774247194
2021-04-05,0.009619872766116611,Equity,Minimum-variance,1.0341412955194336
2021-04-06,-0.0007003567965905197,Equity,Minimum-variance,1.0334170276344816
2021-04-07,-0.002488593195067553,Equity,Minimum-variance,1.0308452730518436
2021-04-08,-0.0005411372218439879,Equity,Minimum-variance,1.0302874443046333
2021-04-09,0.003484607706311822,Equity,Minimum-variance,1.0338775918727734
2021-04-12,-0.0002023730116816675,Equity,Minimum-variance,1.033668362950796
2021-04-13,0.005073226083867956,Equity,Minimum-variance,1.038912396251787
2021-04-14,-0.0031484303281900106,Equity,Minimum-variance,1.0356414529550952
2021-04-15,0.01246490186541645,Equity,Minimum-variance,1.0485506220339378
2021-04-16,0.004522196227504234,Equity,Minimum-variance,1.0532923737012467
2021-04-19,-0.002892917688937389,Equity,Minimum-variance,1.0502452855617435
2021-04-20,0.007546404294886098,Equity,Minimum-variance,1.0581708610953904
2021-04-21,0.007364854207777177,Equity,Minimum-variance,1.065964135214276
2021-04-22,-0.007182225928715116,Equity,Minimum-variance,1.0583081399632597
2021-04-23,0.003390328668981802,Equity,Minimum-variance,1.061896152390794
2021-04-26,-0.005483061638394881,Equity,Minimum-variance,1.0560737103336608
2021-04-27,-0.00579285997151048,Equity,Minimum-variance,1.0499560232101044
2021-04-28,-0.00010962820030652122,Equity,Minimum-variance,1.049840918420879
2021-04-29,-0.0005388460442561642,Equity,Minimum-variance,1.0492752157948897
2021-04-30,-0.001778932211453711,Equity,Minimum-variance,1.0474086263148321
2021-05-03,0.01595824017306681,Equity,Minimum-variance,1.0641234247329063
2021-05-04,-0.006218887994745668,Equity,Minimum-variance,1.0575057603419071
2021-05-05,0.00704967709946245,Equity,Minimum-variance,1.064960834483139
2021-05-06,0.00890352048186965,Equity,Minimum-variance,1.0744427350853487
2021-05-07,0.0017721965955720602,Equity,Minimum-variance,1.0763468588426042
2021-05-10,0.0057719921731861044,Equity,Minimum-variance,1.082559524487477
2021-05-11,-0.0066272845972226956,Equity,Minimum-variance,1.0753850944252645
2021-05-12,-0.01213184917694678,Equity,Minimum-variance,1.0623386846525606
2021-05-13,0.014414158010119603,Equity,Minimum-variance,1.0776514023134052
2021-05-14,0.004910929286649303,Equity,Minimum-variance,1.0829436721458248
2021-05-17,0.008950323701391906,Equity,Minimum-variance,1.092636368561904
2021-05-18,0.003436524011442529,Equity,Minimum-variance,1.0963912396782423
2021-05-19,-0.0009918199846287949,Equity,Minimum-variance,1.0953038169357574
2021-05-20,0.008158839946358834,Equity,Minimum-variance,1.1042402254707722
2021-05-21,-0.006033251794837609,Equity,Minimum-variance,1.0975780661485188
2021-05-24,0.0005836025200516306,Equity,Minimum-variance,1.0982186154738764
2021-05-25,-0.005762573389769467,Equity,Minimum-variance,1.0918900501041973
2021-05-26,0.0007743943771951211,Equity,Minimum-variance,1.0927356036195133
2021-05-27,-0.005349040074312285,Equity,Minimum-variance,1.0868905170851246
2021-05-28,0.0032527210392417744,Equity,Minimum-variance,1.0904258687373998
2021-06-01,-0.0020399068371372356,Equity,Minimum-variance,1.088201501552371
2021-06-02,-0.0022403947914952267,Equity,Minimum-variance,1.0857635005761959
2021-06-03,0.0023008504323313835,Equity,Minimum-variance,1.0882616799959062
2021-06-04,0.007565237655871376,Equity,Minimum-variance,1.0964946382368532
2021-06-07,-0.002079974010195983,Equity,Minimum-variance,1.0942139578870014
2021-06-08,-0.004705858007399132,Equity,Minimum-variance,1.089064742371471
2021-06-09,0.0038982021376760653,Equity,Minimum-variance,1.0933101368782512
2021-06-10,0.009962806846005047,Equity,Minimum-variance,1.1042025745947486
2021-06-11,-0.0007792009045144255,Equity,Minimum-variance,1.1033421789498572
2021-06-14,-0.000280676727481806,Equity,Minimum-variance,1.103032496477777
2021-06-15,-0.006019342953998778,Equity,Minimum-variance,1.0963929655920717
2021-06-16,-0.01111785429878594,Equity,Minimum-variance,1.084203428346405
2021-06-17,-0.007197287985039655,Equity,Minimum-variance,1.0764001040382287
2021-06-18,-0.01102355444966962,Equity,Minimum-variance,1.0645343488817332
2021-06-21,0.01101667602092324,Equity,Minimum-variance,1.0762619789165075
2021-06-22,-0.00119997463533478,Equity,Minimum-variance,1.0749704918408325
2021-06-23,-0.007335248461255002,Equity,Minimum-variance,1.0670853161946625
2021-06-24,0.004230334687174393,Equity,Minimum-variance,1.0715994442219352
2021-06-25,0.0046561101907520875,Equity,Minimum-variance,1.0765889293145812
2021-06-28,0.003035273002517091,Equity,Minimum-variance,1.0798566706265387
2021-06-29,-0.0012547615833651434,Equity,Minimum-variance,1.078501707960696
2021-06-30,0.009750013704383336,Equity,Minimum-variance,1.0890171143935137
2021-07-01,-0.0014815513169609876,Equity,Minimum-variance,1.087403679653491
2021-07-02,0.005957671974940949,Equity,Minimum-variance,1.0938820740812103
2021-07-06,-0.0012271203272609102,Equity,Minimum-variance,1.0925397491524789
2021-07-07,0.0025155292683487827,Equity,Minimum-variance,1.0952880648683063
2021-07-08,-0.007115357146368555,Equity,Minimum-variance,1.0874946991086134
2021-07-09,0.007585193261939355,Equity,Minimum-variance,1.0957435565726867
2021-07-12,-0.0004995166528714185,Equity,Minimum-variance,1.0951962144189022
2021-07-13,0.001419068388743733,Equity,Minimum-variance,1.096750372746256
2021-07-14,0.004616599199399786,Equity,Minimum-variance,1.1018136296390177
2021-07-15,0.0003251051284764349,Equity,Minimum-variance,1.1021718349006386
2021-07-16,-0.0030056843835896347,Equity,Minimum-variance,1.0988590542284455
2021-07-19,-0.010699936480499585,Equity,Minimum-variance,1.0871013321471794
2021-07-20,0.004927020821545908,Equity,Minimum-variance,1.0924575030457988
2021-07-21,-0.002436215844593603,Equity,Minimum-variance,1.0897960407673335
2021-07-22,0.001678621561683464,Equity,Minimum-variance,1.0916253958992028
2021-07-23,0.008462382119842467,Equity,Minimum-variance,1.1008631471310262
2021-07-26,0.00010983593692252575,Equity,Minimum-variance,1.1009840614662147
2021-07-27,-0.0015625701472620117,Equity,Minimum-variance,1.0992636966391562
2021-07-28,0.0031279481158708777,Equity,Minimum-variance,1.102702136447904
2021-07-29,-0.0005816295362818876,Equity,Minimum-variance,1.1020607723156246
2021-07-30,-0.0038491383866648145,Equity,Minimum-variance,1.097818787892467
2021-08-02,-0.004214546924854543,Equity,Minimum-variance,1.0931919790959073
2021-08-03,0.003408448802961594,Equity,Minimum-variance,1.0969180679884638
2021-08-04,-0.009437854867072801,Equity,Minimum-variance,1.0865655144617188
2021-08-05,0.001996554867104079,Equity,Minimum-variance,1.0887349021280448
2021-08-06,-0.005778725555413253,Equity,Minimum-variance,1.0824434019260472
2021-08-09,-0.0007117041082159042,Equity,Minimum-variance,1.0816730225099853
2021-08-10,0.007123046442598682,Equity,Minimum-variance,1.08937782968503
2021-08-11,0.00632939446996257,Equity,Minimum-variance,1.0962729316959383
2021-08-12,0.004159394268885296,Equity,Minimum-variance,1.1008327630451686
2021-08-13,0.003091532339088321,Equity,Minimum-variance,1.1042360231320507
2021-08-16,0.009370766428042455,Equity,Minimum-variance,1.1145835609862516
2021-08-17,0.004718325014232064,Equity,Minimum-variance,1.1198425284825047
2021-08-18,-0.013692460908157605,Equity,Minimum-variance,1.1045091284379656
2021-08-19,0.0025662894441522742,Equity,Minimum-variance,1.1073436185552457
2021-08-20,0.004413603264342224,Equity,Minimum-variance,1.1122309939648496
2021-08-23,0.0026245052050191987,Equity,Minimum-variance,1.1151500499976938
2021-08-24,-0.004917715836522982,Equity,Minimum-variance,1.1096660589367207
2021-08-25,-0.003872858016141448,Equity,Minimum-variance,1.1053684798451275
2021-08-26,-0.003706536325343612,Equity,Minimum-variance,1.1012713914216918
2021-08-27,0.0014881866153748896,Equity,Minimum-variance,1.102910288766301
2021-08-30,0.004664000608813968,Equity,Minimum-variance,1.108054263024574
2021-08-31,0.004951421145064109,Equity,Minimum-variance,1.1135407063323923
2021-09-01,-0.00886772180472929,Equity,Minimum-variance,1.1036661371303949
2021-09-02,0.0048710581097398,Equity,Minimum-variance,1.109042159018109
2021-09-03,0.0019603285680021743,Equity,Minimum-variance,1.1112162460455508
2021-09-07,-0.01813668208685689,Equity,Minimum-variance,1.0910624702612721
2021-09-08,0.003689452612677104,Equity,Minimum-variance,1.0950878935427715
2021-09-09,-0.014407214748001839,Equity,Minimum-variance,1.0793107270925637
2021-09-10,-0.0015008179439679312,Equity,Minimum-variance,1.077690878186226
2021-09-13,-0.0010012362865085835,Equity,Minimum-variance,1.0766118549733465
2021-09-14,-0.004412450679140273,Equity,Minimum-variance,1.0718613582626988
2021-09-15,0.0021984896125739786,Equity,Minimum-variance,1.0742178343249587
2021-09-16,-0.0075135450322741685,Equity,Minimum-variance,1.066146650252286
2021-09-17,-0.005750024234417436,Equity,Minimum-variance,1.0600162811758924
2021-09-20,-0.011007146007270546,Equity,Minimum-variance,1.0483485271989053
2021-09-21,-0.0005662834153578412,Equity,Minimum-variance,1.0477548648144377
2021-09-22,-0.002336621612540442,Equity,Minimum-variance,1.045306658152668
2021-09-23,0.0027567993264700297,Equity,Minimum-variance,1.048188358843818
2021-09-24,0.0005481954352125639,Equity,Minimum-variance,1.0487629709173791
2021-09-27,-0.002724656657997833,Equity,Minimum-variance,1.0459054519060076
2021-09-28,-0.0014930897744205342,Equity,Minimum-variance,1.044343821170756
2021-09-29,0.008383775303763587,Equity,Minimum-variance,1.0530993651073257
2021-09-30,-0.004894291421206233,Equity,Minimum-variance,1.047945189919003
2021-10-01,0.004636328778009769,Equity,Minimum-variance,1.0528038083608016
2021-10-04,-0.0006065659098864373,Equity,Minimum-variance,1.0521652134608512
2021-10-05,0.00030689706853265,Equity,Minimum-variance,1.0524881198804745
2021-10-06,-0.0015077331356594887,Equity,Minimum-variance,1.0509012486672429
2021-10-07,0.010398500445560488,Equity,Minimum-variance,1.0618290457697492
2021-10-08,-4.683560061921068e-05,Equity,Minimum-variance,1.0617793143686356
2021-10-11,-0.0028306312378261946,Equity,Minimum-variance,1.058773808673706
2021-10-12,-0.0014571759411686315,Equity,Minimum-variance,1.057230988952567
2021-10-13,0.0038175026330518154,Equity,Minimum-variance,1.0612669710366374
2021-10-14,0.011359645008647607,Equity,Minimum-variance,1.0733225870870162
2021-10-15,-0.002364575190080414,Equity,Minimum-variance,1.0707846351266375
2021-10-18,-0.004757698485607127,Equity,Minimum-variance,1.0656901646896841
2021-10-19,0.011585401550333177,Equity,Minimum-variance,1.0780366131758548
2021-10-20,0.00791103119041146,Equity,Minimum-variance,1.0865649944470943
2021-10-21,0.0046863545364492784,Equity,Minimum-variance,1.0916570232379685
2021-10-22,0.004773220092714905,Equity,Minimum-variance,1.0968677424756412
2021-10-25,0.006372366281988324,Equity,Minimum-variance,1.1038573854935936
2021-10-26,-0.0002870839359209006,Equity,Minimum-variance,1.1035404857706708
2021-10-27,-0.010601801561105424,Equity,Minimum-variance,1.091840968525884
2021-10-28,0.00888505883063725,Equity,Minimum-variance,1.1015420397649365
2021-10-29,0.0026727145284333544,Equity,Minimum-variance,1.1044861471782963
2021-11-01,0.003963300685785401,Equity,Minimum-variance,1.1088635578828485
2021-11-02,0.005956108101997244,Equity,Minimum-variance,1.115468069103964
2021-11-03,0.003374340812248566,Equity,Minimum-variance,1.1192320385343018
2021-11-04,0.0033950822398729277,Equity,Minimum-variance,1.1230319233506263
2021-11-05,-0.011721813438519371,Equity,Minimum-variance,1.1098679526596087
2021-11-08,-0.004158873534671982,Equity,Minimum-variance,1.105252152204312
2021-11-09,0.003659065393368817,Equity,Minimum-variance,1.1092963421053892
2021-11-10,0.005359688385053749,Equity,Minimum-variance,1.115241824825754
2021-11-11,0.004935196212568006,Equity,Minimum-variance,1.1207457620557317
2021-11-12,0.0018443457931408788,Equity,Minimum-variance,1.1228128047871597
2021-11-15,-0.005673569805012621,Equity,Minimum-variance,1.1164424479612378
2021-11-16,-0.009630454284887773,Equity,Minimum-variance,1.1056906000044389
2021-11-17,-0.0016878792346291065,Equity,Minimum-variance,1.103824327800767
2021-11-18,-0.0013084486830810195,Equity,Minimum-variance,1.1023800303127032
2021-11-19,-0.008710565944060276,Equity,Minimum-variance,1.092777676363249
2021-11-22,-0.0008612385778932827,Equity,Minimum-variance,1.0918365340713043
2021-11-23,0.008458854816984057,Equity,Minimum-variance,1.1010722207968926
2021-11-24,-0.0017853352229674406,Equity,Minimum-variance,1.099106437778073
2021-11-26,-0.010376204030896341,Equity,Minimum-variance,1.087701885128016
2021-11-29,-0.005575087342453643,Equity,Minimum-variance,1.0816378521158758
2021-11-30,-0.015784563388493048,Equity,Minimum-variance,1.0645646708757592
2021-12-01,-0.011895941764672721,Equity,Minimum-variance,1.0519006715462933
2021-12-02,0.0036542962444164207,Equity,Minimum-variance,1.055744628219824
2021-12-03,0.01216733881365508,Equity,Minimum-variance,1.068590230812071
2021-12-06,0.012268440658030757,Equity,Minimum-variance,1.0817001666465402
2021-12-07,0.0009752159588652439,Equity,Minimum-variance,1.082755057911761
2021-12-08,0.001385507765266541,Equity,Minimum-variance,1.0842552234523795
2021-12-09,0.0035023369720291785,Equity,Minimum-variance,1.0880526506085926
2021-12-10,0.008495994613375584,Equity,Minimum-variance,1.0972967400672322
2021-12-13,0.01071008507629596,Equity,Minimum-variance,1.1090488815072945
2021-12-14,0.002654737447949947,Equity,Minimum-variance,1.111993115104639
2021-12-15,0.008476010584507252,Equity,Minimum-variance,1.121418380518165
2021-12-16,0.01208841404070027,Equity,Minimum-variance,1.1349745502147202
2021-12-17,-0.012402955752928315,Equity,Minimum-variance,1.1208975110877073
2021-12-20,0.0037780289475953534,Equity,Minimum-variance,1.1251322943318842
2021-12-21,-0.001461173876014012,Equity,Minimum-variance,1.1234882804163469
2021-12-22,0.004837323766598546,Equity,Minimum-variance,1.1289229569766999
2021-12-23,0.0035794605362421527,Equity,Minimum-variance,1.1329638921496559
2021-12-27,0.00962447371877715,Equity,Minimum-variance,1.1438680733539737
2021-12-28,0.004774670364222443,Equity,Minimum-variance,1.149329666344397
2021-12-29,0.0037822636162805883,Equity,Minimum-variance,1.1536767341245233
2021-12-30,0.00308271927791259,Equity,Minimum-variance,1.1572331956332882
2021-12-31,-0.0005069270582152994,Equity,Minimum-variance,1.1566465628137568
2022-01-03,-0.0022870653131497956,Equity,Minimum-variance,1.1540012365803716
2022-01-04,-0.002533044614718239,Equity,Minimum-variance,1.1510780999626735
2022-01-05,-0.00025103091266281247,Equity,Minimum-variance,1.1507891437766937
2022-01-06,-0.009160878875406465,Equity,Minimum-variance,1.1402469038194227
2022-01-07,0.0030291091135134893,Equity,Minimum-variance,1.1437008361074377
2022-01-10,-0.0019620102262714436,Equity,Minimum-variance,1.1414568833711998
2022-01-11,0.004658416618225716,Equity,Minimum-variance,1.1467742650856843
2022-01-12,0.004078044247944658,Equity,Minimum-variance,1.1514508612811079
2022-01-13,-0.0015260966908302767,Equity,Minimum-variance,1.149693635932053
2022-01-14,-0.0016389996578115775,Equity,Minimum-variance,1.1478092884561724
2022-01-18,-0.003794751258613136,Equity,Minimum-variance,1.1434536377141553
2022-01-19,0.007626945401944983,Equity,Minimum-variance,1.1521746961786568
2022-01-20,-0.013318024574218868,Equity,Minimum-variance,1.1368300052611564
2022-01-21,-0.0035841361417246484,Equity,Minimum-variance,1.1327554517523029
2022-01-24,-0.0031059634965336785,Equity,Minimum-variance,1.1292371546686606
2022-01-25,-0.006295700958803195,Equity,Minimum-variance,1.122127815231297
2022-01-26,-0.011612293623390378,Equity,Minimum-variance,1.1090973375578577
2022-01-27,0.0013844533747385066,Equity,Minimum-variance,1.110632831109753
2022-01-28,0.008314743097073998,Equity,Minimum-variance,1.1198674577756067
2022-01-31,0.008129956347167884,Equity,Minimum-variance,1.1289719313219364
2022-02-01,0.0010407564822113632,Equity,Minimum-variance,1.1301469161776945
2022-02-02,0.008026309007047082,Equity,Minimum-variance,1.139217824550298
2022-02-03,-0.004449708209047981,Equity,Minimum-variance,1.1341486376445027
2022-02-04,-0.008260388392926,Equity,Minimum-variance,1.1247801294022512
2022-02-07,0.00232145803062901,Equity,Minimum-variance,1.127391259266344
2022-02-08,-0.0007596957783053054,Equity,Minimum-variance,1.126534784886181
2022-02-09,0.0011209030981956896,Equity,Minimum-variance,1.1277975212167852
2022-02-10,-0.015845753670296794,Equity,Minimum-variance,1.1099267195056126
2022-02-11,0.0017118051056372401,Equity,Minimum-variance,1.1118266977309457
2022-02-14,-0.004792232748863966,Equity,Minimum-variance,1.106498565419018
2022-02-15,0.0023172781307240695,Equity,Minimum-variance,1.1090626303463411
2022-02-16,-0.00028096892359109915,Equity,Minimum-variance,1.1087510182128977
2022-02-17,0.0042031605414389345,Equity,Minimum-variance,1.1134112767429305
2022-02-18,-0.005285446632677109,Equity,Minimum-variance,1.1075264008594847
2022-02-22,-0.005485541177919436,Equity,Minimum-variance,1.101451019181937
2022-02-23,0.0022114373858844183,Equity,Minimum-variance,1.1038868091444765
2022-02-24,-0.007744915231874756,Equity,Minimum-variance,1.0953372993820678
2022-02-25,0.021964555357260544,Equity,Minimum-variance,1.1193958961292174
2022-02-28,-0.010971560328658423,Equity,Minimum-variance,1.107114376523183
2022-03-01,0.0010640929033146754,Equity,Minimum-variance,1.108292449074399
2022-03-02,0.010520242183650347,Equity,Minimum-variance,1.1199519540489726
2022-03-03,0.00919888297084522,Equity,Minimum-variance,1.1302542610072386
2022-03-04,0.010636561303852382,Equity,Minimum-variance,1.1422762797433825
2022-03-07,-0.005570939210918531,Equity,Minimum-variance,1.135912728026858
2022-03-08,-0.014354145988175686,Equity,Minimum-variance,1.1196076708989335
2022-03-09,0.005402769814583585,Equity,Minimum-variance,1.1256566534274426
2022-03-10,0.001918473189739688,Equity,Minimum-variance,1.1278161955378954
2022-03-11,-0.006275969926685268,Equity,Minimum-variance,1.120738055011871
2022-03-14,-0.002327183403899604,Equity,Minimum-variance,1.1181298920101288
2022-03-15,0.008871029170817092,Equity,Minimum-variance,1.1280488548989134
2022-03-16,0.003133547511288124,Equity,Minimum-variance,1.1315836495807934
2022-03-17,0.011997383370185095,Equity,Minimum-variance,1.1451596924402474
2022-03-18,0.00454093127920396,Equity,Minimum-variance,1.150359783907333
2022-03-21,0.0027392300685669473,Equity,Minimum-variance,1.153510884017082
2022-03-22,0.0034849102359457702,Equity,Minimum-variance,1.157530765904068
2022-03-23,-0.006859374080815348,Equity,Minimum-variance,1.1495908293706791
2022-03-24,0.006041953487857765,Equity,Minimum-variance,1.1565366036918046
2022-03-25,0.007127641800618475,Equity,Minimum-variance,1.1647799823322236
2022-03-28,0.006518459800681555,Equity,Minimum-variance,1.1723725538236947
2022-03-29,0.012247106812986554,Equity,Minimum-variance,1.1867307257149873
2022-03-30,0.004260420565158976,Equity,Minimum-variance,1.1917866977041296
2022-03-31,-0.009208239348509721,Equity,Minimum-variance,1.1808124405393001
2022-04-01,0.009983753252336677,Equity,Minimum-variance,1.1926013805829339
2022-04-04,0.0012491388269766815,Equity,Minimum-variance,1.194091105272526
2022-04-05,-0.004622892121108316,Equity,Minimum-variance,1.1885709509100761
2022-04-06,0.013700867696583852,Equity,Minimum-variance,1.204855404256498
2022-04-07,0.007554751820609998,Equity,Minimum-variance,1.2139577878153767
2022-04-08,0.006715672309170859,Equity,Minimum-variance,1.2221103305155105
2022-04-11,-0.01343239364607009,Equity,Minimum-variance,1.2056944634770974
2022-04-12,-0.002683083000585044,Equity,Minimum-variance,1.2024594851582424
2022-04-13,0.004408955534455261,Equity,Minimum-variance,1.2077610755602892
2022-04-14,0.0026816314870714364,Equity,Minimum-variance,1.210999845689371
2022-04-18,-0.006159455082352487,Equity,Minimum-variance,1.2035407465351113
2022-04-19,0.005677335822067401,Equity,Minimum-variance,1.2103736515287329
2022-04-20,0.005484483627184856,Equity,Minimum-variance,1.217011926003318
2022-04-21,-0.007413814729559265,Equity,Minimum-variance,1.2079892250602653
2022-04-22,-0.01571209067696335,Equity,Minimum-variance,1.1890091888193237
2022-04-25,-0.0011493166633805905,Equity,Minimum-variance,1.187642640745701
2022-04-26,-0.015270377210463815,Equity,Minimum-variance,1.1695068896302827
2022-04-27,-0.004145596648795706,Equity,Minimum-variance,1.164658585787888
2022-04-28,0.013441975737472968,Equity,Minimum-variance,1.1803138982404884
2022-04-29,-0.0314174791443395,Equity,Minimum-variance,1.1432314109587438
2022-05-02,-2.0110768526813635e-05,Equity,Minimum-variance,1.1432084196964654
2022-05-03,0.0035564158058943485,Equity,Minimum-variance,1.1472741441897052
2022-05-04,0.018595064251037595,Equity,Minimum-variance,1.1686077806144668
2022-05-05,-0.014516033173155163,Equity,Minimum-variance,1.15164423130466
2022-05-06,-0.0109030412640755,Equity,Minimum-variance,1.1390878067292107
2022-05-09,-0.012542614664999454,Equity,Minimum-variance,1.1248006672998068
2022-05-10,-0.0066257268645978935,Equity,Minimum-variance,1.1173480453011608
2022-05-11,0.00199178967050671,Equity,Minimum-variance,1.1195735675961525
2022-05-12,0.005886308147296056,Equity,Minimum-variance,1.126163722608591
2022-05-13,0.005804768640780551,Equity,Minimum-variance,1.132700842469974
2022-05-16,0.006504657015349975,Equity,Minimum-variance,1.1400686729512393
2022-05-17,-0.015611799536453683,Equity,Minimum-variance,1.1222701493713338
2022-05-18,-0.026234602372076515,Equity,Minimum-variance,1.092827838248526
2022-05-19,-0.0035992114008944172,Equity,Minimum-variance,1.088894519833887
2022-05-20,0.002881748578153094,Equity,Minimum-variance,1.0920324400681771
2022-05-23,0.011421316389615199,Equity,Minimum-variance,1.1045048880739194
2022-05-24,0.012225075878698494,Equity,Minimum-variance,1.1180075441390167
2022-05-25,0.002840785857764993,Equity,Minimum-variance,1.1211835641592816
2022-05-26,0.0023439390358003147,Equity,Minimum-variance,1.1238115500816122
2022-05-27,0.009734317319962093,Equity,Minimum-variance,1.134751088317945
2022-05-31,-0.0061331374594095055,Equity,Minimum-variance,1.1277915039110766
2022-06-01,-0.008522905362885747,Equity,Minimum-variance,1.118179443654176
2022-06-02,0.007280673520097617,Equity,Minimum-variance,1.1263205431203065
2022-06-03,-0.007729224942599761,Equity,Minimum-variance,1.1176149582850585
2022-06-06,-0.0060013082556689985,Equity,Minimum-variance,1.1109078064092432
2022-06-07,0.006822769766782269,Equity,Minimum-variance,1.1184872746044945
2022-06-08,-0.010671917520570617,Equity,Minimum-variance,1.1065508706621074
2022-06-09,-0.020008140590713954,Equity,Minimum-variance,1.084410845271123
2022-06-10,-0.006767338477514916,Equity,Minimum-variance,1.0770722700324853
2022-06-13,-0.0256487792586282,Equity,Minimum-variance,1.0494466811328325
2022-06-14,-0.008463667322934824,Equity,Minimum-variance,1.0405645135505661
2022-06-15,0.005326219175525778,Equity,Minimum-variance,1.0461067882160107
2022-06-16,-0.0002833889252552781,Equity,Minimum-variance,1.0458103331375959
2022-06-17,-0.0052858332331811725,Equity,Minimum-variance,1.0402823541230928
2022-06-21,0.02562007736476845,Equity,Minimum-variance,1.0669344685169297
2022-06-22,0.004383910848141565,Equity,Minimum-variance,1.0716118141077173
2022-06-23,0.010344995559842498,Equity,Minimum-variance,1.0826976335665364
2022-06-24,0.014632471034143557,Equity,Minimum-variance,1.0985401753284343
2022-06-27,-0.004062574095913655,Equity,Minimum-variance,1.0940772744688245
2022-06-28,-0.013787987259190494,Equity,Minimum-variance,1.0789921509478786
2022-06-29,-2.6359837297185845e-05,Equity,Minimum-variance,1.0789637088903348
2022-06-30,-0.009634967183139168,Equity,Minimum-variance,1.0685679289633783
2022-07-01,0.010284964086774514,Equity,Minimum-variance,1.0795581117370456
2022-07-05,0.0011918107558652464,Equity,Minimum-variance,1.0808447407061954
2022-07-06,0.0015559629382906068,Equity,Minimum-variance,1.0825264950647806
2022-07-07,0.0013913954987424184,Equity,Minimum-variance,1.084032717557283
2022-07-08,-0.0015181691947483594,Equity,Minimum-variance,1.0823869724793882
2022-07-11,-0.001953509813293224,Equity,Minimum-variance,1.080272518906869
2022-07-12,-0.006674607616980839,Equity,Minimum-variance,1.073062123723758
2022-07-13,-0.001490752594934421,Equity,Minimum-variance,1.071462453578291
2022-07-14,-0.002452435844593424,Equity,Minimum-variance,1.0688347606509996
2022-07-15,0.011564754783808851,Equity,Minimum-variance,1.0811955725623394
2022-07-18,-0.01208290987772381,Equity,Minimum-variance,1.0681315838988747
2022-07-19,0.012378095808559472,Equity,Minimum-variance,1.0813530189805234
2022-07-20,-0.005884612485197413,Equity,Minimum-variance,1.0749896755041246
2022-07-21,0.005970257374352451,Equity,Minimum-variance,1.081407640541656
2022-07-22,-0.0017261265799404907,Equity,Minimum-variance,1.0795409940695662
2022-07-25,-0.009043439690432479,Equity,Minimum-variance,1.0697782301963485
2022-07-26,-0.005704851007707836,Equity,Minimum-variance,1.063675304781789
2022-07-27,0.006816124184479118,Equity,Minimum-variance,1.0709254477511454
2022-07-28,0.007085197209813624,Equity,Minimum-variance,1.0785131657454703
2022-07-29,-0.0014422763117190372,Equity,Minimum-variance,1.0769576517546384
2022-08-01,-0.00575787464321101,Equity,Minimum-variance,1.0707566645997884
2022-08-02,-0.005159702003833842,Equity,Minimum-variance,1.0652318792918343
2022-08-03,0.009968420722847156,Equity,Minimum-variance,1.0758505588320044
2022-08-04,-0.0055247160675441585,Equity,Minimum-variance,1.069906789963349
2022-08-05,-0.0028254966651058704,Equity,Minimum-variance,1.0668837718963333
2022-08-08,0.005797441507067798,Equity,Minimum-variance,1.0730689681587422
2022-08-09,0.0032837501903790313,Equity,Minimum-variance,1.0765926585872234
2022-08-10,0.009069937495509592,Equity,Minimum-variance,1.086357286708734
2022-08-11,-0.0015521592757780215,Equity,Minimum-variance,1.0846710871693601
2022-08-12,0.015603273984435144,Equity,Minimum-variance,1.1015955073254589
2022-08-15,0.00772369304760041,Equity,Minimum-variance,1.1101038928866562
2022-08-16,0.014218596820822871,Equity,Minimum-variance,1.1258880125688375
2022-08-17,-0.007642658077958281,Equity,Minimum-variance,1.117283235454702
2022-08-18,-0.004552549976421099,Equity,Minimum-variance,1.112196747687477
2022-08-19,-0.006175016002766723,Equity,Minimum-variance,1.1053289149722818
2022-08-22,-0.013977044030924805,Equity,Minimum-variance,1.0898796840590599
2022-08-23,-0.005050950666466174,Equity,Minimum-variance,1.0843747555424939
2022-08-24,-0.0006692200800693202,Equity,Minimum-variance,1.0836490701817645
2022-08-25,0.00855143555119507,Equity,Minimum-variance,1.0929158253655362
2022-08-26,-0.025552566472200618,Equity,Minimum-variance,1.0649890210893633
2022-08-29,-0.007124534074129994,Equity,Minimum-variance,1.0574014705200379
2022-08-30,-0.008309378893391377,Equity,Minimum-variance,1.0486151210590577
2022-08-31,-0.0031797313421090883,Equity,Minimum-variance,1.0452808066928168
2022-09-01,0.013395583327932165,Equity,Minimum-variance,1.0592829528399585
2022-09-02,-0.012601426089301378,Equity,Minimum-variance,1.0459344770020889
2022-09-06,-0.0032520607627223187,Equity,Minimum-variance,1.0425330345290518
2022-09-07,0.017957059540442598,Equity,Minimum-variance,1.0612538623029681
2022-09-08,0.0033346818265885176,Equity,Minimum-variance,1.0647928062709866
2022-09-09,0.010215625055631054,Equity,Minimum-variance,1.0756703303417843
2022-09-12,0.013881483940956743,Equity,Minimum-variance,1.0906022307581873
2022-09-13,-0.02708538677156493,Equity,Minimum-variance,1.0610628475241703
2022-09-14,0.0007043846648529361,Equity,Minimum-variance,1.0618102439224115
2022-09-15,-0.007419541592849976,Equity,Minimum-variance,1.0539320986539151
2022-09-16,0.0026786483600510164,Equity,Minimum-variance,1.0567552121415795
2022-09-19,0.002741593079909621,Equity,Minimum-variance,1.0596524049183451
2022-09-20,-0.013397182392316789,Equity,Minimum-variance,1.0454560483771969
2022-09-21,-0.010823888561746623,Equity,Minimum-variance,1.0341401486133581
2022-09-22,0.0021571007900549775,Equity,Minimum-variance,1.0363708931449596
2022-09-23,-0.015657293517325054,Equity,Minimum-variance,1.0201441298781766
2022-09-26,-0.0063753795864497816,Equity,Minimum-variance,1.0136403238173148
2022-09-27,-0.002580971919959332,Equity,Minimum-variance,1.011024146604604
2022-09-28,0.02155841829563057,Equity,Minimum-variance,1.0328202280640888
2022-09-29,-0.012198619105754128,Equity,Minimum-variance,1.0202212474972168
2022-09-30,-0.017644809595687056,Equity,Minimum-variance,1.0022196378396542
2022-10-03,0.023214526273116726,Equity,Minimum-variance,1.0254856919537163
2022-10-04,0.021546196609408316,Equity,Minimum-variance,1.0475810082926862
2022-10-05,-0.004038780137859035,Equity,Minimum-variance,1.0433500589235953
2022-10-06,-0.008326782361185572,Equity,Minimum-variance,1.0346623100564085
2022-10-07,-0.018570315923521947,Equity,Minimum-variance,1.0154483040845
2022-10-10,0.0031432721937384145,Equity,Minimum-variance,1.0186401345029075
2022-10-11,0.008384421706939623,Equity,Minimum-variance,1.0271808429581935
2022-10-12,-0.004831479747988026,Equity,Minimum-variance,1.0222180395179197
2022-10-13,0.018142967202418762,Equity,Minimum-variance,1.040764107882614
2022-10-14,-0.009691309853559805,Equity,Minimum-variance,1.0306777404286598
2022-10-17,0.01074618500137223,Equity,Minimum-variance,1.0417535941041023
2022-10-18,0.013227550941234009,Equity,Minimum-variance,1.055533442838328
2022-10-19,-0.010122162896083958,Equity,Minimum-variance,1.0448491613876543
2022-10-20,0.0009652498602301801,Equity,Minimum-variance,1.0458577018946453
2022-10-21,0.022316207461917148,Equity,Minimum-variance,1.0691972793457702
2022-10-24,0.012998263054760846,Equity,Minimum-variance,1.0830949868401412
2022-10-25,0.008205019484917718,Equity,Minimum-variance,1.0919818023111811
2022-10-26,0.011714990099341167,Equity,Minimum-variance,1.1047743583139173
2022-10-27,-0.0010200139436585378,Equity,Minimum-variance,1.1036474730638406
2022-10-28,0.022317447368295412,Equity,Minimum-variance,1.1282780674570951
2022-10-31,-0.008264750704044229,Equity,Minimum-variance,1.1189531305047216
2022-11-01,-0.003537057494523207,Equity,Minimum-variance,1.1149953289484498
2022-11-02,-0.01766344256924484,Equity,Minimum-variance,1.0953006729905925
2022-11-03,-0.006680959762582806,Equity,Minimum-variance,1.0879830132664126
2022-11-04,0.01464652722836337,Equity,Minimum-variance,1.1039181860942158
2022-11-07,0.009705574956888834,Equity,Minimum-variance,1.1146323467956258
2022-11-08,0.0056356402472473545,Equity,Minimum-variance,1.120914013710111
2022-11-09,-0.010926126178974096,Equity,Minimum-variance,1.108666765760534
2022-11-10,0.02893006888369801,Equity,Minimum-variance,1.140740571663053
2022-11-11,-0.0008001493200601078,Equity,Minimum-variance,1.1398278088702718
2022-11-14,-0.005553562655998587,Equity,Minimum-variance,1.1334977037166611
2022-11-15,0.01089212460353506,Equity,Minimum-variance,1.145843901943364
2022-11-16,-0.0010898652462153788,Equity,Minimum-variance,1.144595086497048
2022-11-17,6.352706668831271e-05,Equity,Minimum-variance,1.1446677992654388
2022-11-18,0.010672820644792988,Equity,Minimum-variance,1.1568846333848688
2022-11-21,0.00547587815930653,Equity,Minimum-variance,1.1632195926816584
2022-11-22,0.011508813240183482,Equity,Minimum-variance,1.176606869731154
2022-11-23,0.002433525221658154,Equity,Minimum-variance,1.179470172224621
2022-11-25,0.0016236809843842874,Equity,Minimum-variance,1.1813852555149107
2022-11-28,-0.010342926207255068,Equity,Minimum-variance,1.1691662749947809
2022-11-29,0.004683288353449035,Equity,Minimum-variance,1.1746418177937095
2022-11-30,0.016815998300199347,Equity,Minimum-variance,1.1943945926050716
2022-12-01,0.004012155627354823,Equity,Minimum-variance,1.1991866895910743
2022-12-02,0.0056828079882090855,Equity,Minimum-variance,1.2060014372900367
2022-12-05,-0.01140993612546095,Equity,Minimum-variance,1.1922410379233432
2022-12-06,-0.008796836672854212,Equity,Minimum-variance,1.1817530882380574
2022-12-07,0.0034068205587070135,Equity,Minimum-variance,1.1857791089543823
2022-12-08,0.00540161645245826,Equity,Minimum-variance,1.1921842328982915
2022-12-09,-0.014898333342980888,Equity,Minimum-variance,1.1744226747903268
2022-12-12,0.00980355562664084,Equity,Minimum-variance,1.1859361928118222
2022-12-13,0.004184480481910136,Equity,Minimum-variance,1.1908987196634342
2022-12-14,-0.0008757738312202431,Equity,Minimum-variance,1.1898557617291192
2022-12-15,-0.017740333871077353,Equity,Minimum-variance,1.1687473232576195
2022-12-16,-0.008046804810534379,Equity,Minimum-variance,1.159342641674531
2022-12-19,-0.0022675232870820352,Equity,Minimum-variance,1.1567138052368267
2022-12-20,0.0011816649756537516,Equity,Minimum-variance,1.1580806534273302
2022-12-21,0.010036287140011865,Equity,Minimum-variance,1.1697034833964195
2022-12-22,-0.004259917988435393,Equity,Minimum-variance,1.1647206424863636
2022-12-23,0.0015364939050759824,Equity,Minimum-variance,1.16651022865466
2022-12-27,0.002206931130400886,Equity,Minimum-variance,1.1690846363922092
2022-12-28,-0.012383821758184296,Equity,Minimum-variance,1.1546069006348962
2022-12-29,0.007639208696890491,Equity,Minimum-variance,1.163427183711716
2022-12-30,-0.0009588300945855503,Equity,Minimum-variance,1.1623116547151144
2023-01-03,0.0073928326452124184,Equity,Minimum-variance,1.1709044302600031
2023-01-04,0.011714693439115182,Equity,Minimum-variance,1.184621216707001
2023-01-05,-0.0030162251207108822,Equity,Minimum-variance,1.1810481324346422
2023-01-06,0.017941297525258353,Equity,Minimum-variance,1.2022376683703029
2023-01-09,-0.015485808745780556,Equity,Minimum-variance,1.1836200457709471
2023-01-10,0.003761643943621418,Equity,Minimum-variance,1.1880724029476704
2023-01-11,0.003119435926221644,Equity,Minimum-variance,1.191778518684378
2023-01-12,-0.004269297630607368,Equity,Minimum-variance,1.18669046147835
2023-01-13,0.003728046102689929,Equity,Minimum-variance,1.1911144982283637
2023-01-17,-0.011463221989937166,Equity,Minimum-variance,1.1774604883197393
2023-01-18,-0.019616981036054082,Equity,Minimum-variance,1.154362268249668
2023-01-19,-0.0031730354282219152,Equity,Minimum-variance,1.1506994358755092
2023-01-20,0.009736137650388856,Equity,Minimum-variance,1.161902803977418
2023-01-23,0.007067613301341288,Equity,Minimum-variance,1.1701146836896743
2023-01-24,-0.004448764892632389,Equity,Minimum-variance,1.1649091185645222
2023-01-25,0.0023257804039117794,Equity,Minimum-variance,1.1676184413648178
2023-01-26,-0.002288891715926139,Equity,Minimum-variance,1.1649458891870152
2023-01-27,-0.0007858756875149823,Equity,Minimum-variance,1.1640303865354327
2023-01-30,-0.004785520698595426,Equity,Minimum-variance,1.1584598950268734
2023-01-31,0.010253052772964151,Equity,Minimum-variance,1.1703376454659464
2023-02-01,-0.00799496792635884,Equity,Minimum-variance,1.1609808335274359
2023-02-02,-0.010996167199546464,Equity,Minimum-variance,1.1482144941664993
2023-02-03,-0.009399062761200823,Equity,Minimum-variance,1.137422354072508
2023-02-06,-0.004585014538423863,Equity,Minimum-variance,1.1322072560427572
2023-02-07,0.007028298806496268,Equity,Minimum-variance,1.140164746949109
2023-02-08,-0.005392559010960446,Equity,Minimum-variance,1.134016341268969
2023-02-09,0.0009896338995937495,Equity,Minimum-variance,1.1351386022829821
2023-02-10,0.011427420045504375,Equity,Minimum-variance,1.1481103079011366
2023-02-13,0.011233862854252166,Equity,Minimum-variance,1.161008021641651
2023-02-14,-0.009912008499374212,Equity,Minimum-variance,1.1495001002632972
2023-02-15,-0.0005365034690243391,Equity,Minimum-variance,1.1488833894718622
2023-02-16,-0.012795802876474667,Equity,Minimum-variance,1.1341825040921243
2023-02-17,0.011408778569252345,Equity,Minimum-variance,1.1471221411384314
2023-02-21,-0.0023495565350229236,Equity,Minimum-variance,1.1444269128152502
2023-02-22,-0.009902868130132421,Equity,Minimum-variance,1.1330938040130663
2023-02-23,-0.0019841187210919153,Equity,Minimum-variance,1.1308456113837706
2023-02-24,-0.0060163037674512395,Equity,Minimum-variance,1.1240421006715968
2023-02-27,0.0011345254638941145,Equity,Minimum-variance,1.125317355057298
2023-02-28,-0.003491990705435347,Equity,Minimum-variance,1.1213877573127726
2023-03-01,-0.0025488867594533836,Equity,Minimum-variance,1.118529466905945
2023-03-02,0.005815685763022739,Equity,Minimum-variance,1.1250344828021512
2023-03-03,0.0074965163690543886,Equity,Minimum-variance,1.1334683222182282
2023-03-06,0.003581929319977702,Equity,Minimum-variance,1.1375283256348476
2023-03-07,-0.011484559125263367,Equity,Minimum-variance,1.1244643143224324
2023-03-08,-0.007927539148195974,Equity,Minimum-variance,1.115550079449892
2023-03-09,-0.012331728845403265,Equity,Minimum-variance,1.101793418356648
2023-03-10,-0.0025600079577772416,Equity,Minimum-variance,1.0989728184378285
2023-03-13,0.008958998834998271,Equity,Minimum-variance,1.1088185146379077
2023-03-14,0.008279504853689544,Equity,Minimum-variance,1.117998982911713
2023-03-15,0.005518501884613572,Equity,Minimum-variance,1.1241686624059073
2023-03-16,0.00470039596742319,Equity,Minimum-variance,1.1294527002533836
2023-03-17,-0.003263133766660915,Equity,Minimum-variance,1.1257671450093405
2023-03-20,0.010389715756964322,Equity,Minimum-variance,1.1374635456545168
2023-03-21,-0.0024533513399737725,Equity,Minimum-variance,1.134672947940614
2023-03-22,-0.013662974725237326,Equity,Minimum-variance,1.1191699401314907
2023-03-23,0.009207940385139774,Equity,Minimum-variance,1.1294751902210618
2023-03-24,0.01297054826305171,Equity,Minimum-variance,1.1441251026877437
2023-03-27,0.004310564044116406,Equity,Minimum-variance,1.1490569272173603
2023-03-28,-0.0007206017637884404,Equity,Minimum-variance,1.1482289147689142
2023-03-29,0.004640919727105966,Equity,Minimum-variance,1.1535577529906988
2023-03-30,0.004671381791371894,Equity,Minimum-variance,1.1589464616733156
2023-03-31,0.011753284156732536,Equity,Minimum-variance,1.1725678887598017
2023-04-03,0.008336559855521094,Equity,Minimum-variance,1.1823430711491099
2023-04-04,0.0019430706524286821,Equity,Minimum-variance,1.184640447271762
2023-04-05,0.012204105227715322,Equity,Minimum-variance,1.1990979239472743
2023-04-06,0.0009554102742505203,Equity,Minimum-variance,1.200243554423646
2023-04-10,-0.0013216265287058476,Equity,Minimum-variance,1.1986572807012117
2023-04-11,-0.0011812507132355095,Equity,Minimum-variance,1.1972413659334584
2023-04-12,0.00039060550690706713,Equity,Minimum-variance,1.197709015004089
2023-04-13,0.010188352589381678,Equity,Minimum-variance,1.2099116967484318
2023-04-14,-0.007907784898966801,Equity,Minimum-variance,1.2003439753038012
2023-04-17,0.0019690692030968006,Equity,Minimum-variance,1.2027075356586945
2023-04-18,-4.796195918448402e-05,Equity,Minimum-variance,1.2026498514489583
2023-04-19,-0.0011470713813402182,Equity,Minimum-variance,1.2012703262225881
2023-04-20,-0.00021745424926740507,Equity,Minimum-variance,1.2010091048856322
2023-04-21,0.005876092209142049,Equity,Minimum-variance,1.2080663451299594
2023-04-24,0.004470994301253234,Equity,Minimum-variance,1.2134676028745712
2023-04-25,-0.0029460600948744203,Equity,Minimum-variance,1.2098926543933195
2023-04-26,-0.017870491223463535,Equity,Minimum-variance,1.1882712783316507
2023-04-27,-0.000663993625009315,Equity,Minimum-variance,1.1874822737780568
2023-04-28,0.0007490999295093692,Equity,Minimum-variance,1.1883718166656376
2023-05-01,0.0015050853210472816,Equity,Minimum-variance,1.1901604176428473
2023-05-02,-0.005525967969591053,Equity,Minimum-variance,1.1835836292962778
2023-05-03,-0.006865562221896453,Equity,Minimum-variance,1.175457662244526
2023-05-04,-0.0005478652448204231,Equity,Minimum-variance,1.1748136698446245
2023-05-05,0.008056131735233365,Equity,Minimum-variance,1.1842781235332458
2023-05-08,-0.0008048975401817324,Equity,Minimum-variance,1.1833249009847229
2023-05-09,-0.003165144764269199,Equity,Minimum-variance,1.1795795063699417
2023-05-10,-0.002174385072921424,Equity,Minimum-variance,1.1770146462989668
2023-05-11,-0.00203370295987076,Equity,Minimum-variance,1.1746209481289773
2023-05-12,-0.00033146194251644273,Equity,Minimum-variance,1.17423160598779
2023-05-15,-0.0016365753961627397,Equity,Minimum-variance,1.1723098874320337
2023-05-16,-0.013385773058112537,Equity,Minimum-variance,1.1566176133250872
2023-05-17,-0.00023175209805368778,Equity,Minimum-variance,1.1563495647665532
2023-05-18,0.002839836203139123,Equity,Minimum-variance,1.1596334081240616
2023-05-19,0.00079997636866255,Equity,Minimum-variance,1.1605610874468724
2023-05-22,-0.004509432687003058,Equity,Minimum-variance,1.1553276153438756
2023-05-23,-0.00610883210246169,Equity,Minimum-variance,1.1482699129184024
2023-05-24,-0.006278771247440513,Equity,Minimum-variance,1.1410601888048695
2023-05-25,-0.010770481085624478,Equity,Minimum-variance,1.1287704216237875
2023-05-26,4.7915263718826824e-05,Equity,Minimum-variance,1.1288245069562175
2023-05-30,-0.006178151604956229,Equity,Minimum-variance,1.121850458016852
2023-05-31,0.0037561360247796577,Equity,Minimum-variance,1.1260642809366248
2023-06-01,0.0013165860317539283,Equity,Minimum-variance,1.127546841439763
2023-06-02,0.015994701720063387,Equity,Minimum-variance,1.1455816168439916
2023-06-05,-0.0039457000230308705,Equity,Minimum-variance,1.1410614954320266
2023-06-06,-0.007546856398268435,Equity,Minimum-variance,1.1324500681844076
2023-06-07,0.0024540130681128865,Equity,Minimum-variance,1.1352291154507177
2023-06-08,0.009970022228075923,Equity,Minimum-variance,1.1465473749657202
2023-06-09,-0.0014666784203141293,Equity,Minimum-variance,1.1448657586729902
2023-06-12,0.0018008443343524249,Equity,Minimum-variance,1.1469274836880907
2023-06-13,0.006588935323849075,Equity,Minimum-variance,1.1544845146992566
2023-06-14,-5.568049979078608e-05,Equity,Minimum-variance,1.1544202324244774
2023-06-15,0.008920674616325864,Equity,Minimum-variance,1.1647184396884396
2023-06-16,0.002343761796339626,Equity,Minimum-variance,1.1674482622708735
2023-06-20,-0.009031357539856715,Equity,Minimum-variance,1.1569046196050208
2023-06-21,-0.001944880740008069,Equity,Minimum-variance,1.1546545780923245
2023-06-22,0.00459645537237434,Equity,Minimum-variance,1.1599618963310336
2023-06-23,-0.003647574311127144,Equity,Minimum-variance,1.1557308491160903
2023-06-26,0.0007149063822117939,Equity,Minimum-variance,1.1565570884762424
2023-06-27,-0.00045532991681016856,Equity,Minimum-variance,1.1560304734333602
2023-06-28,-0.0035413861542942927,Equity,Minimum-variance,1.151936523120801
2023-06-29,0.001258169781353268,Equity,Minimum-variance,1.1533858548442286
2023-06-30,0.01136597932821325,Equity,Minimum-variance,1.1664952146278418
2023-07-03,0.003601664784585022,Equity,Minimum-variance,1.1706965393637538
2023-07-05,-0.002090582218997791,Equity,Minimum-variance,1.1682491019947177
2023-07-06,-0.00850007757868693,Equity,Minimum-variance,1.1583188939965312
2023-07-07,-0.01279805191370744,Equity,Minimum-variance,1.1434946686585354
2023-07-10,0.005285687406924931,Equity,Minimum-variance,1.1495388240285496
2023-07-11,0.01205238583520902,Equity,Minimum-variance,1.1633935094682941
2023-07-12,0.001560821742308702,Equity,Minimum-variance,1.165209359352733
2023-07-13,0.0013921868338733073,Equity,Minimum-variance,1.16683154848153
2023-07-14,0.004268866442920424,Equity,Minimum-variance,1.1718125965233837
2023-07-17,-0.004063750435226851,Equity,Minimum-variance,1.1670506425742575
2023-07-18,0.0031888841685793513,Equity,Minimum-variance,1.170772231892293
2023-07-19,0.004016070310930617,Equity,Minimum-variance,1.1754741354936578
2023-07-20,0.007527021595605367,Equity,Minimum-variance,1.184321954696594
2023-07-21,0.007216814454025483,Equity,Minimum-variance,1.192868986497468
2023-07-24,-0.0033544516248135083,Equity,Minimum-variance,1.1888675651875218
2023-07-25,0.0007128861117540264,Equity,Minimum-variance,1.1897150923634587
2023-07-26,0.0025212636594924226,Equity,Minimum-variance,1.1927146777909845
2023-07-27,-0.004727016209912911,Equity,Minimum-variance,1.1870766961752655
2023-07-28,0.004645256908138282,Equity,Minimum-variance,1.1925909723986636
2023-07-31,-0.002709778600968119,Equity,Minimum-variance,1.18935931490195
2023-08-01,-0.00833391370447982,Equity,Minimum-variance,1.179447297007938
2023-08-02,-0.009988644885269642,Equity,Minimum-variance,1.1676662167972345
2023-08-03,-0.0033365927279633938,Equity,Minimum-variance,1.1637701901895803
2023-08-04,-0.004100066106491995,Equity,Minimum-variance,1.1589986554770382
2023-08-07,0.011333331856303665,Equity,Minimum-variance,1.1721339718605692
2023-08-08,-0.00438128186650733,Equity,Minimum-variance,1.1669985225445394
2023-08-09,0.0014695962719583496,Equity,Minimum-variance,1.1687135392226518
2023-08-10,-0.0010361430207042502,Equity,Minimum-variance,1.1675025848457836
2023-08-11,0.006275608911891667,Equity,Minimum-variance,1.1748293744718983
2023-08-14,-0.0024019391170604205,Equity,Minimum-variance,1.1720075058414825
2023-08-15,-0.008136620099839014,Equity,Minimum-variance,1.1624713260122905
2023-08-16,-0.004009816430531336,Equity,Minimum-variance,1.1578100293892248
2023-08-17,-0.009811978733629049,Equity,Minimum-variance,1.1464496220032754
2023-08-18,0.0017459053342766654,Equity,Minimum-variance,1.1484512145138104
2023-08-21,-0.0005018788318152618,Equity,Minimum-variance,1.1478748311598734
2023-08-22,-0.003413911027785335,Equity,Minimum-variance,1.1439560886152595
2023-08-23,0.010890315946570975,Equity,Minimum-variance,1.1564141318492833
2023-08-24,-0.008775089284274767,Equity,Minimum-variance,1.1462664945927088
2023-08-25,0.0028533004926934525,Equity,Minimum-variance,1.149537137346488
2023-08-28,0.005637614192593942,Equity,Minimum-variance,1.1560177842269064
2023-08-29,0.008545429960997837,Equity,Minimum-variance,1.1658964532356855
2023-08-30,0.0015320692635161061,Equity,Minimum-variance,1.1676826873561303
2023-08-31,-0.0043498754637195155,Equity,Minimum-variance,1.1626034130849898
2023-09-01,-8.789652442581014e-05,Equity,Minimum-variance,1.162501224285694
2023-09-05,-0.010627445165929943,Equity,Minimum-variance,1.1501468062692715
2023-09-06,-0.0024302776677093403,Equity,Minimum-variance,1.147351630171408
2023-09-07,0.006355891586279014,Equity,Minimum-variance,1.1546440727441178
2023-09-08,0.005924391252699042,Equity,Minimum-variance,1.1614846359886637
2023-09-11,0.005735909691898991,Equity,Minimum-variance,1.168146806969223
2023-09-12,-0.0030092636309404473,Equity,Minimum-variance,1.1646315452674112
2023-09-13,0.00015462385420385847,Equity,Minimum-variance,1.1648116250856677
2023-09-14,0.010174604725419707,Equity,Minimum-variance,1.176663122950488
2023-09-15,-0.0074067836720967065,Equity,Minimum-variance,1.16794783374386
2023-09-18,-0.0003579593570183005,Equity,Minimum-variance,1.167529755888262
2023-09-19,-0.00043260841906193106,Equity,Minimum-variance,1.1670246726863596
2023-09-20,0.0014911137483827426,Equity,Minimum-variance,1.1687648392205041
2023-09-21,-0.01156814658669971,Equity,Minimum-variance,1.1552443962350207
2023-09-22,-0.00011236068437740337,Equity,Minimum-variance,1.1551145921840367
2023-09-25,-0.0002989296989337933,Equity,Minimum-variance,1.154769294126761
2023-09-26,-0.0059676786747379995,Equity,Minimum-variance,1.1478780020359585
2023-09-27,-0.009124522891834096,Equity,Minimum-variance,1.1374041629293485
2023-09-28,0.0016252028449541117,Equity,Minimum-variance,1.139252675410804
2023-09-29,-0.006866510453862358,Equity,Minimum-variance,1.1314299850055052
2023-10-02,-0.009658500489149072,Equity,Minimum-variance,1.1205020679418916
2023-10-03,-0.008328549722942846,Equity,Minimum-variance,1.1111699107543773
2023-10-04,0.007518530510901698,Equity,Minimum-variance,1.11952427563118
2023-10-05,-0.003283414283720221,Equity,Minimum-variance,1.115848413633601
2023-10-06,0.005460373737619217,Equity,Minimum-variance,1.1219413630065702
2023-10-09,0.00441689350793662,Equity,Minimum-variance,1.1268968585291197
2023-10-10,0.01117917064340693,Equity,Minimum-variance,1.139494630808136
2023-10-11,0.004867388621870553,Equity,Minimum-variance,1.1450409940088142
2023-10-12,-0.0021271576223483566,Equity,Minimum-variance,1.142605311330507
2023-10-13,0.003598194515134865,Equity,Minimum-variance,1.1467166274947005
2023-10-16,0.007329086892458368,Equity,Minimum-variance,1.1551210132986358
2023-10-17,0.005975572554858938,Equity,Minimum-variance,1.162023522723244
2023-10-18,-0.00876944728873669,Equity,Minimum-variance,1.1518332186924505
2023-10-19,-0.010764144367072865,Equity,Minimum-variance,1.1394347196396548
2023-10-20,-0.0034034554425237946,Equity,Minimum-variance,1.1355567043416968
2023-10-23,-0.002465087469983188,Equity,Minimum-variance,1.1327574577383686
2023-10-24,0.011083636685838132,Equity,Minimum-variance,1.1453125298531144
2023-10-25,-0.008306803890928386,Equity,Minimum-variance,1.1357986432738014
2023-10-26,-0.001700187280509267,Equity,Minimum-variance,1.1338675728672876
2023-10-27,-0.011326809364885454,Equity,Minimum-variance,1.1210244710243944
2023-10-30,0.00815901843347785,Equity,Minimum-variance,1.1301709303478622
2023-10-31,0.0023240918909669395,Equity,Minimum-variance,1.1327975514424904
2023-11-01,0.005636732335153376,Equity,Minimum-variance,1.1391828280298888
2023-11-02,0.012547859723034665,Equity,Minimum-variance,1.1534771343548977
2023-11-03,0.003734644873577154,Equity,Minimum-variance,1.1577849618215046
2023-11-06,-0.004264212027348264,Equity,Minimum-variance,1.1528479212622225
2023-11-07,-0.0008107910675094905,Equity,Minimum-variance,1.1519132024654661
2023-11-08,-0.006661685485750272,Equity,Minimum-variance,1.1442395190037578
2023-11-09,-0.012749028681163963,Equity,Minimum-variance,1.1296515765578576
2023-11-10,0.005759768281111962,Equity,Minimum-variance,1.1361581078772236
2023-11-13,0.002841468592551502,Equity,Minimum-variance,1.1393864654569295
2023-11-14,0.009965905813532723,Equity,Minimum-variance,1.150741483656887
2023-11-15,0.0041828338473315005,Equity,Minimum-variance,1.1555548440842556
2023-11-16,-0.016298997890307258,Equity,Minimum-variance,1.1367204581183918
2023-11-17,-0.0004649387631744396,Equity,Minimum-variance,1.1361919527145192
2023-11-20,0.004714732833676059,Equity,Minimum-variance,1.141548794219341
2023-11-21,0.001679897685600597,Equity,Minimum-variance,1.1434664793967502
2023-11-22,0.0005231890829127515,Equity,Minimum-variance,1.1440647285754473
2023-11-24,0.002762450323664609,Equity,Minimum-variance,1.1472251505551936
2023-11-27,0.0022658849302813937,Equity,Minimum-variance,1.1498246307354765
2023-11-28,0.005140792675084958,Equity,Minimum-variance,1.1557356407747938
2023-11-29,0.0005648731319779243,Equity,Minimum-variance,1.1563884847859367
2023-11-30,0.008610219465618494,Equity,Minimum-variance,1.1663452434274577
2023-12-01,0.006133372028832125,Equity,Minimum-variance,1.173498872719457
2023-12-04,0.004088831527255067,Equity,Minimum-variance,1.1782971119074308
2023-12-05,0.003024210944549823,Equity,Minimum-variance,1.1818605309291925
2023-12-06,-0.0013317179062486684,Equity,Minimum-variance,1.1802866260974656
2023-12-07,-0.0041307453133802435,Equity,Minimum-variance,1.1754111626482682
2023-12-08,-9.378206863074019e-05,Equity,Minimum-variance,1.1753009301579433
2023-12-11,0.004906223276402822,Equity,Minimum-variance,1.181067218938262
2023-12-12,0.0027108959281868265,Equity,Minimum-variance,1.1842689692529966
2023-12-13,0.021237740733041008,Equity,Minimum-variance,1.2094201665801776
2023-12-14,0.00014995465550587665,Equity,Minimum-variance,1.209601524764619
2023-12-15,-0.006676847274578137,Equity,Minimum-variance,1.2015252001206687
2023-12-18,0.0017052395822495666,Equity,Minimum-variance,1.203574088450985
2023-12-19,0.004370743961341292,Equity,Minimum-variance,1.2088346026301087
2023-12-20,-0.013477621354763278,Equity,Minimum-variance,1.1925423875753243
2023-12-21,0.008265987645279608,Equity,Minimum-variance,1.202399928217494
2023-12-22,0.009352989260372714,Equity,Minimum-variance,1.213645961832785
2023-12-26,0.0010022152915880253,Equity,Minimum-variance,1.2148622963743079
2023-12-27,0.0043817413907794416,Equity,Minimum-variance,1.2201855087824285
2023-12-28,0.001564757890950744,Equity,Minimum-variance,1.2220948036857195
2023-12-29,-0.000535721831892699,Equity,Minimum-variance,1.2214401008187425
2021-01-04,-0.005348373578198523,Equity,Max-Sharpe (tangency),0.9946516264218015
2021-01-05,0.005866198389914575,Equity,Max-Sharpe (tangency),1.0004864501912432
2021-01-06,-0.011763639932325765,Equity,Max-Sharpe (tangency),0.9887170878340226
2021-01-07,0.020808168045309536,Equity,Max-Sharpe (tangency),1.0092904791469421
2021-01-08,-0.0009236479750359481,Equity,Max-Sharpe (tangency),1.008358250039655
2021-01-11,-0.0038986085781964395,Equity,Max-Sharpe (tangency),1.0044270559161552
2021-01-12,-0.01691758862957938,Equity,Max-Sharpe (tangency),0.9874345721757462
2021-01-13,-0.0009202297842388354,Equity,Max-Sharpe (tangency),0.9865259054724428
2021-01-14,-0.014399695773266627,Equity,Max-Sharpe (tangency),0.9723202325611933
2021-01-15,-0.00573631858116272,Equity,Max-Sharpe (tangency),0.966742693944312
2021-01-19,0.009578986109017465,Equity,Max-Sharpe (tangency),0.9760031087805986
2021-01-20,0.027504808435731512,Equity,Max-Sharpe (tangency),1.0028478873202873
2021-01-21,-0.0013340399935912383,Equity,Max-Sharpe (tangency),1.0015100481311134
2021-01-22,-0.0057150461857718585,Equity,Max-Sharpe (tangency),0.9957863719505294
2021-01-25,0.0014252568902812836,Equity,Max-Sharpe (tangency),0.9972056233384001
2021-01-26,-0.008166787441241035,Equity,Max-Sharpe (tangency),0.9890616569773851
2021-01-27,-0.040460050290519314,Equity,Max-Sharpe (tangency),0.9490441725956558
2021-01-28,0.020505289868140826,Equity,Max-Sharpe (tangency),0.9685045984523996
2021-01-29,-0.006398929259153023,Equity,Max-Sharpe (tangency),0.9623072060397383
2021-02-01,0.014173773684116101,Equity,Max-Sharpe (tangency),0.9759467305927396
2021-02-02,0.019189715587945633,Equity,Max-Sharpe (tangency),0.9946748707817997
2021-02-03,-0.012940732662785488,Equity,Max-Sharpe (tangency),0.9818030491926217
2021-02-04,-0.012054476769786021,Equity,Max-Sharpe (tangency),0.9699679271436242
2021-02-05,0.0012121758519421074,Equity,Max-Sharpe (tangency),0.9711436988420661
2021-02-08,0.029715477532096093,Equity,Max-Sharpe (tangency),1.0000016976054442
2021-02-09,-0.020826025482474315,Equity,Max-Sharpe (tangency),0.9791756367685956
2021-02-10,0.008438104276648348,Equity,Max-Sharpe (tangency),0.9874380228968026
2021-02-11,0.0031663721692255873,Equity,Max-Sharpe (tangency),0.9905646191713382
2021-02-12,-0.00029017880899120203,Equity,Max-Sharpe (tangency),0.9902771783099182
2021-02-16,-0.003171535766149859,Equity,Max-Sharpe (tangency),0.9871364788205064
2021-02-17,-0.014172548939089664,Equity,Max-Sharpe (tangency),0.9731462387648621
2021-02-18,0.0014436346918840469,Equity,Max-Sharpe (tangency),0.9745511064354194
2021-02-19,-0.0052507424850679755,Equity,Max-Sharpe (tangency),0.969433989536989
2021-02-22,-0.02193160404273876,Equity,Max-Sharpe (tangency),0.9481727471328912
2021-02-23,-0.011063463328633446,Equity,Max-Sharpe (tangency),0.9376826727157769
2021-02-24,0.01341159530269942,Equity,Max-Sharpe (tangency),0.9502584932445944
2021-02-25,-0.03351106739577079,Equity,Max-Sharpe (tangency),0.9184143168340713
2021-02-26,0.0016352795784309038,Equity,Max-Sharpe (tangency),0.9199161810109286
2021-03-01,0.013116869777455319,Equity,Max-Sharpe (tangency),0.931982601763423
2021-03-02,-0.016107318276740203,Equity,Max-Sharpe (tangency),0.9169708613684351
2021-03-03,-0.031646521192142986,Equity,Max-Sharpe (tangency),0.8879519235715613
2021-03-04,-0.02270965324000131,Equity,Max-Sharpe (tangency),0.867786843293459
2021-03-05,0.015359257421321626,Equity,Max-Sharpe (tangency),0.8811154048064395
2021-03-08,-0.036681963040780426,Equity,Max-Sharpe (tangency),0.8487943620926673
2021-03-09,0.037064385417703745,Equity,Max-Sharpe (tangency),0.8802544034696439
2021-03-10,0.0023372821703944975,Equity,Max-Sharpe (tangency),0.8823118063922847
2021-03-11,0.021964882296749897,Equity,Max-Sharpe (tangency),0.901691681368724
2021-03-12,0.006075742016787242,Equity,Max-Sharpe (tangency),0.9071701274034034
2021-03-15,0.016586058941520168,Equity,Max-Sharpe (tangency),0.9222165046065025
2021-03-16,0.003616980927019455,Equity,Max-Sharpe (tangency),0.9255521441142468
2021-03-17,0.008094249034614358,Equity,Max-Sharpe (tangency),0.9330437936632288
2021-03-18,-0.028591815386453515,Equity,Max-Sharpe (tangency),0.9063663777673335
2021-03-19,-0.0004480566693667778,Equity,Max-Sharpe (tangency),0.9059602742668851
2021-03-22,0.013998934694478795,Equity,Max-Sharpe (tangency),0.9186427529821394
2021-03-23,-0.013193579541915672,Equity,Max-Sharpe (tangency),0.9065225667500652
2021-03-24,-0.0156583394429651,Equity,Max-Sharpe (tangency),0.8923279286871846
2021-03-25,-0.0012678665883094254,Equity,Max-Sharpe (tangency),0.8911965759205868
2021-03-26,0.022557271891271796,Equity,Max-Sharpe (tangency),0.911299539392198
2021-03-29,0.007453958419695017,Equity,Max-Sharpe (tangency),0.9180923282667147
2021-03-30,-0.002411877189365274,Equity,Max-Sharpe (tangency),0.915878002322437
2021-03-31,0.016722101916773587,Equity,Max-Sharpe (tangency),0.9311934076206038
2021-04-01,0.02051517293986233,Equity,Max-Sharpe (tangency),0.9502970014184001
2021-04-05,0.012030109659719422,Equity,Max-Sharpe (tangency),0.9617291785547661
2021-04-06,-0.003821030137035777,Equity,Max-Sharpe (tangency),0.9580543823798416
2021-04-07,0.0011004285236179325,Equity,Max-Sharpe (tangency),0.9591086527493897
2021-04-08,0.004057186066384565,Equity,Max-Sharpe (tangency),0.9629999350114734
2021-04-09,0.001820331292602358,Equity,Max-Sharpe (tangency),0.9647529139279488
2021-04-12,0.018891057296871704,Equity,Max-Sharpe (tangency),0.9829781165022856
2021-04-13,0.014790191451250032,Equity,Max-Sharpe (tangency),0.9975165510377436
2021-04-14,-0.010190224067082263,Equity,Max-Sharpe (tangency),0.9873516338720459
2021-04-15,0.032151675499147395,Equity,Max-Sharpe (tangency),1.019096643207853
2021-04-16,-0.00023175269372192105,Equity,Max-Sharpe (tangency),1.0188604648156265
2021-04-19,-0.016373814038011268,Equity,Max-Sharpe (tangency),1.0021778330340536
2021-04-20,-0.005583768773672308,Equity,Max-Sharpe (tangency),0.9965819037442916
2021-04-21,0.012475262675400174,Equity,Max-Sharpe (tangency),1.0090145247710518
2021-04-22,-0.018571954139638892,Equity,Max-Sharpe (tangency),0.9902751532907743
2021-04-23,0.013764276582272283,Equity,Max-Sharpe (tangency),1.0039055743932206
2021-04-26,0.0005729910070405965,Equity,Max-Sharpe (tangency),1.0044808032592658
2021-04-27,0.006592755933845307,Equity,Max-Sharpe (tangency),1.011103100035387
2021-04-28,0.0012146473436680494,Equity,Max-Sharpe (tangency),1.0123312337300194
2021-04-29,-0.0035888473741787514,Equity,Max-Sharpe (tangency),1.0086981314400483
2021-04-30,-0.007818853099589131,Equity,Max-Sharpe (tangency),1.0008112689284885
2021-05-03,0.01606272083358548,Equity,Max-Sharpe (tangency),1.0168870209483933
2021-05-04,-0.00736504050634916,Equity,Max-Sharpe (tangency),1.0093976068487278
2021-05-05,0.01136673296559864,Equity,Max-Sharpe (tangency),1.0208711599018916
2021-05-06,0.011819191032347697,Equity,Max-Sharpe (tangency),1.0329370311601864
2021-05-07,0.012204000041700368,Equity,Max-Sharpe (tangency),1.045542994731539
2021-05-10,-0.010719123588011656,Equity,Max-Sharpe (tangency),1.034335690154432
2021-05-11,-6.796535334773065e-05,Equity,Max-Sharpe (tangency),1.0342653911637705
2021-05-12,-0.019906130911056537,Equity,Max-Sharpe (tangency),1.0136771688904893
2021-05-13,0.0119032266592138,Equity,Max-Sharpe (tangency),1.025743197991063
2021-05-14,0.020582133273815077,Equity,Max-Sharpe (tangency),1.046855181196824
2021-05-17,0.008113653209012323,Equity,Max-Sharpe (tangency),1.0553490010971127
2021-05-18,-0.011211249304816102,Equity,Max-Sharpe (tangency),1.0435172203422243
2021-05-19,-0.002200937003823018,Equity,Max-Sharpe (tangency),1.0412205046778464
2021-05-20,0.010344129564075382,Equity,Max-Sharpe (tangency),1.051991024483006
2021-05-21,0.004514692566103921,Equity,Max-Sharpe (tangency),1.0567404405408474
2021-05-24,0.016635197145327688,Equity,Max-Sharpe (tangency),1.0743195261006848
2021-05-25,-0.006336413030592818,Equity,Max-Sharpe (tangency),1.0675121938564802
2021-05-26,0.007007773950080913,Equity,Max-Sharpe (tangency),1.0749930779999815
2021-05-27,-0.0027419343219215755,Equity,Max-Sharpe (tangency),1.0720455175835852
2021-05-28,0.016607401841466796,Equity,Max-Sharpe (tangency),1.0898494082864392
2021-06-01,0.011123951634469685,Equity,Max-Sharpe (tangency),1.1019728403930729
2021-06-02,-0.005650540252589624,Equity,Max-Sharpe (tangency),1.0957460985011713
2021-06-03,0.0002641503066194125,Equity,Max-Sharpe (tangency),1.0960355401690673
2021-06-04,0.011318685820087824,Equity,Max-Sharpe (tangency),1.1084412220958912
2021-06-07,0.0011798301663478855,Equity,Max-Sharpe (tangency),1.1097489944873435
2021-06-08,-0.007097774942675616,Equity,Max-Sharpe (tangency),1.101872245881612
2021-06-09,-0.014150724197654852,Equity,Max-Sharpe (tangency),1.0862799556290907
2021-06-10,0.005395024991071485,Equity,Max-Sharpe (tangency),1.0921404631370097
2021-06-11,0.001962914933194815,Equity,Max-Sharpe (tangency),1.0942842419612477
2021-06-14,-0.007145698199369636,Equity,Max-Sharpe (tangency),1.0864648170238667
2021-06-15,-0.004796170658485512,Equity,Max-Sharpe (tangency),1.08125394634698
2021-06-16,-0.00777990432740357,Equity,Max-Sharpe (tangency),1.072841894090773
2021-06-17,-0.014779340050991118,Equity,Max-Sharpe (tangency),1.056985998917056
2021-06-18,-0.008917622896372036,Equity,Max-Sharpe (tangency),1.0475601963719687
2021-06-21,0.012476757666103271,Equity,Max-Sharpe (tangency),1.0606303510827575
2021-06-22,0.006933268842758783,Equity,Max-Sharpe (tangency),1.067983986449604
2021-06-23,-0.0007884232359410413,Equity,Max-Sharpe (tangency),1.0671419630590742
2021-06-24,0.006425229507549238,Equity,Max-Sharpe (tangency),1.0739985950888655
2021-06-25,-0.003327016736638599,Equity,Max-Sharpe (tangency),1.0704253837878785
2021-06-28,0.009648620610706746,Equity,Max-Sharpe (tangency),1.080753512208118
2021-06-29,0.0033363037265695425,Equity,Max-Sharpe (tangency),1.084359234178401
2021-06-30,0.004687553637541864,Equity,Max-Sharpe (tangency),1.0894422262509762
2021-07-01,0.00630107903118188,Equity,Max-Sharpe (tangency),1.0963068878184903
2021-07-02,0.008922699769562083,Equity,Max-Sharpe (tangency),1.1060889050337976
2021-07-06,0.0026974532375297067,Equity,Max-Sharpe (tangency),1.1090725281316767
2021-07-07,-0.00042067185005648447,Equity,Max-Sharpe (tangency),1.1086059725394208
2021-07-08,-0.016311791820955244,Equity,Max-Sharpe (tangency),1.0905226227038902
2021-07-09,0.011538626779458341,Equity,Max-Sharpe (tangency),1.1031057562418265
2021-07-12,0.008473024805013218,Equity,Max-Sharpe (tangency),1.1124523986770163
2021-07-13,-0.009526180293987377,Equity,Max-Sharpe (tangency),1.1018549765587404
2021-07-14,-0.00707129372693251,Equity,Max-Sharpe (tangency),1.0940634363750112
2021-07-15,-0.016074258547547217,Equity,Max-Sharpe (tangency),1.0764771778313014
2021-07-16,-0.02573041361569201,Equity,Max-Sharpe (tangency),1.048778974797849
2021-07-19,0.005651127289563391,Equity,Max-Sharpe (tangency),1.0547057582830495
2021-07-20,-0.0008475082023686907,Equity,Max-Sharpe (tangency),1.0538118865018191
2021-07-21,0.01733579693631516,Equity,Max-Sharpe (tangency),1.07208055537529
2021-07-22,0.0055399448388764195,Equity,Max-Sharpe (tangency),1.078019822514901
2021-07-23,-0.0015627701324196891,Equity,Max-Sharpe (tangency),1.0763351253341182
2021-07-26,-0.002736558128748007,Equity,Max-Sharpe (tangency),1.0733896716976281
2021-07-27,-0.014134036892641455,Equity,Max-Sharpe (tangency),1.0582183424776734
2021-07-28,0.005242994752462745,Equity,Max-Sharpe (tangency),1.0637665756942438
2021-07-29,0.00858567882680077,Equity,Max-Sharpe (tangency),1.0728997338598403
2021-07-30,-0.0032455183865216495,Equity,Max-Sharpe (tangency),1.0694176180467039
2021-08-02,0.00033215311149604326,Equity,Max-Sharpe (tangency),1.0697728284360268
2021-08-03,0.010233537792840332,Equity,Max-Sharpe (tangency),1.0807203891055808
2021-08-04,0.0010742994445924253,Equity,Max-Sharpe (tangency),1.0818814064193567
2021-08-05,0.0015767573963076957,Equity,Max-Sharpe (tangency),1.083587270928856
2021-08-06,-0.004818915652409732,Equity,Max-Sharpe (tangency),1.078365555268225
2021-08-09,0.004271724116633773,Equity,Max-Sharpe (tangency),1.0829720354172112
2021-08-10,0.008235768382038539,Equity,Max-Sharpe (tangency),1.091891142265132
2021-08-11,0.00683816196826137,Equity,Max-Sharpe (tangency),1.099357670747651
2021-08-12,0.008313197101343638,Equity,Max-Sharpe (tangency),1.1084968477494503
2021-08-13,0.008181685540879637,Equity,Max-Sharpe (tangency),1.1175662203807926
2021-08-16,-0.006888580270289173,Equity,Max-Sharpe (tangency),1.1098677757643358
2021-08-17,-0.016437803600724554,Equity,Max-Sharpe (tangency),1.0916239872435487
2021-08-18,-0.011731473062421005,Equity,Max-Sharpe (tangency),1.0788176298429084
2021-08-19,0.010696463123941898,Equity,Max-Sharpe (tangency),1.0903571628379816
2021-08-20,0.020161864108051535,Equity,Max-Sharpe (tangency),1.1123407957843614
2021-08-23,0.029850133427034835,Equity,Max-Sharpe (tangency),1.1455443169548587
2021-08-24,4.334764063150271e-05,Equity,Max-Sharpe (tangency),1.1455939735982374
2021-08-25,1.8477360743172563e-05,Equity,Max-Sharpe (tangency),1.1456151411513529
2021-08-26,-0.007556987046306231,Equity,Max-Sharpe (tangency),1.1369577423696198
2021-08-27,0.018202437285657708,Equity,Max-Sharpe (tangency),1.1576531443715459
2021-08-30,0.0028086282196768996,Equity,Max-Sharpe (tangency),1.1609045616614255
2021-08-31,-0.008542901187114569,Equity,Max-Sharpe (tangency),1.1509870687034816
2021-09-01,0.0020427326560812724,Equity,Max-Sharpe (tangency),1.1533382275754493
2021-09-02,-0.001393986130300957,Equity,Max-Sharpe (tangency),1.1517304900826633
2021-09-03,0.007484341072492799,Equity,Max-Sharpe (tangency),1.1603504338940311
2021-09-07,-0.005955889977821153,Equity,Max-Sharpe (tangency),1.1534395143740412
2021-09-08,-0.01066802065283537,Equity,Max-Sharpe (tangency),1.1411345978129026
2021-09-09,-0.0077950335002565626,Equity,Max-Sharpe (tangency),1.1322394153946491
2021-09-10,0.006295320830146335,Equity,Max-Sharpe (tangency),1.1393672257710958
2021-09-13,-0.014587334697350685,Equity,Max-Sharpe (tangency),1.122746894705581
2021-09-14,-0.0061263745584946745,Equity,Max-Sharpe (tangency),1.1158685266942279
2021-09-15,0.011742017790922687,Equity,Max-Sharpe (tangency),1.128971074787002
2021-09-16,-0.004511018238698169,Equity,Max-Sharpe (tangency),1.1238782656776753
2021-09-17,-0.02279242966764749,Equity,Max-Sharpe (tangency),1.0982623493522192
2021-09-20,-0.03602451401930193,Equity,Max-Sharpe (tangency),1.0586979819511086
2021-09-21,0.0019356440958481504,Equity,Max-Sharpe (tangency),1.0607472444491588
2021-09-22,0.016155119080926313,Equity,Max-Sharpe (tangency),1.0778837424979995
2021-09-23,0.015393026821747187,Equity,Max-Sharpe (tangency),1.0944756358569965
2021-09-24,-0.006683974073271174,Equity,Max-Sharpe (tangency),1.0871601890831013
2021-09-27,-0.007710946346610233,Equity,Max-Sharpe (tangency),1.078777155194911
2021-09-28,-0.022738627773255533,Equity,Max-Sharpe (tangency),1.0542472430126424
2021-09-29,-0.009964258623668638,Equity,Max-Sharpe (tangency),1.0437424508299746
2021-09-30,-0.001710060802151287,Equity,Max-Sharpe (tangency),1.0419575877772689
2021-10-01,-0.0013172648012089807,Equity,Max-Sharpe (tangency),1.0405850537225372
2021-10-04,-0.029458126725013422,Equity,Max-Sharpe (tangency),1.0099313673418238
2021-10-05,0.022627941056377648,Equity,Max-Sharpe (tangency),1.0327840347930215
2021-10-06,0.005729968320622006,Equity,Max-Sharpe (tangency),1.0387018545944298
2021-10-07,0.01641419482830222,Equity,Max-Sharpe (tangency),1.0557513092042616
2021-10-08,-0.00908434756604996,Equity,Max-Sharpe (tangency),1.046160497368138
2021-10-11,-0.0016936986219856886,Equity,Max-Sharpe (tangency),1.0443886167753698
2021-10-12,0.006679840498390248,Equity,Max-Sharpe (tangency),1.0513649661537636
2021-10-13,0.013287162870696863,Equity,Max-Sharpe (tangency),1.0653346236955932
2021-10-14,0.03069615147318236,Equity,Max-Sharpe (tangency),1.0980362966741788
2021-10-15,0.0009347985342435029,Equity,Max-Sharpe (tangency),1.099062739394856
2021-10-18,0.011903859750166654,Equity,Max-Sharpe (tangency),1.1121458281012462
2021-10-19,0.0028391272005265315,Equity,Max-Sharpe (tangency),1.1153033515727606
2021-10-20,-0.00025989370923281026,Equity,Max-Sharpe (tangency),1.1150134912478005
2021-10-21,0.010751750698254008,Equity,Max-Sharpe (tangency),1.1270018383308866
2021-10-22,0.00461376144579727,Equity,Max-Sharpe (tangency),1.1322015559619203
2021-10-25,0.02495088925409613,Equity,Max-Sharpe (tangency),1.1604509915980414
2021-10-26,0.04451426772489896,Equity,Max-Sharpe (tangency),1.212107617719661
2021-10-27,-0.015254076465710871,Equity,Max-Sharpe (tangency),1.1936180354342947
2021-10-28,0.017750761804825356,Equity,Max-Sharpe (tangency),1.2148056648672325
2021-10-29,0.018351745299945484,Equity,Max-Sharpe (tangency),1.237099469017807
2021-11-01,0.00010802746518864641,Equity,Max-Sharpe (tangency),1.237233109737631
2021-11-02,0.011709818392108443,Equity,Max-Sharpe (tangency),1.2517208847613623
2021-11-03,0.007004767213445479,Equity,Max-Sharpe (tangency),1.2604888981753237
2021-11-04,0.06504212629739561,Equity,Max-Sharpe (tangency),1.3424737762869083
2021-11-05,-0.0071690287047036375,Equity,Max-Sharpe (tangency),1.3328495432493956
2021-11-08,0.026182830291372118,Equity,Max-Sharpe (tangency),1.3677473166442273
2021-11-09,-0.005283179344180634,Equity,Max-Sharpe (tangency),1.360521262272874
2021-11-10,-0.024196676720341127,Equity,Max-Sharpe (tangency),1.3276011691185068
2021-11-11,0.023615060073295786,Equity,Max-Sharpe (tangency),1.3589525504806181
2021-11-12,-0.0014585584896461671,Equity,Max-Sharpe (tangency),1.3569704387010884
2021-11-15,-0.009095114698344831,Equity,Max-Sharpe (tangency),1.3446286369188387
2021-11-16,0.0037652784959472147,Equity,Max-Sharpe (tangency),1.349691538210464
2021-11-17,-0.019757020947384678,Equity,Max-Sharpe (tangency),1.323025654217532
2021-11-18,0.05063350824338652,Equity,Max-Sharpe (tangency),1.390015084586567
2021-11-19,0.02378978447632451,Equity,Max-Sharpe (tangency),1.4230832438677214
2021-11-22,-0.009867502367292832,Equity,Max-Sharpe (tangency),1.4090409665900019
2021-11-23,-0.003051132452762984,Equity,Max-Sharpe (tangency),1.4047417959695665
2021-11-24,0.013122175278069442,Equity,Max-Sharpe (tangency),1.4231750640367093
2021-11-26,-0.02880037457025307,Equity,Max-Sharpe (tangency),1.3821870891134083
2021-11-29,0.03405046286897145,Equity,Max-Sharpe (tangency),1.4292511992692363
2021-11-30,-0.02486979070981948,Equity,Max-Sharpe (tangency),1.3937060210716519
2021-12-01,-0.02794123616278205,Equity,Max-Sharpe (tangency),1.3547641519953975
2021-12-02,0.02422190070665296,Equity,Max-Sharpe (tangency),1.3875791147659629
2021-12-03,-0.02461396066404864,Equity,Max-Sharpe (tangency),1.353425297016858
2021-12-06,-0.011039234364757008,Equity,Max-Sharpe (tangency),1.3384845179678981
2021-12-07,0.055194728927314904,Equity,Max-Sharpe (tangency),1.412361808110544
2021-12-08,-0.011413397761447825,Equity,Max-Sharpe (tangency),1.3962419610115009
2021-12-09,-0.027008711949746977,Equity,Max-Sharpe (tangency),1.3585312640743914
2021-12-10,-0.0017562665517449616,Equity,Max-Sharpe (tangency),1.3561453210557977
2021-12-13,-0.034163409517531815,Equity,Max-Sharpe (tangency),1.3098147730872838
2021-12-14,0.0068327934697085925,Equity,Max-Sharpe (tangency),1.3187644669153624
2021-12-15,0.037119015315307105,Equity,Max-Sharpe (tangency),1.3677157053600766
2021-12-16,-0.03356185095348109,Equity,Max-Sharpe (tangency),1.3218126347100465
2021-12-17,-0.007714369897147635,Equity,Max-Sharpe (tangency),1.3116156831111698
2021-12-20,-0.008467390808752936,Equity,Max-Sharpe (tangency),1.300509720531378
2021-12-21,0.02830445206119414,Equity,Max-Sharpe (tangency),1.3373199355712755
2021-12-22,0.010672201812399591,Equity,Max-Sharpe (tangency),1.3515920838114375
2021-12-23,0.004100287999121953,Equity,Max-Sharpe (tangency),1.3571340006123975
2021-12-27,0.033976895747684664,Equity,Max-Sharpe (tangency),1.4032452010668433
2021-12-28,-0.013983720801457633,Equity,Max-Sharpe (tangency),1.3836226119591393
2021-12-29,-0.0046168269679084245,Equity,Max-Sharpe (tangency),1.3772346657708383
2021-12-30,-0.009195454046847669,Equity,Max-Sharpe (tangency),1.364570367690017
2021-12-31,-0.001799278079375823,Equity,Max-Sharpe (tangency),1.3621151261396665
2022-01-03,-0.00036712627714299796,Equity,Max-Sharpe (tangency),1.3616150578843667
2022-01-04,-0.007362994086779483,Equity,Max-Sharpe (tangency),1.3515894942646942
2022-01-05,-0.02057955955446463,Equity,Max-Sharpe (tangency),1.3237743777742852
2022-01-06,0.002285424675383738,Equity,Max-Sharpe (tangency),1.3267997644018914
2022-01-07,-0.021789316125061287,Equity,Max-Sharpe (tangency),1.2978897049006817
2022-01-10,0.0029593641312492384,Equity,Max-Sharpe (tangency),1.3017306331396825
2022-01-11,0.00816709917675739,Equity,Max-Sharpe (tangency),1.3123619963219573
2022-01-12,0.011586392596444898,Equity,Max-Sharpe (tangency),1.3275675376399978
2022-01-13,-0.02597685501070219,Equity,Max-Sharpe (tangency),1.2930815081978086
2022-01-14,0.0006874665464425582,Equity,Max-Sharpe (tangency),1.293970458476518
2022-01-18,-0.021266204026041582,Equity,Max-Sharpe (tangency),1.2664526187028857
2022-01-19,-0.012807230425588283,Equity,Max-Sharpe (tangency),1.2502328681920682
2022-01-20,-0.025042258133451088,Equity,Max-Sharpe (tangency),1.2189242139798775
2022-01-21,-0.02136061351716575,Equity,Max-Sharpe (tangency),1.1928872449383383
2022-01-24,0.0022259805292077954,Equity,Max-Sharpe (tangency),1.1955425887191113
2022-01-25,-0.017402760904790916,Equity,Max-Sharpe (tangency),1.1747368468961379
2022-01-26,-0.0012244857470185334,Equity,Max-Sharpe (tangency),1.173298398370616
2022-01-27,-0.012695137495669227,Equity,Max-Sharpe (tangency),1.1584032138798526
2022-01-28,0.03189253783847731,Equity,Max-Sharpe (tangency),1.1953476322107295
2022-01-31,0.028775462269904826,Equity,Max-Sharpe (tangency),1.2297443129008294
2022-02-01,0.01269671619082615,Equity,Max-Sharpe (tangency),1.245358027429014
2022-02-02,0.02615835551562693,Equity,Max-Sharpe (tangency),1.2779345454547417
2022-02-03,-0.018290349735110276,Equity,Max-Sharpe (tangency),1.2545606756797953
2022-02-04,-0.0017803538345600217,Equity,Max-Sharpe (tangency),1.2523271137701606
2022-02-07,0.011830101338720568,Equity,Max-Sharpe (tangency),1.267142270435289
2022-02-08,0.009413037133098455,Equity,Max-Sharpe (tangency),1.2790699276798152
2022-02-09,0.027979325214621018,Equity,Max-Sharpe (tangency),1.3148574411586105
2022-02-10,-0.02351574762931809,Equity,Max-Sharpe (tangency),1.2839375854037935
2022-02-11,-0.024331746393053345,Equity,Max-Sharpe (tangency),1.2526971416912391
2022-02-14,0.003738467169103698,Equity,Max-Sharpe (tangency),1.2573803088282818
2022-02-15,0.030771294996834564,Equity,Max-Sharpe (tangency),1.2960715292344478
2022-02-16,0.003424414985079788,Equity,Max-Sharpe (tangency),1.3005098160008934
2022-02-17,-0.027311224646787806,Equity,Max-Sharpe (tangency),1.2649913002607402
2022-02-18,-0.013018977179447467,Equity,Max-Sharpe (tangency),1.2485224073904462
2022-02-22,-0.006668497151520879,Equity,Max-Sharpe (tangency),1.240196639273153
2022-02-23,-0.003899457218024401,Equity,Max-Sharpe (tangency),1.2353605455363696
2022-02-24,0.01565743349923257,Equity,Max-Sharpe (tangency),1.254703121125681
2022-02-25,0.027732310480219312,Equity,Max-Sharpe (tangency),1.2894989376412387
2022-02-28,-0.006137756207445687,Equity,Max-Sharpe (tangency),1.2815843075322364
2022-03-01,-0.0037039204807354856,Equity,Max-Sharpe (tangency),1.2768374211677784
2022-03-02,0.02530758454233325,Equity,Max-Sharpe (tangency),1.3091510921507967
2022-03-03,0.001096424979547229,Equity,Max-Sharpe (tangency),1.3105864781102325
2022-03-04,0.002720901170295471,Equity,Max-Sharpe (tangency),1.3141524543922962
2022-03-07,-0.021125904805306902,Equity,Max-Sharpe (tangency),1.2863897947411442
2022-03-08,-0.012644619102274516,Equity,Max-Sharpe (tangency),1.2701238857695893
2022-03-09,0.023322588248992235,Equity,Max-Sharpe (tangency),1.2997464621826036
2022-03-10,0.0035964065676843257,Equity,Max-Sharpe (tangency),1.3044208788955216
2022-03-11,-0.0077902669935508845,Equity,Max-Sharpe (tangency),1.2942590919769632
2022-03-14,-0.01795007568557018,Equity,Max-Sharpe (tangency),1.2710270433192394
2022-03-15,0.02663942510646329,Equity,Max-Sharpe (tangency),1.3048864730480316
2022-03-16,0.017665066167739253,Equity,Max-Sharpe (tangency),1.327937378935813
2022-03-17,0.012527343752451481,Equity,Max-Sharpe (tangency),1.3445729069634715
2022-03-18,0.020720885888679548,Equity,Max-Sharpe (tangency),1.3724336487376718
2022-03-21,0.01658036313494732,Equity,Max-Sharpe (tangency),1.395189097012363
2022-03-22,-0.00013137838969931668,Equity,Max-Sharpe (tangency),1.3950057993154714
2022-03-23,-0.003681996829458174,Equity,Max-Sharpe (tangency),1.389869392385316
2022-03-24,0.035746329131506216,Equity,Max-Sharpe (tangency),1.439552121135328
2022-03-25,0.003840483801191062,Equity,Max-Sharpe (tangency),1.4450806977375181
2022-03-28,0.004721803966494923,Equity,Max-Sharpe (tangency),1.4519040855080003
2022-03-29,0.008494017811833756,Equity,Max-Sharpe (tangency),1.4642365846713796
2022-03-30,-0.005861774223106876,Equity,Max-Sharpe (tangency),1.455653560402823
2022-03-31,-0.011591549136174158,Equity,Max-Sharpe (tangency),1.4387802806321668
2022-04-01,0.007903107018467706,Equity,Max-Sharpe (tangency),1.4501511151660638
2022-04-04,-0.0006651514914058033,Equity,Max-Sharpe (tangency),1.4491865449890473
2022-04-05,-0.013399271617328718,Equity,Max-Sharpe (tangency),1.429768500848561
2022-04-06,-0.0016480621387192267,Equity,Max-Sharpe (tangency),1.4274121535151791
2022-04-07,0.012683931771945923,Equity,Max-Sharpe (tangency),1.445517351880812
2022-04-08,-0.004240242132513022,Equity,Max-Sharpe (tangency),1.4393880083020882
2022-04-11,-0.020836324776284533,Equity,Max-Sharpe (tangency),1.4093964522820166
2022-04-12,0.0025700303056616,Equity,Max-Sharpe (tangency),1.413018643877073
2022-04-13,0.0057910162959654825,Equity,Max-Sharpe (tangency),1.4212014578702683
2022-04-14,0.0014251539494700627,Equity,Max-Sharpe (tangency),1.4232268887409447
2022-04-18,0.007125901483085895,Equity,Max-Sharpe (tangency),1.4333686633381915
2022-04-19,-0.00400554585709317,Equity,Max-Sharpe (tangency),1.4276272394270701
2022-04-20,-0.005202205563992491,Equity,Max-Sharpe (tangency),1.4202004290588153
2022-04-21,-0.02054360892935877,Equity,Max-Sharpe (tangency),1.3910243868429233
2022-04-22,-0.03693977477944592,Equity,Max-Sharpe (tangency),1.339640259280229
2022-04-25,-0.003999798083641805,Equity,Max-Sharpe (tangency),1.3342819687383904
2022-04-26,-0.015943719618990045,Equity,Max-Sharpe (tangency),1.3130085511361516
2022-04-27,-0.0005795374278265691,Equity,Max-Sharpe (tangency),1.312247613537712
2022-04-28,0.019728293224896377,Equity,Max-Sharpe (tangency),1.3381360192412544
2022-04-29,-0.047684437555684564,Equity,Max-Sharpe (tangency),1.2743277557907324
2022-05-02,-0.004780896866700069,Equity,Max-Sharpe (tangency),1.2682353262159236
2022-05-03,0.004149816224329566,Equity,Max-Sharpe (tangency),1.2734982697489226
2022-05-04,0.014596747014544215,Equity,Max-Sharpe (tangency),1.2920872018159075
2022-05-05,-0.03729772962206181,Equity,Max-Sharpe (tangency),1.2438952827144514
2022-05-06,-0.012699044363970576,Equity,Max-Sharpe (tangency),1.2280990013351267
2022-05-09,-0.053048725583980785,Equity,Max-Sharpe (tangency),1.1629499144233388
2022-05-10,0.0044534604552211605,Equity,Max-Sharpe (tangency),1.1681290658786259
2022-05-11,-0.01422790749831387,Equity,Max-Sharpe (tangency),1.151509033583213
2022-05-12,-0.01108966785398846,Equity,Max-Sharpe (tangency),1.1387391808699079
2022-05-13,0.015091321587466679,Equity,Max-Sharpe (tangency),1.155924260052664
2022-05-16,-0.006487587640686707,Equity,Max-Sharpe (tangency),1.1484251001095764
2022-05-17,0.014532820312124776,Equity,Max-Sharpe (tangency),1.165114955731403
2022-05-18,-0.03546923335390183,Equity,Max-Sharpe (tangency),1.1237892214824448
2022-05-19,0.01183068160121109,Equity,Max-Sharpe (tangency),1.1370844139486764
2022-05-20,-0.0012377146943922568,Equity,Max-Sharpe (tangency),1.1356770278607677
2022-05-23,0.012734285852791665,Equity,Max-Sharpe (tangency),1.1501390637699955
2022-05-24,-0.00030251396705676704,Equity,Max-Sharpe (tangency),1.1497911306391475
2022-05-25,0.02020032837944706,Equity,Max-Sharpe (tangency),1.173017289045834
2022-05-26,0.011230176776682298,Equity,Max-Sharpe (tangency),1.1861904805639232
2022-05-27,0.02147261541280373,Equity,Max-Sharpe (tangency),1.2116610925594011
2022-05-31,-0.018561146231405593,Equity,Max-Sharpe (tangency),1.1891712738375013
2022-06-01,-0.008566823780973615,Equity,Max-Sharpe (tangency),1.1789838530891394
2022-06-02,0.020873251618189054,Equity,Max-Sharpe (tangency),1.203593079708451
2022-06-03,-0.014932128297041354,Equity,Max-Sharpe (tangency),1.1856208734248133
2022-06-06,-0.002788498487785425,Equity,Max-Sharpe (tangency),1.1823147714121813
2022-06-07,0.017219086399886716,Equity,Max-Sharpe (tangency),1.20267315161299
2022-06-08,-0.01631833127492132,Equity,Max-Sharpe (tangency),1.1830475327095156
2022-06-09,-0.0328956744282893,Equity,Max-Sharpe (tangency),1.1441303862403123
2022-06-10,-0.015235785194879597,Equity,Max-Sharpe (tangency),1.1266986614406203
2022-06-13,-0.04464374831427338,Equity,Max-Sharpe (tangency),1.0763986099732363
2022-06-14,-0.0036178113956706224,Equity,Max-Sharpe (tangency),1.072504402815791
2022-06-15,0.013712872097867167,Equity,Max-Sharpe (tangency),1.0872115185160034
2022-06-16,-0.008897972470278355,Equity,Max-Sharpe (tangency),1.0775375403548786
2022-06-17,-0.0010907300551139141,Equity,Max-Sharpe (tangency),1.0763622377741
2022-06-21,0.02386949128930762,Equity,Max-Sharpe (tangency),1.1020544568327886
2022-06-22,0.0005164723569137252,Equity,Max-Sharpe (tangency),1.1026236374955563
2022-06-23,-0.004102817328071271,Equity,Max-Sharpe (tangency),1.0980997741292986
2022-06-24,0.030300748228024105,Equity,Max-Sharpe (tangency),1.1313730189144406
2022-06-27,-0.0032823700563382723,Equity,Max-Sharpe (tangency),1.1276594339946069
2022-06-28,-0.016772060690945785,Equity,Max-Sharpe (tangency),1.1087462615289316
2022-06-29,-0.006358469742009237,Equity,Max-Sharpe (tangency),1.101696331973434
2022-06-30,-0.015587158287147622,Equity,Max-Sharpe (tangency),1.0845240168625943
2022-07-01,0.0038790003659661208,Equity,Max-Sharpe (tangency),1.0887308859209033
2022-07-05,-0.0016333185283752697,Equity,Max-Sharpe (tangency),1.0869526415925144
2022-07-06,-0.0012233527039053659,Equity,Max-Sharpe (tangency),1.085622915139405
2022-07-07,0.009910734455612155,Equity,Max-Sharpe (tangency),1.0963822355702793
2022-07-08,-0.0004063116247641917,Equity,Max-Sharpe (tangency),1.095936762722782
2022-07-11,-0.008762747132701386,Equity,Max-Sharpe (tangency),1.086333345997611
2022-07-12,-0.00880228423930859,Equity,Max-Sharpe (tangency),1.0767711311075008
2022-07-13,0.0001409645930082889,Equity,Max-Sharpe (tangency),1.0769229177117605
2022-07-14,-0.008490490751934036,Equity,Max-Sharpe (tangency),1.0677793136383829
2022-07-15,0.01803610080055362,Equity,Max-Sharpe (tangency),1.0870378889719108
2022-07-18,-0.007288632770206656,Equity,Max-Sharpe (tangency),1.079114868991894
2022-07-19,0.015704620167785573,Equity,Max-Sharpe (tangency),1.0960619581268212
2022-07-20,-0.003755679798009724,Equity,Max-Sharpe (tangency),1.0919455003733174
2022-07-21,0.010335326057305583,Equity,Max-Sharpe (tangency),1.1032311131564834
2022-07-22,-0.012535303393513973,Equity,Max-Sharpe (tangency),1.0894017764399027
2022-07-25,-0.011541334452278843,Equity,Max-Sharpe (tangency),1.076828626185103
2022-07-26,0.00015556619739831926,Equity,Max-Sharpe (tangency),1.0769961443197285
2022-07-27,0.014994754586645478,Equity,Max-Sharpe (tangency),1.0931454371945664
2022-07-28,0.005712828231760797,Equity,Max-Sharpe (tangency),1.099390389309592
2022-07-29,-0.00928339426406169,Equity,Max-Sharpe (tangency),1.0891843148755107
2022-08-01,-0.007044081482012741,Equity,Max-Sharpe (tangency),1.0815120118125974
2022-08-02,-0.005581262246447514,Equity,Max-Sharpe (tangency),1.0754758096519883
2022-08-03,0.008595721777297116,Equity,Max-Sharpe (tangency),1.0847203004899701
2022-08-04,0.0034960957615741313,Equity,Max-Sharpe (tangency),1.0885125865350065
2022-08-05,0.000525210008845227,Equity,Max-Sharpe (tangency),1.0890842842402089
2022-08-08,-0.00498504260820664,Equity,Max-Sharpe (tangency),1.0836551526793432
2022-08-09,0.0005775233660133771,Equity,Max-Sharpe (tangency),1.0842809888507163
2022-08-10,0.020473763634316938,Equity,Max-Sharpe (tangency),1.1064803015296292
2022-08-11,0.002918625821827247,Equity,Max-Sharpe (tangency),1.1097097035090167
2022-08-12,0.014648548238543273,Equity,Max-Sharpe (tangency),1.125965339631648
2022-08-15,0.0034223849185596456,Equity,Max-Sharpe (tangency),1.1298188264288243
2022-08-16,-0.0013114221808557137,Equity,Max-Sharpe (tangency),1.128337156959497
2022-08-17,-0.01046674978996539,Equity,Max-Sharpe (tangency),1.1165271342588812
2022-08-18,0.00705816913275614,Equity,Max-Sharpe (tangency),1.1244077716137917
2022-08-19,-0.014267206359535649,Equity,Max-Sharpe (tangency),1.1083656139039122
2022-08-22,-0.020261456601455945,Equity,Max-Sharpe (tangency),1.085908512119252
2022-08-23,-0.000795289958340016,Equity,Max-Sharpe (tangency),1.0850448999838875
2022-08-24,-5.846417060160038e-05,Equity,Max-Sharpe (tangency),1.0849814637337445
2022-08-25,0.02499560699544722,Equity,Max-Sharpe (tangency),1.112101233998578
2022-08-26,-0.03496089705284973,Equity,Max-Sharpe (tangency),1.0732211772444067
2022-08-29,-0.0104465947945408,Equity,Max-Sharpe (tangency),1.0620096704808144
2022-08-30,-0.01757557197594452,Equity,Max-Sharpe (tangency),1.0433442430781297
2022-08-31,-0.011883089824677895,Equity,Max-Sharpe (tangency),1.0309460897195717
2022-09-01,-0.0020580655058386674,Equity,Max-Sharpe (tangency),1.0288243351339406
2022-09-02,-0.010365972244239768,Equity,Max-Sharpe (tangency),1.0181595706317437
2022-09-06,0.00993395107031432,Equity,Max-Sharpe (tangency),1.0282739179881715
2022-09-07,0.008928306067992317,Equity,Max-Sharpe (tangency),1.0374546622497036
2022-09-08,0.008262656515884918,Equity,Max-Sharpe (tangency),1.0460267937746763
2022-09-09,0.012594650912225593,Equity,Max-Sharpe (tangency),1.059201136087103
2022-09-12,0.0011517784837042555,Equity,Max-Sharpe (tangency),1.0604211011655633
2022-09-13,-0.040227611432854,Equity,Max-Sharpe (tangency),1.0177628931526759
2022-09-14,-0.021192305549956002,Equity,Max-Sharpe (tangency),0.9961941509435771
2022-09-15,-0.014701121617322073,Equity,Max-Sharpe (tangency),0.9815489795760907
2022-09-16,3.552667142260927e-05,Equity,Max-Sharpe (tangency),0.9815838507441733
2022-09-19,0.0032173854514030245,Equity,Max-Sharpe (tangency),0.9847419843448898
2022-09-20,-0.01928467404576861,Equity,Max-Sharpe (tangency),0.9657515561576152
2022-09-21,-0.013439710110199319,Equity,Max-Sharpe (tangency),0.952772135204383
2022-09-22,-0.010516218109434676,Equity,Max-Sharpe (tangency),0.9427525756219819
2022-09-23,-0.013131309815739865,Equity,Max-Sharpe (tangency),0.930372999471903
2022-09-26,-0.015831166579580037,Equity,Max-Sharpe (tangency),0.9156441095361197
2022-09-27,0.0050815064965758945,Equity,Max-Sharpe (tangency),0.920296961027279
2022-09-28,0.020184567904544405,Equity,Max-Sharpe (tangency),0.9388727575294801
2022-09-29,-0.015578300305904342,Equity,Max-Sharpe (tangency),0.9242467157636534
2022-09-30,-0.012613419555307172,Equity,Max-Sharpe (tangency),0.9125888041651117
2022-10-03,0.03216735407615952,Equity,Max-Sharpe (tangency),0.9419443713546298
2022-10-04,0.029468911207865794,Equity,Max-Sharpe (tangency),0.9697024463968285
2022-10-05,0.00017470491292674627,Equity,Max-Sharpe (tangency),0.9698718581782911
2022-10-06,-0.011663503206768854,Equity,Max-Sharpe (tangency),0.9585597546502738
2022-10-07,-0.022509146625551237,Equity,Max-Sharpe (tangency),0.9369833925834983
2022-10-10,-0.0014031283931827628,Equity,Max-Sharpe (tangency),0.9356686845814236
2022-10-11,0.008766873249611626,Equity,Max-Sharpe (tangency),0.9438715733427797
2022-10-12,-0.00840296888373176,Equity,Max-Sharpe (tangency),0.9359402498817414
2022-10-13,0.02695359254705189,Equity,Max-Sharpe (tangency),0.9611672020254398
2022-10-14,-0.02121797100434867,Equity,Max-Sharpe (tangency),0.9407731842025331
2022-10-17,0.024024337090479117,Equity,Max-Sharpe (tangency),0.9633746363054981
2022-10-18,0.0100655067890069,Equity,Max-Sharpe (tangency),0.9730714902475882
2022-10-19,-0.010448032355267653,Equity,Max-Sharpe (tangency),0.9629048078334929
2022-10-20,0.006949150217584531,Equity,Max-Sharpe (tangency),0.9695961779883621
2022-10-21,0.029885602602106855,Equity,Max-Sharpe (tangency),0.9985731440482439
2022-10-24,0.010606516733704685,Equity,Max-Sharpe (tangency),1.0091645268104197
2022-10-25,0.01214152003525592,Equity,Max-Sharpe (tangency),1.021417318131558
2022-10-26,0.004073419967152674,Equity,Max-Sharpe (tangency),1.0255779798300306
2022-10-27,0.0021760886775831394,Equity,Max-Sharpe (tangency),1.0278097284599175
2022-10-28,0.004490736659538171,Equity,Max-Sharpe (tangency),1.0324253512865424
2022-10-31,-0.009478126757824477,Equity,Max-Sharpe (tangency),1.0226398929390572
2022-11-01,0.0063015874580395915,Equity,Max-Sharpe (tangency),1.029084147662493
2022-11-02,-0.0330080010113203,Equity,Max-Sharpe (tangency),0.9951161370757158
2022-11-03,-0.0032426443827371053,Equity,Max-Sharpe (tangency),0.9918893293236561
2022-11-04,0.016364949447092315,Equity,Max-Sharpe (tangency),1.0081215480551482
2022-11-07,0.010153309263152556,Equity,Max-Sharpe (tangency),1.0183573179074001
2022-11-08,0.009434085360952658,Equity,Max-Sharpe (tangency),1.0279645877724894
2022-11-09,-0.019122664207908376,Equity,Max-Sharpe (tangency),1.008307166142895
2022-11-10,0.04358278898603054,Equity,Max-Sharpe (tangency),1.0522520045980033
2022-11-11,-0.0008510160481273485,Equity,Max-Sharpe (tangency),1.0513565212554163
2022-11-14,0.004901038541971178,Equity,Max-Sharpe (tangency),1.056509260087442
2022-11-15,0.007650396457449455,Equity,Max-Sharpe (tangency),1.0645919747880774
2022-11-16,-0.011748450055225686,Equity,Max-Sharpe (tangency),1.0520846691430856
2022-11-17,0.0012599608339574232,Equity,Max-Sharpe (tangency),1.0534102546202129
2022-11-18,0.00803908118086988,Equity,Max-Sharpe (tangency),1.0618787051738656
2022-11-21,0.016158192009300108,Equity,Max-Sharpe (tangency),1.079036745182652
2022-11-22,0.01959745061418952,Equity,Max-Sharpe (tangency),1.100183114507265
2022-11-23,-0.004301402362655102,Equity,Max-Sharpe (tangency),1.09545078425917
2022-11-25,-0.0006963422212856997,Equity,Max-Sharpe (tangency),1.09468797562675
2022-11-28,-0.015007743659653554,Equity,Max-Sharpe (tangency),1.0782591791012388
2022-11-29,-0.0020751493391448234,Equity,Max-Sharpe (tangency),1.0760216302783
2022-11-30,0.02607967379898924,Equity,Max-Sharpe (tangency),1.1040839233966147
2022-12-01,0.0017311805180078908,Equity,Max-Sharpe (tangency),1.1059952919750444
2022-12-02,0.011850427318216752,Equity,Max-Sharpe (tangency),1.1191018087968845
2022-12-05,-0.00926378041856473,Equity,Max-Sharpe (tangency),1.1087346953741717
2022-12-06,-0.004113511115023144,Equity,Max-Sharpe (tangency),1.1041739028811384
2022-12-07,0.0012677645134263553,Equity,Max-Sharpe (tangency),1.1055737353718624
2022-12-08,0.011722646151041308,Equity,Max-Sharpe (tangency),1.1185339850655118
2022-12-09,-0.01786567786412263,Equity,Max-Sharpe (tangency),1.098550617208258
2022-12-12,0.01378207878709975,Equity,Max-Sharpe (tangency),1.1136909283662393
2022-12-13,0.004632342431063592,Equity,Max-Sharpe (tangency),1.118849926108801
2022-12-14,-0.004265566006177659,Equity,Max-Sharpe (tangency),1.1140773978979768
2022-12-15,-0.03361366581907295,Equity,Max-Sharpe (tangency),1.0766291725484518
2022-12-16,-0.011567471917485282,Equity,Max-Sharpe (tangency),1.064175294829452
2022-12-19,-0.0035291726370451637,Equity,Max-Sharpe (tangency),1.0604196364979204
2022-12-20,-0.003404943965544014,Equity,Max-Sharpe (tangency),1.0568089670556824
2022-12-21,0.015055913959295068,Equity,Max-Sharpe (tangency),1.0727201919350844
2022-12-22,-0.009211477774811605,Equity,Max-Sharpe (tangency),1.0628388537284827
2022-12-23,-0.0022306015881214006,Equity,Max-Sharpe (tangency),1.0604680836934388
2022-12-27,-0.007841033375071731,Equity,Max-Sharpe (tangency),1.0521529180560003
2022-12-28,-0.009145197213656371,Equity,Max-Sharpe (tangency),1.042530772121454
2022-12-29,0.007159040673031424,Equity,Max-Sharpe (tangency),1.0499942923219585
2022-12-30,-0.004607460808099896,Equity,Max-Sharpe (tangency),1.0451564847713564
2023-01-03,-0.0019220607159839008,Equity,Max-Sharpe (tangency),1.0431476305499214
2023-01-04,0.0175446891803196,Equity,Max-Sharpe (tangency),1.0614493314971067
2023-01-05,-0.0022659808397179743,Equity,Max-Sharpe (tangency),1.0590441076496029
2023-01-06,0.028733352148430404,Equity,Max-Sharpe (tangency),1.089473994935419
2023-01-09,-0.015808567763692615,Equity,Max-Sharpe (tangency),1.0722509714597015
2023-01-10,0.013214259567527975,Equity,Max-Sharpe (tangency),1.086419974118104
2023-01-11,-0.002110153832569914,Equity,Max-Sharpe (tangency),1.0841274608459381
2023-01-12,-0.004971199081380675,Equity,Max-Sharpe (tangency),1.0787380474084813
2023-01-13,0.010516515884056788,Equity,Max-Sharpe (tangency),1.090082613218789
2023-01-17,-0.0020285970845341523,Equity,Max-Sharpe (tangency),1.087871274807712
2023-01-18,-0.020222217734657544,Equity,Max-Sharpe (tangency),1.065872105021271
2023-01-19,-0.00819637025885303,Equity,Max-Sharpe (tangency),1.0571358225999337
2023-01-20,0.015414629694403773,Equity,Max-Sharpe (tangency),1.0734311798420006
2023-01-23,0.0080364358911227,Equity,Max-Sharpe (tangency),1.082057740702333
2023-01-24,-0.0007408145465949017,Equity,Max-Sharpe (tangency),1.081256136587765
2023-01-25,0.005809121402931661,Equity,Max-Sharpe (tangency),1.0875372847528684
2023-01-26,0.02124751031023024,Equity,Max-Sharpe (tangency),1.1106447444234149
2023-01-27,-0.004193265957073767,Equity,Max-Sharpe (tangency),1.1059875156262213
2023-01-30,-0.012988633122937144,Equity,Max-Sharpe (tangency),1.0916222495472037
2023-01-31,0.014853020291540682,Equity,Max-Sharpe (tangency),1.1078361369704255
2023-02-01,0.02149041542705387,Equity,Max-Sharpe (tangency),1.1316439957790225
2023-02-02,0.00151784974426837,Equity,Max-Sharpe (tangency),1.1333616613286184
2023-02-03,-0.0060123678238487785,Equity,Max-Sharpe (tangency),1.1265474741432624
2023-02-06,-0.013282781646868696,Equity,Max-Sharpe (tangency),1.111583790029386
2023-02-07,0.006306423856722986,Equity,Max-Sharpe (tangency),1.1185939085615737
2023-02-08,-0.002705773140508014,Equity,Max-Sharpe (tangency),1.115567247208652
2023-02-09,0.004867871292754397,Equity,Max-Sharpe (tangency),1.120997684986476
2023-02-10,0.0009391546920693421,Equity,Max-Sharpe (tangency),1.12205047522213
2023-02-13,0.016214126824868565,Equity,Max-Sharpe (tangency),1.1402435439312857
2023-02-14,0.011276950452308743,Equity,Max-Sharpe (tangency),1.1531020138797636
2023-02-15,-0.008085306812315817,Equity,Max-Sharpe (tangency),1.1437788303116465
2023-02-16,-0.012444974271313967,Equity,Max-Sharpe (tangency),1.1295445321963444
2023-02-17,-0.003200474037925367,Equity,Max-Sharpe (tangency),1.1259294542463696
2023-02-21,-0.01317046890748424,Equity,Max-Sharpe (tangency),1.1111004353771972
2023-02-22,-0.004875826280258812,Equity,Max-Sharpe (tangency),1.105682902674378
2023-02-23,0.028379110937277015,Equity,Max-Sharpe (tangency),1.1370612004308247
2023-02-24,-0.005056468375794444,Equity,Max-Sharpe (tangency),1.1313116864295034
2023-02-27,0.00843912095469486,Equity,Max-Sharpe (tangency),1.1408589625887418
2023-02-28,0.001440030281108071,Equity,Max-Sharpe (tangency),1.142501834041343
2023-03-01,0.0035299758279054997,Equity,Max-Sharpe (tangency),1.1465348378988467
2023-03-02,0.012764713901439831,Equity,Max-Sharpe (tangency),1.161170027082659
2023-03-03,0.015405946176378162,Equity,Max-Sharpe (tangency),1.179058950021518
2023-03-06,-0.009963470883149708,Equity,Max-Sharpe (tangency),1.1673114305034615
2023-03-07,-0.016714434513472185,Equity,Max-Sharpe (tangency),1.1478004800414838
2023-03-08,0.0030747684090880623,Equity,Max-Sharpe (tangency),1.1513297006974517
2023-03-09,-0.023701968664314916,Equity,Max-Sharpe (tangency),1.1240409202092256
2023-03-10,-0.014744100146192702,Equity,Max-Sharpe (tangency),1.1074679483132424
2023-03-13,0.0014376462822450612,Equity,Max-Sharpe (tangency),1.1090600954918404
2023-03-14,0.018861350346298753,Equity,Max-Sharpe (tangency),1.1299784665080115
2023-03-15,-0.016932416633416433,Equity,Max-Sharpe (tangency),1.110845200326309
2023-03-16,0.0192320751032065,Equity,Max-Sharpe (tangency),1.132209058647021
2023-03-17,-0.003822349445100268,Equity,Max-Sharpe (tangency),1.127881359979964
2023-03-20,0.01434622154091228,Equity,Max-Sharpe (tangency),1.144062195842102
2023-03-21,0.0113315584927007,Equity,Max-Sharpe (tangency),1.1570262035335743
2023-03-22,-0.014503938212323098,Equity,Max-Sharpe (tangency),1.1402447669674847
2023-03-23,0.012726667152402522,Equity,Max-Sharpe (tangency),1.1547562825889486
2023-03-24,0.0051847552443325794,Equity,Max-Sharpe (tangency),1.1607434112810275
2023-03-27,-0.0028853068096941666,Equity,Max-Sharpe (tangency),1.157394310412151
2023-03-28,-0.0011474151230915297,Equity,Max-Sharpe (tangency),1.1560662986770038
2023-03-29,0.00881117529632814,Equity,Max-Sharpe (tangency),1.1662526014888244
2023-03-30,0.0074753223444253315,Equity,Max-Sharpe (tangency),1.1749707156199778
2023-03-31,0.014051116896650671,Equity,Max-Sharpe (tangency),1.1914803664952953
2023-04-03,0.00541487065092811,Equity,Max-Sharpe (tangency),1.1979320785629877
2023-04-04,-0.021194124560414168,Equity,Max-Sharpe (tangency),1.1725429568750079
2023-04-05,-0.002592749301842319,Equity,Max-Sharpe (tangency),1.1695028469421902
2023-04-06,0.006730942212718691,Equity,Max-Sharpe (tangency),1.177374703022568
2023-04-10,0.005934155776404026,Equity,Max-Sharpe (tangency),1.1843614279175014
2023-04-11,-0.0013335898938442738,Equity,Max-Sharpe (tangency),1.1827819754865716
2023-04-12,-0.0057067817106816,Equity,Max-Sharpe (tangency),1.1760320969411409
2023-04-13,0.00380358379642333,Equity,Max-Sharpe (tangency),1.18050523356914
2023-04-14,-0.0027182440897229546,Equity,Max-Sharpe (tangency),1.1772963321951035
2023-04-17,0.0036279858388950812,Equity,Max-Sharpe (tangency),1.1815675466164903
2023-04-18,0.0067015850390377135,Equity,Max-Sharpe (tangency),1.189485922009508
2023-04-19,0.0022370523878569005,Equity,Max-Sharpe (tangency),1.1921468643316617
2023-04-20,0.004497566213792997,Equity,Max-Sharpe (tangency),1.197508623790559
2023-04-21,-0.00033424766313372976,Equity,Max-Sharpe (tangency),1.1971083593314744
2023-04-24,0.006207728932696709,Equity,Max-Sharpe (tangency),1.2045396835292694
2023-04-25,-0.01542512658824271,Equity,Max-Sharpe (tangency),1.1859595064302686
2023-04-26,-0.007570058870175525,Equity,Max-Sharpe (tangency),1.1769817231489472
2023-04-27,-0.028178348446515317,Equity,Max-Sharpe (tangency),1.1438163220388762
2023-04-28,0.0111533546432627,Equity,Max-Sharpe (tangency),1.1565737111253283
2023-05-01,0.016262291215594006,Equity,Max-Sharpe (tangency),1.1753822496279487
2023-05-02,-0.017664235445792282,Equity,Max-Sharpe (tangency),1.1546200208317157
2023-05-03,-0.01292281275217633,Equity,Max-Sharpe (tangency),1.1396990825025934
2023-05-04,-0.016644267750217233,Equity,Max-Sharpe (tangency),1.1207296258187434
2023-05-05,0.01966213398863335,Equity,Max-Sharpe (tangency),1.1427655618866224
2023-05-08,0.0023111119219374936,Equity,Max-Sharpe (tangency),1.1454066210006781
2023-05-09,-0.009418519007402534,Equity,Max-Sharpe (tangency),1.1346185869695786
2023-05-10,-0.0020954142135245664,Equity,Max-Sharpe (tangency),1.1322410910555134
2023-05-11,-0.004110821519931038,Equity,Max-Sharpe (tangency),1.1275866500126521
2023-05-12,0.0007478622574115961,Equity,Max-Sharpe (tangency),1.1284299295101576
2023-05-15,0.007075135067868266,Equity,Max-Sharpe (tangency),1.136413723676067
2023-05-16,-0.012519073956117836,Equity,Max-Sharpe (tangency),1.122186876224619
2023-05-17,0.015809130905707063,Equity,Max-Sharpe (tangency),1.1399276754515206
2023-05-18,0.01715095666015306,Equity,Max-Sharpe (tangency),1.1594785256088986
2023-05-19,-0.0014791917745365494,Equity,Max-Sharpe (tangency),1.1577634345110661
2023-05-22,-0.0006635169983150403,Equity,Max-Sharpe (tangency),1.1569952387922404
2023-05-23,-0.0142764332560003,Equity,Max-Sharpe (tangency),1.140477473488113
2023-05-24,-0.009206954025265493,Equity,Max-Sharpe (tangency),1.1299771498228568
2023-05-25,0.07358480168546558,Equity,Max-Sharpe (tangency),1.2131262943016794
2023-05-26,0.008465977222744888,Equity,Max-Sharpe (tangency),1.2233965938775504
2023-05-30,0.0043991621680520435,Equity,Max-Sharpe (tangency),1.2287785138898604
2023-05-31,-0.021028889415881886,Equity,Max-Sharpe (tangency),1.2029386664046589
2023-06-01,0.01103062022480513,Equity,Max-Sharpe (tangency),1.2162078259875022
2023-06-02,0.015788155088581102,Equity,Max-Sharpe (tangency),1.2354095037641388
2023-06-05,-0.0023231867606399665,Equity,Max-Sharpe (tangency),1.2325394167610253
2023-06-06,-0.006224426827472456,Equity,Max-Sharpe (tangency),1.2248675653494208
2023-06-07,-0.003926841658704576,Equity,Max-Sharpe (tangency),1.2200577043674106
2023-06-08,0.013424725759293743,Equity,Max-Sharpe (tangency),1.2364366444590564
2023-06-09,0.0022706187508510006,Equity,Max-Sharpe (tangency),1.2392441206882046
2023-06-12,0.010022745262050858,Equity,Max-Sharpe (tangency),1.2516647488273567
2023-06-13,0.02543401127777992,Equity,Max-Sharpe (tangency),1.2834996041650313
2023-06-14,0.010705102777675288,Equity,Max-Sharpe (tangency),1.2972395993427235
2023-06-15,-0.003316248298329305,Equity,Max-Sharpe (tangency),1.2929376307288778
2023-06-16,0.007166961647913308,Equity,Max-Sharpe (tangency),1.3022040651414555
2023-06-20,0.0063862490004741946,Equity,Max-Sharpe (tangency),1.3105202645508787
2023-06-21,-0.007023551204244471,Equity,Max-Sharpe (tangency),1.3013157583686055
2023-06-22,0.0027850668846796794,Equity,Max-Sharpe (tangency),1.3049400097937496
2023-06-23,-0.011740465403943417,Equity,Max-Sharpe (tangency),1.2896194067545443
2023-06-26,-0.016558297307319517,Equity,Max-Sharpe (tangency),1.2682655052042136
2023-06-27,0.013891845777140333,Equity,Max-Sharpe (tangency),1.2858840540069776
2023-06-28,-0.007453638428578225,Equity,Max-Sharpe (tangency),1.276299539207335
2023-06-29,0.0023492366330548618,Equity,Max-Sharpe (tangency),1.279297868839592
2023-06-30,0.020345303953104056,Equity,Max-Sharpe (tangency),1.3053255728276918
2023-07-03,0.004069565489759955,Equity,Max-Sharpe (tangency),1.3106376807317726
2023-07-05,-0.0038099150010832087,Equity,Max-Sharpe (tangency),1.3056442625709677
2023-07-06,-0.004145243237541664,Equity,Max-Sharpe (tangency),1.3002320495209103
2023-07-07,0.0024238754490266395,Equity,Max-Sharpe (tangency),1.3033836500637817
2023-07-10,-0.0011727281888652629,Equity,Max-Sharpe (tangency),1.3018551353164458
2023-07-11,0.011142156081963521,Equity,Max-Sharpe (tangency),1.3163606084302475
2023-07-12,0.015528052253853033,Equity,Max-Sharpe (tangency),1.3368011247428662
2023-07-13,0.01942003574529659,Equity,Max-Sharpe (tangency),1.3627618503697252
2023-07-14,-0.003689077318701554,Equity,Max-Sharpe (tangency),1.3577345165367345
2023-07-17,0.007885772720152659,Equity,Max-Sharpe (tangency),1.3684413023484496
2023-07-18,0.019013052722900117,Equity,Max-Sharpe (tangency),1.394459548978195
2023-07-19,-0.007748656541631455,Equity,Max-Sharpe (tangency),1.3836543608719647
2023-07-20,-0.006817846236572188,Equity,Max-Sharpe (tangency),1.374220818194977
2023-07-21,-0.01111541549290947,Equity,Max-Sharpe (tangency),1.358945782821734
2023-07-24,0.005453536744360732,Equity,Max-Sharpe (tangency),1.3663568435819462
2023-07-25,0.016132701480181623,Equity,Max-Sharpe (tangency),1.3883998706548568
2023-07-26,-0.007540490234640167,Equity,Max-Sharpe (tangency),1.377930654988408
2023-07-27,0.016549491723059036,Equity,Max-Sharpe (tangency),1.400734706958088
2023-07-28,0.012404483579169463,Equity,Max-Sharpe (tangency),1.4181100976293224
2023-07-31,0.0020672736649071004,Equity,Max-Sharpe (tangency),1.4210417192880902
2023-08-01,-0.0032301483595004047,Equity,Max-Sharpe (tangency),1.41645154370975
2023-08-02,-0.02137316479910651,Equity,Max-Sharpe (tangency),1.3861774914360927
2023-08-03,0.004316716952419182,Equity,Max-Sharpe (tangency),1.3921612273124369
2023-08-04,-0.007528612282592486,Equity,Max-Sharpe (tangency),1.3816801851971434
2023-08-07,0.01514610148763098,Equity,Max-Sharpe (tangency),1.4026072535055882
2023-08-08,-0.007307411042574351,Equity,Max-Sharpe (tangency),1.3923578257729265
2023-08-09,-0.01586553446704373,Equity,Max-Sharpe (tangency),1.370267324697668
2023-08-10,-0.004097234963806736,Equity,Max-Sharpe (tangency),1.3646530175051548
2023-08-11,-0.011098156443682141,Equity,Max-Sharpe (tangency),1.3495078848255395
2023-08-14,0.03373124630437277,Equity,Max-Sharpe (tangency),1.395028467678283
2023-08-15,-0.002641653812603879,Equity,Max-Sharpe (tangency),1.3913432854079497
2023-08-16,-0.006414990510089442,Equity,Max-Sharpe (tangency),1.3824178314357811
2023-08-17,-0.00592817464038267,Equity,Max-Sharpe (tangency),1.3742226171050507
2023-08-18,0.0004955875272866989,Equity,Max-Sharpe (tangency),1.3749036646938033
2023-08-21,0.0309068542862188,Equity,Max-Sharpe (tangency),1.417397611916083
2023-08-22,-0.01471039087200026,Equity,Max-Sharpe (tangency),1.3965471390237576
2023-08-23,0.007461180795655191,Equity,Max-Sharpe (tangency),1.406967029717669
2023-08-24,-0.0034672509380479725,Equity,Max-Sharpe (tangency),1.4020887219640779
2023-08-25,-0.009062030297238519,Equity,Max-Sharpe (tangency),1.389382951486223
2023-08-28,0.011043264299381308,Equity,Max-Sharpe (tangency),1.40472627463254
2023-08-29,0.023511443220584766,Equity,Max-Sharpe (tangency),1.4377534166790265
2023-08-30,0.003827613479763896,Equity,Max-Sharpe (tangency),1.4432565810372837
2023-08-31,-0.00014024390151392944,Equity,Max-Sharpe (tangency),1.4430541731034734
2023-09-01,-0.003007345947940364,Equity,Max-Sharpe (tangency),1.4387144099833322
2023-09-05,-0.007894460834435575,Equity,Max-Sharpe (tangency),1.4273565354217808
2023-09-06,-0.015536163676063629,Equity,Max-Sharpe (tangency),1.405180890663369
2023-09-07,0.0016621230214662061,Equity,Max-Sharpe (tangency),1.4075164741710648
2023-09-08,-0.010535230658752188,Equity,Max-Sharpe (tangency),1.3926879634596792
2023-09-11,-0.005894229906898899,Equity,Max-Sharpe (tangency),1.384479140414477
2023-09-12,-0.0018555188461434793,Equity,Max-Sharpe (tangency),1.3819102132773455
2023-09-13,0.007268954540852384,Equity,Max-Sharpe (tangency),1.3919552557971981
2023-09-14,0.013342151127743526,Equity,Max-Sharpe (tangency),1.4105269331831014
2023-09-15,-0.03177412039613051,Equity,Max-Sharpe (tangency),1.365708680586157
2023-09-18,0.004279324997482851,Equity,Max-Sharpe (tangency),1.3715529918822686
2023-09-19,-8.935550962372793e-05,Equity,Max-Sharpe (tangency),1.371430436065703
2023-09-20,-0.014733235255361268,Equity,Max-Sharpe (tangency),1.3512248288147843
2023-09-21,-0.016791229398434384,Equity,Max-Sharpe (tangency),1.328536102745295
2023-09-22,0.005767450437041614,Equity,Max-Sharpe (tangency),1.336198368871699
2023-09-25,0.013590012335750114,Equity,Max-Sharpe (tangency),1.3543573211876747
2023-09-26,-0.00956505519990212,Equity,Max-Sharpe (tangency),1.341402818650123
2023-09-27,0.009008157605473674,Equity,Max-Sharpe (tangency),1.3534863866529498
2023-09-28,0.006691971121854838,Equity,Max-Sharpe (tangency),1.3625438784662551
2023-09-29,-0.006843999176852528,Equity,Max-Sharpe (tangency),1.3532186292836066
2023-10-02,0.006213129967540463,Equity,Max-Sharpe (tangency),1.3616263525018426
2023-10-03,-0.011541827917278593,Equity,Max-Sharpe (tangency),1.3459106954536346
2023-10-04,0.003819220697920001,Equity,Max-Sharpe (tangency),1.351051025439263
2023-10-05,0.003010223134965887,Equity,Max-Sharpe (tangency),1.3551179904925594
2023-10-06,0.011178152973446619,Equity,Max-Sharpe (tangency),1.370265706687355
2023-10-09,-0.0016486326904668577,Equity,Max-Sharpe (tangency),1.3680066418486845
2023-10-10,0.00397034843086241,Equity,Max-Sharpe (tangency),1.3734381048725577
2023-10-11,0.00634236954205852,Equity,Max-Sharpe (tangency),1.382148956876804
2023-10-12,-0.005841372270283081,Equity,Max-Sharpe (tangency),1.3740753102867032
2023-10-13,-0.012181148459031562,Equity,Max-Sharpe (tangency),1.357337494938211
2023-10-16,0.005884030598859452,Equity,Max-Sharpe (tangency),1.3653241102914067
2023-10-17,-0.012223490282103597,Equity,Max-Sharpe (tangency),1.348635084297338
2023-10-18,-0.019110973269677364,Equity,Max-Sharpe (tangency),1.3228613552507824
2023-10-19,-0.012184992646360795,Equity,Max-Sharpe (tangency),1.3067422993648967
2023-10-20,-0.008528717388420471,Equity,Max-Sharpe (tangency),1.2955974635941188
2023-10-23,0.008425541186035447,Equity,Max-Sharpe (tangency),1.306513573384154
2023-10-24,0.01757978967067262,Equity,Max-Sharpe (tangency),1.3294818072061263
2023-10-25,-0.022259817599731807,Equity,Max-Sharpe (tangency),1.299887784675556
2023-10-26,-0.009541429818458725,Equity,Max-Sharpe (tangency),1.2874849966062025
2023-10-27,-0.01669140586463586,Equity,Max-Sharpe (tangency),1.265995061983219
2023-10-30,0.015435099061242647,Equity,Max-Sharpe (tangency),1.285535821175974
2023-10-31,-0.0067974916443514135,Equity,Max-Sharpe (tangency),1.276797402173016
2023-11-01,0.018655533548157695,Equity,Max-Sharpe (tangency),1.3006167389434553
2023-11-02,0.018387687796708803,Equity,Max-Sharpe (tangency),1.3245320734823212
2023-11-03,0.010115991582698512,Equity,Max-Sharpe (tangency),1.3379310287886825
2023-11-06,0.006389657728625175,Equity,Max-Sharpe (tangency),1.3464799501271494
2023-11-07,0.0013751313634665643,Equity,Max-Sharpe (tangency),1.3483315369368483
2023-11-08,0.005638691003545569,Equity,Max-Sharpe (tangency),1.3559343618439708
2023-11-09,-0.00936236929568438,Equity,Max-Sharpe (tangency),1.3432396036076795
2023-11-10,0.016180685128876496,Equity,Max-Sharpe (tangency),1.3649741406862923
2023-11-13,0.0030681164788977223,Equity,Max-Sharpe (tangency),1.369162040340601
2023-11-14,0.010134628248028788,Equity,Max-Sharpe (tangency),1.3830379886307658
2023-11-15,-0.005772374168371295,Equity,Max-Sharpe (tangency),1.3750545758713173
2023-11-16,0.003147582258277436,Equity,Max-Sharpe (tangency),1.379382673258493
2023-11-17,0.00153950191410106,Equity,Max-Sharpe (tangency),1.3815062355242524
2023-11-20,0.010100869557167174,Equity,Max-Sharpe (tangency),1.395460649801696
2023-11-21,-0.002666332480079774,Equity,Max-Sharpe (tangency),1.3917398877464564
2023-11-22,-0.011497420121124197,Equity,Max-Sharpe (tangency),1.375738469557709
2023-11-24,-0.0078795829200421,Equity,Max-Sharpe (tangency),1.3648982242105372
2023-11-27,0.009561560902319084,Equity,Max-Sharpe (tangency),1.3779487817067935
2023-11-28,-0.006075671894425951,Equity,Max-Sharpe (tangency),1.369576817021819
2023-11-29,0.006544293275834664,Equity,Max-Sharpe (tangency),1.3785397293761938
2023-11-30,0.004746423330336211,Equity,Max-Sharpe (tangency),1.3850828625095004
2023-12-01,0.0032140395503863404,Equity,Max-Sharpe (tangency),1.3895345736101683
2023-12-04,-0.01308482141704118,Equity,Max-Sharpe (tangency),1.3713527618616748
2023-12-05,0.007959797530700438,Equity,Max-Sharpe (tangency),1.3822684521892605
2023-12-06,-0.009529807774474208,Equity,Max-Sharpe (tangency),1.3690956995471768
2023-12-07,0.014864909776752557,Equity,Max-Sharpe (tangency),1.3894471835966855
2023-12-08,0.009374919008519637,Equity,Max-Sharpe (tangency),1.4024731384095204
2023-12-11,0.0009636826415119317,Equity,Max-Sharpe (tangency),1.4038246774281926
2023-12-12,0.012508441736669927,Equity,Max-Sharpe (tangency),1.4213843366143026
2023-12-13,0.01012047576070213,Equity,Max-Sharpe (tangency),1.4357694223396493
2023-12-14,0.008947022142823965,Equity,Max-Sharpe (tangency),1.448615283153312
2023-12-15,0.005053589803672145,Equity,Max-Sharpe (tangency),1.455935990577699
2023-12-18,0.010104927101619367,Equity,Max-Sharpe (tangency),1.4706481176271107
2023-12-19,0.0014060657820141767,Equity,Max-Sharpe (tangency),1.4727159456226895
2023-12-20,-0.019386899240990386,Equity,Max-Sharpe (tangency),1.4441645499743025
2023-12-21,0.010613431966630317,Equity,Max-Sharpe (tangency),1.459492092174074
2023-12-22,0.006143404563125869,Equity,Max-Sharpe (tangency),1.4684583425529822
2023-12-26,0.0032199183579487167,Equity,Max-Sharpe (tangency),1.4731866585280515
2023-12-27,0.0012863155727351752,Equity,Max-Sharpe (tangency),1.4750816414684618
2023-12-28,-0.002222166391571257,Equity,Max-Sharpe (tangency),1.4718037646199669
2023-12-29,-0.0009222938567981752,Equity,Max-Sharpe (tangency),1.4704463290494454
2021-01-04,-0.011905563447204474,Equity,Risk parity,0.9880944365527955
2021-01-05,0.00895497628469575,Equity,Risk parity,0.9969427987991655
2021-01-06,0.010789688361132213,Equity,Risk parity,1.0076995009120835
2021-01-07,0.008823657839077681,Equity,Risk parity,1.0165910965127412
2021-01-08,0.002573646061013533,Equity,Risk parity,1.0192074421839425
2021-01-11,-0.0008173985450929827,Equity,Risk parity,1.0183743435035535
2021-01-12,0.00031537085837796765,Equity,Risk parity,1.0186955090944143
2021-01-13,-9.037784093414805e-05,Equity,Risk parity,1.018603441593733
2021-01-14,0.002648336235806908,Equity,Risk parity,1.0213010459980234
2021-01-15,-0.008569252243910674,Equity,Risk parity,1.0125492597178964
2021-01-19,0.007417142906730327,Equity,Risk parity,1.020059482277328
2021-01-20,0.00965886514493162,Equity,Risk parity,1.0299120992564534
2021-01-21,-0.006818960629332354,Equity,Risk parity,1.0228891691999507
2021-01-22,-0.0027989420427588624,Equity,Risk parity,1.0200261616991941
2021-01-25,0.003003036902374842,Equity,Risk parity,1.0230893379041646
2021-01-26,-0.004169887185161555,Equity,Risk parity,1.0188231707847626
2021-01-27,-0.02528381941940633,Equity,Risk parity,0.9930634297143336
2021-01-28,0.009126054076605796,Equity,Risk parity,1.0021261802754062
2021-01-29,-0.012463328610558143,Equity,Risk parity,0.9896363523813905
2021-02-01,0.007714088426218658,Equity,Risk parity,0.997270494713461
2021-02-02,0.015482189445689213,Equity,Risk parity,1.012710425441211
2021-02-03,-0.0017378669165084523,Equity,Risk parity,1.0109504694968334
2021-02-04,0.007404730633178888,Equity,Risk parity,1.018436285406943
2021-02-05,0.007788337914632865,Equity,Risk parity,1.026368211342216
2021-02-08,0.010237294090649628,Equity,Risk parity,1.0368754445670203
2021-02-09,-0.0028797144320815747,Equity,Risk parity,1.0338895393850296
2021-02-10,0.00028118376147080195,Equity,Risk parity,1.0341802523346593
2021-02-11,-0.0013242769275097507,Equity,Risk parity,1.0328107112876062
2021-02-12,0.003979830872944011,Equity,Risk parity,1.0369211232422957
2021-02-16,-0.002275682647738063,Equity,Risk parity,1.0345614198350601
2021-02-17,0.002618856471906485,Equity,Risk parity,1.03727078770498
2021-02-18,-0.004975357314886542,Equity,Risk parity,1.032109994903854
2021-02-19,-0.001385766153989108,Equity,Risk parity,1.0306797318057224
2021-02-22,0.0009695995006030548,Equity,Risk parity,1.0316790783589629
2021-02-23,-0.00039421304337792183,Equity,Risk parity,1.0312723770096937
2021-02-24,0.010856068222597057,Equity,Risk parity,1.0424679402905908
2021-02-25,-0.016765286288607788,Equity,Risk parity,1.0249906668249238
2021-02-26,-0.013675839003003112,Equity,Risk parity,1.0109730594858455
2021-03-01,0.01802086915460838,Equity,Risk parity,1.0291916727096742
2021-03-02,-0.001577382114001461,Equity,Risk parity,1.0275682441732625
2021-03-03,-0.009490466659845377,Equity,Risk parity,1.0178161420112202
2021-03-04,-0.007924513140901113,Equity,Risk parity,1.009750444618831
2021-03-05,0.017278155157770383,Equity,Risk parity,1.0271970694715826
2021-03-08,0.0010589607035965676,Equity,Risk parity,1.0282848308030026
2021-03-09,0.007269224992917992,Equity,Risk parity,1.0357596645949143
2021-03-10,0.008570664277747036,Equity,Risk parity,1.0446368129525891
2021-03-11,0.004139473615392624,Equity,Risk parity,1.048961059477474
2021-03-12,0.006446431217615477,Equity,Risk parity,1.0557231147973527
2021-03-15,0.0075361251915854735,Equity,Risk parity,1.0636791763581162
2021-03-16,0.002000971193629659,Equity,Risk parity,1.0658075677492727
2021-03-17,0.0002765215180397896,Equity,Risk parity,1.066102286475845
2021-03-18,-0.011427014800909803,Equity,Risk parity,1.0539199198690017
2021-03-19,-0.004221966757669448,Equity,Risk parity,1.0494703050020693
2021-03-22,0.006588441963641635,Equity,Risk parity,1.0563846791991407
2021-03-23,-0.00595655121256356,Equity,Risk parity,1.0500922697573234
2021-03-24,-0.004263158306384085,Equity,Risk parity,1.0456155601750377
2021-03-25,0.00608410163054375,Equity,Risk parity,1.0519771915096205
2021-03-26,0.019352166910737965,Equity,Risk parity,1.072335229706004
2021-03-29,0.0034934501325829355,Equity,Risk parity,1.076081379356394
2021-03-30,-0.005233035013049106,Equity,Risk parity,1.0704502078213318
2021-03-31,-0.0005807838734807798,Equity,Risk parity,1.069828507603265
2021-04-01,0.011663785905942931,Equity,Risk parity,1.082306758272024
2021-04-05,0.007214478216174894,Equity,Risk parity,1.0901150368027965
2021-04-06,0.0004926842443084259,Equity,Risk parity,1.090652119305913
2021-04-07,-0.001437528433309921,Equity,Risk parity,1.089084275873561
2021-04-08,-0.0012398621481298762,Equity,Risk parity,1.087733961503782
2021-04-09,0.0026167739917291504,Equity,Risk parity,1.0905803154441656
2021-04-12,-0.0001674123617826527,Equity,Risk parity,1.0903977388178434
2021-04-13,0.0027793909522169044,Equity,Risk parity,1.0934283804274314
2021-04-14,0.0006918999967508357,Equity,Risk parity,1.0941849235202965
2021-04-15,0.011205438352284722,Equity,Risk parity,1.1064457452268026
2021-04-16,0.003575690635342137,Equity,Risk parity,1.1104020529165242
2021-04-19,-0.003927450541813999,Equity,Risk parity,1.1060410037721657
2021-04-20,-0.004465675853963845,Equity,Risk parity,1.1011017831681265
2021-04-21,0.008638517937459591,Equity,Risk parity,1.110613670672993
2021-04-22,-0.008328997604238424,Equity,Risk parity,1.1013633720707232
2021-04-23,0.007192495014402451,Equity,Risk parity,1.1092849226333874
2021-04-26,-0.0006890982596578075,Equity,Risk parity,1.1085205163237362
2021-04-27,9.38194426488049e-05,Equity,Risk parity,1.1086245171007423
2021-04-28,-0.0008086947169316835,Equity,Risk parity,1.107727978310702
2021-04-29,0.007754718557580821,Equity,Risk parity,1.1163180970208595
2021-04-30,-0.005115141515529672,Equity,Risk parity,1.110607971978251
2021-05-03,0.007507815135244178,Equity,Risk parity,1.118946211319592
2021-05-04,-0.0031522038294758406,Equity,Risk parity,1.115419064787293
2021-05-05,0.005118189523377942,Equity,Risk parity,1.1211279909588632
2021-05-06,0.008457289515685697,Equity,Risk parity,1.1306096949625415
2021-05-07,0.008339777454173712,Equity,Risk parity,1.1400387282060604
2021-05-10,-0.0025198594214080544,Equity,Risk parity,1.1371659908760203
2021-05-11,-0.007634340051610334,Equity,Risk parity,1.1284844790065465
2021-05-12,-0.015731992470054183,Equity,Risk parity,1.1107311696802424
2021-05-13,0.009919135040631237,Equity,Risk parity,1.121748662146139
2021-05-14,0.01173539883797615,Equity,Risk parity,1.1349128300923903
2021-05-17,0.00300987905623874,Equity,Risk parity,1.138328780450342
2021-05-18,-0.00725246509596566,Equity,Risk parity,1.1300730907023926
2021-05-19,-0.003963450447411688,Equity,Risk parity,1.1255941020054403
2021-05-20,0.009042070718224314,Equity,Risk parity,1.1357718034757898
2021-05-21,0.0006666477244934191,Equity,Risk parity,1.1365289631641207
2021-05-24,0.004924300705846103,Equity,Risk parity,1.1421255735396443
2021-05-25,-0.005545600921445123,Equity,Risk parity,1.1357918009066168
2021-05-26,0.003093088396898863,Equity,Risk parity,1.139304905347294
2021-05-27,0.000817158940804215,Equity,Risk parity,1.1402358985370005
2021-05-28,0.0029644972775274654,Equity,Risk parity,1.1436161247539527
2021-06-01,0.0022013830203483865,Equity,Risk parity,1.1461336618727826
2021-06-02,0.002449314343196577,Equity,Risk parity,1.148940903490028
2021-06-03,0.001484152201336629,Equity,Risk parity,1.1506461066611484
2021-06-04,0.007087498511406564,Equity,Risk parity,1.1588013092292653
2021-06-07,-0.0017004177006086259,Equity,Risk parity,1.1568308629715633
2021-06-08,-0.003399523113359034,Equity,Risk parity,1.1528981897146444
2021-06-09,-0.0010988031286272807,Equity,Risk parity,1.1516313815767971
2021-06-10,0.005144387340277969,Equity,Risk parity,1.1575558194768476
2021-06-11,-0.000510299370915876,Equity,Risk parity,1.1569651194703685
2021-06-14,-0.0006842893954113563,Equity,Risk parity,1.1561734205082541
2021-06-15,-0.003080293476426142,Equity,Risk parity,1.1526120670634452
2021-06-16,-0.008850124097294954,Equity,Risk parity,1.1424113072338942
2021-06-17,-0.0065905371683395286,Equity,Risk parity,1.1348822030520378
2021-06-18,-0.013706304653115921,Equity,Risk parity,1.1193271618316072
2021-06-21,0.014761649428306618,Equity,Risk parity,1.1358502769901468
2021-06-22,0.0010063677130748854,Equity,Risk parity,1.1369933600357969
2021-06-23,-0.004551895192898522,Equity,Risk parity,1.1318178854258925
2021-06-24,0.006994496171416256,Equity,Risk parity,1.1397343812922445
2021-06-25,0.007688812772526181,Equity,Risk parity,1.1484975855604114
2021-06-28,0.0003164843687731419,Equity,Risk parity,1.1488610670938149
2021-06-29,-0.0002545685989720737,Equity,Risk parity,1.1485686031415512
2021-06-30,0.004114561824427803,Equity,Risk parity,1.1532944596687738
2021-07-01,0.005241514495776795,Equity,Risk parity,1.1593394692970267
2021-07-02,0.004389035782400889,Equity,Risk parity,1.1644278517117208
2021-07-06,-0.006372375099995749,Equity,Risk parity,1.1570076806637315
2021-07-07,0.001199863110398529,Equity,Risk parity,1.1583959314982075
2021-07-08,-0.006949935581915537,Equity,Risk parity,1.150345154395942
2021-07-09,0.010219457198386496,Equity,Risk parity,1.1621010574646626
2021-07-12,0.003556254388531345,Equity,Risk parity,1.1662337844501882
2021-07-13,-0.0033144665465962174,Equity,Risk parity,1.162368341586118
2021-07-14,0.0004726070556426722,Equity,Risk parity,1.162917685065607
2021-07-15,-0.00026053740131692547,Equity,Risk parity,1.1626147015139947
2021-07-16,-0.006581188386399635,Equity,Risk parity,1.1549633151425334
2021-07-19,-0.015005056010783491,Equity,Risk parity,1.1376330259084195
2021-07-20,0.008842883553064087,Equity,Risk parity,1.1476929822826476
2021-07-21,0.0060355310893271345,Equity,Risk parity,1.1546199189582171
2021-07-22,-0.000429705246678217,Equity,Risk parity,1.1541237727211218
2021-07-23,0.006512015707594384,Equity,Risk parity,1.1616394448575897
2021-07-26,0.003536591815719906,Equity,Risk parity,1.1657476894110905
2021-07-27,-0.0015897203003339396,Equity,Risk parity,1.1638944766441663
2021-07-28,0.0017711726234435545,Equity,Risk parity,1.1659559346777757
2021-07-29,0.004979415345843705,Equity,Risk parity,1.171761713551488
2021-07-30,-0.004237164389445538,Equity,Risk parity,1.1667967665459118
2021-08-02,-0.002281406555725406,Equity,Risk parity,1.1641348287535147
2021-08-03,0.004759547960035928,Equity,Risk parity,1.1696755843029154
2021-08-04,-0.007781753567145529,Equity,Risk parity,1.1605734571523632
2021-08-05,0.0037168410807629265,Equity,Risk parity,1.16488712425515
2021-08-06,0.001344042895518894,Equity,Risk parity,1.1664527825185866
2021-08-09,-0.002046026383563072,Equity,Risk parity,1.164066189350373
2021-08-10,0.0050534874780888165,Equity,Risk parity,1.1699487832619215
2021-08-11,0.007952083234067969,Equity,Risk parity,1.1792523133660169
2021-08-12,0.0022143305110445344,Equity,Risk parity,1.181863567743723
2021-08-13,0.002325837308342176,Equity,Risk parity,1.1846123901229517
2021-08-16,0.0009362050268983151,Equity,Risk parity,1.185721430197511
2021-08-17,-0.002896988963622,Equity,Risk parity,1.1822864083002986
2021-08-18,-0.01262612208346398,Equity,Risk parity,1.1673587157714789
2021-08-19,-0.0023230727713643025,Equity,Risk parity,1.1646468565244552
2021-08-20,0.00522253426811096,Equity,Risk parity,1.170729264642902
2021-08-23,0.007396775515350883,Equity,Risk parity,1.179388886202717
2021-08-24,1.2443762870298185e-06,Equity,Risk parity,1.1793903538062804
2021-08-25,-0.0011699248100248976,Equity,Risk parity,1.1780105557706584
2021-08-26,-0.006264927876854434,Equity,Risk parity,1.170630404600582
2021-08-27,0.008803368933259871,Equity,Risk parity,1.1809358959367722
2021-08-30,0.0006348389876339325,Equity,Risk parity,1.1816856000854092
2021-08-31,0.000788813407509443,Equity,Risk parity,1.1826177295302174
2021-09-01,-0.0013515354129083716,Equity,Risk parity,1.181019379788824
2021-09-02,0.0058096599936350276,Equity,Risk parity,1.1878807008312908
2021-09-03,-0.0023218979711483183,Equity,Risk parity,1.1851225630420643
2021-09-07,-0.011136804439168667,Equity,Risk parity,1.1719240848210186
2021-09-08,-0.00020627992415294988,Equity,Risk parity,1.1716823404096888
2021-09-09,-0.007943088795544178,Equity,Risk parity,1.1623755635396436
2021-09-10,-0.0036275573009991783,Equity,Risk parity,1.1581589795776224
2021-09-13,0.0030986248182678445,Equity,Risk parity,1.1617476797352413
2021-09-14,-0.008414994882743778,Equity,Risk parity,1.1519715789552298
2021-09-15,0.006255433867787706,Equity,Risk parity,1.1591776609849551
2021-09-16,-0.005216603067497524,Equity,Risk parity,1.1531306912428865
2021-09-17,-0.010619847271681323,Equity,Risk parity,1.1408846194175988
2021-09-20,-0.015488623260681,Equity,Risk parity,1.1232138873635342
2021-09-21,-0.0021037510050168117,Equity,Risk parity,1.1208509250191443
2021-09-22,0.0058080510851141595,Equity,Risk parity,1.127360884450453
2021-09-23,0.008926377680015161,Equity,Risk parity,1.1374241334867339
2021-09-24,-0.002471442007761301,Equity,Risk parity,1.1346130557025933
2021-09-27,0.0006699660099362262,Equity,Risk parity,1.135373207884344
2021-09-28,-0.009729983577554054,Equity,Risk parity,1.1243260452172343
2021-09-29,0.004900327378416369,Equity,Risk parity,1.1298356109188787
2021-09-30,-0.008672010103231095,Equity,Risk parity,1.120037665086
2021-10-01,0.010279208417915443,Equity,Risk parity,1.1315507656813344
2021-10-04,-0.0025109281212728294,Equity,Risk parity,1.1287095230431372
2021-10-05,0.004475880211246075,Equity,Risk parity,1.133761491661571
2021-10-06,0.0014600914946915817,Equity,Risk parity,1.135416887172555
2021-10-07,0.008046840934481912,Equity,Risk parity,1.144553406257957
2021-10-08,-0.0016589575995545097,Equity,Risk parity,1.1426546406865494
2021-10-11,-0.008901187712059982,Equity,Risk parity,1.132483657239742
2021-10-12,-0.0005741065646660046,Equity,Risk parity,1.1318334909377437
2021-10-13,0.00395286000791612,Equity,Risk parity,1.1363074702796916
2021-10-14,0.012743496151515741,Equity,Risk parity,1.1507880001541395
2021-10-15,0.0032117322828503613,Equity,Risk parity,1.1544840231249514
2021-10-18,-0.0011907531662877957,Equity,Risk parity,1.1531093176189866
2021-10-19,0.010200316346406304,Equity,Risk parity,1.164871397440689
2021-10-20,0.009161765911289317,Equity,Risk parity,1.175543676500797
2021-10-21,0.0025609891095522857,Equity,Risk parity,1.1785542310541186
2021-10-22,0.001589158078423798,Equity,Risk parity,1.1804271400312587
2021-10-25,0.005497284770169204,Equity,Risk parity,1.186916284170447
2021-10-26,0.004862860927381446,Equity,Risk parity,1.1926880929928123
2021-10-27,-0.014017522386190265,Equity,Risk parity,1.175969560949543
2021-10-28,0.007447440116360143,Equity,Risk parity,1.1847275238333772
2021-10-29,-0.0025129111623488727,Equity,Risk parity,1.1817504088143944
2021-11-01,0.00625611272776143,Equity,Risk parity,1.1891435725880153
2021-11-02,0.004674196616803935,Equity,Risk parity,1.1947018634519004
2021-11-03,0.005539058765788177,Equity,Risk parity,1.2013193872811572
2021-11-04,0.004766357400887664,Equity,Risk parity,1.2070453048335545
2021-11-05,0.0015137796647451377,Equity,Risk parity,1.2088725054704377
2021-11-08,0.0019991710754589083,Equity,Risk parity,1.211289248417292
2021-11-09,0.0002577978189717071,Equity,Risk parity,1.2116015161436777
2021-11-10,-0.004665711242617856,Equity,Risk parity,1.2059485333282334
2021-11-11,0.0013921819893853975,Equity,Risk parity,1.2076274331564587
2021-11-12,0.0021318068453320834,Equity,Risk parity,1.2102018615850723
2021-11-15,-0.0023402427055431896,Equity,Risk parity,1.207369695506263
2021-11-16,-0.0003377618972488332,Equity,Risk parity,1.206961892027228
2021-11-17,-0.005107436488633883,Equity,Risk parity,1.2007974108194976
2021-11-18,-0.001605316640923137,Equity,Risk parity,1.1988697507535317
2021-11-19,-0.006426486289073066,Equity,Risk parity,1.1911652307379297
2021-11-22,-0.0002797662921045882,Equity,Risk parity,1.1908319828580423
2021-11-23,0.006173197039706762,Equity,Risk parity,1.1981832233294096
2021-11-24,0.000994419657567016,Equity,Risk parity,1.1993747202800555
2021-11-26,-0.01830417067644797,Equity,Risk parity,1.1774211606950324
2021-11-29,0.006572163377945627,Equity,Risk parity,1.1851593649277705
2021-11-30,-0.02206288622786119,Equity,Risk parity,1.1590113286974848
2021-12-01,-0.012664212998889859,Equity,Risk parity,1.1443333623627334
2021-12-02,0.018716545702005424,Equity,Risk parity,1.165751330037725
2021-12-03,0.0019340712663766467,Equity,Risk parity,1.1680059761888912
2021-12-06,0.012832036315903884,Equity,Risk parity,1.1829938712925399
2021-12-07,0.011927749405888617,Equity,Risk parity,1.1971043257380194
2021-12-08,2.9278722719979118e-05,Equity,Risk parity,1.1971393754236397
2021-12-09,-0.005528020274059976,Equity,Risk parity,1.1905215646854224
2021-12-10,0.005675770344089979,Equity,Risk parity,1.1972786916762634
2021-12-13,-0.0017407939168401672,Equity,Risk parity,1.195194476213031
2021-12-14,-0.0017260850169900348,Equity,Risk parity,1.1931314689352506
2021-12-15,0.008836978286517715,Equity,Risk parity,1.2036751458191923
2021-12-16,0.007176345853341322,Equity,Risk parity,1.212313134960662
2021-12-17,-0.011045145281639626,Equity,Risk parity,1.1989229602581815
2021-12-20,-0.005513785012929172,Equity,Risk parity,1.1923123568082532
2021-12-21,0.010200049375179994,Equity,Risk parity,1.2044740017183346
2021-12-22,0.005612816851299256,Equity,Risk parity,1.211234493692131
2021-12-23,0.0046000017524194525,Equity,Risk parity,1.2168061744857057
2021-12-27,0.011529825570668527,Equity,Risk parity,1.2308357374308385
2021-12-28,0.0022594133456673503,Equity,Risk parity,1.233616704122314
2021-12-29,0.0014269676365847729,Equity,Risk parity,1.235377035235047
2021-12-30,-0.000467335913294248,Equity,Risk parity,1.2347996991800227
2021-12-31,-0.0012636091696682434,Equity,Risk parity,1.2332393949574352
2022-01-03,0.004606957535636124,Equity,Risk parity,1.2389208764812778
2022-01-04,0.005146283596316535,Equity,Risk parity,1.2452967146650475
2022-01-05,-0.008650833829515267,Equity,Risk parity,1.234523859718039
2022-01-06,-0.001939799624490556,Equity,Risk parity,1.2321291307985334
2022-01-07,0.0015437156730393298,Equity,Risk parity,1.2340311878489554
2022-01-10,-0.006582209179028386,Equity,Risk parity,1.2259085364370887
2022-01-11,0.008347015754788824,Equity,Risk parity,1.2361412143046593
2022-01-12,0.0031294595965559767,Equity,Risk parity,1.2400096682904636
2022-01-13,-0.004470270717408803,Equity,Risk parity,1.234466489381001
2022-01-14,0.0008302726527351068,Equity,Risk parity,1.235491433147852
2022-01-18,-0.009214001694164316,Equity,Risk parity,1.2241076129897022
2022-01-19,-0.0037269460156129147,Equity,Risk parity,1.2195454299987887
2022-01-20,-0.011217905886827405,Equity,Risk parity,1.2058646841403518
2022-01-21,-0.010681678937699508,Equity,Risk parity,1.192984024742054
2022-01-24,0.0009934195416316381,Equity,Risk parity,1.194169158385087
2022-01-25,-0.004522711352014728,Equity,Risk parity,1.188768275976233
2022-01-26,-0.010237830913746162,Equity,Risk parity,1.1765978673711628
2022-01-27,-0.0025262745820035268,Equity,Risk parity,1.1736254580855836
2022-01-28,0.01584311190428457,Equity,Risk parity,1.1922193375517507
2022-01-31,0.012102856453774437,Equity,Risk parity,1.2066485970555536
2022-02-01,0.007924128036207624,Equity,Risk parity,1.2162102350333321
2022-02-02,0.010102682012394407,Equity,Risk parity,1.2284972202980933
2022-02-03,-0.008522629226058146,Equity,Risk parity,1.2180271939842495
2022-02-04,-0.0021269543774851745,Equity,Risk parity,1.2154365057121086
2022-02-07,0.0018565274269518174,Equity,Risk parity,1.2176929969206816
2022-02-08,0.003950466674451355,Equity,Risk parity,1.2225034525247296
2022-02-09,0.010547878544787321,Equity,Risk parity,1.2353982704625435
2022-02-10,-0.01766460116753266,Equity,Risk parity,1.213575452731763
2022-02-11,-0.009270142635072424,Equity,Risk parity,1.202325435186517
2022-02-14,-0.005791083894563863,Equity,Risk parity,1.1953626677227838
2022-02-15,0.009053886652117555,Equity,Risk parity,1.2061853458245186
2022-02-16,-0.0006560338723268154,Equity,Risk parity,1.2053940473813536
2022-02-17,-0.01255040346189065,Equity,Risk parity,1.1902658657561562
2022-02-18,-0.007510833678361056,Equity,Risk parity,1.1813259768054314
2022-02-22,-0.005949364666287805,Equity,Risk parity,1.1742978377796571
2022-02-23,-0.009943728723538476,Equity,Risk parity,1.1626209386401385
2022-02-24,0.0053023993821770775,Equity,Risk parity,1.16878561918689
2022-02-25,0.024796292020893847,Equity,Risk parity,1.1977671687100695
2022-02-28,-0.004384243509589659,Equity,Risk parity,1.1925158657746529
2022-03-01,-0.010578978650633668,Equity,Risk parity,1.179900265890081
2022-03-02,0.017700989743744896,Equity,Risk parity,1.2007856683952431
2022-03-03,0.0015418551435909039,Equity,Risk parity,1.2026371059544085
2022-03-04,0.0034593295425317,Equity,Risk parity,1.2067974240239816
2022-03-07,-0.013930488616451015,Equity,Risk parity,1.189986146246253
2022-03-08,-0.007464342993701022,Equity,Risk parity,1.1811036814929186
2022-03-09,0.011491560267751527,Equity,Risk parity,1.1946764056312575
2022-03-10,-0.00042831407447293515,Equity,Risk parity,1.1941647089122849
2022-03-11,-0.007828027170267746,Equity,Risk parity,1.1848167551251447
2022-03-14,-0.009089546690344681,Equity,Risk parity,1.174047307909932
2022-03-15,0.009436496283220332,Equity,Risk parity,1.1851262009673489
2022-03-16,0.01281167363363543,Equity,Risk parity,1.2003096510688127
2022-03-17,0.013395682862555117,Equity,Risk parity,1.2163886184913948
2022-03-18,0.004203413884591131,Equity,Risk parity,1.2215016032994201
2022-03-21,0.0032269527566970964,Equity,Risk parity,1.225443331265497
2022-03-22,0.004815551649668109,Equity,Risk parity,1.2313445169209476
2022-03-23,-0.008802569183435105,Equity,Risk parity,1.2205055216221075
2022-03-24,0.009588731440426055,Equity,Risk parity,1.232208621290499
2022-03-25,0.008814945854086868,Equity,Risk parity,1.243070473568114
2022-03-28,0.002593357313388252,Equity,Risk parity,1.2462941994717989
2022-03-29,0.012194285078845776,Equity,Risk parity,1.2614918662322698
2022-03-30,-0.0025727998893662106,Equity,Risk parity,1.258246300098391
2022-03-31,-0.012780584599424064,Equity,Risk parity,1.242165176813071
2022-04-01,0.00709699156952793,Equity,Risk parity,1.2509808126008748
2022-04-04,0.0022892291915127404,Equity,Risk parity,1.2538445943951029
2022-04-05,-0.008838672155587514,Equity,Risk parity,1.242762273091189
2022-04-06,0.0017211945886111838,Equity,Risk parity,1.2449013087905634
2022-04-07,0.0018167221250928532,Equity,Risk parity,1.2471629485418003
2022-04-08,0.0031392598416892627,Equity,Risk parity,1.2510781171022003
2022-04-11,-0.01100020135757459,Equity,Risk parity,1.2373160059000208
2022-04-12,-0.0012466984002759021,Equity,Risk parity,1.2357734460148295
2022-04-13,0.008061322484137996,Equity,Risk parity,1.2457354142804895
2022-04-14,-0.0014114226657370096,Equity,Risk parity,1.2439771550812628
2022-04-18,-0.001340252991255828,Equity,Risk parity,1.2423099109781113
2022-04-19,0.011402511409940624,Equity,Risk parity,1.2564753639127213
2022-04-20,0.00226242656514125,Equity,Risk parity,1.259318047154483
2022-04-21,-0.01082720205677499,Equity,Risk parity,1.2456831562041981
2022-04-22,-0.02172595950705072,Equity,Risk parity,1.2186194943938906
2022-04-25,-0.0021460066015328407,Equity,Risk parity,1.2160043289141647
2022-04-26,-0.019066844415142975,Equity,Risk parity,1.192818963566618
2022-04-27,0.00044088942517031614,Equity,Risk parity,1.1933448648337972
2022-04-28,0.015645221548421934,Equity,Risk parity,1.2120150096277935
2022-04-29,-0.03423417123602984,Equity,Risk parity,1.1705226802475572
2022-05-02,0.0026687426086477303,Equity,Risk parity,1.1736465039987225
2022-05-03,0.005034720569475805,Equity,Risk parity,1.1795554861936983
2022-05-04,0.028578580541449718,Equity,Risk parity,1.213265507658994
2022-05-05,-0.023537525490714233,Equity,Risk parity,1.184708239845466
2022-05-06,-0.00502992505322868,Equity,Risk parity,1.178749246189101
2022-05-09,-0.030410935453690918,Equity,Risk parity,1.1429023789471573
2022-05-10,-0.005156197889502433,Equity,Risk parity,1.1370093481129226
2022-05-11,-0.0017892687516339735,Equity,Risk parity,1.1349749328160286
2022-05-12,0.0034186732502776993,Equity,Risk parity,1.1388550412585825
2022-05-13,0.018607611510333244,Equity,Risk parity,1.1600464134329067
2022-05-16,0.0023534386594586043,Equity,Risk parity,1.162776511509046
2022-05-17,0.015453677107022137,Equity,Risk parity,1.1807456842655364
2022-05-18,-0.025698101513983586,Equity,Risk parity,1.1504027618090826
2022-05-19,-0.002013845503090035,Equity,Risk parity,1.148086028380471
2022-05-20,0.0020843621005317173,Equity,Risk parity,1.1504790553861772
2022-05-23,0.017632006477305357,Equity,Risk parity,1.1707643095427505
2022-05-24,0.003517499855506524,Equity,Risk parity,1.1748824728323992
2022-05-25,0.007299073283357467,Equity,Risk parity,1.1834580261009353
2022-05-26,0.011538098655877939,Equity,Risk parity,1.1971128815611785
2022-05-27,0.017202157520171672,Equity,Risk parity,1.2177058059192205
2022-05-31,-0.00744136779277375,Equity,Risk parity,1.2086444091539796
2022-06-01,-0.005627479125636408,Equity,Risk parity,1.2018427879711484
2022-06-02,0.013311226358917218,Equity,Risk parity,1.2178407893696646
2022-06-03,-0.008265729819228015,Equity,Risk parity,1.2077744464418996
2022-06-06,-0.0010652528327839248,Equity,Risk parity,1.2064878612914633
2022-06-07,0.009429025921449292,Equity,Risk parity,1.2178638666094945
2022-06-08,-0.012688285806352857,Equity,Risk parity,1.2024112617967233
2022-06-09,-0.022417584299738808,Equity,Risk parity,1.17545610597244
2022-06-10,-0.021711462000031878,Equity,Risk parity,1.149935235394914
2022-06-13,-0.03764290763348249,Equity,Risk parity,1.1066483295444562
2022-06-14,-0.008380385121249306,Equity,Risk parity,1.0973741903490866
2022-06-15,0.010152620619030559,Equity,Risk parity,1.1085154141808167
2022-06-16,-0.023768282495748562,Equity,Risk parity,1.0821679066656753
2022-06-17,-0.0029781208933923617,Equity,Risk parity,1.0789450798126756
2022-06-21,0.021499857158651818,Equity,Risk parity,1.1021422449106784
2022-06-22,-0.0004006251565432862,Equity,Risk parity,1.101700699001278
2022-06-23,0.006106797980968342,Equity,Risk parity,1.1084285626055705
2022-06-24,0.024862402693803062,Equity,Risk parity,1.1359867598863835
2022-06-27,-0.0039564082061454755,Equity,Risk parity,1.1314923325474964
2022-06-28,-0.01156837126354913,Equity,Risk parity,1.1184028091627276
2022-06-29,-0.002677906434212906,Equity,Risk parity,1.115407831084029
2022-06-30,-0.0070474823907714255,Equity,Risk parity,1.1075470140359356
2022-07-01,0.011871361742479512,Equity,Risk parity,1.1206951052863592
2022-07-05,-0.005179355796633643,Equity,Risk parity,1.1148906265965353
2022-07-06,0.00035481728703565425,Equity,Risk parity,1.1152862090640057
2022-07-07,0.010641587487243927,Equity,Risk parity,1.1271546248310769
2022-07-08,-0.0030542940258228954,Equity,Risk parity,1.1237119631942767
2022-07-11,-0.006120218694163284,Equity,Risk parity,1.1168346002302802
2022-07-12,-0.004579372463808084,Equity,Risk parity,1.1117201986153575
2022-07-13,-0.003202327844559273,Equity,Risk parity,1.1081601060679727
2022-07-14,-0.0038369651918920764,Equity,Risk parity,1.1039081343139465
2022-07-15,0.01652174754569341,Equity,Risk parity,1.1221466258227188
2022-07-18,-0.006044941792675481,Equity,Risk parity,1.1153633147867734
2022-07-19,0.024083761053697212,Equity,Risk parity,1.1422254583481577
2022-07-20,0.0006312585889792135,Equity,Risk parity,1.1429464979792907
2022-07-21,0.005450721390545489,Equity,Risk parity,1.1491763809040754
2022-07-22,-0.004453163944039591,Equity,Risk parity,1.1440589100792915
2022-07-25,0.0008812048877178094,Equity,Risk parity,1.1450670603826905
2022-07-26,-0.004469669340262164,Equity,Risk parity,1.1399489892503538
2022-07-27,0.009836602128750944,Equity,Risk parity,1.1511622139046815
2022-07-28,0.010203230593119863,Equity,Risk parity,1.1629077874232374
2022-07-29,0.007359799643998854,Equity,Risk parity,1.1714665557431185
2022-08-01,-0.0024531975911172587,Equity,Risk parity,1.168592716810495
2022-08-02,-0.009121734108136943,Equity,Risk parity,1.1579331247670444
2022-08-03,0.007904585409126889,Equity,Risk parity,1.1670861060498225
2022-08-04,-0.0010597335082858797,Equity,Risk parity,1.1658493057961865
2022-08-05,-0.00010056489529389895,Equity,Risk parity,1.1657320622828207
2022-08-08,0.00035957265519875143,Equity,Risk parity,1.166151227655706
2022-08-09,-0.0005494165650593856,Equity,Risk parity,1.1655105248538677
2022-08-10,0.015279011572715374,Equity,Risk parity,1.1833183736512314
2022-08-11,0.003155880526226622,Equity,Risk parity,1.1870527850629635
2022-08-12,0.015141794398231146,Equity,Risk parity,1.2050268942742344
2022-08-15,0.005917991069748649,Equity,Risk parity,1.2121582326733562
2022-08-16,0.004693266964137766,Equity,Risk parity,1.2178472148620696
2022-08-17,-0.008170027119801417,Equity,Risk parity,1.2078973700888718
2022-08-18,0.0016721211897486668,Equity,Risk parity,1.209917120876439
2022-08-19,-0.00854754105405186,Equity,Risk parity,1.1995753046137474
2022-08-22,-0.018062627612915376,Equity,Risk parity,1.1779078225928599
2022-08-23,-0.0006627362832923979,Equity,Risk parity,1.1771271803404537
2022-08-24,0.0016262697069594225,Equity,Risk parity,1.17904150661508
2022-08-25,0.012362017316376605,Equity,Risk parity,1.1936168381365821
2022-08-26,-0.026098687316356194,Equity,Risk parity,1.1624650055025176
2022-08-29,-0.0042918959950581795,Equity,Risk parity,1.1574758266010061
2022-08-30,-0.012126122583091897,Equity,Risk parity,1.1434401328406767
2022-08-31,-0.006387212595200758,Equity,Risk parity,1.1361367376223386
2022-09-01,0.002788532528277682,Equity,Risk parity,1.1393048918717699
2022-09-02,-0.010466947602702878,Equity,Risk parity,1.127379847265045
2022-09-06,-0.003055066676386535,Equity,Risk parity,1.1239356266620357
2022-09-07,0.016954059374587292,Equity,Risk parity,1.142990898009678
2022-09-08,0.004792085172590077,Equity,Risk parity,1.1484682077444355
2022-09-09,0.013534471895849998,Equity,Risk parity,1.1640121184254297
2022-09-12,0.008861722968294194,Equity,Risk parity,1.174327271350653
2022-09-13,-0.037496598869826876,Equity,Risk parity,1.1302939927149191
2022-09-14,0.0027930654590757314,Equity,Risk parity,1.133450977824572
2022-09-15,-0.015647992432810856,Equity,Risk parity,1.1157147455006111
2022-09-16,-0.005338939929639292,Equity,Risk parity,1.1097580114957706
2022-09-19,0.005831665650136054,Equity,Risk parity,1.1162297491713737
2022-09-20,-0.01588440380374722,Equity,Risk parity,1.0984991050977801
2022-09-21,-0.01638280492333488,Equity,Risk parity,1.0805026085505052
2022-09-22,-0.006879749131911899,Equity,Risk parity,1.0730690216673013
2022-09-23,-0.01997853472881418,Equity,Risk parity,1.0516306749515065
2022-09-26,-0.014511959621960106,Equity,Risk parity,1.0363694530593957
2022-09-27,-0.0046121440557445,Equity,Risk parity,1.0315895678469125
2022-09-28,0.020712597794268664,Equity,Risk parity,1.052956467654489
2022-09-29,-0.019250016974401003,Equity,Risk parity,1.0326870377788346
2022-09-30,-0.015360043725955536,Equity,Risk parity,1.0168249197233241
2022-10-03,0.030373883575506574,Equity,Risk parity,1.0477098414516741
2022-10-04,0.02757435532683674,Equity,Risk parity,1.0765997648992864
2022-10-05,-0.004373334284478815,Equity,Risk parity,1.0718914342367905
2022-10-06,-0.011478652231798277,Equity,Risk parity,1.059587565232943
2022-10-07,-0.02261835153855663,Equity,Risk parity,1.035621441196621
2022-10-10,-0.004171117968120662,Equity,Risk parity,1.0313017419950747
2022-10-11,-0.0011505113954026645,Equity,Risk parity,1.0301152175888109
2022-10-12,-0.006328933487796231,Equity,Risk parity,1.0235956868919245
2022-10-13,0.027145509366953306,Equity,Risk parity,1.0513817131984222
2022-10-14,-0.016788834302546417,Equity,Risk parity,1.0337302398268065
2022-10-17,0.018583466883060534,Equity,Risk parity,1.052940531504646
2022-10-18,0.01208260075790386,Equity,Risk parity,1.0656627915686316
2022-10-19,-0.008810782589733772,Equity,Risk parity,1.0562734683981516
2022-10-20,-0.0036692394181173735,Equity,Risk parity,1.0523977481515936
2022-10-21,0.02286273525661736,Equity,Risk parity,1.0764584392522436
2022-10-24,0.009074190587290976,Equity,Risk parity,1.0862264282893161
2022-10-25,0.01517084923794361,Equity,Risk parity,1.1027054056711634
2022-10-26,0.006416993101350889,Equity,Risk parity,1.1097814586521775
2022-10-27,-0.00035804040455541554,Equity,Risk parity,1.1093841120497536
2022-10-28,0.02424215944455993,Equity,Risk parity,1.1362779785793253
2022-10-31,-0.008045228874468176,Equity,Risk parity,1.1271363621766366
2022-11-01,0.0012038962647214603,Equity,Risk parity,1.1284933174328926
2022-11-02,-0.017588488988742858,Equity,Risk parity,1.1086448251453542
2022-11-03,-0.004074539670493203,Equity,Risk parity,1.1041276078248126
2022-11-04,0.01726151937006979,Equity,Risk parity,1.1231865279143094
2022-11-07,0.006689390195467234,Equity,Risk parity,1.1306999608618202
2022-11-08,0.006950023783180747,Equity,Risk parity,1.1385583524814515
2022-11-09,-0.01845600582453,Equity,Risk parity,1.1175451128964866
2022-11-10,0.04630825355700324,Equity,Risk parity,1.1692966753458869
2022-11-11,0.008503502663866614,Equity,Risk parity,1.179239792739541
2022-11-14,-0.008419429301820325,Equity,Risk parity,1.1693112666746772
2022-11-15,0.009322113635280864,Equity,Risk parity,1.1802117191776327
2022-11-16,-0.008157030101884111,Equity,Risk parity,1.1705846966577045
2022-11-17,-0.0022660506151253846,Equity,Risk parity,1.167932092485787
2022-11-18,0.006098048872976302,Equity,Risk parity,1.1750541994660828
2022-11-21,0.0016998928729889656,Equity,Risk parity,1.177051665725131
2022-11-22,0.013653446180976444,Equity,Risk parity,1.193122477295338
2022-11-23,0.003897867669658768,Equity,Risk parity,1.1977731108255307
2022-11-25,0.000992607217857657,Equity,Risk parity,1.198962029060692
2022-11-28,-0.01688272872915097,Equity,Risk parity,1.178720278367508
2022-11-29,0.003836385977148098,Equity,Risk parity,1.1832423043144173
2022-11-30,0.0234721885307946,Equity,Risk parity,1.2110155907588973
2022-12-01,0.0006300301594348837,Equity,Risk parity,1.2117785671046213
2022-12-02,0.0018322009728192938,Equity,Risk parity,1.213998788974112
2022-12-05,-0.016210818391505143,Equity,Risk parity,1.1943188750785454
2022-12-06,-0.010941030629040501,Equity,Risk parity,1.1812517956854698
2022-12-07,-0.00021571935668028986,Equity,Risk parity,1.180996976808027
2022-12-08,0.006771459762726512,Equity,Risk parity,1.188994050316384
2022-12-09,-0.010237948416629655,Equity,Risk parity,1.1768211905615653
2022-12-12,0.015199589713882942,Equity,Risk parity,1.1947083898247044
2022-12-13,0.0077783640796759155,Equity,Risk parity,1.2040012666498046
2022-12-14,-0.007479849069672869,Equity,Risk parity,1.194995518895569
2022-12-15,-0.020788119343463425,Equity,Risk parity,1.170153809433864
2022-12-16,-0.009163341155013776,Equity,Risk parity,1.1594312908741824
2022-12-19,-0.006615462612462673,Equity,Risk parity,1.1517611165176849
2022-12-20,0.0026645096176246144,Equity,Risk parity,1.1548299950898522
2022-12-21,0.016079775268245944,Equity,Risk parity,1.1733994018839267
2022-12-22,-0.009104247674093485,Equity,Risk parity,1.1627164831085424
2022-12-23,0.006633235913543074,Equity,Risk parity,1.1704290558415664
2022-12-27,0.0012614715578221588,Equity,Risk parity,1.171905518805959
2022-12-28,-0.012502006021951572,Equity,Risk parity,1.1572543489526885
2022-12-29,0.0125229159169906,Equity,Risk parity,1.1717465478591949
2022-12-30,-0.0022371491416802837,Equity,Risk parity,1.169125176075385
2023-01-03,0.003686609206339007,Equity,Risk parity,1.1734352837128672
2023-01-04,0.017577047736816755,Equity,Risk parity,1.1940608117107534
2023-01-05,-0.007038603203424423,Equity,Risk parity,1.1856562914563624
2023-01-06,0.022274980451538754,Equity,Risk parity,1.2120667621707968
2023-01-09,-0.002159545479451283,Equity,Risk parity,1.2094492488737576
2023-01-10,0.007147698906775979,Equity,Risk parity,1.2180940279477337
2023-01-11,0.00884696697768122,Equity,Risk parity,1.228870465588698
2023-01-12,0.004872049958705703,Equity,Risk parity,1.234857583889824
2023-01-13,0.0031932845650586173,Equity,Risk parity,1.2388008355525049
2023-01-17,-0.005503366995843709,Equity,Risk parity,1.2319832599197016
2023-01-18,-0.01650977437214353,Equity,Risk parity,1.2116434942681695
2023-01-19,-0.006814373583497486,Equity,Risk parity,1.203386902848212
2023-01-20,0.014461499154821205,Equity,Risk parity,1.2207896815266746
2023-01-23,0.010357831890121828,Equity,Risk parity,1.2334344158211232
2023-01-24,-0.002421185934805624,Equity,Risk parity,1.2304480417620318
2023-01-25,0.0019274047557966024,Equity,Risk parity,1.2328196131694846
2023-01-26,0.006166717644150679,Equity,Risk parity,1.2404220636300718
2023-01-27,-0.0011635758849382568,Equity,Risk parity,1.2389787384296866
2023-01-30,-0.00909352608809318,Equity,Risk parity,1.2277120529491834
2023-01-31,0.01142594250177978,Equity,Risk parity,1.2417398202749228
2023-02-01,0.004011107931601097,Equity,Risk parity,1.2467205727170125
2023-02-02,-0.0006464373013047537,Equity,Risk parity,1.2459146460345043
2023-02-03,-0.01310387480840418,Equity,Risk parity,1.229588336490911
2023-02-06,-0.004879063543452062,Equity,Risk parity,1.2235890968648844
2023-02-07,0.009121738414626532,Equity,Risk parity,1.234750356533475
2023-02-08,-0.009671036259251684,Equity,Risk parity,1.2228090410643158
2023-02-09,-0.008759203060146842,Equity,Risk parity,1.21209820836985
2023-02-10,0.007855981135853195,Equity,Risk parity,1.2216204290296049
2023-02-13,0.008899715863341137,Equity,Risk parity,1.2324925037408212
2023-02-14,-0.002683669365446415,Equity,Risk parity,1.2291849013653897
2023-02-15,0.0009177691148853038,Equity,Risk parity,1.2303130093043464
2023-02-16,-0.013523312592050904,Equity,Risk parity,1.2136751018934568
2023-02-17,0.00024562101125522696,Equity,Risk parity,1.2139732059993191
2023-02-21,-0.015785746623563968,Equity,Risk parity,1.1948097325616183
2023-02-22,-0.006009683289766091,Equity,Risk parity,1.1876293044773927
2023-02-23,0.0033728417748844124,Equity,Risk parity,1.191634990208611
2023-02-24,-0.00919627459785606,Equity,Risk parity,1.1806763876182391
2023-02-27,0.0014422105956354344,Equity,Risk parity,1.182379171614479
2023-02-28,-0.004477428154380366,Equity,Risk parity,1.1770851538223392
2023-03-01,-0.002121493182474152,Equity,Risk parity,1.1745879756933137
2023-03-02,0.011374933978667748,Equity,Risk parity,1.187948836368962
2023-03-03,0.012340848503796022,Equity,Risk parity,1.2026091329888524
2023-03-06,-0.0010382028428052338,Equity,Risk parity,1.2013605807682
2023-03-07,-0.016406956816033103,Equity,Risk parity,1.1816499095990516
2023-03-08,0.0016730925836300377,Equity,Risk parity,1.183626919299249
2023-03-09,-0.016000637348435015,Equity,Risk parity,1.1646881342076962
2023-03-10,-0.011476111692774783,Equity,Risk parity,1.1513220430922793
2023-03-13,0.0007256519124578362,Equity,Risk parity,1.1521575021347041
2023-03-14,0.012929020823295848,Equity,Risk parity,1.1670537704715203
2023-03-15,-0.004365743769190194,Equity,Risk parity,1.1619587127447744
2023-03-16,0.011735871395175923,Equity,Risk parity,1.175595310764051
2023-03-17,-0.009728988503199091,Equity,Risk parity,1.1641579575012129
2023-03-20,0.010353744485580584,Equity,Risk parity,1.1762113515340358
2023-03-21,0.00418389780702359,Equity,Risk parity,1.1811324996283155
2023-03-22,-0.01877517615212563,Equity,Risk parity,1.1589565288887933
2023-03-23,0.003152305608485049,Equity,Risk parity,1.1626099140547999
2023-03-24,0.010066591664789957,Equity,Risk parity,1.174313433325026
2023-03-27,0.0028626301033303886,Equity,Risk parity,1.1776750583100075
2023-03-28,0.000660881264730463,Equity,Risk parity,1.1784533616919848
2023-03-29,0.014073715056597552,Equity,Risk parity,1.1950385785119273
2023-03-30,0.0049628433855285654,Equity,Risk parity,1.2009693678167468
2023-03-31,0.012276252910081234,Equity,Risk parity,1.2157127715133256
2023-04-03,0.006026394335351724,Equity,Risk parity,1.2230391360729882
2023-04-04,-0.0024720348927234803,Equity,Risk parity,1.2200157406534493
2023-04-05,0.006107168111710646,Equity,Risk parity,1.227466581880553
2023-04-06,0.00014527344714311292,Equity,Risk parity,1.2276449001821559
2023-04-10,0.002007318782511889,Equity,Risk parity,1.2301091748485464
2023-04-11,0.001773952519797828,Equity,Risk parity,1.2322913301188954
2023-04-12,-0.0020417891971466046,Equity,Risk parity,1.2297752509933213
2023-04-13,0.007627672120947812,Equity,Risk parity,1.2391555733903548
2023-04-14,-0.006320191166163388,Equity,Risk parity,1.231323873281911
2023-04-17,0.004530714339697399,Equity,Risk parity,1.2369026500114009
2023-04-18,-0.0002529007983411253,Equity,Risk parity,1.2365898363437426
2023-04-19,0.0020943550744164405,Equity,Risk parity,1.239179694542461
2023-04-20,-0.0066627894915094995,Equity,Risk parity,1.2309233010955716
2023-04-21,0.0007288816956226279,Equity,Risk parity,1.2318204985584555
2023-04-24,0.0020293283652962433,Equity,Risk parity,1.2343202668371338
2023-04-25,-0.012125088477885085,Equity,Risk parity,1.219354024391687
2023-04-26,-0.014423609910557187,Equity,Risk parity,1.2017665376009934
2023-04-27,0.013130151840782457,Equity,Risk parity,1.217545914716866
2023-04-28,0.007007376785648608,Equity,Risk parity,1.2260777176951143
2023-05-01,-0.002905215825095556,Equity,Risk parity,1.2225156973068694
2023-05-02,-0.014672480860942824,Equity,Risk parity,1.204578359135932
2023-05-03,-0.01088934528395285,Equity,Risk parity,1.1914612894617236
2023-05-04,-0.00388285456872223,Equity,Risk parity,1.1868350185504815
2023-05-05,0.015247189149556068,Equity,Risk parity,1.2049309165676374
2023-05-08,-0.0008457009357812296,Equity,Risk parity,1.2039119053639444
2023-05-09,-0.004415644157654249,Equity,Risk parity,1.1985958587926937
2023-05-10,-0.0010377070679148065,Equity,Risk parity,1.197352067398451
2023-05-11,-0.008334427188347468,Equity,Risk parity,1.1873728237739014
2023-05-12,-0.00038965736657141684,Equity,Risk parity,1.1869101552062513
2023-05-15,0.002560666713195863,Equity,Risk parity,1.189949436532242
2023-05-16,-0.016009120042164805,Equity,Risk parity,1.170899393158691
2023-05-17,0.009125749218329026,Equity,Risk parity,1.1815847273805509
2023-05-18,0.005308350660157317,Equity,Risk parity,1.187856993448173
2023-05-19,-0.0021461320433379372,Equity,Risk parity,1.1853076954916308
2023-05-22,-0.00013308431547735366,Equity,Risk parity,1.1851499496283464
2023-05-23,-0.0074350108947051794,Equity,Risk parity,1.1763383468410002
2023-05-24,-0.008816840682855008,Equity,Risk parity,1.16596675904777
2023-05-25,-0.0025308856669297415,Equity,Risk parity,1.1630158304891796
2023-05-26,0.007516097939758116,Equity,Risk parity,1.1717571713766255
2023-05-30,-0.0024356214793579602,Equity,Risk parity,1.1689032144414289
2023-05-31,-0.00282095534289058,Equity,Risk parity,1.1656057906733284
2023-06-01,0.003761335298724979,Equity,Risk parity,1.169990024878186
2023-06-02,0.01751487994738149,Equity,Risk parity,1.1904822597035614
2023-06-05,-0.004901780968039094,Equity,Risk parity,1.1846467764201583
2023-06-06,0.002067025682172664,Equity,Risk parity,1.1870954717313218
2023-06-07,0.007552365060142996,Equity,Risk parity,1.1960608500950793
2023-06-08,0.004544144291153867,Equity,Risk parity,1.2014959231789115
2023-06-09,-0.003001447587986818,Equity,Risk parity,1.19788969613831
2023-06-12,0.0045348759589464325,Equity,Risk parity,1.2033219773227974
2023-06-13,0.006915337868694021,Equity,Risk parity,1.2116433553608095
2023-06-14,0.0001960026985485157,Equity,Risk parity,1.2118808407281387
2023-06-15,0.010538570018695386,Equity,Risk parity,1.2246523318224676
2023-06-16,0.0011565777193953022,Equity,Risk parity,1.2260687374234591
2023-06-20,-0.011859663308146244,Equity,Risk parity,1.211527975004973
2023-06-21,-0.002760448398001026,Equity,Risk parity,1.208183614547237
2023-06-22,-0.003726815612369541,Equity,Risk parity,1.2036809369899335
2023-06-23,-0.006989682629043555,Equity,Risk parity,1.195267589253744
2023-06-26,0.006385045641990602,Equity,Risk parity,1.2028994273655211
2023-06-27,0.005865379508709534,Equity,Risk parity,1.2099548890178293
2023-06-28,-0.0025667339041491786,Equity,Risk parity,1.2068492567816962
2023-06-29,0.005447279458721959,Equity,Risk parity,1.213423301947937
2023-06-30,0.008636474691674797,Equity,Risk parity,1.2239030015854988
2023-07-03,0.005489767810927479,Equity,Risk parity,1.2306219448873006
2023-07-05,-0.0035976993273874247,Equity,Risk parity,1.2261945371439114
2023-07-06,-0.01145968065918498,Equity,Risk parity,1.212142739322205
2023-07-07,-0.002011757706578034,Equity,Risk parity,1.2097042018249011
2023-07-10,0.004753031154755529,Equity,Risk parity,1.2154539635842134
2023-07-11,0.013738604321609395,Equity,Risk parity,1.232152604661029
2023-07-12,0.007378177342563045,Equity,Risk parity,1.241243645091319
2023-07-13,0.00486326857550721,Equity,Risk parity,1.2472801463050396
2023-07-14,-0.0048389707179836644,Equity,Risk parity,1.241244594199947
2023-07-17,-0.004477344032139025,Equity,Risk parity,1.235687115123681
2023-07-18,0.004954784722133844,Equity,Risk parity,1.2418096787630335
2023-07-19,0.005826663737724945,Equity,Risk parity,1.249045286187438
2023-07-20,0.002333112737019012,Equity,Risk parity,1.2519594496537554
2023-07-21,0.0053977635766965515,Equity,Risk parity,1.2587172307705976
2023-07-24,0.0038510839394924074,Equity,Risk parity,1.2635646564823808
2023-07-25,0.002393478378041836,Equity,Risk parity,1.2665889711669294
2023-07-26,0.0017898203344471567,Equity,Risk parity,1.2688559378629103
2023-07-27,-0.00519875470242598,Equity,Risk parity,1.2622594670892442
2023-07-28,0.0038214612249791876,Equity,Risk parity,1.2670831426985887
2023-07-31,0.0026790678671224097,Equity,Risk parity,1.270477744431165
2023-08-01,-0.004527112235278553,Equity,Risk parity,1.2647261490897015
2023-08-02,-0.012591536967996433,Equity,Risk parity,1.2488013030290468
2023-08-03,-0.0059623189844016265,Equity,Risk parity,1.2413555513122512
2023-08-04,-0.002357237409999483,Equity,Risk parity,1.2384293815675873
2023-08-07,0.008438302088827145,Equity,Risk parity,1.2488796228049341
2023-08-08,-0.0029737317960936748,Equity,Risk parity,1.2451657897611055
2023-08-09,-0.0008807187958805671,Equity,Risk parity,1.2440691488460753
2023-08-10,0.0009417754333289519,Equity,Risk parity,1.2452407826078211
2023-08-11,0.002387013157149107,Equity,Risk parity,1.2482131887397245
2023-08-14,0.00040068414939580486,Equity,Risk parity,1.2487133279795193
2023-08-15,-0.011909732994345938,Equity,Risk parity,1.233841485656802
2023-08-16,-0.007356258176418318,Equity,Risk parity,1.224765029139535
2023-08-17,-0.0052637122356845485,Equity,Risk parity,1.2183182184698147
2023-08-18,0.0012578926268033777,Equity,Risk parity,1.2198507319739282
2023-08-21,-0.0011615484453302498,Equity,Risk parity,1.2184338162526689
2023-08-22,-0.0040695294789935025,Equity,Risk parity,1.2134753639192262
2023-08-23,0.007637061922543765,Equity,Risk parity,1.2227427504149588
2023-08-24,-0.011357789442868502,Equity,Risk parity,1.2088550957129518
2023-08-25,0.0044915393533058075,Equity,Risk parity,1.2142847159477907
2023-08-28,0.007206963159041067,Equity,Risk parity,1.2230360211602131
2023-08-29,0.01150421400663142,Equity,Risk parity,1.2371060892854593
2023-08-30,0.0014002619242260554,Equity,Risk parity,1.2388383618385141
2023-08-31,-0.003745393371575827,Equity,Risk parity,1.2341984248496303
2023-09-01,0.0026379835710152503,Equity,Risk parity,1.2374542200177565
2023-09-05,-0.00973669245005477,Equity,Risk parity,1.225405508856421
2023-09-06,-0.003922523402836382,Equity,Risk parity,1.220598827069967
2023-09-07,0.001735607620578776,Equity,Risk parity,1.2227173076958993
2023-09-08,0.003678528774029073,Equity,Risk parity,1.227215108494762
2023-09-11,0.0038265035370170057,Equity,Risk parity,1.231911051448098
2023-09-12,0.0007604877588146641,Equity,Risk parity,1.2328479047226728
2023-09-13,-0.00017975130625316272,Equity,Risk parity,1.2326262987013874
2023-09-14,0.012169258562543403,Equity,Risk parity,1.2476264468412754
2023-09-15,-0.009372468354503647,Equity,Risk parity,1.2359331074500137
2023-09-18,-0.00041327164143163436,Equity,Risk parity,1.235422331345998
2023-09-19,-0.0034364786863899013,Equity,Risk parity,1.2311768288356375
2023-09-20,-0.0032188463792967676,Equity,Risk parity,1.2272138597578657
2023-09-21,-0.017199330344200757,Equity,Risk parity,1.2061066031809085
2023-09-22,-0.0029689621618183776,Equity,Risk parity,1.202525718312945
2023-09-25,0.0011607449314760604,Equity,Risk parity,1.2039215439454465
2023-09-26,-0.011522921401256166,Equity,Risk parity,1.190048850621284
2023-09-27,-0.003887716113504161,Equity,Risk parity,1.1854222785288666
2023-09-28,0.0032799088776342632,Equity,Risk parity,1.1893103555839588
2023-09-29,-0.0018011311271358198,Equity,Risk parity,1.1871682516826916
2023-10-02,-0.014530187553329436,Equity,Risk parity,1.169918474328384
2023-10-03,-0.008475831739062384,Equity,Risk parity,1.160002442191556
2023-10-04,0.0029387154990653808,Equity,Risk parity,1.163411359347378
2023-10-05,-0.0019078153196367062,Equity,Risk parity,1.1611917853329758
2023-10-06,0.00994835750104885,Equity,Risk parity,1.1727437363407494
2023-10-09,0.008096084996164517,Equity,Risk parity,1.1822383693088836
2023-10-10,0.008646817917845287,Equity,Risk parity,1.192460969223788
2023-10-11,0.004348498682902423,Equity,Risk parity,1.19764638417787
2023-10-12,-0.007896701302003782,Equity,Risk parity,1.1881889284165923
2023-10-13,0.0018774647454863828,Equity,Risk parity,1.1904197112406718
2023-10-16,0.00985704338379152,Equity,Risk parity,1.2021537299792917
2023-10-17,0.0027273384776050555,Equity,Risk parity,1.2054324101030607
2023-10-18,-0.01350005452386084,Equity,Risk parity,1.1891590068418405
2023-10-19,-0.009687581284524086,Equity,Risk parity,1.1776389323028362
2023-10-20,-0.007782889976927535,Equity,Risk parity,1.1684734980601768
2023-10-23,-0.006165564070552047,Equity,Risk parity,1.1612691998431446
2023-10-24,0.011064794974316217,Equity,Risk parity,1.1741184054493972
2023-10-25,-0.011353778397508564,Equity,Risk parity,1.1607877252614884
2023-10-26,-0.0019428490926213411,Equity,Risk parity,1.1585324898827383
2023-10-27,-0.010665422447007316,Equity,Risk parity,1.1461762514595557
2023-10-30,0.009225959792307411,Equity,Risk parity,1.1567508274704192
2023-10-31,0.005378389037832325,Equity,Risk parity,1.1629722834403895
2023-11-01,0.0050816188429562365,Equity,Risk parity,1.168882065309756
2023-11-02,0.023937247345498604,Equity,Risk parity,1.196861884424793
2023-11-03,0.011877307335036388,Equity,Risk parity,1.211077380863697
2023-11-06,-0.004565934430907505,Equity,Risk parity,1.205547680951918
2023-11-07,-0.003015676544221581,Equity,Risk parity,1.2019121390875307
2023-11-08,-0.0019517103022895926,Equity,Risk parity,1.1995663547832267
2023-11-09,-0.009892158306700639,Equity,Risk parity,1.1877000545023193
2023-11-10,0.009603247430428471,Equity,Risk parity,1.1991058319988384
2023-11-13,-0.0014528938654173582,Equity,Risk parity,1.197363658491541
2023-11-14,0.02355184833728096,Equity,Risk parity,1.2255637857809056
2023-11-15,0.005377312563400169,Equity,Risk parity,1.2321540253234338
2023-11-16,3.4207700747101695e-05,Equity,Risk parity,1.2321961744796064
2023-11-17,0.002000499773096368,Equity,Risk parity,1.2346611826470633
2023-11-20,0.004350497084208425,Equity,Risk parity,1.2400325725221546
2023-11-21,-0.0016789189686610053,Equity,Risk parity,1.2379506583143896
2023-11-22,0.001891254637267659,Equity,Risk parity,1.2402919382376352
2023-11-24,0.0025501091411067535,Equity,Risk parity,1.2434548180469758
2023-11-27,0.0008439118662405607,Equity,Risk parity,1.2445041843230598
2023-11-28,0.0027634665181262624,Equity,Risk parity,1.2479433299681044
2023-11-29,0.004445191297728194,Equity,Risk parity,1.2534906767985365
2023-11-30,0.006646522934783801,Equity,Risk parity,1.2618220313304158
2023-12-01,0.009332169327254475,Equity,Risk parity,1.2735975681876515
2023-12-04,-0.0007438051028781933,Equity,Risk parity,1.2726502598174203
2023-12-05,-0.00416450725165567,Equity,Risk parity,1.2673502985815892
2023-12-06,0.00029490246509346655,Equity,Risk parity,1.267724043308778
2023-12-07,0.003035621118605798,Equity,Risk parity,1.2715723731872104
2023-12-08,0.0020357624639150674,Equity,Risk parity,1.2741609924946964
2023-12-11,0.006404541719077636,Equity,Risk parity,1.28232140972795
2023-12-12,0.0011471283261276785,Equity,Risk parity,1.283792396940249
2023-12-13,0.021728425522015378,Equity,Risk parity,1.3116871844228948
2023-12-14,0.011247602640218866,Equity,Risk parity,1.326440520661551
2023-12-15,-0.0043351017672005375,Equity,Risk parity,1.3206902660163449
2023-12-18,-0.0013597037894901758,Equity,Risk parity,1.3188945184568996
2023-12-19,0.007339413787096085,Equity,Risk parity,1.3285744310693877
2023-12-20,-0.014582563658412147,Equity,Risk parity,1.3092004098533796
2023-12-21,0.007833724229859186,Equity,Risk parity,1.3194563248257896
2023-12-22,0.0028727215128803774,Equity,Risk parity,1.3232467553954226
2023-12-26,0.005481647576822067,Equity,Risk parity,1.3305003277656735
2023-12-27,0.0020594842959388553,Equity,Risk parity,1.3332404722964486
2023-12-28,0.0018480988572604727,Equity,Risk parity,1.3357044324897531
2023-12-29,-0.0027413299174117453,Equity,Risk parity,1.3320428259681496
2021-01-01,0.011329133285298944,Crypto,Equal-weight (1/N),1.011329133285299
2021-01-02,0.01997856708206176,Crypto,Equal-weight (1/N),1.0315340402166826
2021-01-03,0.11648313458836891,Crypto,Equal-weight (1/N),1.1516903586557266
2021-01-04,0.04302587474388933,Crypto,Equal-weight (1/N),1.201242843770993
2021-01-05,0.048157825155320876,Crypto,Equal-weight (1/N),1.259092086610397
2021-01-06,0.19019363309393744,Crypto,Equal-weight (1/N),1.498563384962655
2021-01-07,-0.0025068850555913097,Crypto,Equal-weight (1/N),1.4948066588080358
2021-01-08,-0.008428588309419708,Crypto,Equal-weight (1/N),1.4822075488787636
2021-01-09,0.07992079206480071,Crypto,Equal-weight (1/N),1.600666750189581
2021-01-10,-0.03004424938471311,Crypto,Equal-weight (1/N),1.552575919165067
2021-01-11,-0.126822123054615,Crypto,Equal-weight (1/N),1.355674944893083
2021-01-12,-0.014374768661355,Crypto,Equal-weight (1/N),1.3361874311802497
2021-01-13,0.08238049280592016,Crypto,Equal-weight (1/N),1.4462632102419553
2021-01-14,0.018401665009803517,Crypto,Equal-weight (1/N),1.472876861352831
2021-01-15,-0.04096622476883906,Crypto,Equal-weight (1/N),1.4125386567938287
2021-01-16,0.03142831136056619,Crypto,Equal-weight (1/N),1.4569323615083811
2021-01-17,0.008601021522056752,Crypto,Equal-weight (1/N),1.4694634681058956
2021-01-18,0.02078919046585745,Crypto,Equal-weight (1/N),1.5000124240269685
2021-01-19,0.009739555911656506,Crypto,Equal-weight (1/N),1.5146218788989585
2021-01-20,-0.005084207126728092,Crypto,Equal-weight (1/N),1.5069212275479622
2021-01-21,-0.1363214213636206,Crypto,Equal-weight (1/N),1.3014955839256122
2021-01-22,0.06542067991706753,Crypto,Equal-weight (1/N),1.3866403099350866
2021-01-23,-0.003370614543124266,Crypto,Equal-weight (1/N),1.381966479940337
2021-01-24,0.03009713098548588,Crypto,Equal-weight (1/N),1.423559706104652
2021-01-25,-0.024536357019030005,Crypto,Equal-weight (1/N),1.3886307369177628
2021-01-26,-0.0011297461414654076,Crypto,Equal-weight (1/N),1.3870619367008097
2021-01-27,-0.07662081540181952,Crypto,Equal-weight (1/N),1.2807841200979666
2021-01-28,0.10099905186354677,Crypto,Equal-weight (1/N),1.4101421018697484
2021-01-29,0.025439361240874866,Crypto,Equal-weight (1/N),1.4460152162001794
2021-01-30,0.07253570940506211,Crypto,Equal-weight (1/N),1.5509029557177736
2021-01-31,-0.016329349395105386,Crypto,Equal-weight (1/N),1.5255777194759566
2021-02-01,0.018638160220836718,Crypto,Equal-weight (1/N),1.5540116814408882
2021-02-02,0.042433276503177984,Crypto,Equal-weight (1/N),1.619953488808638
2021-02-03,0.04689380394391243,Crypto,Equal-weight (1/N),1.6959192701110872
2021-02-04,-0.022295607178778383,Crypto,Equal-weight (1/N),1.6581077202577699
2021-02-05,0.08746080262147411,Crypto,Equal-weight (1/N),1.803127152304377
2021-02-06,0.02757191105099962,Crypto,Equal-weight (1/N),1.8528428137613555
2021-02-07,0.00019944480526961142,Crypto,Equal-weight (1/N),1.8532123536355412
2021-02-08,0.07760565153646581,Crypto,Equal-weight (1/N),1.9970321057748546
2021-02-09,0.0625844262586896,Crypto,Equal-weight (1/N),2.1220152143349567
2021-02-10,0.05518613757971102,Crypto,Equal-weight (1/N),2.2391210378994852
2021-02-11,0.07265675787478859,Crypto,Equal-weight (1/N),2.401808313002493
2021-02-12,0.04505755537995469,Crypto,Equal-weight (1/N),2.5100279240776384
2021-02-13,0.09119036415089898,Crypto,Equal-weight (1/N),2.738918284503203
2021-02-14,-0.03338887802924259,Crypto,Equal-weight (1/N),2.6474688759698632
2021-02-15,-0.043090762430210004,Crypto,Equal-weight (1/N),2.5333874235940708
2021-02-16,-0.0008328998028954643,Crypto,Equal-weight (1/N),2.531277365708301
2021-02-17,0.04158977278900458,Crypto,Equal-weight (1/N),2.63655261621406
2021-02-18,0.002780592962763937,Crypto,Equal-weight (1/N),2.6438837958646615
2021-02-19,0.046367194161633624,Crypto,Equal-weight (1/N),2.7664732691683156
2021-02-20,-0.0037433658906487997,Crypto,Equal-weight (1/N),2.756117347495119
2021-02-21,0.019545595987077766,Crypto,Equal-weight (1/N),2.8099873036622354
2021-02-22,-0.06251218887363905,Crypto,Equal-weight (1/N),2.634328846603174
2021-02-23,-0.1560759242388678,Crypto,Equal-weight (1/N),2.2231735371204726
2021-02-24,0.04698911565310232,Crypto,Equal-weight (1/N),2.3276384955731433
2021-02-25,-0.04345198003271488,Crypto,Equal-weight (1/N),2.2264979941401206
2021-02-26,0.020954801133944784,Crypto,Equal-weight (1/N),2.273153816832454
2021-02-27,0.03707054103927272,Crypto,Equal-weight (1/N),2.3574208586879206
2021-02-28,-0.03878448741791682,Crypto,Equal-weight (1/N),2.2659894990554044
2021-03-01,0.06607202453353705,Crypto,Equal-weight (1/N),2.4157080128297306
2021-03-02,-0.0157906759639014,Crypto,Equal-weight (1/N),2.377562350375736
2021-03-03,0.03360946653570951,Crypto,Equal-weight (1/N),2.457470952627252
2021-03-04,-0.014803966327147297,Crypto,Equal-weight (1/N),2.4210906353946156
2021-03-05,-0.010203817225251927,Crypto,Equal-weight (1/N),2.39638626906528
2021-03-06,0.010593244266252348,Crypto,Equal-weight (1/N),2.4217717741697817
2021-03-07,0.02901243583316227,Crypto,Equal-weight (1/N),2.492033272370446
2021-03-08,0.018834782666280483,Crypto,Equal-weight (1/N),2.538970177452683
2021-03-09,0.04192374196527224,Crypto,Equal-weight (1/N),2.645413308029731
2021-03-10,-0.027403279685151584,Crypto,Equal-weight (1/N),2.5729203072669704
2021-03-11,0.003336652293026067,Crypto,Equal-weight (1/N),2.581505247709986
2021-03-12,-0.017533039571117803,Crypto,Equal-weight (1/N),2.5362436140488382
2021-03-13,0.0791083264789216,Crypto,Equal-weight (1/N),2.736881601899094
2021-03-14,-0.04867514984860219,Crypto,Equal-weight (1/N),2.603663479808773
2021-03-15,-0.03807021569809843,Crypto,Equal-weight (1/N),2.5045414495271916
2021-03-16,0.037192086454468046,Crypto,Equal-weight (1/N),2.597690571646806
2021-03-17,0.02904080962540587,Crypto,Equal-weight (1/N),2.673129609003712
2021-03-18,-0.022216277961206336,Crypto,Equal-weight (1/N),2.613742618583755
2021-03-19,0.018726672040966733,Crypto,Equal-weight (1/N),2.6626893194014705
2021-03-20,0.018628799989579697,Crypto,Equal-weight (1/N),2.712292026166991
2021-03-21,-0.015429281330189195,Crypto,Equal-weight (1/N),2.6704433094456315
2021-03-22,-0.029572436912092933,Crypto,Equal-weight (1/N),2.59147179314973
2021-03-23,0.006650384194363035,Crypto,Equal-weight (1/N),2.6087060762030307
2021-03-24,-0.06784182680350045,Crypto,Equal-weight (1/N),2.4317266904000254
2021-03-25,-0.001349093973745958,Crypto,Equal-weight (1/N),2.4284460625762097
2021-03-26,0.08868512965287728,Crypto,Equal-weight (1/N),2.6438131164908
2021-03-27,-0.0087706271147906,Crypto,Equal-weight (1/N),2.6206252174848665
2021-03-28,0.003023007594352543,Crypto,Equal-weight (1/N),2.628547387419275
2021-03-29,0.038142830540906496,Crypto,Equal-weight (1/N),2.728807624986351
2021-03-30,0.013792468763032374,Crypto,Equal-weight (1/N),2.7664446189142997
2021-03-31,0.07476771195515644,Crypto,Equal-weight (1/N),2.9732853533211765
2021-04-01,0.02843929543499401,Crypto,Equal-weight (1/N),3.0578434938968178
2021-04-02,0.05440933458347258,Crypto,Equal-weight (1/N),3.2242187236601447
2021-04-03,-0.05376361413632989,Crypto,Equal-weight (1/N),3.0508730723101505
2021-04-04,0.08312106981173764,Crypto,Equal-weight (1/N),3.304464905940393
2021-04-05,0.11225292552187854,Crypto,Equal-weight (1/N),3.6754007589165814
2021-04-06,0.036142698558448594,Crypto,Equal-weight (1/N),3.8082396606275966
2021-04-07,-0.08315578674027278,Crypto,Equal-weight (1/N),3.4915624955525995
2021-04-08,0.07009089363991487,Crypto,Equal-weight (1/N),3.7362892310654927
2021-04-09,-0.028058323803886127,Crypto,Equal-weight (1/N),3.6314552179952844
2021-04-10,0.11626167171656937,Crypto,Equal-weight (1/N),4.053654272403275
2021-04-11,0.009002524960666083,Crypto,Equal-weight (1/N),4.090147396172496
2021-04-12,0.006211073995938822,Crypto,Equal-weight (1/N),4.11555160430442
2021-04-13,0.12214741351676298,Crypto,Equal-weight (1/N),4.61825558796497
2021-04-14,0.0249078985840884,Crypto,Equal-weight (1/N),4.733286629785401
2021-04-15,0.0537361099606411,Crypto,Equal-weight (1/N),4.987635040598781
2021-04-16,0.04859914615127717,Crypto,Equal-weight (1/N),5.230029844886072
2021-04-17,-0.03070243970960835,Crypto,Equal-weight (1/N),5.069455168894005
2021-04-18,-0.07293856861006168,Crypto,Equal-weight (1/N),4.699696365241998
2021-04-19,-0.06816358736362857,Crypto,Equal-weight (1/N),4.379348201467297
2021-04-20,0.032089948176373305,Crypto,Equal-weight (1/N),4.5198812582986765
2021-04-21,-0.04323321582231857,Crypto,Equal-weight (1/N),4.324472256367397
2021-04-22,-0.047468766153647805,Crypto,Equal-weight (1/N),4.119194894091955
2021-04-23,-0.016845975433996952,Crypto,Equal-weight (1/N),4.049803038098236
2021-04-24,-0.0741110252564574,Crypto,Equal-weight (1/N),3.74966798285806
2021-04-25,-0.009451553006648223,Crypto,Equal-weight (1/N),3.714227797160745
2021-04-26,0.15856508535725067,Crypto,Equal-weight (1/N),4.3031746448538115
2021-04-27,0.040631127405878695,Crypto,Equal-weight (1/N),4.478017482098613
2021-04-28,0.0024278948745885655,Crypto,Equal-weight (1/N),4.4888896377917185
2021-04-29,-0.007972902053029928,Crypto,Equal-weight (1/N),4.4531001603827445
2021-04-30,0.08013744959907076,Crypto,Equal-weight (1/N),4.80996025004503
2021-05-01,0.03980355255574375,Crypto,Equal-weight (1/N),5.001413755648737
2021-05-02,-0.014113971477798243,Crypto,Equal-weight (1/N),4.930823944552842
2021-05-03,0.058453226025894665,Crypto,Equal-weight (1/N),5.219046511077684
2021-05-04,-0.0086335215291681,Crypto,Equal-weight (1/N),5.173987760662565
2021-05-05,0.2410064826871655,Crypto,Equal-weight (1/N),6.420952352326293
2021-05-06,0.1325943687628562,Crypto,Equal-weight (1/N),7.272334476339374
2021-05-07,-0.052621742280351415,Crypto,Equal-weight (1/N),6.889651565748929
2021-05-08,0.021109443986682713,Crypto,Equal-weight (1/N),7.035088279563868
2021-05-09,0.004464534576347717,Crypto,Equal-weight (1/N),7.066496674435639
2021-05-10,-0.06965668028978686,Crypto,Equal-weight (1/N),6.574267974815633
2021-05-11,0.12497411941651485,Crypto,Equal-weight (1/N),7.395881325776411
2021-05-12,-0.19582912862675206,Crypto,Equal-weight (1/N),5.947552330322749
2021-05-13,0.06058256981134175,Crypto,Equal-weight (1/N),6.3078703345811356
2021-05-14,0.0684505205349063,Crypto,Equal-weight (1/N),6.739647342449907
2021-05-15,-0.04791199691431046,Crypto,Equal-weight (1/N),6.416737379774906
2021-05-16,0.00376969816422156,Crypto,Equal-weight (1/N),6.440926542895735
2021-05-17,-0.06943475517465446,Crypto,Equal-weight (1/N),5.993702385291836
2021-05-18,0.012522522978504431,Crypto,Equal-weight (1/N),6.068758661137969
2021-05-19,-0.3101348275898792,Crypto,Equal-weight (1/N),4.186625240081359
2021-05-20,0.15952114886033342,Crypto,Equal-weight (1/N),4.854480508226806
2021-05-21,-0.14143591859512797,Crypto,Equal-weight (1/N),4.1678825982436045
2021-05-22,-0.06515879961807043,Crypto,Equal-weight (1/N),3.8963083711930064
2021-05-23,-0.11060563193142471,Crypto,Equal-weight (1/N),3.465354721597504
2021-05-24,0.26650338931206174,Crypto,Equal-weight (1/N),4.388883500071795
2021-05-25,0.012343227892361777,Crypto,Equal-weight (1/N),4.443056489306208
2021-05-26,0.06741164816493045,Crypto,Equal-weight (1/N),4.74257025014023
2021-05-27,-0.04089830475939857,Crypto,Equal-weight (1/N),4.5486071667071375
2021-05-28,-0.08524567084891002,Crypto,Equal-weight (1/N),4.160858097353028
2021-05-29,-0.05683879164259028,Crypto,Equal-weight (1/N),3.9243599509031943
2021-05-30,0.045599171056158114,Crypto,Equal-weight (1/N),4.103307511590365
2021-05-31,0.08775179669651514,Crypto,Equal-weight (1/N),4.4633801181307255
2021-06-01,-0.019186745025294893,Crypto,Equal-weight (1/N),4.377742381853181
2021-06-02,0.01562687726546467,Crypto,Equal-weight (1/N),4.446152824754223
2021-06-03,0.034247495572000616,Crypto,Equal-weight (1/N),4.598422423932432
2021-06-04,-0.07006971999786088,Crypto,Equal-weight (1/N),4.276212252255601
2021-06-05,-0.03136247876888473,Crypto,Equal-weight (1/N),4.14209963628299
2021-06-06,0.017950404525479552,Crypto,Equal-weight (1/N),4.216452000339111
2021-06-07,-0.081980219573537,Crypto,Equal-weight (1/N),3.870786339530032
2021-06-08,-0.0010381124636069134,Crypto,Equal-weight (1/N),3.866768027987006
2021-06-09,0.05651683176714645,Crypto,Equal-weight (1/N),4.0853055061073285
2021-06-10,-0.04639135355711948,Crypto,Equal-weight (1/N),3.8957826539846567
2021-06-11,-0.034209328348716705,Crypto,Equal-weight (1/N),3.7625105459992607
2021-06-12,-0.006958643277384333,Crypto,Equal-weight (1/N),3.736328577282255
2021-06-13,0.061125870919920756,Crypto,Equal-weight (1/N),3.9647149156116215
2021-06-14,0.012509749058359918,Crypto,Equal-weight (1/N),4.014312504293859
2021-06-15,0.012393322406613469,Crypto,Equal-weight (1/N),4.0640631734004735
2021-06-16,-0.06931794261698104,Crypto,Equal-weight (1/N),3.782350675554914
2021-06-17,0.009857307471182545,Crypto,Equal-weight (1/N),3.8196344691276938
2021-06-18,-0.0577300379138905,Crypto,Equal-weight (1/N),3.599126826407749
2021-06-19,-0.019957523844990843,Crypto,Equal-weight (1/N),3.52729716694857
2021-06-20,0.010979299105752944,Crypto,Equal-weight (1/N),3.5660244175793734
2021-06-21,-0.18768992112529975,Crypto,Equal-weight (1/N),2.8967175759130077
2021-06-22,-0.03174343261638164,Crypto,Equal-weight (1/N),2.8047658167333247
2021-06-23,0.0818916449508361,Crypto,Equal-weight (1/N),3.0344527031674917
2021-06-24,0.060706007935480304,Crypto,Equal-weight (1/N),3.2186622130458167
2021-06-25,-0.08012658694113757,Crypto,Equal-weight (1/N),2.9607617953980467
2021-06-26,0.012000107318303649,Crypto,Equal-weight (1/N),2.9962912546867564
2021-06-27,0.05398666620402333,Crypto,Equal-weight (1/N),3.1580510305035645
2021-06-28,0.01783018959553724,Crypto,Equal-weight (1/N),3.214359679129825
2021-06-29,0.07125338589155049,Crypto,Equal-weight (1/N),3.443393689741103
2021-06-30,0.009715609694382283,Crypto,Equal-weight (1/N),3.476848358854726
2021-07-01,-0.052857881690813346,Crypto,Equal-weight (1/N),3.293069519645484
2021-07-02,0.0066860954046165915,Crypto,Equal-weight (1/N),3.3150872966278686
2021-07-03,0.022580575165100043,Crypto,Equal-weight (1/N),3.3899438745082424
2021-07-04,0.02193925610721183,Crypto,Equal-weight (1/N),3.4643167213601527
2021-07-05,-0.04748763759147955,Crypto,Equal-weight (1/N),3.299804504394099
2021-07-06,0.01814720806521399,Crypto,Equal-weight (1/N),3.359686743309869
2021-07-07,-0.013438759111609203,Crypto,Equal-weight (1/N),3.314536722476061
2021-07-08,-0.05013691830517991,Crypto,Equal-weight (1/N),3.14835606560176
2021-07-09,0.03211209925567648,Crypto,Equal-weight (1/N),3.249456388072575
2021-07-10,-0.01645224974023969,Crypto,Equal-weight (1/N),3.1959955200559875
2021-07-11,0.011145169885343652,Crypto,Equal-weight (1/N),3.231615433079809
2021-07-12,-0.021138746977014573,Crypto,Equal-weight (1/N),3.1633031321129197
2021-07-13,-0.033091580497293105,Crypto,Equal-weight (1/N),3.0586244318792657
2021-07-14,0.004873767237775257,Crypto,Equal-weight (1/N),3.0735314554280175
2021-07-15,-0.03359344370394679,Crypto,Equal-weight (1/N),2.970280949507787
2021-07-16,-0.024211746396026197,Crypto,Equal-weight (1/N),2.8983652604333563
2021-07-17,-0.0021712537709931467,Crypto,Equal-weight (1/N),2.892072173931925
2021-07-18,0.002845497434809492,Crypto,Equal-weight (1/N),2.9003015578841325
2021-07-19,-0.04873779067684788,Crypto,Equal-weight (1/N),2.75894726765624
2021-07-20,-0.03978059603760933,Crypto,Equal-weight (1/N),2.649194700912541
2021-07-21,0.08403755994558004,Crypto,Equal-weight (1/N),2.8718265593979915
2021-07-22,0.03456012906450562,Crypto,Equal-weight (1/N),2.9710772559416614
2021-07-23,0.030094808999921736,Crypto,Equal-weight (1/N),3.0604912584832373
2021-07-24,0.020183893518800428,Crypto,Equal-weight (1/N),3.122263888159682
2021-07-25,-0.0010969836537202892,Crypto,Equal-weight (1/N),3.11883881571177
2021-07-26,0.02440045544978696,Crypto,Equal-weight (1/N),3.1949399032896113
2021-07-27,0.027187915098256785,Crypto,Equal-weight (1/N),3.281803658124282
2021-07-28,0.025537003755347284,Crypto,Equal-weight (1/N),3.3656110904661145
2021-07-29,0.018549160082925314,Crypto,Equal-weight (1/N),3.4280403493600393
2021-07-30,0.029352877607582567,Crypto,Equal-weight (1/N),3.5286631981686596
2021-07-31,0.004510025780067699,Crypto,Equal-weight (1/N),3.544577560161576
2021-08-01,-0.022758807451950847,Crypto,Equal-weight (1/N),3.4639072019713533
2021-08-02,0.010521937802251365,Crypto,Equal-weight (1/N),3.5003542181032667
2021-08-03,-0.015478056559122051,Crypto,Equal-weight (1/N),3.446175537538503
2021-08-04,0.035792952790395974,Crypto,Equal-weight (1/N),3.569524335861036
2021-08-05,0.016563109631113317,Crypto,Equal-weight (1/N),3.628646758766829
2021-08-06,0.022344138627975095,Crypto,Equal-weight (1/N),3.7097257449766676
2021-08-07,0.07046284962276333,Crypto,Equal-weight (1/N),3.971123592286652
2021-08-08,-0.045006426315019735,Crypto,Equal-weight (1/N),3.7923975109425667
2021-08-09,0.05321713411367008,Crypto,Equal-weight (1/N),3.9942180378947456
2021-08-10,0.01865412143785987,Crypto,Equal-weight (1/N),4.068726666222925
2021-08-11,0.06303866999996552,Crypto,Equal-weight (1/N),4.325213783855011
2021-08-12,-0.021396857726831815,Crypto,Equal-weight (1/N),4.232667799883733
2021-08-13,0.10170474778721936,Crypto,Equal-weight (1/N),4.663150210937992
2021-08-14,0.04765728939512953,Crypto,Equal-weight (1/N),4.885383310033624
2021-08-15,0.017884584242388875,Crypto,Equal-weight (1/N),4.972756359398281
2021-08-16,-0.045386548201094445,Crypto,Equal-weight (1/N),4.747060113200153
2021-08-17,-0.066262921474161,Crypto,Equal-weight (1/N),4.432506041686049
2021-08-18,0.01538536588130484,Crypto,Equal-weight (1/N),4.500701768908483
2021-08-19,0.06510466016680454,Crypto,Equal-weight (1/N),4.793718428085406
2021-08-20,0.03682903786073069,Crypto,Equal-weight (1/N),4.970266465567047
2021-08-21,-0.023942933665413862,Crypto,Equal-weight (1/N),4.851263705282544
2021-08-22,0.022268585317769245,Crypto,Equal-weight (1/N),4.9592944850026255
2021-08-23,0.023892907468608608,Crypto,Equal-weight (1/N),5.077786449242374
2021-08-24,-0.06837301979596562,Crypto,Equal-weight (1/N),4.730602855828638
2021-08-25,0.021042778331537268,Crypto,Equal-weight (1/N),4.830147883098378
2021-08-26,-0.06272903909830156,Crypto,Equal-weight (1/N),4.527157347688921
2021-08-27,0.07860740616821743,Crypto,Equal-weight (1/N),4.883025444106134
2021-08-28,-0.012880261856615812,Crypto,Equal-weight (1/N),4.820130797733529
2021-08-29,1.8198130666776096e-05,Crypto,Equal-weight (1/N),4.820218515103617
2021-08-30,-0.03464356349668349,Crypto,Equal-weight (1/N),4.653228968907736
2021-08-31,0.033953656031245394,Crypto,Equal-weight (1/N),4.811223104752656
2021-09-01,0.055449157188527144,Crypto,Equal-weight (1/N),5.0780013709571605
2021-09-02,0.011597521090060684,Crypto,Equal-weight (1/N),5.136893598952193
2021-09-03,0.04638324818859847,Crypto,Equal-weight (1/N),5.3751594096708155
2021-09-04,-0.009982250785505353,Crypto,Equal-weight (1/N),5.3215032204314126
2021-09-05,0.05728278859763468,Crypto,Equal-weight (1/N),5.626333764429017
2021-09-06,0.005332121877868979,Crypto,Equal-weight (1/N),5.656334061786522
2021-09-07,-0.16918104782461926,Crypto,Equal-weight (1/N),4.699389538367393
2021-09-08,0.0004560030533264786,Crypto,Equal-weight (1/N),4.70153247434566
2021-09-09,0.0024288129228746368,Crypto,Equal-weight (1/N),4.712951617176666
2021-09-10,-0.041956373473458486,Crypto,Equal-weight (1/N),4.515213258964061
2021-09-11,0.02934661779993332,Crypto,Equal-weight (1/N),4.647719496760071
2021-09-12,0.040695432862280605,Crypto,Equal-weight (1/N),4.836860453503183
2021-09-13,-0.043654446029462016,Crypto,Equal-weight (1/N),4.625709989883689
2021-09-14,0.04188838917185747,Crypto,Equal-weight (1/N),4.8194735301360865
2021-09-15,0.033237122993513335,Crypto,Equal-weight (1/N),4.979658964621201
2021-09-16,-0.0229956954962776,Crypto,Equal-weight (1/N),4.865148243395463
2021-09-17,-0.030351747066181142,Crypto,Equal-weight (1/N),4.717482494472448
2021-09-18,0.014803654626692803,Crypto,Equal-weight (1/N),4.787318476028087
2021-09-19,-0.036275231539318914,Crypto,Equal-weight (1/N),4.613657389857709
2021-09-20,-0.11455086799587907,Crypto,Equal-weight (1/N),4.085158931213906
2021-09-21,-0.053066491620967784,Crypto,Equal-weight (1/N),3.8683738790203215
2021-09-22,0.1084500959645397,Crypto,Equal-weight (1/N),4.287899397426794
2021-09-23,0.016122493568748304,Crypto,Equal-weight (1/N),4.357031027885247
2021-09-24,-0.06274024907945294,Crypto,Equal-weight (1/N),4.083669815948822
2021-09-25,-0.004623144202073936,Crypto,Equal-weight (1/N),4.064790421516034
2021-09-26,-0.006632740083067718,Crypto,Equal-weight (1/N),4.037829723157975
2021-09-27,-0.030804181885445116,Crypto,Equal-weight (1/N),3.91344768194336
2021-09-28,-0.03321084554869752,Crypto,Equal-weight (1/N),3.783478775415431
2021-09-29,0.025318513427584656,Crypto,Equal-weight (1/N),3.8792708335937682
2021-09-30,0.04035634165545934,Crypto,Equal-weight (1/N),4.0358240127283365
2021-10-01,0.08583803887920277,Crypto,Equal-weight (1/N),4.382251231242532
2021-10-02,0.013205110179119484,Crypto,Equal-weight (1/N),4.440119341583672
2021-10-03,0.015996784410448606,Crypto,Equal-weight (1/N),4.511146973447648
2021-10-04,-0.014842439426198555,Crypto,Equal-weight (1/N),4.444190547751572
2021-10-05,0.03922446252072277,Crypto,Equal-weight (1/N),4.618511533326804
2021-10-06,0.026834988919051603,Crypto,Equal-weight (1/N),4.742449239146141
2021-10-07,-0.0071946468699734195,Crypto,Equal-weight (1/N),4.70832899157171
2021-10-08,-0.010017456880233179,Crypto,Equal-weight (1/N),4.661163508920689
2021-10-09,0.038863991237798615,Crypto,Equal-weight (1/N),4.842314926689329
2021-10-10,-0.03956780230390626,Crypto,Equal-weight (1/N),4.650715166976831
2021-10-11,0.016784502239875446,Crypto,Equal-weight (1/N),4.728775106113976
2021-10-12,-0.02463160003597893,Crypto,Equal-weight (1/N),4.612297809040083
2021-10-13,0.03214908014140999,Crypto,Equal-weight (1/N),4.760578940938962
2021-10-14,0.008362974865736944,Crypto,Equal-weight (1/N),4.800391542968391
2021-10-15,0.02127522044759008,Crypto,Equal-weight (1/N),4.902520931279791
2021-10-16,0.0034020009640285663,Crypto,Equal-weight (1/N),4.919199312214175
2021-10-17,-0.015441833236591488,Crypto,Equal-weight (1/N),4.843237856777408
2021-10-18,-0.0051208262854508056,Crypto,Equal-weight (1/N),4.818436477053732
2021-10-19,0.01340226914958029,Crypto,Equal-weight (1/N),4.883014459599361
2021-10-20,0.05120821676749571,Crypto,Equal-weight (1/N),5.1330649225253415
2021-10-21,-0.03537977017451316,Crypto,Equal-weight (1/N),4.95145826527554
2021-10-22,-0.010277787646723735,Crypto,Equal-weight (1/N),4.900568228683423
2021-10-23,0.01984587208491522,Crypto,Equal-weight (1/N),4.997824278893274
2021-10-24,-0.014748330631815198,Crypto,Equal-weight (1/N),4.924114713988443
2021-10-25,0.01928361845895827,Crypto,Equal-weight (1/N),5.019069463381138
2021-10-26,-0.01418956638039906,Crypto,Equal-weight (1/N),4.9478510440626575
2021-10-27,-0.09028086779685993,Crypto,Equal-weight (1/N),4.5011547580750815
2021-10-28,0.05700979135719281,Crypto,Equal-weight (1/N),4.757764651699377
2021-10-29,0.029522239246540398,Crypto,Equal-weight (1/N),4.898224518025579
2021-10-30,-0.010839313929972606,Crypto,Equal-weight (1/N),4.845131124775211
2021-10-31,0.01398833868628932,Crypto,Equal-weight (1/N),4.912906459928049
2021-11-01,-0.004326641926342823,Crypto,Equal-weight (1/N),4.891650072858324
2021-11-02,0.033021467433869245,Crypto,Equal-weight (1/N),5.053179536437098
2021-11-03,0.016542008029367172,Crypto,Equal-weight (1/N),5.136769272902675
2021-11-04,-0.025392087126471376,Crypto,Equal-weight (1/N),5.00633597997655
2021-11-05,-0.01038643240384535,Crypto,Equal-weight (1/N),4.954338009729584
2021-11-06,-0.004198260706764585,Crypto,Equal-weight (1/N),4.933538407135306
2021-11-07,0.02397336886852978,Crypto,Equal-weight (1/N),5.051811943196619
2021-11-08,0.06044830975262812,Crypto,Equal-weight (1/N),5.357185436350995
2021-11-09,0.05767688846016249,Crypto,Equal-weight (1/N),5.6661712232238175
2021-11-10,-0.05141632349133923,Crypto,Equal-weight (1/N),5.374837530653225
2021-11-11,0.011466028512698692,Crypto,Equal-weight (1/N),5.436465571030817
2021-11-12,-0.02158432611196184,Crypto,Equal-weight (1/N),5.319123125249235
2021-11-13,0.01240141864129842,Crypto,Equal-weight (1/N),5.385087797930063
2021-11-14,0.013546480301253192,Crypto,Equal-weight (1/N),5.458036783705242
2021-11-15,-0.015806124727361554,Crypto,Equal-weight (1/N),5.371766373535469
2021-11-16,-0.087107272011969,Crypto,Equal-weight (1/N),4.9038464588511665
2021-11-17,0.004875488068052185,Crypto,Equal-weight (1/N),4.927755103748855
2021-11-18,-0.06803270189568023,Crypto,Equal-weight (1/N),4.592506609760592
2021-11-19,0.05022773536757213,Crypto,Equal-weight (1/N),4.823177816429474
2021-11-20,0.016258540192956687,Crypto,Equal-weight (1/N),4.901595646815669
2021-11-21,-0.01879129034768216,Crypto,Equal-weight (1/N),4.809488339849421
2021-11-22,-0.03722485195500029,Crypto,Equal-weight (1/N),4.630455848419226
2021-11-23,0.02276109844030042,Crypto,Equal-weight (1/N),4.735850109808561
2021-11-24,-0.02499393027984772,Crypto,Equal-weight (1/N),4.617482602348196
2021-11-25,0.009927629143091699,Crypto,Equal-weight (1/N),4.663323257198987
2021-11-26,-0.06756615427206174,Crypto,Equal-weight (1/N),4.348240438582587
2021-11-27,0.011245581073994456,Crypto,Equal-weight (1/N),4.397138928963888
2021-11-28,0.021635863394063013,Crypto,Equal-weight (1/N),4.4922748261556675
2021-11-29,0.018495569696167738,Crypto,Equal-weight (1/N),4.575362008297169
2021-11-30,0.0037759698311206433,Crypto,Equal-weight (1/N),4.592638437206955
2021-12-01,-0.004816033852340695,Crypto,Equal-weight (1/N),4.570520135021805
2021-12-02,0.0028959807188342467,Crypto,Equal-weight (1/N),4.5837562732078725
2021-12-03,-0.055149782369634456,Crypto,Equal-weight (1/N),4.330963112305012
2021-12-04,-0.09969534984332759,Crypto,Equal-weight (1/N),3.899186229665217
2021-12-05,-0.024755735840232142,Crypto,Equal-weight (1/N),3.802659005371754
2021-12-06,0.039646761491471665,Crypto,Equal-weight (1/N),3.953422119991125
2021-12-07,-0.005737168707727017,Crypto,Equal-weight (1/N),3.930740670315876
2021-12-08,0.036518387677673236,Crypto,Equal-weight (1/N),4.074284981974868
2021-12-09,-0.06978269783647252,Crypto,Equal-weight (1/N),3.789970384178038
2021-12-10,-0.037803320796057666,Crypto,Equal-weight (1/N),3.646696917937398
2021-12-11,0.061488830376714806,Crypto,Equal-weight (1/N),3.870928046159739
2021-12-12,0.00046427637586846354,Crypto,Equal-weight (1/N),3.8727252266042576
2021-12-13,-0.0802696431537091,Crypto,Equal-weight (1/N),3.5618629546323666
2021-12-14,0.011635942342404,Crypto,Equal-weight (1/N),3.6033085866040135
2021-12-15,0.04835769391365222,Crypto,Equal-weight (1/N),3.7775562803114453
2021-12-16,-0.032740853626502135,Crypto,Equal-weight (1/N),3.653875863071894
2021-12-17,-0.02524082782165887,Crypto,Equal-weight (1/N),3.5616490115303816
2021-12-18,0.0201074230567077,Crypto,Equal-weight (1/N),3.633264594984728
2021-12-19,-0.002566489655616705,Crypto,Equal-weight (1/N),3.623939858985582
2021-12-20,0.0030108256306460384,Crypto,Equal-weight (1/N),3.6348509099969353
2021-12-21,0.03390433519024901,Crypto,Equal-weight (1/N),3.7580881136160533
2021-12-22,0.005544826850801161,Crypto,Equal-weight (1/N),3.7789260614961084
2021-12-23,0.052815199691846976,Crypto,Equal-weight (1/N),3.97851079605475
2021-12-24,-0.027383883099688602,Crypto,Equal-weight (1/N),3.8695637215047376
2021-12-25,0.012383620031686176,Crypto,Equal-weight (1/N),3.91748292832025
2021-12-26,-0.0017186920522781633,Crypto,Equal-weight (1/N),3.910749981546411
2021-12-27,0.007282014685246969,Crypto,Equal-weight (1/N),3.9392281203423614
2021-12-28,-0.06656202955908416,Crypto,Equal-weight (1/N),3.6770251017561573
2021-12-29,-0.029440820402476954,Crypto,Equal-weight (1/N),3.5687704661199544
2021-12-30,0.017111888894624085,Crypto,Equal-weight (1/N),3.6298388698266146
2021-12-31,-0.015595269576255209,Crypto,Equal-weight (1/N),3.573230554133299
2022-01-01,0.029122690504778358,Crypto,Equal-weight (1/N),3.6772926416635405
2022-01-02,0.015533383540770012,Crypto,Equal-weight (1/N),3.734413438658152
2022-01-03,-0.020677332852268925,Crypto,Equal-weight (1/N),3.657195728979031
2022-01-04,-0.011899726521881674,Crypto,Equal-weight (1/N),3.613676099967187
2022-01-05,-0.06210983361491226,Crypto,Equal-weight (1/N),3.3892312786600396
2022-01-06,-0.0009292952176444308,Crypto,Equal-weight (1/N),3.38608168224129
2022-01-07,-0.040415107130955946,Crypto,Equal-weight (1/N),3.249232828299341
2022-01-08,-0.020804199673583688,Crypto,Equal-weight (1/N),3.181635139753438
2022-01-09,0.009360341562123575,Crypto,Equal-weight (1/N),3.2114163313875848
2022-01-10,-0.030122972020358966,Crypto,Equal-weight (1/N),3.1146789270914725
2022-01-11,0.034130790610882616,Crypto,Equal-weight (1/N),3.22098538137216
2022-01-12,0.05413123621162197,Crypto,Equal-weight (1/N),3.3953413018853973
2022-01-13,-0.03474498354737374,Crypto,Equal-weight (1/N),3.2773702242136706
2022-01-14,0.025598371641136965,Crypto,Equal-weight (1/N),3.3612655652186887
2022-01-15,0.008823224156351327,Crypto,Equal-weight (1/N),3.390922764749638
2022-01-16,0.006686067891792396,Crypto,Equal-weight (1/N),3.4135947045705786
2022-01-17,0.002658625789381707,Crypto,Equal-weight (1/N),3.4226701754866466
2022-01-18,-0.01814225683648428,Crypto,Equal-weight (1/N),3.360575214096393
2022-01-19,-0.030382424091961468,Crypto,Equal-weight (1/N),3.258472792748782
2022-01-20,-0.04301245358132802,Crypto,Equal-weight (1/N),3.118317883004655
2022-01-21,-0.1153660961888064,Crypto,Equal-weight (1/N),2.7585697221666647
2022-01-22,-0.05866485955184994,Crypto,Equal-weight (1/N),2.5967386168517717
2022-01-23,0.03864342468289457,Crypto,Equal-weight (1/N),2.697085490013247
2022-01-24,-0.028686502525453163,Crypto,Equal-weight (1/N),2.619715540292619
2022-01-25,0.00022355142306027887,Crypto,Equal-weight (1/N),2.620301181429664
2022-01-26,0.005290390934254094,Crypto,Equal-weight (1/N),2.634163599044915
2022-01-27,-0.008864697005926733,Crypto,Equal-weight (1/N),2.6108125368753403
2022-01-28,0.02488044351196162,Crypto,Equal-weight (1/N),2.675770710719388
2022-01-29,0.014776244795502646,Crypto,Equal-weight (1/N),2.715308553757614
2022-01-30,-0.01730398062997084,Crypto,Equal-weight (1/N),2.668322907138998
2022-01-31,0.014633622294132034,Crypto,Equal-weight (1/N),2.7073701367208507
2022-02-01,0.023033684182255224,Crypto,Equal-weight (1/N),2.7697308454145477
2022-02-02,-0.03932310586815733,Crypto,Equal-weight (1/N),2.6608164261540104
2022-02-03,0.015645292484482893,Crypto,Equal-weight (1/N),2.7024456773887064
2022-02-04,0.0869634171319359,Crypto,Equal-weight (1/N),2.937459588107858
2022-02-05,0.00923296485579684,Crypto,Equal-weight (1/N),2.9645810492501816
2022-02-06,0.02450121645760349,Crypto,Equal-weight (1/N),3.0372168912439697
2022-02-07,0.07047949398482858,Crypto,Equal-weight (1/N),3.2512784008610187
2022-02-08,-0.0018289637445453987,Crypto,Equal-weight (1/N),3.24533193054242
2022-02-09,0.019444109971459414,Crypto,Equal-weight (1/N),3.308434521493776
2022-02-10,-0.02620457570220089,Crypto,Equal-weight (1/N),3.221738398619517
2022-02-11,-0.060260009272664415,Crypto,Equal-weight (1/N),3.027596412844606
2022-02-12,0.005496373818632155,Crypto,Equal-weight (1/N),3.0442372145015497
2022-02-13,-0.0006777161083484937,Crypto,Equal-weight (1/N),3.042174085903648
2022-02-14,-0.005703055222069004,Crypto,Equal-weight (1/N),3.024824399096592
2022-02-15,0.055405485168744634,Crypto,Equal-weight (1/N),3.1924162624787953
2022-02-16,-0.01590139532464463,Crypto,Equal-weight (1/N),3.1416523894482955
2022-02-17,-0.07825607659728477,Crypto,Equal-weight (1/N),2.895798999417587
2022-02-18,-0.00718772478944096,Crypto,Equal-weight (1/N),2.8749847931642347
2022-02-19,0.00654325950951297,Crypto,Equal-weight (1/N),2.8937965647518116
2022-02-20,-0.043278622200302846,Crypto,Equal-weight (1/N),2.7685570365013836
2022-02-21,-0.06340670448655748,Crypto,Equal-weight (1/N),2.593011958633761
2022-02-22,0.03915387632594673,Crypto,Equal-weight (1/N),2.694538428173808
2022-02-23,-0.021009490073956735,Crypto,Equal-weight (1/N),2.6379275498131958
2022-02-24,0.0023621010281470907,Crypto,Equal-weight (1/N),2.6441586011907874
2022-02-25,0.04292477140997703,Crypto,Equal-weight (1/N),2.757658504718626
2022-02-26,0.002783707727839891,Crypto,Equal-weight (1/N),2.765335020008955
2022-02-27,-0.04156077074680926,Crypto,Equal-weight (1/N),2.6504055652042395
2022-02-28,0.100499698693377,Crypto,Equal-weight (1/N),2.9167705259225154
2022-03-01,0.003119622193887295,Crypto,Equal-weight (1/N),2.92586974798966
2022-03-02,-0.018906186104654513,Crypto,Equal-weight (1/N),2.870552710016189
2022-03-03,-0.01959682932097665,Crypto,Equal-weight (1/N),2.8142989785011348
2022-03-04,-0.06971800084746718,Crypto,Equal-weight (1/N),2.6180916799329665
2022-03-05,0.025353018036546646,Crypto,Equal-weight (1/N),2.68446820551564
2022-03-06,-0.03675708190506366,Crypto,Equal-weight (1/N),2.585794987813962
2022-03-07,-0.01750401966225548,Crypto,Equal-weight (1/N),2.540533181504705
2022-03-08,0.019065874781533827,Crypto,Equal-weight (1/N),2.5889706690216054
2022-03-09,0.06076424263829433,Crypto,Equal-weight (1/N),2.746287510937462
2022-03-10,-0.045142272179312604,Crypto,Equal-weight (1/N),2.6223138526360756
2022-03-11,0.007942974203140754,Crypto,Equal-weight (1/N),2.6431428239201025
2022-03-12,-0.0006615723421764046,Crypto,Equal-weight (1/N),2.641394193731375
2022-03-13,-0.026993478010026356,Crypto,Equal-weight (1/N),2.5700937776470756
2022-03-14,0.02563331249375682,Crypto,Equal-weight (1/N),2.635973794587763
2022-03-15,0.0028525006024855883,Crypto,Equal-weight (1/N),2.6434929114249606
2022-03-16,0.0410790576923301,Crypto,Equal-weight (1/N),2.7520851092426524
2022-03-17,-0.0020842707183885882,Crypto,Equal-weight (1/N),2.7463490188349446
2022-03-18,0.02264603090076324,Crypto,Equal-weight (1/N),2.8085429235797617
2022-03-19,0.04762864572076379,Crypto,Equal-weight (1/N),2.9423100194785
2022-03-20,0.0007667757982473067,Crypto,Equal-weight (1/N),2.9445661115923767
2022-03-21,0.023408826779020262,Crypto,Equal-weight (1/N),3.013494949638016
2022-03-22,0.06603295898808584,Crypto,Equal-weight (1/N),3.212484938058267
2022-03-23,0.009967880366907964,Crypto,Equal-weight (1/N),3.2445066036013253
2022-03-24,0.0262845445027089,Crypto,Equal-weight (1/N),3.329786981813017
2022-03-25,-0.011573364630100634,Crypto,Equal-weight (1/N),3.2912501429319327
2022-03-26,0.008402987483941521,Crypto,Equal-weight (1/N),3.3189064766895107
2022-03-27,0.041397041360058284,Crypto,Equal-weight (1/N),3.456299385375192
2022-03-28,0.0037587881027871563,Crypto,Equal-weight (1/N),3.469290882384611
2022-03-29,0.015112494742400001,Crypto,Equal-weight (1/N),3.5217205226045047
2022-03-30,0.009346896128156723,Crypto,Equal-weight (1/N),3.5546376785216864
2022-03-31,-0.03154272228279541,Crypto,Equal-weight (1/N),3.442514729412116
2022-04-01,0.01314246889255092,Crypto,Equal-weight (1/N),3.4877578721555635
2022-04-02,-0.010164723709190478,Crypto,Equal-weight (1/N),3.452305777020548
2022-04-03,0.019175007399507712,Crypto,Equal-weight (1/N),3.5185037658402796
2022-04-04,-0.006544536688453463,Crypto,Equal-weight (1/N),3.4954767888562763
2022-04-05,-0.028529944757126623,Crypto,Equal-weight (1/N),3.395751029170388
2022-04-06,-0.09124716475469033,Crypto,Equal-weight (1/N),3.0858983755457685
2022-04-07,0.03506873213204701,Crypto,Equal-weight (1/N),3.1941169190645025
2022-04-08,-0.04172381540517295,Crypto,Equal-weight (1/N),3.0608461743509157
2022-04-09,0.018362833934442074,Crypto,Equal-weight (1/N),3.117051984349394
2022-04-10,-0.01689368275730239,Crypto,Equal-weight (1/N),3.0643934969877753
2022-04-11,-0.08024391032120566,Crypto,Equal-weight (1/N),2.818494580026602
2022-04-12,0.028025388219357437,Crypto,Equal-weight (1/N),2.897483984826003
2022-04-13,0.036505405969364704,Crypto,Equal-weight (1/N),3.0032578139818087
2022-04-14,-0.023580661734903925,Crypto,Equal-weight (1/N),2.9324390073675968
2022-04-15,0.03111574865810865,Crypto,Equal-weight (1/N),3.0236840424760802
2022-04-16,0.014085636191893191,Crypto,Equal-weight (1/N),3.0662745558576314
2022-04-17,-0.03872011169463009,Crypto,Equal-weight (1/N),2.947548062568422
2022-04-18,0.02243902187752503,Crypto,Equal-weight (1/N),3.013688158029451
2022-04-19,0.02115004726511601,Crypto,Equal-weight (1/N),3.077427805014094
2022-04-20,-0.0116293175622991,Crypto,Equal-weight (1/N),3.041639419794536
2022-04-21,-0.022028913233882716,Crypto,Equal-weight (1/N),2.9746354089271247
2022-04-22,-0.013081005100776632,Crypto,Equal-weight (1/N),2.9357241879699982
2022-04-23,-0.012451070216792415,Crypto,Equal-weight (1/N),2.899171279968448
2022-04-24,-0.013706615650983134,Crypto,Equal-weight (1/N),2.8594334535275516
2022-04-25,0.010266560704494405,Crypto,Equal-weight (1/N),2.8887900006586547
2022-04-26,-0.06779230213358517,Crypto,Equal-weight (1/N),2.6929522761335236
2022-04-27,0.02456718396841278,Crypto,Equal-weight (1/N),2.7591105301194516
2022-04-28,0.009301843866554417,Crypto,Equal-weight (1/N),2.7847753454811888
2022-04-29,-0.03557352721189387,Crypto,Equal-weight (1/N),2.6857110639497024
2022-04-30,-0.051366495005846245,Crypto,Equal-weight (1/N),2.547755499996184
2022-05-01,0.047335770451658335,Crypto,Equal-weight (1/N),2.6683554695109537
2022-05-02,-0.0034377967756839354,Crypto,Equal-weight (1/N),2.6591822056814904
2022-05-03,-0.01038276963654633,Crypto,Equal-weight (1/N),2.631572529418296
2022-05-04,0.09903910800710858,Crypto,Equal-weight (1/N),2.8922011253878943
2022-05-05,-0.08935104073891581,Crypto,Equal-weight (1/N),2.6337799448082224
2022-05-06,0.012308137026463238,Crypto,Equal-weight (1/N),2.666196869266473
2022-05-07,-0.02630226575113037,Crypto,Equal-weight (1/N),2.5960698506661943
2022-05-08,-0.01663422055399129,Crypto,Equal-weight (1/N),2.5528862521966453
2022-05-09,-0.13996664810367726,Crypto,Equal-weight (1/N),2.195567320486722
2022-05-10,0.03611480039212944,Crypto,Equal-weight (1/N),2.2748597960135823
2022-05-11,-0.13982875192704688,Crypto,Equal-weight (1/N),1.9567689899279865
2022-05-12,-0.05104619300945697,Crypto,Equal-weight (1/N),1.8568833823932023
2022-05-13,0.0675456784849309,Crypto,Equal-weight (1/N),1.9823078303243444
2022-05-14,0.01895234970551799,Crypto,Equal-weight (1/N),2.019877221548638
2022-05-15,0.039237719406513265,Crypto,Equal-weight (1/N),2.0991325972033708
2022-05-16,-0.05886220316791688,Crypto,Equal-weight (1/N),1.975573027790389
2022-05-17,0.04361504155793239,Crypto,Equal-weight (1/N),2.061737727498197
2022-05-18,-0.07648906908696562,Crypto,Equal-weight (1/N),1.9040373280203842
2022-05-19,0.04676698996567687,Crypto,Equal-weight (1/N),1.9930834226341876
2022-05-20,-0.031792772298017365,Crypto,Equal-weight (1/N),1.9297177752074257
2022-05-21,0.017542226545354745,Crypto,Equal-weight (1/N),1.9635693215887122
2022-05-22,0.03596375236663422,Crypto,Equal-weight (1/N),2.0341866424250488
2022-05-23,-0.03166886341711295,Crypto,Equal-weight (1/N),1.9697662634811743
2022-05-24,0.0350108457929507,Crypto,Equal-weight (1/N),2.0387294463800707
2022-05-25,-0.005380294864427176,Crypto,Equal-weight (1/N),2.027760480809756
2022-05-26,-0.04888619171571611,Crypto,Equal-weight (1/N),1.9286309931913375
2022-05-27,-0.026625540272920488,Crypto,Equal-weight (1/N),1.8772801510105188
2022-05-28,0.016737137278619495,Crypto,Equal-weight (1/N),1.9087004466084097
2022-05-29,0.025155455185945058,Crypto,Equal-weight (1/N),1.9567146751564606
2022-05-30,0.0781947726267209,Crypto,Equal-weight (1/N),2.1097195342756883
2022-05-31,0.010869457811169648,Crypto,Equal-weight (1/N),2.1326510417468985
2022-06-01,-0.0710803050374161,Crypto,Equal-weight (1/N),1.9810615551611657
2022-06-02,0.02376824046478411,Crypto,Equal-weight (1/N),2.0281479025797755
2022-06-03,-0.026232300382332742,Crypto,Equal-weight (1/N),1.9749449175795049
2022-06-04,0.006966110552448512,Crypto,Equal-weight (1/N),1.98870260221036
2022-06-05,-0.0041454721662176185,Crypto,Equal-weight (1/N),1.9804584909260123
2022-06-06,0.028935268659901363,Crypto,Equal-weight (1/N),2.0377635894307393
2022-06-07,-0.01185178189019458,Crypto,Equal-weight (1/N),2.0136124598250262
2022-06-08,-0.013353960643774407,Crypto,Equal-weight (1/N),1.9867227582847091
2022-06-09,-0.00624839484697207,Crypto,Equal-weight (1/N),1.974308930039481
2022-06-10,-0.052615484243620836,Crypto,Equal-weight (1/N),1.8704297096389486
2022-06-11,-0.05839705019214692,Crypto,Equal-weight (1/N),1.76120213200428
2022-06-12,-0.057333533804463876,Crypto,Equal-weight (1/N),1.660226190032519
2022-06-13,-0.12700009164058357,Crypto,Equal-weight (1/N),1.4493773117542923
2022-06-14,0.01045469750789893,Crypto,Equal-weight (1/N),1.4645301131234951
2022-06-15,0.0663535256365917,Crypto,Equal-weight (1/N),1.5617068495301956
2022-06-16,-0.10583669931097578,Crypto,Equal-weight (1/N),1.3964209512845769
2022-06-17,0.03503453587942809,Crypto,Equal-weight (1/N),1.4453439112051416
2022-06-18,-0.041536723786775864,Crypto,Equal-weight (1/N),1.3853090603885154
2022-06-19,0.07719286877554915,Crypto,Equal-weight (1/N),1.4922450409006656
2022-06-20,0.0008443834031670026,Crypto,Equal-weight (1/N),1.4935050678466604
2022-06-21,0.0062469612305708,Crypto,Equal-weight (1/N),1.5028349361031597
2022-06-22,-0.03467508341388642,Crypto,Equal-weight (1/N),1.45072400933648
2022-06-23,0.04660051429476651,Crypto,Equal-weight (1/N),1.5183284942713255
2022-06-24,0.039535390572171134,Crypto,Equal-weight (1/N),1.578356204309199
2022-06-25,0.007558244467368572,Crypto,Equal-weight (1/N),1.5902858063579557
2022-06-26,-0.02204996262688682,Crypto,Equal-weight (1/N),1.5552200637616942
2022-06-27,-0.006618167081880745,Crypto,Equal-weight (1/N),1.544927357530626
2022-06-28,-0.042354937485265406,Crypto,Equal-weight (1/N),1.47949205588314
2022-06-29,-0.015122420457723443,Crypto,Equal-weight (1/N),1.4571185549502133
2022-06-30,-0.00607163172980763,Crypto,Equal-weight (1/N),1.448271467697886
2022-07-01,-0.022743101604300778,Crypto,Equal-weight (1/N),1.4153332825574232
2022-07-02,0.01029905701679791,Crypto,Equal-weight (1/N),1.429909880732254
2022-07-03,0.006092232651770541,Crypto,Equal-weight (1/N),1.4386212243967402
2022-07-04,0.034407816259567195,Crypto,Equal-weight (1/N),1.4881210391528967
2022-07-05,-0.018864337550294777,Crypto,Equal-weight (1/N),1.460048621554621
2022-07-06,0.01731348219061527,Crypto,Equal-weight (1/N),1.4853271473613394
2022-07-07,0.0381976112224178,Crypto,Equal-weight (1/N),1.5420630962743507
2022-07-08,-0.00976138351006452,Crypto,Equal-weight (1/N),1.5270104269948992
2022-07-09,0.01363302523192627,Crypto,Equal-weight (1/N),1.5478281986755353
2022-07-10,-0.03980870909771142,Crypto,Equal-weight (1/N),1.4862111561812263
2022-07-11,-0.05601117933721329,Crypto,Equal-weight (1/N),1.4029667165793924
2022-07-12,-0.023744814569308756,Crypto,Equal-weight (1/N),1.369653532047303
2022-07-13,0.04419457275180465,Crypto,Equal-weight (1/N),1.4301847847141338
2022-07-14,0.023393174297318933,Crypto,Equal-weight (1/N),1.4636413466603253
2022-07-15,0.013530179044921124,Crypto,Equal-weight (1/N),1.483444676138189
2022-07-16,0.05204064234645277,Crypto,Equal-weight (1/N),1.560644089969846
2022-07-17,8.492324944505032e-05,Crypto,Equal-weight (1/N),1.5607766249371935
2022-07-18,0.11449484682376383,Crypto,Equal-weight (1/N),1.7394775055354885
2022-07-19,0.016200464433744538,Crypto,Equal-weight (1/N),1.767657848997215
2022-07-20,-0.03790266649553833,Crypto,Equal-weight (1/N),1.700658903068453
2022-07-21,0.02850812424190323,Crypto,Equal-weight (1/N),1.7491414983702271
2022-07-22,-0.009543388956063423,Crypto,Equal-weight (1/N),1.7324487607120884
2022-07-23,0.007830728643755776,Crypto,Equal-weight (1/N),1.7460150968464359
2022-07-24,0.01973930982095301,Crypto,Equal-weight (1/N),1.780480229795149
2022-07-25,-0.07483751989264331,Crypto,Equal-weight (1/N),1.6472335051793965
2022-07-26,0.006960387253387449,Crypto,Equal-weight (1/N),1.6586988882721998
2022-07-27,0.12135708572219181,Crypto,Equal-weight (1/N),1.8599937514435532
2022-07-28,0.09243342603978585,Crypto,Equal-weight (1/N),2.031919346302075
2022-07-29,-0.005727817331222408,Crypto,Equal-weight (1/N),2.0202808834546797
2022-07-30,-0.00994657195075236,Crypto,Equal-weight (1/N),2.000186014286668
2022-07-31,-0.021450323957659237,Crypto,Equal-weight (1/N),1.95728137630464
2022-08-01,-0.012699082640371007,Crypto,Equal-weight (1/N),1.9324256983564883
2022-08-02,-0.018786574523241048,Crypto,Equal-weight (1/N),1.896122038963688
2022-08-03,-0.005919092520044784,Crypto,Equal-weight (1/N),1.884898717185766
2022-08-04,0.001291545972862478,Crypto,Equal-weight (1/N),1.887333150533201
2022-08-05,0.04537539473907407,Crypto,Equal-weight (1/N),1.9729716372427852
2022-08-06,-0.00933909682050804,Crypto,Equal-weight (1/N),1.9545458640984585
2022-08-07,0.006383834393511209,Crypto,Equal-weight (1/N),1.9670233612093853
2022-08-08,0.023081434620899087,Crypto,Equal-weight (1/N),2.012425082318921
2022-08-09,-0.04372071297256973,Crypto,Equal-weight (1/N),1.9244404229160554
2022-08-10,0.04962703924645055,Crypto,Equal-weight (1/N),2.0199447033115665
2022-08-11,0.013205672711347045,Crypto,Equal-weight (1/N),2.046619431958518
2022-08-12,0.014572452750824949,Crypto,Equal-weight (1/N),2.0764436969296534
2022-08-13,0.007883917084293484,Crypto,Equal-weight (1/N),2.0928142068664504
2022-08-14,-0.01338354536225819,Crypto,Equal-weight (1/N),2.064804932994075
2022-08-15,-0.016641079554927586,Crypto,Equal-weight (1/N),2.0304443498387137
2022-08-16,0.000801009128748387,Crypto,Equal-weight (1/N),2.03207075429835
2022-08-17,-0.006229210921159606,Crypto,Equal-weight (1/N),2.019412556963106
2022-08-18,-0.017012208084407884,Crypto,Equal-weight (1/N),1.9850578903357834
2022-08-19,-0.10925470030581663,Crypto,Equal-weight (1/N),1.7681809854374508
2022-08-20,0.014892169048395867,Crypto,Equal-weight (1/N),1.7945130355807446
2022-08-21,0.03279410812491895,Crypto,Equal-weight (1/N),1.853362490101156
2022-08-22,0.025347282181931857,Crypto,Equal-weight (1/N),1.900340192123158
2022-08-23,0.01222844899449263,Crypto,Equal-weight (1/N),1.9235784052347202
2022-08-24,-0.00805958360989279,Crypto,Equal-weight (1/N),1.9080751642475469
2022-08-25,0.00985807313468776,Crypto,Equal-weight (1/N),1.9268851087631806
2022-08-26,-0.07980382188364049,Crypto,Equal-weight (1/N),1.7731123127532045
2022-08-27,0.001817386103776919,Crypto,Equal-weight (1/N),1.7763347424308378
2022-08-28,-0.03497527924303536,Crypto,Equal-weight (1/N),1.714206938785214
2022-08-29,0.049042800714085635,Crypto,Equal-weight (1/N),1.7982764480667601
2022-08-30,-0.027912444798993977,Crypto,Equal-weight (1/N),1.7480821559767656
2022-08-31,0.0027395568401229653,Crypto,Equal-weight (1/N),1.7528711264042687
2022-09-01,0.024370637988418112,Crypto,Equal-weight (1/N),1.7955897140662178
2022-09-02,0.00552116423393125,Crypto,Equal-weight (1/N),1.8055034597743351
2022-09-03,0.0017424751879670805,Crypto,Equal-weight (1/N),1.8086495047547806
2022-09-04,0.009475441481042245,Crypto,Equal-weight (1/N),1.8257872572968006
2022-09-05,0.03068974490874455,Crypto,Equal-weight (1/N),1.881820202480876
2022-09-06,-0.07324070610409686,Crypto,Equal-weight (1/N),1.743994362090222
2022-09-07,0.05853995298373541,Crypto,Equal-weight (1/N),1.8460877100508832
2022-09-08,0.005049555558427211,Crypto,Equal-weight (1/N),1.8554096325085148
2022-09-09,0.05792736058310925,Crypto,Equal-weight (1/N),1.9628886153202096
2022-09-10,0.018547334884776678,Crypto,Equal-weight (1/N),1.999294967810069
2022-09-11,-0.01177334026149269,Crypto,Equal-weight (1/N),1.975756587870951
2022-09-12,-0.007998636070758708,Crypto,Equal-weight (1/N),1.9599532299601674
2022-09-13,-0.07153731222901458,Crypto,Equal-weight (1/N),1.8197434437942412
2022-09-14,0.02194979395441856,Crypto,Equal-weight (1/N),1.8596864374354292
2022-09-15,-0.04957552145845348,Crypto,Equal-weight (1/N),1.767491512550354
2022-09-16,0.01258672000786311,Crypto,Equal-weight (1/N),1.7897384333350999
2022-09-17,0.03133232905762537,Crypto,Equal-weight (1/N),1.845815106855434
2022-09-18,-0.07873613359915184,Crypto,Equal-weight (1/N),1.7004827620027319
2022-09-19,0.02274724276734054,Crypto,Equal-weight (1/N),1.7391640562116857
2022-09-20,0.002436010692995809,Crypto,Equal-weight (1/N),1.743400678449491
2022-09-21,-0.039425631461455515,Crypto,Equal-weight (1/N),1.6746660058112899
2022-09-22,0.07278172718703006,Crypto,Equal-weight (1/N),1.7965510901756405
2022-09-23,0.012949808281889297,Crypto,Equal-weight (1/N),1.8198160823620342
2022-09-24,-0.022603858410162672,Crypto,Equal-weight (1/N),1.7786812173037858
2022-09-25,-0.012103084218687277,Crypto,Equal-weight (1/N),1.7571536887325607
2022-09-26,-0.0012554281917762171,Crypto,Equal-weight (1/N),1.7549477084544423
2022-09-27,-0.016746846370668107,Crypto,Equal-weight (1/N),1.7255578687923996
2022-09-28,-0.0011219182992674333,Crypto,Equal-weight (1/N),1.7236219338429564
2022-09-29,0.028645750302138638,Crypto,Equal-weight (1/N),1.7729963773751112
2022-09-30,-0.0046520397544241995,Crypto,Equal-weight (1/N),1.7647483277431122
2022-10-01,0.0008534505682332937,Crypto,Equal-weight (1/N),1.7662544532062134
2022-10-02,-0.025430440161420674,Crypto,Equal-weight (1/N),1.72133782502411
2022-10-03,0.02147455572209049,Crypto,Equal-weight (1/N),1.7583027900641324
2022-10-04,0.024488604454256806,Crypto,Equal-weight (1/N),1.8013611716008289
2022-10-05,-0.00430797924023171,Crypto,Equal-weight (1/N),1.793600945069413
2022-10-06,-0.0060578276117783545,Crypto,Equal-weight (1/N),1.7827356197398598
2022-10-07,-0.003913023511740476,Crypto,Equal-weight (1/N),1.7757597333446005
2022-10-08,-0.0028848543018891964,Crypto,Equal-weight (1/N),1.7706369252387397
2022-10-09,0.010638807535803853,Crypto,Equal-weight (1/N),1.7894743907021424
2022-10-10,-0.04353573325433588,Crypto,Equal-weight (1/N),1.7115683109630686
2022-10-11,-0.018863594226840634,Crypto,Equal-weight (1/N),1.6792819808535424
2022-10-12,0.0019717821262591985,Crypto,Equal-weight (1/N),1.6825931590483387
2022-10-13,-0.016674129443761822,Crypto,Equal-weight (1/N),1.6545373829131786
2022-10-14,0.003049133491836871,Crypto,Equal-weight (1/N),1.6595822882609153
2022-10-15,-0.007938023448194682,Crypto,Equal-weight (1/N),1.6464084851424914
2022-10-16,0.011320552309434458,Crypto,Equal-weight (1/N),1.6650467385212435
2022-10-17,0.011701825755899935,Crypto,Equal-weight (1/N),1.6845308253308484
2022-10-18,-0.015616173608409771,Crypto,Equal-weight (1/N),1.658224899513764
2022-10-19,-0.023611829692957623,Crypto,Equal-weight (1/N),1.6190711755938234
2022-10-20,-0.002210390843786046,Crypto,Equal-weight (1/N),1.615492395491853
2022-10-21,0.012663961326254698,Crypto,Equal-weight (1/N),1.6359509287112204
2022-10-22,0.010109377491888456,Crypto,Equal-weight (1/N),1.6524893742077678
2022-10-23,0.01895304045705193,Crypto,Equal-weight (1/N),1.683809072171976
2022-10-24,-0.01985229852491019,Crypto,Equal-weight (1/N),1.650381591812266
2022-10-25,0.05179501439949158,Crypto,Equal-weight (1/N),1.7358631301248382
2022-10-26,0.023979615990061764,Crypto,Equal-weight (1/N),1.7774884613965385
2022-10-27,-0.02123289331276901,Crypto,Equal-weight (1/N),1.7397472385310278
2022-10-28,0.019714916725967438,Crypto,Equal-weight (1/N),1.7740462104628987
2022-10-29,0.01679420921327378,Crypto,Equal-weight (1/N),1.8038399136754282
2022-10-30,-0.02291232111043537,Crypto,Equal-weight (1/N),1.7625097543414767
2022-10-31,0.0008749810285461016,Crypto,Equal-weight (1/N),1.7640519169391529
2022-11-01,-0.004912792959008128,Crypto,Equal-weight (1/N),1.7553854951022894
2022-11-02,-0.014406499472374597,Crypto,Equal-weight (1/N),1.7300965348932842
2022-11-03,0.015900128175213052,Crypto,Equal-weight (1/N),1.7576052915535796
2022-11-04,0.06875929666861849,Crypto,Equal-weight (1/N),1.878456995221846
2022-11-05,0.0003063775224226052,Crypto,Equal-weight (1/N),1.8790325122220193
2022-11-06,-0.03904334343840588,Crypto,Equal-weight (1/N),1.8056688005154045
2022-11-07,-9.527256796319924e-05,Crypto,Equal-weight (1/N),1.8054967698118884
2022-11-08,-0.11768003541826744,Crypto,Equal-weight (1/N),1.593025845992858
2022-11-09,-0.14441806873640103,Crypto,Equal-weight (1/N),1.3629641298673978
2022-11-10,0.15657727354207024,Crypto,Equal-weight (1/N),1.5763733372576751
2022-11-11,-0.016847709914815764,Crypto,Equal-weight (1/N),1.5498150565541078
2022-11-12,-0.0312994228131635,Crypto,Equal-weight (1/N),1.5013067398168138
2022-11-13,-0.034561899367216854,Crypto,Equal-weight (1/N),1.4494187273559407
2022-11-14,0.02170089402837111,Crypto,Equal-weight (1/N),1.4808724095610286
2022-11-15,0.014917137485931237,Crypto,Equal-weight (1/N),1.5029627868935727
2022-11-16,-0.017980110565071976,Crypto,Equal-weight (1/N),1.4759393498100375
2022-11-17,0.007379737605382715,Crypto,Equal-weight (1/N),1.486831394933095
2022-11-18,0.002289274039767928,Crypto,Equal-weight (1/N),1.4902351594470273
2022-11-19,0.008285227144646398,Crypto,Equal-weight (1/N),1.5025820962419842
2022-11-20,-0.03989633632064677,Crypto,Equal-weight (1/N),1.4426345755809316
2022-11-21,-0.013490720894272432,Crypto,Equal-weight (1/N),1.423172395169342
2022-11-22,0.04306788203716494,Crypto,Equal-weight (1/N),1.4844654160030446
2022-11-23,0.05040292245522968,Crypto,Equal-weight (1/N),1.5592868112533163
2022-11-24,0.009562621178351601,Crypto,Equal-weight (1/N),1.5741976803377313
2022-11-25,-0.010510871728818058,Crypto,Equal-weight (1/N),1.5576514904438985
2022-11-26,-0.0021727080717610942,Crypto,Equal-weight (1/N),1.5542671684776204
2022-11-27,-0.002786745478191815,Crypto,Equal-weight (1/N),1.5499358214739634
2022-11-28,-0.017375060819403224,Crypto,Equal-weight (1/N),1.5230055923096815
2022-11-29,0.01667455993742481,Crypto,Equal-weight (1/N),1.5484010403436823
2022-11-30,0.034331808431184094,Crypto,Equal-weight (1/N),1.6015604482354078
2022-12-01,-0.020102116542736657,Crypto,Equal-weight (1/N),1.569365693454742
2022-12-02,0.008706676211496515,Crypto,Equal-weight (1/N),1.583029652405083
2022-12-03,-0.019248231886332734,Crypto,Equal-weight (1/N),1.5525591305726494
2022-12-04,0.011087940186571022,Crypto,Equal-weight (1/N),1.5697738133485537
2022-12-05,-0.00195224105259607,Crypto,Equal-weight (1/N),1.5667092364668445
2022-12-06,0.006387555891018537,Crypto,Equal-weight (1/N),1.5767166792797513
2022-12-07,-0.01924553691291223,Crypto,Equal-weight (1/N),1.5463719202274686
2022-12-08,0.02145461052385653,Crypto,Equal-weight (1/N),1.579548727500977
2022-12-09,-0.005123155085662275,Crypto,Equal-weight (1/N),1.571456454404629
2022-12-10,-0.0003801751243487026,Crypto,Equal-weight (1/N),1.570859025751667
2022-12-11,-0.01251751940703593,Crypto,Equal-weight (1/N),1.551195767411103
2022-12-12,-0.002729571747594039,Crypto,Equal-weight (1/N),1.5469616672693902
2022-12-13,0.022898175901042046,Crypto,Equal-weight (1/N),1.5823842676386939
2022-12-14,-0.010865802988641008,Crypto,Equal-weight (1/N),1.5651903919342067
2022-12-15,-0.023305872739507485,Crypto,Equal-weight (1/N),1.5287122638466883
2022-12-16,-0.07967571451551808,Crypto,Equal-weight (1/N),1.4069110219360683
2022-12-17,0.014573371870457218,Crypto,Equal-weight (1/N),1.4274144594473877
2022-12-18,-0.0067001788884046365,Crypto,Equal-weight (1/N),1.4178505272211948
2022-12-19,-0.030210355946524395,Crypto,Equal-weight (1/N),1.3750167581148751
2022-12-20,0.03604731059721773,Crypto,Equal-weight (1/N),1.4245824142710213
2022-12-21,-0.0038916243147307174,Crypto,Equal-weight (1/N),1.4190384747093066
2022-12-22,0.006122187829291338,Crypto,Equal-weight (1/N),1.427726094788468
2022-12-23,-0.0014833560894181958,Crypto,Equal-weight (1/N),1.4256082685917424
2022-12-24,-0.0007666952302482503,Crypto,Equal-weight (1/N),1.4245152615320105
2022-12-25,0.0002247022524161815,Crypto,Equal-weight (1/N),1.424835353319878
2022-12-26,0.015445862156183515,Crypto,Equal-weight (1/N),1.4468431637825139
2022-12-27,-0.011430554569803733,Crypto,Equal-weight (1/N),1.4303049440449505
2022-12-28,-0.026127127280543422,Crypto,Equal-weight (1/N),1.3929351847218974
2022-12-29,-0.0010374880077298632,Crypto,Equal-weight (1/N),1.3914900311722034
2022-12-30,0.00040057249635531695,Crypto,Equal-weight (1/N),1.3920474238076437
2022-12-31,0.0011776344334143859,Crypto,Equal-weight (1/N),1.3936867467868654
2023-01-01,0.007755602914296445,Crypto,Equal-weight (1/N),1.4044956277818619
2023-01-02,0.018992347200735178,Crypto,Equal-weight (1/N),1.4311702963866095
2023-01-03,-0.0026549767171907546,Crypto,Equal-weight (1/N),1.4273705725713681
2023-01-04,0.03674250133395519,Crypto,Equal-weight (1/N),1.4798157377381203
2023-01-05,-0.015422026395613204,Crypto,Equal-weight (1/N),1.456993980370079
2023-01-06,0.025476728813962814,Crypto,Equal-weight (1/N),1.4941134208915439
2023-01-07,-0.003657045502465252,Crypto,Equal-weight (1/N),1.4886493801254994
2023-01-08,0.022253530802003832,Crypto,Equal-weight (1/N),1.521777084959506
2023-01-09,0.02748155297339877,Crypto,Equal-weight (1/N),1.563597882533525
2023-01-10,0.006059753774143769,Crypto,Equal-weight (1/N),1.5730729007034507
2023-01-11,0.028393843007752474,Crypto,Equal-weight (1/N),1.6177384856857742
2023-01-12,0.025601243971867027,Crypto,Equal-weight (1/N),1.6591546033404945
2023-01-13,0.03380662840035668,Crypto,Equal-weight (1/N),1.7152450264743677
2023-01-14,0.03413023371146447,Crypto,Equal-weight (1/N),1.7737867401003649
2023-01-15,-0.002726186527760515,Crypto,Equal-weight (1/N),1.768951066586383
2023-01-16,-0.004872180415146349,Crypto,Equal-weight (1/N),1.7603324178444086
2023-01-17,-0.004971540394560167,Crypto,Equal-weight (1/N),1.7515808541212414
2023-01-18,-0.04319527015051389,Crypto,Equal-weight (1/N),1.6759208459370067
2023-01-19,0.023765608814149276,Crypto,Equal-weight (1/N),1.715750125165024
2023-01-20,0.06512565092547555,Crypto,Equal-weight (1/N),1.8274894688918624
2023-01-21,-0.009394063874993322,Crypto,Equal-weight (1/N),1.8103219160902146
2023-01-22,0.010135567816049518,Crypto,Equal-weight (1/N),1.8286705566396277
2023-01-23,0.019940461442676555,Crypto,Equal-weight (1/N),1.8651350913656581
2023-01-24,-0.04182478963599241,Crypto,Equal-weight (1/N),1.787126208526582
2023-01-25,0.03072985149698263,Crypto,Equal-weight (1/N),1.8420443315209696
2023-01-26,-0.001190637358273619,Crypto,Equal-weight (1/N),1.8398511247242646
2023-01-27,0.010439978698039653,Crypto,Equal-weight (1/N),1.8590591312739502
2023-01-28,-0.009124372796721009,Crypto,Equal-weight (1/N),1.8420963827090584
2023-01-29,0.03239858462668821,Crypto,Equal-weight (1/N),1.9017776982547738
2023-01-30,-0.047578652167482166,Crypto,Equal-weight (1/N),1.8112936786496352
2023-01-31,0.02032307834810589,Crypto,Equal-weight (1/N),1.8481047419922607
2023-02-01,0.025797610005811867,Crypto,Equal-weight (1/N),1.8957814273760687
2023-02-02,-0.004137339362064006,Crypto,Equal-weight (1/N),1.887937936254716
2023-02-03,0.013807865467613019,Crypto,Equal-weight (1/N),1.914006329289724
2023-02-04,0.0008855258180995538,Crypto,Equal-weight (1/N),1.9157012313103159
2023-02-05,-0.021614453014425588,Crypto,Equal-weight (1/N),1.8742943970564818
2023-02-06,-0.017547227909628545,Crypto,Equal-weight (1/N),1.841405726101592
2023-02-07,0.038788206144113366,Crypto,Equal-weight (1/N),1.9128305510005712
2023-02-08,-0.015006172445075659,Crypto,Equal-weight (1/N),1.8841262858940475
2023-02-09,-0.05797060988047874,Crypto,Equal-weight (1/N),1.7749023360089282
2023-02-10,-0.0007931382209818197,Crypto,Equal-weight (1/N),1.7734945931277297
2023-02-11,0.011050110038862545,Crypto,Equal-weight (1/N),1.7930919035351187
2023-02-12,-0.014201962715441512,Crypto,Equal-weight (1/N),1.767626479175753
2023-02-13,-0.0030291175413077586,Crypto,Equal-weight (1/N),1.7622721308012017
2023-02-14,0.029656404809021857,Crypto,Equal-weight (1/N),1.8145347864958994
2023-02-15,0.0654339876708519,Crypto,Equal-weight (1/N),1.9332670333438038
2023-02-16,-0.043915834843173046,Crypto,Equal-weight (1/N),1.8483659975997262
2023-02-17,0.04862438092600618,Crypto,Equal-weight (1/N),1.9382416499576924
2023-02-18,0.007926777402877325,Crypto,Equal-weight (1/N),1.9536056600698926
2023-02-19,-0.01050141852017766,Crypto,Equal-weight (1/N),1.9330900294101108
2023-02-20,0.02493566788824467,Crypto,Equal-weight (1/N),1.9812929203815584
2023-02-21,-0.019542738784336607,Crypto,Equal-weight (1/N),1.942573030383286
2023-02-22,-0.007707594722403665,Crypto,Equal-weight (1/N),1.92760046474642
2023-02-23,-0.011753206242561246,Crypto,Equal-weight (1/N),1.9049449789309985
2023-02-24,-0.03504429301949148,Crypto,Equal-weight (1/N),1.8381875289033314
2023-02-25,-0.0025002829045570997,Crypto,Equal-weight (1/N),1.8335915400494445
2023-02-26,0.01792286858585941,Crypto,Equal-weight (1/N),1.8664547602618944
2023-02-27,-0.0045726546890275475,Crypto,Equal-weight (1/N),1.857920107150525
2023-02-28,-0.01235466589135947,Crypto,Equal-weight (1/N),1.8349661249738414
2023-03-01,0.02613632945537423,Crypto,Equal-weight (1/N),1.8829254041556092
2023-03-02,-0.009997340462054933,Crypto,Equal-weight (1/N),1.8641011578256133
2023-03-03,-0.022029633684743446,Crypto,Equal-weight (1/N),1.823035692167409
2023-03-04,-0.01992692907160365,Crypto,Equal-weight (1/N),1.786708189234587
2023-03-05,-0.0020254273351250013,Crypto,Equal-weight (1/N),1.7830893416282196
2023-03-06,-0.0039627559291017175,Crypto,Equal-weight (1/N),1.7760233937675645
2023-03-07,-0.008951188324059525,Crypto,Equal-weight (1/N),1.7601258739020158
2023-03-08,-0.02689639545342886,Crypto,Equal-weight (1/N),1.7127848323497352
2023-03-09,-0.060553078388715965,Crypto,Equal-weight (1/N),1.609070438133458
2023-03-10,-0.004166146474441491,Crypto,Equal-weight (1/N),1.6023668150005002
2023-03-11,0.0017446242878389785,Crypto,Equal-weight (1/N),1.6051623430639772
2023-03-12,0.06629218010688848,Crypto,Equal-weight (1/N),1.7115720542111696
2023-03-13,0.04342494080443299,Crypto,Equal-weight (1/N),1.7858969693478113
2023-03-14,0.01990905728203472,Crypto,Equal-weight (1/N),1.821452494410369
2023-03-15,-0.05104320084633799,Crypto,Equal-weight (1/N),1.7284797289061171
2023-03-16,0.017976974864146348,Crypto,Equal-weight (1/N),1.7595525655458488
2023-03-17,0.06569563670767414,Crypto,Equal-weight (1/N),1.875147491660005
2023-03-18,-0.0225621569734793,Crypto,Equal-weight (1/N),1.8328401196047461
2023-03-19,0.0286214165384847,Crypto,Equal-weight (1/N),1.8852986001163996
2023-03-20,-0.03353977206107461,Crypto,Equal-weight (1/N),1.8220661148014325
2023-03-21,0.07494940703328715,Crypto,Equal-weight (1/N),1.9586288896812454
2023-03-22,-0.051120967141984504,Crypto,Equal-weight (1/N),1.8585018865685088
2023-03-23,0.045626564811247564,Crypto,Equal-weight (1/N),1.9432989433478527
2023-03-24,-0.027702777405866602,Crypto,Equal-weight (1/N),1.8894641652872315
2023-03-25,-0.0016074192542606565,Crypto,Equal-weight (1/N),1.8864270042077131
2023-03-26,0.013824859039504889,Crypto,Equal-weight (1/N),1.9125065916292003
2023-03-27,-0.017802079323683072,Crypto,Equal-weight (1/N),1.8784599975779506
2023-03-28,0.03126532592279897,Crypto,Equal-weight (1/N),1.9371906616351655
2023-03-29,0.03003549704610546,Crypto,Equal-weight (1/N),1.9953751460304516
2023-03-30,-0.001842875724199999,Crypto,Equal-weight (1/N),1.9916979176131602
2023-03-31,0.02268890918057519,Crypto,Equal-weight (1/N),2.0368873707810256
2023-04-01,-0.004093416876705502,Crypto,Equal-weight (1/N),2.0285495416415222
2023-04-02,-0.007280393505856886,Crypto,Equal-weight (1/N),2.0137809027322464
2023-04-03,-0.0019729478224692126,Crypto,Equal-weight (1/N),2.0098078180852705
2023-04-04,0.008671623381966018,Crypto,Equal-weight (1/N),2.027236114553837
2023-04-05,0.004564301417984071,Crypto,Equal-weight (1/N),2.0364890312260835
2023-04-06,-0.009080694410887342,Crypto,Equal-weight (1/N),2.0179962966623957
2023-04-07,-0.0009323356361592996,Crypto,Equal-weight (1/N),2.0161148468013796
2023-04-08,-0.007566446210532353,Crypto,Equal-weight (1/N),2.0008600222588013
2023-04-09,0.008632922376989677,Crypto,Equal-weight (1/N),2.0181332915181835
2023-04-10,0.02366873128257353,Crypto,Equal-weight (1/N),2.0658999460875433
2023-04-11,0.0038681087961089902,Crypto,Equal-weight (1/N),2.073891071840886
2023-04-12,-0.004626272808578608,Crypto,Equal-weight (1/N),2.0642966859672742
2023-04-13,0.02360984473641619,Crypto,Equal-weight (1/N),2.11303441021286
2023-04-14,0.015401382763837925,Crypto,Equal-weight (1/N),2.1455780619577087
2023-04-15,-0.00025954952835574824,Crypto,Equal-weight (1/N),2.1450211781836774
2023-04-16,0.007900648125643412,Crypto,Equal-weight (1/N),2.1619682357345598
2023-04-17,-0.023991779537662856,Crypto,Equal-weight (1/N),2.1100987704553864
2023-04-18,0.020403758878687575,Crypto,Equal-weight (1/N),2.1531527169779734
2023-04-19,-0.07066854249270105,Crypto,Equal-weight (1/N),2.0009925527049406
2023-04-20,-0.016305722867053226,Crypto,Equal-weight (1/N),1.9683649226814963
2023-04-21,-0.03631678274331773,Crypto,Equal-weight (1/N),1.896880241424905
2023-04-22,0.027235329818514117,Crypto,Equal-weight (1/N),1.9485424004263352
2023-04-23,-0.011196525254087531,Crypto,Equal-weight (1/N),1.9267254962313014
2023-04-24,-0.006132087710811956,Crypto,Equal-weight (1/N),1.9149106464937533
2023-04-25,0.016825254454531025,Crypto,Equal-weight (1/N),1.9471295053787014
2023-04-26,-0.012425741463984171,Crypto,Equal-weight (1/N),1.9229349775479705
2023-04-27,0.015332668473291913,Crypto,Equal-weight (1/N),1.9524187020544106
2023-04-28,0.0031708007550155333,Crypto,Equal-weight (1/N),1.9586094327489911
2023-04-29,0.005944348961112653,Crypto,Equal-weight (1/N),1.970252090695778
2023-04-30,-0.013780549199663608,Crypto,Equal-weight (1/N),1.9431009348242045
2023-05-01,-0.017095930932513506,Crypto,Equal-weight (1/N),1.9098818154475476
2023-05-02,0.013005510418303534,Crypto,Equal-weight (1/N),1.9347208032960792
2023-05-03,0.007018691166026684,Crypto,Equal-weight (1/N),1.9483000111069013
2023-05-04,-0.010545538137000848,Crypto,Equal-weight (1/N),1.9277541390374542
2023-05-05,0.020749548887649967,Crypto,Equal-weight (1/N),1.9677541677887813
2023-05-06,-0.029729270450531222,Crypto,Equal-weight (1/N),1.9092542719544288
2023-05-07,-0.011535987765275505,Crypto,Equal-weight (1/N),1.8872291380323625
2023-05-08,-0.03549950539476186,Crypto,Equal-weight (1/N),1.8202334370656308
2023-05-09,0.015962816922713983,Crypto,Equal-weight (1/N),1.8492894901781118
2023-05-10,-0.0021196860591883512,Crypto,Equal-weight (1/N),1.8453695770263778
2023-05-11,-0.020981720552182045,Crypto,Equal-weight (1/N),1.806650548245712
2023-05-12,0.0067939310007507185,Crypto,Equal-weight (1/N),1.818924807412962
2023-05-13,-0.006664542238448471,Crypto,Equal-weight (1/N),1.8068025062053965
2023-05-14,0.009379189365333438,Crypto,Equal-weight (1/N),1.823748849056856
2023-05-15,0.008449716567244171,Crypto,Equal-weight (1/N),1.8391590099212243
2023-05-16,0.00835608034045036,Crypto,Equal-weight (1/N),1.854527170366989
2023-05-17,0.014981577414507579,Crypto,Equal-weight (1/N),1.88231091273715
2023-05-18,-0.011870021093676072,Crypto,Equal-weight (1/N),1.8599678424981034
2023-05-19,0.0035076558794350995,Crypto,Equal-weight (1/N),1.8664919696364022
2023-05-20,0.0052667693402335385,Crypto,Equal-weight (1/N),1.8763223523158752
2023-05-21,-0.009831202677729602,Crypto,Equal-weight (1/N),1.8578758469815033
2023-05-22,0.008903566883474746,Crypto,Equal-weight (1/N),1.8744175688462954
2023-05-23,0.00844209262498115,Crypto,Equal-weight (1/N),1.8902415755803876
2023-05-24,-0.029436565420175292,Crypto,Equal-weight (1/N),1.8345993557808804
2023-05-25,0.0005266829952407286,Crypto,Equal-weight (1/N),1.83556560806465
2023-05-26,0.01290088251437498,Crypto,Equal-weight (1/N),1.8592460243217195
2023-05-27,0.008967452336227673,Crypto,Equal-weight (1/N),1.8759187244261455
2023-05-28,0.026720103558437167,Crypto,Equal-weight (1/N),1.9260434670100235
2023-05-29,-0.006326922904919307,Crypto,Equal-weight (1/N),1.9138575384827277
2023-05-30,0.009797978686754727,Crypto,Equal-weight (1/N),1.9326094738542665
2023-05-31,-0.010985713421783457,Crypto,Equal-weight (1/N),1.9113783800182798
2023-06-01,-0.0070050480359822205,Crypto,Equal-weight (1/N),1.8979890826513137
2023-06-02,0.030404158303645325,Crypto,Equal-weight (1/N),1.955695843178835
2023-06-03,-0.0032951782272979046,Crypto,Equal-weight (1/N),1.9492514768171751
2023-06-04,0.0017577867379209489,Crypto,Equal-weight (1/N),1.9526778452119973
2023-06-05,-0.05554486287436846,Crypto,Equal-weight (1/N),1.8442166220618796
2023-06-06,0.03418717566936598,Crypto,Equal-weight (1/N),1.9072651796926736
2023-06-07,-0.03358017203621018,Crypto,Equal-weight (1/N),1.8432188868399202
2023-06-08,0.007395661428313384,Crypto,Equal-weight (1/N),1.8568507096652611
2023-06-09,-0.010925826213308834,Crypto,Equal-weight (1/N),1.8365630815073992
2023-06-10,-0.08331482096227748,Crypto,Equal-weight (1/N),1.6835501571856817
2023-06-11,0.002420693880391566,Crypto,Equal-weight (1/N),1.6876255167485132
2023-06-12,0.0006230259053354564,Crypto,Equal-weight (1/N),1.6886769511639528
2023-06-13,0.0022555914940089084,Crypto,Equal-weight (1/N),1.6924859165311272
2023-06-14,-0.04310164946468973,Crypto,Equal-weight (1/N),1.6195369818328784
2023-06-15,0.005971676192569179,Crypto,Equal-weight (1/N),1.6292083322702753
2023-06-16,0.0117617981435237,Crypto,Equal-weight (1/N),1.648370751808185
2023-06-17,0.009136133682172953,Crypto,Equal-weight (1/N),1.6634304873544883
2023-06-18,-0.004933153317490495,Crypto,Equal-weight (1/N),1.6552245297273807
2023-06-19,0.006648603278044471,Crypto,Equal-weight (1/N),1.6662294609616257
2023-06-20,0.02731794577457226,Crypto,Equal-weight (1/N),1.7117474270241702
2023-06-21,0.0700142947537179,Crypto,Equal-weight (1/N),1.8315942159237586
2023-06-22,-0.004312426414197193,Crypto,Equal-weight (1/N),1.8236956006469183
2023-06-23,0.08102939924158811,Crypto,Equal-weight (1/N),1.971468559566865
2023-06-24,0.022398464631835972,Crypto,Equal-weight (1/N),2.0156264283711
2023-06-25,-0.018050729070370634,Crypto,Equal-weight (1/N),1.9792429018054944
2023-06-26,0.016874428829990726,Crypto,Equal-weight (1/N),2.0126414952892757
2023-06-27,0.023629299510732824,Crypto,Equal-weight (1/N),2.060198803989195
2023-06-28,-0.036522095975471916,Crypto,Equal-weight (1/N),1.984956025541349
2023-06-29,0.03897888271980671,Crypto,Equal-weight (1/N),2.062327393664899
2023-06-30,0.10622683925971949,Crypto,Equal-weight (1/N),2.2814019142126565
2023-07-01,-0.00184494094243921,Crypto,Equal-weight (1/N),2.2771928624149664
2023-07-02,0.004976863534683968,Crypto,Equal-weight (1/N),2.2885261405333623
2023-07-03,-0.005147186439581879,Crypto,Equal-weight (1/N),2.2767466698161805
2023-07-04,-0.019098329312728757,Crypto,Equal-weight (1/N),2.2332646121543727
2023-07-05,-0.015279189118588558,Crypto,Equal-weight (1/N),2.1991421397934148
2023-07-06,-0.025123865676998317,Crypto,Equal-weight (1/N),2.1438911880686184
2023-07-07,0.017931690297458548,Crypto,Equal-weight (1/N),2.1823347808845153
2023-07-08,0.0017076157080559554,Crypto,Equal-weight (1/N),2.1860613700365907
2023-07-09,-0.013725428788935727,Crypto,Equal-weight (1/N),2.15605674037391
2023-07-10,0.012372824807645745,Crypto,Equal-weight (1/N),2.1827332526979
2023-07-11,0.0004661014772484428,Crypto,Equal-weight (1/N),2.183750627891422
2023-07-12,-0.0044467650936727875,Crypto,Equal-weight (1/N),2.174040001826028
2023-07-13,0.1946096314294475,Crypto,Equal-weight (1/N),2.5971291252942663
2023-07-14,-0.06755813010612674,Crypto,Equal-weight (1/N),2.421671937945225
2023-07-15,-0.010449570746368805,Crypto,Equal-weight (1/N),2.39636650570517
2023-07-16,-0.0023788741514775644,Crypto,Equal-weight (1/N),2.390665851367282
2023-07-17,-0.004427085882939692,Crypto,Equal-weight (1/N),2.3800821683258677
2023-07-18,0.003922464330182333,Crypto,Equal-weight (1/N),2.3894179557340287
2023-07-19,0.034981972449767015,Crypto,Equal-weight (1/N),2.4730045088324952
2023-07-20,-0.0008437888939616962,Crypto,Equal-weight (1/N),2.470917815093225
2023-07-21,-0.005238735914569848,Crypto,Equal-weight (1/N),2.457973329193346
2023-07-22,-0.014173806683542432,Crypto,Equal-weight (1/N),2.4231344903920564
2023-07-23,0.011694092866230212,Crypto,Equal-weight (1/N),2.4514708501500664
2023-07-24,-0.04047617360865697,Crypto,Equal-weight (1/N),2.3522446904228302
2023-07-25,0.0008039824967041553,Crypto,Equal-weight (1/N),2.3541358539818953
2023-07-26,0.016802931976992917,Crypto,Equal-weight (1/N),2.3936922386009534
2023-07-27,0.0026351348395493254,Crypto,Equal-weight (1/N),2.3999999404140495
2023-07-28,0.007465158891742032,Crypto,Equal-weight (1/N),2.417916321309412
2023-07-29,0.002041502303204435,Crypto,Equal-weight (1/N),2.422852503048321
2023-07-30,-0.003951361386920025,Crypto,Equal-weight (1/N),2.4132789372215733
2023-07-31,-0.01793219753938917,Crypto,Equal-weight (1/N),2.370003542601669
2023-08-01,0.008097901202082248,Crypto,Equal-weight (1/N),2.3891955971382424
2023-08-02,-0.03713711522123378,Crypto,Equal-weight (1/N),2.300467764961255
2023-08-03,-0.017178845305883237,Crypto,Equal-weight (1/N),2.2609483850958147
2023-08-04,-0.007274948820143056,Crypto,Equal-weight (1/N),2.244500101309258
2023-08-05,0.0043108496224609095,Crypto,Equal-weight (1/N),2.2541758037236
2023-08-06,-0.005332228036232716,Crypto,Equal-weight (1/N),2.242156024304388
2023-08-07,0.006583704948536065,Crypto,Equal-weight (1/N),2.2569177180169904
2023-08-08,0.01453441254084658,Crypto,Equal-weight (1/N),2.2897206912013957
2023-08-09,-0.002436713254187576,Crypto,Equal-weight (1/N),2.2841412984447578
2023-08-10,-0.010166175909217305,Crypto,Equal-weight (1/N),2.2609203162032605
2023-08-11,-0.00254671303229758,Crypto,Equal-weight (1/N),2.2551624009689992
2023-08-12,0.00010190111917514648,Crypto,Equal-weight (1/N),2.2553922045415797
2023-08-13,-0.006197628497143711,Crypto,Equal-weight (1/N),2.241414121542477
2023-08-14,0.001944835452440038,Crypto,Equal-weight (1/N),2.2457733031896527
2023-08-15,-0.028140340067988365,Crypto,Equal-weight (1/N),2.1825764787222863
2023-08-16,-0.038343802547016796,Crypto,Equal-weight (1/N),2.098888197178396
2023-08-17,-0.08669427808551793,Crypto,Equal-weight (1/N),1.9169266001418008
2023-08-18,0.00570113781465127,Crypto,Equal-weight (1/N),1.92785526286978
2023-08-19,0.014237881776365504,Crypto,Equal-weight (1/N),1.955303838184464
2023-08-20,0.01662836844321553,Crypto,Equal-weight (1/N),1.987817350824229
2023-08-21,-0.010399715718214419,Crypto,Equal-weight (1/N),1.967144615475923
2023-08-22,-0.014009685603370188,Crypto,Equal-weight (1/N),1.9395855378767426
2023-08-23,0.03153824737876455,Crypto,Equal-weight (1/N),2.0007566663825735
2023-08-24,-0.012157476028172517,Crypto,Equal-weight (1/N),1.976432515172821
2023-08-25,-0.0012517724069457054,Crypto,Equal-weight (1/N),1.9739584714861373
2023-08-26,-0.005403088518150433,Crypto,Equal-weight (1/N),1.9632929991335448
2023-08-27,0.008897209420568528,Crypto,Equal-weight (1/N),1.9807608281007723
2023-08-28,-0.005979339914693697,Crypto,Equal-weight (1/N),1.9689171858198475
2023-08-29,0.05358799995483158,Crypto,Equal-weight (1/N),2.0744275198846287
2023-08-30,-0.022500426850743792,Crypto,Equal-weight (1/N),2.027752015216295
2023-08-31,-0.03712673964985978,Crypto,Equal-weight (1/N),1.952468194072881
2023-09-01,-0.01292870110631118,Crypto,Equal-weight (1/N),1.9272253163721336
2023-09-02,0.002215539918379872,Crypto,Equal-weight (1/N),1.9314951609922684
2023-09-03,0.006080229501204411,Crypto,Equal-weight (1/N),1.943239094851567
2023-09-04,0.003404718518299828,Crypto,Equal-weight (1/N),1.9498552769832924
2023-09-05,-0.0016892433662041796,Crypto,Equal-weight (1/N),1.9465614968915903
2023-09-06,0.0015129185588309067,Crypto,Equal-weight (1/N),1.9495064859061433
2023-09-07,0.00763083749373233,Crypto,Equal-weight (1/N),1.9643828530930703
2023-09-08,-0.004939399874302218,Crypto,Equal-weight (1/N),1.954679980675421
2023-09-09,0.004025973577093725,Crypto,Equal-weight (1/N),1.9625494706292943
2023-09-10,-0.013112358576017448,Crypto,Equal-weight (1/N),1.9368158182472297
2023-09-11,-0.033153214879587924,Crypto,Equal-weight (1/N),1.8726041472426944
2023-09-12,0.018716605983053657,Crypto,Equal-weight (1/N),1.907652941228868
2023-09-13,0.010669642218085657,Crypto,Equal-weight (1/N),1.9280069155880588
2023-09-14,0.015003121265690651,Crypto,Equal-weight (1/N),1.9569330371437168
2023-09-15,0.01732442502994289,Crypto,Equal-weight (1/N),1.9908357768343317
2023-09-16,-0.004004845277374597,Crypto,Equal-weight (1/N),1.9828627875754483
2023-09-17,-0.01631172530825258,Crypto,Equal-weight (1/N),1.9505188744605617
2023-09-18,0.019554767235376663,Crypto,Equal-weight (1/N),1.988660817038847
2023-09-19,0.011905952687184258,Crypto,Equal-weight (1/N),2.0123377186373688
2023-09-20,-0.01071041269869252,Crypto,Equal-weight (1/N),1.990784751181617
2023-09-21,-0.019840022444533936,Crypto,Equal-weight (1/N),1.9512875370359377
2023-09-22,0.0012233993811192163,Crypto,Equal-weight (1/N),1.9536747410011333
2023-09-23,0.0025585308492516376,Crypto,Equal-weight (1/N),1.9586732780953886
2023-09-24,-0.012934745282132513,Crypto,Equal-weight (1/N),1.933338338152305
2023-09-25,0.008746886477226807,Crypto,Equal-weight (1/N),1.9502490291181938
2023-09-26,-0.0030055184762032457,Crypto,Equal-weight (1/N),1.9443875196279816
2023-09-27,0.00964748610912114,Crypto,Equal-weight (1/N),1.963145971214341
2023-09-28,0.025222587421543458,Crypto,Equal-weight (1/N),2.012661592094546
2023-09-29,0.005356666205641762,Crypto,Equal-weight (1/N),2.0234427484283115
2023-09-30,0.003808566065341808,Crypto,Equal-weight (1/N),2.0311491638151375
2023-10-01,0.029508245626091823,Crypto,Equal-weight (1/N),2.0910848122442256
2023-10-02,-0.022623329658021968,Crypto,Equal-weight (1/N),2.0437775111939414
2023-10-03,-0.00020639601042332298,Crypto,Equal-weight (1/N),2.043355683669438
2023-10-04,-0.006364907181539388,Crypto,Equal-weight (1/N),2.030349914404011
2023-10-05,-0.01107473368496983,Crypto,Equal-weight (1/N),2.0078643298146854
2023-10-06,0.009782130535935483,Crypto,Equal-weight (1/N),2.0275055207873813
2023-10-07,-0.004330954673990025,Crypto,Equal-weight (1/N),2.0187244862755866
2023-10-08,-0.004799654681893785,Crypto,Equal-weight (1/N),2.00903530584358
2023-10-09,-0.030765302672163382,Crypto,Equal-weight (1/N),1.94722672658024
2023-10-10,-0.007397170486480278,Crypto,Equal-weight (1/N),1.9328227585078952
2023-10-11,-0.009161726099787772,Crypto,Equal-weight (1/N),1.9151147657950096
2023-10-12,-0.008356920704146422,Crypto,Equal-weight (1/N),1.8991103035579209
2023-10-13,0.0069754717953033766,Crypto,Equal-weight (1/N),1.9123574939165593
2023-10-14,0.0014881374631526003,Crypto,Equal-weight (1/N),1.9152033447461971
2023-10-15,0.0061497430311389,Crypto,Equal-weight (1/N),1.9269813531687638
2023-10-16,0.029813099943589414,Crypto,Equal-weight (1/N),1.9844306408402175
2023-10-17,-0.01863611424832179,Crypto,Equal-weight (1/N),1.9474485646996487
2023-10-18,-0.00680370402587115,Crypto,Equal-weight (1/N),1.9341987010598247
2023-10-19,0.017017503738544486,Crypto,Equal-weight (1/N),1.967113934686198
2023-10-20,0.02138823248561281,Crypto,Equal-weight (1/N),2.009187024846955
2023-10-21,0.01840078196680588,Crypto,Equal-weight (1/N),2.0461576372216994
2023-10-22,0.004571418619308195,Crypto,Equal-weight (1/N),2.0555114803425343
2023-10-23,0.057796200496971914,Crypto,Equal-weight (1/N),2.1743122339842387
2023-10-24,0.00021353693728263547,Crypto,Equal-weight (1/N),2.17477652995938
2023-10-25,0.003941608690810101,Crypto,Equal-weight (1/N),2.183348648030438
2023-10-26,-0.0006868243280830533,Crypto,Equal-weight (1/N),2.1818490710622833
2023-10-27,-0.010626673154282847,Crypto,Equal-weight (1/N),2.1586632741121288
2023-10-28,0.011764547802879308,Crypto,Equal-weight (1/N),2.184058971390741
2023-10-29,0.01237611934338352,Crypto,Equal-weight (1/N),2.2110891458736606
2023-10-30,0.01198657239491133,Crypto,Equal-weight (1/N),2.237592525992278
2023-10-31,0.009092523575478767,Crypto,Equal-weight (1/N),2.257937888787178
2023-11-01,0.020423321832506593,Crypto,Equal-weight (1/N),2.3040524809676888
2023-11-02,-0.010428053035924324,Crypto,Equal-weight (1/N),2.2800256994986046
2023-11-03,0.005712634073299406,Crypto,Equal-weight (1/N),2.2930506519975586
2023-11-04,0.009130722749863669,Crypto,Equal-weight (1/N),2.3139878617523424
2023-11-05,0.022574800945481394,Crypto,Equal-weight (1/N),2.3662256771216614
2023-11-06,0.030796565826995113,Crypto,Equal-weight (1/N),2.4390973019486646
2023-11-07,-0.016149700396544394,Crypto,Equal-weight (1/N),2.399706611284174
2023-11-08,0.009197813222814058,Crypto,Equal-weight (1/N),2.421778664484318
2023-11-09,0.018483954202138726,Crypto,Equal-weight (1/N),2.4665427104063626
2023-11-10,0.01605629046836945,Crypto,Equal-weight (1/N),2.5061462366172864
2023-11-11,-2.86274729134812e-06,Crypto,Equal-weight (1/N),2.506139062153936
2023-11-12,-0.0006789980592911663,Crypto,Equal-weight (1/N),2.5044373985944195
2023-11-13,-0.015971552935516324,Crypto,Equal-weight (1/N),2.464437644109082
2023-11-14,-0.03227941120393558,Crypto,Equal-weight (1/N),2.3848870480084265
2023-11-15,0.042322487274733214,Crypto,Equal-weight (1/N),2.4858213997494394
2023-11-16,-0.03344338071863871,Crypto,Equal-weight (1/N),2.4026871282790796
2023-11-17,-0.0013422077433372483,Crypto,Equal-weight (1/N),2.3994622230106866
2023-11-18,0.0015739549411869494,Crypto,Equal-weight (1/N),2.4032388684327852
2023-11-19,0.017621457509202985,Crypto,Equal-weight (1/N),2.4455874400373387
2023-11-20,-0.012315163102475357,Crypto,Equal-weight (1/N),2.4154696318319138
2023-11-21,-0.053229418839690235,Crypto,Equal-weight (1/N),2.2868955871045804
2023-11-22,0.04794012593266045,Crypto,Equal-weight (1/N),2.3965296495452195
2023-11-23,0.0033705234848844514,Crypto,Equal-weight (1/N),2.4046072090112336
2023-11-24,0.010471788691152329,Crypto,Equal-weight (1/N),2.429787747589221
2023-11-25,0.015096392819622254,Crypto,Equal-weight (1/N),2.4664687778951326
2023-11-26,-0.0110091940309481,Crypto,Equal-weight (1/N),2.4393149445480096
2023-11-27,-0.024495901328258667,Crypto,Equal-weight (1/N),2.379561726357815
2023-11-28,0.011177493405200571,Crypto,Equal-weight (1/N),2.406159261861447
2023-11-29,-0.0018654921961470472,Crypto,Equal-weight (1/N),2.4016705905357574
2023-11-30,-0.003853845581370821,Crypto,Equal-weight (1/N),2.392414922942513
2023-12-01,0.01645782673107902,Crypto,Equal-weight (1/N),2.431788873213149
2023-12-02,0.019703734519923216,Crypto,Equal-weight (1/N),2.4797041955794437
2023-12-03,0.00448858112953874,Crypto,Equal-weight (1/N),2.4908345490385595
2023-12-04,0.024456828521678402,Crypto,Equal-weight (1/N),2.551752462480268
2023-12-05,0.018703910550354273,Crypto,Equal-weight (1/N),2.5994802122851453
2023-12-06,0.0008999192259118078,Crypto,Equal-weight (1/N),2.601819534505558
2023-12-07,0.024354890200771633,Crypto,Equal-weight (1/N),2.6651865635906633
2023-12-08,0.04801274746534503,Crypto,Equal-weight (1/N),2.7931494930163727
2023-12-09,0.008048153459247285,Crypto,Equal-weight (1/N),2.8156291887707874
2023-12-10,0.0023975263679839186,Crypto,Equal-weight (1/N),2.8223797339933303
2023-12-11,-0.06653605044439631,Crypto,Equal-weight (1/N),2.634589733639108
2023-12-12,0.00793807259612938,Crypto,Equal-weight (1/N),2.6555032982057525
2023-12-13,0.035483234850266734,Crypto,Equal-weight (1/N),2.7497291453816453
2023-12-14,0.0035261726155272153,Crypto,Equal-weight (1/N),2.759425164994207
2023-12-15,-0.041523172750636744,Crypto,Equal-weight (1/N),2.644845077175698
2023-12-16,0.018773588087143078,Crypto,Equal-weight (1/N),2.6944983092089028
2023-12-17,-0.020400302727504885,Crypto,Equal-weight (1/N),2.639529728002291
2023-12-18,0.003983609501427284,Crypto,Equal-weight (1/N),2.65004458370606
2023-12-19,-0.015326039948230478,Crypto,Equal-weight (1/N),2.6094298945515892
2023-12-20,0.019577503648628175,Crypto,Equal-weight (1/N),2.6605160178330123
2023-12-21,0.03080574528340675,Crypto,Equal-weight (1/N),2.7424751966008
2023-12-22,0.015529163135972992,Crypto,Equal-weight (1/N),2.7850635413251736
2023-12-23,-0.0095639986441738,Crypto,Equal-weight (1/N),2.758427197392002
2023-12-24,-0.018762091554654765,Crypto,Equal-weight (1/N),2.7066733337676836
2023-12-25,0.0319526665896168,Crypto,Equal-weight (1/N),2.793158764368569
2023-12-26,-0.022628999930097884,Crypto,Equal-weight (1/N),2.7299523748849204
2023-12-27,0.05173267889784122,Crypto,Equal-weight (1/N),2.8711801245012407
2023-12-28,-0.009959621066870886,Crypto,Equal-weight (1/N),2.842584258446477
2023-12-29,-0.018553998474023618,Crypto,Equal-weight (1/N),2.7898429544529777
2023-12-30,0.006707291273368926,Crypto,Equal-weight (1/N),2.80855524375545
2023-12-31,-0.012380289704493638,Crypto,Equal-weight (1/N),2.7737845161866828
2021-01-01,0.015196479953202384,Crypto,Minimum-variance,1.0151964799532023
2021-01-02,0.08222721580245997,Crypto,Minimum-variance,1.098673259992212
2021-01-03,0.0233992645211083,Crypto,Minimum-variance,1.1243814062250381
2021-01-04,-0.018281630439801036,Crypto,Minimum-variance,1.1038258808830481
2021-01-05,0.05147442838980762,Crypto,Minimum-variance,1.1606446871433789
2021-01-06,0.0833254550783206,Crypto,Minimum-variance,1.257355933883836
2021-01-07,0.07549690273593908,Crypto,Minimum-variance,1.3522824125287198
2021-01-08,0.031879851429698625,Crypto,Minimum-variance,1.39539297493113
2021-01-09,-0.006843139006630001,Crypto,Minimum-variance,1.3858441068348013
2021-01-10,-0.04548357081773913,Crypto,Minimum-variance,1.3228109682592342
2021-01-11,-0.07597892951645076,Crypto,Minimum-variance,1.2223052069382778
2021-01-12,-0.04212677168230722,Crypto,Minimum-variance,1.1708134345594936
2021-01-13,0.09541801841381793,Crypto,Minimum-variance,1.282530132417437
2021-01-14,0.04374498948152136,Crypto,Minimum-variance,1.338634399569772
2021-01-15,-0.057547760129388656,Crypto,Minimum-variance,1.2615989882423826
2021-01-16,-0.015483101867571084,Crypto,Minimum-variance,1.2420655225914012
2021-01-17,-0.010173103743598293,Crypto,Minimum-variance,1.2294298611737324
2021-01-18,0.024803623912000982,Crypto,Minimum-variance,1.2599241770764693
2021-01-19,-0.013722150449872409,Crypto,Minimum-variance,1.2426353079631942
2021-01-20,-0.0132264097128238,Crypto,Minimum-variance,1.2261997042564519
2021-01-21,-0.1289964345781793,Crypto,Minimum-variance,1.0680243143265515
2021-01-22,0.06612600089962882,Crypto,Minimum-variance,1.1386484910965344
2021-01-23,-0.02493678371441365,Crypto,Minimum-variance,1.1102542599473166
2021-01-24,0.007997732285549642,Crypto,Minimum-variance,1.1191337762872662
2021-01-25,0.0005836707293656678,Crypto,Minimum-variance,1.1197869819147295
2021-01-26,0.005548323310480808,Crypto,Minimum-variance,1.1259999221292598
2021-01-27,-0.06418843612110256,Crypto,Minimum-variance,1.0537237480552992
2021-01-28,0.09454180635739755,Crypto,Minimum-variance,1.1533446945981345
2021-01-29,0.032214517761500756,Crypto,Minimum-variance,1.1904991377473988
2021-01-30,0.02203092324830826,Crypto,Minimum-variance,1.2167269328782888
2021-01-31,-0.0221516784085853,Crypto,Minimum-variance,1.1897743891501045
2021-02-01,0.006093485257880132,Crypto,Minimum-variance,1.1970242618505942
2021-02-02,0.05041553977450494,Crypto,Minimum-variance,1.2573728861349702
2021-02-03,0.05356365853890624,Crypto,Minimum-variance,1.324722378063983
2021-02-04,-0.01296287833809639,Crypto,Minimum-variance,1.3075501630453858
2021-02-05,0.03908805670443306,Crypto,Minimum-variance,1.3586597579623947
2021-02-06,0.020294700645800644,Crypto,Minimum-variance,1.3862333510297375
2021-02-07,-0.00650719959110738,Crypto,Minimum-variance,1.3772128539347375
2021-02-08,0.17693756510623918,Crypto,Minimum-variance,1.6208935429429647
2021-02-09,0.02211717302642918,Crypto,Minimum-variance,1.656743125889656
2021-02-10,-0.02622787682342992,Crypto,Minimum-variance,1.613290271255758
2021-02-11,0.08784342996884995,Crypto,Minimum-variance,1.75500722221824
2021-02-12,-0.006909688629358863,Crypto,Minimum-variance,1.7428806687704361
2021-02-13,0.0054015788858361264,Crypto,Minimum-variance,1.7522949761913984
2021-02-14,0.015296517284417529,Crypto,Minimum-variance,1.779098986582108
2021-02-15,-0.02778261606123894,Crypto,Minimum-variance,1.7296709625029583
2021-02-16,0.024093668217152017,Crypto,Minimum-variance,1.7713450807983464
2021-02-17,0.05213030565177239,Crypto,Minimum-variance,1.8636858412751276
2021-02-18,-0.0019389293424685403,Crypto,Minimum-variance,1.860072286112336
2021-02-19,0.0848008253511704,Crypto,Minimum-variance,2.0178079511875007
2021-02-20,-0.005912617522967417,Crypto,Minimum-variance,2.0058774245373265
2021-02-21,0.026377624956637973,Crypto,Minimum-variance,2.058787706950759
2021-02-22,-0.05900949947744812,Crypto,Minimum-variance,1.9372996748332714
2021-02-23,-0.11116266757508095,Crypto,Minimum-variance,1.721944275086468
2021-02-24,0.023886798902168667,Crypto,Minimum-variance,1.7630760117061992
2021-02-25,-0.05398912531882814,Crypto,Minimum-variance,1.6678890799635735
2021-02-26,-0.014108060023090372,Crypto,Minimum-variance,1.6443584007115903
2021-02-27,0.0017594208380268634,Crypto,Minimum-variance,1.647251519146987
2021-02-28,-0.02321554098066625,Crypto,Minimum-variance,1.6090096839987653
2021-03-01,0.09368177684839583,Crypto,Minimum-variance,1.7597445701620453
2021-03-02,-0.02469787639181082,Crypto,Minimum-variance,1.7162826162870228
2021-03-03,0.043957547242555725,Crypto,Minimum-variance,1.7917261904740367
2021-03-04,-0.024225659566953543,Crypto,Minimum-variance,1.7483204417464182
2021-03-05,0.00017581210759780481,Crypto,Minimum-variance,1.748627817648038
2021-03-06,0.000821764714407941,Crypto,Minimum-variance,1.7500647782872134
2021-03-07,0.04233114083056054,Crypto,Minimum-variance,1.8241470168794929
2021-03-08,0.01997929845687105,Crypto,Minimum-variance,1.8605921945589392
2021-03-09,0.04419047209970664,Crypto,Minimum-variance,1.942812642021528
2021-03-10,0.01281277393607651,Crypto,Minimum-variance,1.9677054612039016
2021-03-11,0.026224847578844645,Crypto,Minimum-variance,2.0193082370040343
2021-03-12,-0.010775653208131071,Crypto,Minimum-variance,1.9975488717217562
2021-03-13,0.06578103770422036,Crypto,Minimum-variance,2.128949709368508
2021-03-14,-0.03186286201848693,Crypto,Minimum-variance,2.061115278534601
2021-03-15,-0.05103322413984668,Crypto,Minimum-variance,1.9559299205470824
2021-03-16,0.019441794833764243,Crypto,Minimum-variance,1.9939567087715795
2021-03-17,0.03661390960485117,Crypto,Minimum-variance,2.0669632594625287
2021-03-18,-0.016752887196881363,Crypto,Minimum-variance,2.0323356571366546
2021-03-19,0.014691347144218814,Crypto,Minimum-variance,2.0621934057892233
2021-03-20,0.009899117633272914,Crypto,Minimum-variance,2.082607300895691
2021-03-21,-0.009188904478930981,Crypto,Minimum-variance,2.0634704213406363
2021-03-22,-0.04515920047599859,Crypto,Minimum-variance,1.9702857469070212
2021-03-23,0.0026850238373507017,Crypto,Minimum-variance,1.9755760111038592
2021-03-24,-0.0431766423463341,Crypto,Minimum-variance,1.8902772722444305
2021-03-25,-0.013871788769840323,Crypto,Minimum-variance,1.8640557452074258
2021-03-26,0.07747585205516161,Crypto,Minimum-variance,2.0084750523456907
2021-03-27,0.008772852792556945,Crypto,Minimum-variance,2.0260951083174428
2021-03-28,-0.0006338278128695004,Crypto,Minimum-variance,2.0248109128862724
2021-03-29,0.030880411617979435,Crypto,Minimum-variance,2.0873379073247773
2021-03-30,0.018631585970296474,Crypto,Minimum-variance,2.126228322994158
2021-03-31,0.03770982651152049,Crypto,Minimum-variance,2.206408024178149
2021-04-01,-0.001551943495322461,Crypto,Minimum-variance,2.2029838035969984
2021-04-02,0.01435655177981178,Crypto,Minimum-variance,2.2346110546434255
2021-04-03,-0.021451369742028742,Crypto,Minimum-variance,2.1866755866806447
2021-04-04,0.0461205605167206,Crypto,Minimum-variance,2.2875262904065847
2021-04-05,0.046135581593096275,Crypto,Minimum-variance,2.393062646223991
2021-04-06,0.0019491537773922655,Crypto,Minimum-variance,2.3977270933204147
2021-04-07,-0.06124482092644205,Crypto,Minimum-variance,2.2508787268595274
2021-04-08,0.060213517833636584,Crypto,Minimum-variance,2.3864120532206363
2021-04-09,-0.010289025060166221,Crypto,Minimum-variance,2.3618581998011665
2021-04-10,0.07374800657800615,Crypto,Minimum-variance,2.5360405338564207
2021-04-11,0.0010192392997371213,Crypto,Minimum-variance,2.5386253660342533
2021-04-12,0.013511214574537224,Crypto,Minimum-variance,2.572925278079105
2021-04-13,0.09476635650313714,Crypto,Minimum-variance,2.816752032237483
2021-04-14,-0.002991529673484506,Crypto,Minimum-variance,2.808325634950197
2021-04-15,0.009120254162740215,Crypto,Minimum-variance,2.833938278512681
2021-04-16,-0.04348374267803369,Crypto,Minimum-variance,2.710708035644406
2021-04-17,-0.013103617782667913,Crypto,Minimum-variance,2.6751879536249152
2021-04-18,-0.07999729729093626,Crypto,Minimum-variance,2.4611801475896513
2021-04-19,-0.026473250615666077,Crypto,Minimum-variance,2.3960247087322086
2021-04-20,0.02061729545640006,Crypto,Minimum-variance,2.4454242580729755
2021-04-21,-0.05119328547192342,Crypto,Minimum-variance,2.320234955929479
2021-04-22,-0.05695204478623126,Crypto,Minimum-variance,2.1880928308048038
2021-04-23,-0.009194585692707797,Crypto,Minimum-variance,2.1679742237683692
2021-04-24,-0.03730210674209703,Crypto,Minimum-variance,2.0871042178592467
2021-04-25,-0.01935631707895521,Crypto,Minimum-variance,2.0467055668415384
2021-04-26,0.1412646692747625,Crypto,Minimum-variance,2.3358327518442237
2021-04-27,0.024273596750607505,Crypto,Minimum-variance,2.3925318141393523
2021-04-28,-0.010402296639369752,Crypto,Minimum-variance,2.3676439884895455
2021-04-29,-0.0128350661266189,Crypto,Minimum-variance,2.3372551213329906
2021-04-30,0.090184769994265,Crypto,Minimum-variance,2.5480399368683244
2021-05-01,0.010641363821174515,Crypto,Minimum-variance,2.5751545568674223
2021-05-02,-0.020778379792901105,Crypto,Minimum-variance,2.521647017459411
2021-05-03,0.017345086988537116,Crypto,Minimum-variance,2.56538520433163
2021-05-04,-0.04823413125656169,Crypto,Minimum-variance,2.4416460776622566
2021-05-05,0.10541475023584329,Crypto,Minimum-variance,2.69903158910335
2021-05-06,0.02505346201260655,Crypto,Minimum-variance,2.7666516744917757
2021-05-07,-0.00106911427281596,Crypto,Minimum-variance,2.7636938076986666
2021-05-08,0.025114201157802114,Crypto,Minimum-variance,2.8331017699237826
2021-05-09,-0.016979980787733537,Crypto,Minimum-variance,2.7849957563007828
2021-05-10,-0.052047965130285825,Crypto,Minimum-variance,2.6400423942888454
2021-05-11,0.02365061948644754,Crypto,Minimum-variance,2.702481032384261
2021-05-12,-0.14752796354216804,Crypto,Minimum-variance,2.3037895091652754
2021-05-13,0.01882050250206381,Crypto,Minimum-variance,2.3471479853867487
2021-05-14,0.023105832096565686,Crypto,Minimum-variance,2.401380792642887
2021-05-15,-0.060345222219573835,Crypto,Minimum-variance,2.2564689350770357
2021-05-16,-0.008072558685051358,Crypto,Minimum-variance,2.2382534571776307
2021-05-17,-0.05694046142732835,Crypto,Minimum-variance,2.1108062725346235
2021-05-18,-0.00971119768615768,Crypto,Minimum-variance,2.090307815544858
2021-05-19,-0.1731431039852376,Crypto,Minimum-variance,1.72838543207682
2021-05-20,0.11511348286018014,Crypto,Minimum-variance,1.92734589888798
2021-05-21,-0.09396890534614726,Crypto,Minimum-variance,1.7462353145460903
2021-05-22,-0.0071944924877930735,Crypto,Minimum-variance,1.7336720376936696
2021-05-23,-0.08116814015058588,Crypto,Minimum-variance,1.592953102762998
2021-05-24,0.1453333056961479,Crypto,Minimum-variance,1.82446224300648
2021-05-25,0.00014330036137012107,Crypto,Minimum-variance,1.8247236891052092
2021-05-26,0.025692012269655253,Crypto,Minimum-variance,1.871604512514431
2021-05-27,-0.02930687104960248,Crypto,Minimum-variance,1.8167536404103164
2021-05-28,-0.07280804481634937,Crypto,Minimum-variance,1.6844793599390562
2021-05-29,-0.035205590301826475,Crypto,Minimum-variance,1.625176269721159
2021-05-30,0.03298047867924753,Crypto,Minimum-variance,1.6787753610347167
2021-05-31,0.05135260500266081,Crypto,Minimum-variance,1.764984849038132
2021-06-01,-0.01769819617896775,Crypto,Minimum-variance,1.7337478009269494
2021-06-02,0.024044531815743446,Crypto,Minimum-variance,1.7754349550868125
2021-06-03,0.0430132510876878,Crypto,Minimum-variance,1.8518021845998192
2021-06-04,-0.059278297734796356,Crypto,Minimum-variance,1.7420305033551648
2021-06-05,-0.0366176505516452,Crypto,Minimum-variance,1.6782414391329987
2021-06-06,0.009019904699721356,Crypto,Minimum-variance,1.6933790169771015
2021-06-07,-0.06466180555475175,Crypto,Minimum-variance,1.5838820722508316
2021-06-08,-0.0022539589544812925,Crypto,Minimum-variance,1.5803120670712394
2021-06-09,0.11443702088000476,Crypto,Minimum-variance,1.7611582720875942
2021-06-10,-0.017895577037798704,Crypto,Minimum-variance,1.7296413285536942
2021-06-11,0.01649744010427659,Crypto,Minimum-variance,1.75817598277339
2021-06-12,-0.04723925128337193,Crypto,Minimum-variance,1.6751210657227684
2021-06-13,0.09904635951727957,Crypto,Minimum-variance,1.841035709033314
2021-06-14,0.028368061585579994,Crypto,Minimum-variance,1.893262323408423
2021-06-15,0.004536046361979775,Crypto,Minimum-variance,1.9018502490827929
2021-06-16,-0.051191629072209165,Crypto,Minimum-variance,1.804491436580858
2021-06-17,-0.007349358170946627,Crypto,Minimum-variance,1.7912295826970193
2021-06-18,-0.059431960632868104,Crypto,Minimum-variance,1.6847732966537412
2021-06-19,-0.005451483653907079,Crypto,Minimum-variance,1.6755887825664941
2021-06-20,0.0025824998364183515,Crypto,Minimum-variance,1.6799159903233765
2021-06-21,-0.11427854440330946,Crypto,Minimum-variance,1.487937636229377
2021-06-22,0.02427235663182996,Crypto,Minimum-variance,1.5240533891818584
2021-06-23,0.03884206081123859,Crypto,Minimum-variance,1.5832507636040343
2021-06-24,0.02847102315474602,Crypto,Minimum-variance,1.628327532754374
2021-06-25,-0.08726121220847285,Crypto,Minimum-variance,1.4862376983737957
2021-06-26,0.01713771457032493,Crypto,Minimum-variance,1.5117084158321825
2021-06-27,0.07617603011659324,Crypto,Minimum-variance,1.6268643616441223
2021-06-28,-0.006195883952358213,Crypto,Minimum-variance,1.616784498853148
2021-06-29,0.04229796705672095,Crypto,Minimum-variance,1.6851711963234555
2021-06-30,-0.022626091676774405,Crypto,Minimum-variance,1.6470423583443814
2021-07-01,-0.042327837141462946,Crypto,Minimum-variance,1.5773266176352894
2021-07-02,0.009465641142607862,Crypto,Minimum-variance,1.5922570253625086
2021-07-03,0.0227080721010633,Crypto,Minimum-variance,1.628414112697865
2021-07-04,0.018066914825940934,Crypto,Minimum-variance,1.6578345317733376
2021-07-05,-0.0439313207539345,Crypto,Minimum-variance,1.5850036712010545
2021-07-06,0.014498847367671135,Crypto,Minimum-variance,1.6079843975069967
2021-07-07,-0.011254446405921725,Crypto,Minimum-variance,1.589887423283696
2021-07-08,-0.029225387696879015,Crypto,Minimum-variance,1.543422346943838
2021-07-09,0.027858212651002832,Crypto,Minimum-variance,1.586419334895309
2021-07-10,-0.008387754345549706,Crypto,Minimum-variance,1.5731128392251768
2021-07-11,0.02133261287379602,Crypto,Minimum-variance,1.6066714464311656
2021-07-12,-0.03127806319660762,Crypto,Minimum-variance,1.5564178753935065
2021-07-13,-0.01374513581055651,Crypto,Minimum-variance,1.535024700318245
2021-07-14,0.003661858655066506,Crypto,Minimum-variance,1.5406457438028462
2021-07-15,-0.03185097574066086,Crypto,Minimum-variance,1.4915746735920294
2021-07-16,-0.011386258373175757,Crypto,Minimum-variance,1.4745912189756254
2021-07-17,0.0032679249895047535,Crypto,Minimum-variance,1.47941007246942
2021-07-18,0.00835110615742933,Crypto,Minimum-variance,1.4917647830349823
2021-07-19,-0.031188590412535213,Crypto,Minimum-variance,1.4452387422250599
2021-07-20,-0.033155545633300074,Crypto,Minimum-variance,1.3973210631562039
2021-07-21,0.0772177152844638,Crypto,Minimum-variance,1.5052190031719839
2021-07-22,0.006890185272375055,Crypto,Minimum-variance,1.5155902409793385
2021-07-23,0.03898500886921929,Crypto,Minimum-variance,1.57467553996602
2021-07-24,0.02085879200633592,Crypto,Minimum-variance,1.6075213695316357
2021-07-25,0.030194343290223743,Crypto,Minimum-variance,1.6560594216096445
2021-07-26,0.05568405755904968,Crypto,Minimum-variance,1.7482755297637622
2021-07-27,0.05495682386817586,Crypto,Minimum-variance,1.8443552001260313
2021-07-28,0.016493290051090997,Crypto,Minimum-variance,1.874774685398948
2021-07-29,0.0008720523193762853,Crypto,Minimum-variance,1.8764095870116582
2021-07-30,0.05473587629040982,Crypto,Minimum-variance,1.9791165100364672
2021-07-31,-0.014197889974182797,Crypto,Minimum-variance,1.9510172315808807
2021-08-01,-0.03921578317085309,Crypto,Minimum-variance,1.874506562864607
2021-08-02,-0.018268938251759046,Crypto,Minimum-variance,1.8402613182151164
2021-08-03,-0.02675759072313802,Crypto,Minimum-variance,1.791020359038694
2021-08-04,0.04163530602996771,Crypto,Minimum-variance,1.8655900397931726
2021-08-05,0.027944784221403358,Crypto,Minimum-variance,1.9177235509007922
2021-08-06,0.04688855007990856,Crypto,Minimum-variance,2.007642827656624
2021-08-07,0.0415394080929341,Crypto,Minimum-variance,2.0910391223795046
2021-08-08,-0.01779859658541213,Crypto,Minimum-variance,2.0538215605959573
2021-08-09,0.05818588806116362,Crypto,Minimum-variance,2.173324992018398
2021-08-10,-0.015626864775723653,Crypto,Minimum-variance,2.139362736254426
2021-08-11,0.004750196350589204,Crypto,Minimum-variance,2.149525129316768
2021-08-12,-0.025598654687885376,Crypto,Minimum-variance,2.094500177788456
2021-08-13,0.07667964373932507,Crypto,Minimum-variance,2.2551057052332277
2021-08-14,-0.009932233970859617,Crypto,Minimum-variance,2.232707467739831
2021-08-15,-0.0008073562346667437,Crypto,Minimum-variance,2.230904877445564
2021-08-16,-0.023699631601110372,Crypto,Minimum-variance,2.178033253712984
2021-08-17,-0.029921697816005892,Crypto,Minimum-variance,2.1128628008621724
2021-08-18,0.003224122353130381,Crypto,Minimum-variance,2.11967492904753
2021-08-19,0.04353087585820838,Crypto,Minimum-variance,2.2119462352436545
2021-08-20,0.054985120720986776,Crypto,Minimum-variance,2.3335703660168594
2021-08-21,-0.009693787878399546,Crypto,Minimum-variance,2.310949229889373
2021-08-22,0.008441253632011599,Crypto,Minimum-variance,2.3304565384695706
2021-08-23,0.005003542133824655,Crypto,Minimum-variance,2.34211707595085
2021-08-24,-0.03859102465521272,Crypto,Minimum-variance,2.251732378127436
2021-08-25,0.026482430567649273,Crypto,Minimum-variance,2.3113637244881238
2021-08-26,-0.042245261419261944,Crypto,Minimum-variance,2.213719559712124
2021-08-27,0.04655812834552784,Crypto,Minimum-variance,2.3167861990942065
2021-08-28,-0.0038872593139491042,Crypto,Minimum-variance,2.307780250363349
2021-08-29,-0.0014838087362343219,Crypto,Minimum-variance,2.3043559458665506
2021-08-30,-0.03619870813266991,Crypto,Minimum-variance,2.220941237548345
2021-08-31,0.0043610909248754,Crypto,Minimum-variance,2.230626964224099
2021-09-01,0.036284339861063504,Crypto,Minimum-variance,2.3115637910972584
2021-09-02,0.01065485284345635,Crypto,Minimum-variance,2.3361931631296615
2021-09-03,0.014328116449688072,Crypto,Minimum-variance,2.3696664108199483
2021-09-04,-0.00184521853036305,Crypto,Minimum-variance,2.3652938584479246
2021-09-05,0.03621472245762466,Crypto,Minimum-variance,2.45095231906234
2021-09-06,0.016945702264313387,Crypto,Minimum-variance,2.492485427325199
2021-09-07,-0.1127454272278111,Crypto,Minimum-variance,2.211469092962326
2021-09-08,-0.013697954576993706,Crypto,Minimum-variance,2.1811764897785024
2021-09-09,0.006261293877657541,Crypto,Minimum-variance,2.1948334767800435
2021-09-10,-0.03229182957206278,Crypto,Minimum-variance,2.1239582882088044
2021-09-11,0.008018214202782982,Crypto,Minimum-variance,2.1409886407214387
2021-09-12,0.022396572449973142,Crypto,Minimum-variance,2.188939447927926
2021-09-13,-0.025180506621034146,Crypto,Minimum-variance,2.133820843666334
2021-09-14,0.0489227071292416,Crypto,Minimum-variance,2.2382131358672934
2021-09-15,0.022997246927435586,Crypto,Minimum-variance,2.2896858760290635
2021-09-16,-0.009074069265591459,Crypto,Minimum-variance,2.268909107793529
2021-09-17,-0.012781872609338817,Crypto,Minimum-variance,2.2399082006155435
2021-09-18,0.020981744587613774,Crypto,Minimum-variance,2.28690538238056
2021-09-19,-0.02112124841080222,Crypto,Minimum-variance,2.2386030857073
2021-09-20,-0.09435743507336622,Crypto,Minimum-variance,2.027374240392636
2021-09-21,-0.04973301254911873,Crypto,Minimum-variance,1.926546811853429
2021-09-22,0.07245940075156813,Crypto,Minimum-variance,2.066143239360173
2021-09-23,0.02944566540723757,Crypto,Minimum-variance,2.126982201869798
2021-09-24,-0.04635809277329927,Crypto,Minimum-variance,2.028379363628362
2021-09-25,-0.0031909207292476005,Crypto,Minimum-variance,2.021906965870182
2021-09-26,0.010575877759724343,Crypto,Minimum-variance,2.04329040678276
2021-09-27,-0.022439365359607177,Crypto,Minimum-variance,1.9974402668091813
2021-09-28,-0.02858467230591685,Crypto,Minimum-variance,1.9403440913317977
2021-09-29,0.01354293289748072,Crypto,Minimum-variance,1.9666220411587276
2021-09-30,0.05305516228221376,Crypto,Minimum-variance,2.0709614927001825
2021-10-01,0.0986068797524433,Crypto,Minimum-variance,2.27517254358281
2021-10-02,-0.008401946178903618,Crypto,Minimum-variance,2.2560566663239077
2021-10-03,0.01029732465799138,Crypto,Minimum-variance,2.2792880142638707
2021-10-04,0.01857609336506278,Crypto,Minimum-variance,2.3216282812227047
2021-10-05,0.048772535846314455,Crypto,Minimum-variance,2.4348599797904567
2021-10-06,0.07376932815767741,Crypto,Minimum-variance,2.6144779646576146
2021-10-07,-0.02787320472820725,Crypto,Minimum-variance,2.5416040850913264
2021-10-08,0.003016244232457035,Crypto,Minimum-variance,2.5492701837541722
2021-10-09,0.01916822158021232,Crypto,Minimum-variance,2.5981351595042006
2021-10-10,-0.0038498223564353887,Crypto,Minimum-variance,2.5881328006821005
2021-10-11,0.048980141697088794,Crypto,Minimum-variance,2.714899911990393
2021-10-12,-0.025136517763811837,Crypto,Minimum-variance,2.646656782125675
2021-10-13,0.024272735720227076,Crypto,Minimum-variance,2.710898382740358
2021-10-14,-0.0013742009152291064,Crypto,Minimum-variance,2.707173063701703
2021-10-15,0.07386644775610714,Crypto,Minimum-variance,2.907142321378365
2021-10-16,-0.011310250693900558,Crypto,Minimum-variance,2.874261812920728
2021-10-17,0.010510574405801687,Crypto,Minimum-variance,2.9044719555671854
2021-10-18,0.007530923821250628,Crypto,Minimum-variance,2.9263453126055206
2021-10-19,0.035836945952035994,Crypto,Minimum-variance,3.0312165914103586
2021-10-20,0.027043836217619147,Crypto,Minimum-variance,3.1131923164485897
2021-10-21,-0.05718517925777874,Crypto,Minimum-variance,2.9351638557685376
2021-10-22,-0.024170147346833832,Crypto,Minimum-variance,2.864220512887511
2021-10-23,0.01151025171538078,Crypto,Minimum-variance,2.897188411959203
2021-10-24,-0.007571856412342396,Crypto,Minimum-variance,2.875251317304346
2021-10-25,0.03439582833981676,Crypto,Minimum-variance,2.974147968048178
2021-10-26,-0.04197093760050319,Crypto,Minimum-variance,2.8493201892665647
2021-10-27,-0.03185769527272468,Crypto,Minimum-variance,2.7585474149424885
2021-10-28,0.03679649994664149,Crypto,Minimum-variance,2.8600523047492277
2021-10-29,0.02650410378869869,Crypto,Minimum-variance,2.9358554278754077
2021-10-30,-0.005335529715964943,Crypto,Minimum-variance,2.9201910839982013
2021-10-31,-0.008939546273629674,Crypto,Minimum-variance,2.8940859006749586
2021-11-01,-0.00533869178024731,Crypto,Minimum-variance,2.878635268065696
2021-11-02,0.03698083798185301,Crypto,Minimum-variance,2.9850896125228816
2021-11-03,-0.003546070914968139,Crypto,Minimum-variance,2.9745042730693405
2021-11-04,-0.023887016626076448,Crypto,Minimum-variance,2.903452240044198
2021-11-05,-0.005486307337471492,Crypto,Minimum-variance,2.8875230087156454
2021-11-06,0.006123672680316874,Crypto,Minimum-variance,2.9052052544779037
2021-11-07,0.02936741077509166,Crypto,Minimum-variance,2.990523610572111
2021-11-08,0.06654664251587342,Crypto,Minimum-variance,3.1895329162201325
2021-11-09,-0.008097576232073155,Crypto,Minimum-variance,3.1637054302863334
2021-11-10,-0.03039099165628147,Crypto,Minimum-variance,3.0675572849515693
2021-11-11,-8.17494025171406e-05,Crypto,Minimum-variance,3.0673065139763374
2021-11-12,-0.012352982034758951,Crypto,Minimum-variance,3.0294161317140884
2021-11-13,0.005522283667909452,Crypto,Minimum-variance,3.046145426941554
2021-11-14,0.015681694244280772,Crypto,Minimum-variance,3.093914148150466
2021-11-15,-0.027466795849233384,Crypto,Minimum-variance,3.008934239868162
2021-11-16,-0.054780871395795884,Crypto,Minimum-variance,2.8441022002355374
2021-11-17,0.0036769747524607746,Crypto,Minimum-variance,2.8545598922192217
2021-11-18,-0.05742093783916197,Crypto,Minimum-variance,2.690648386089937
2021-11-19,0.02121710357948246,Crypto,Minimum-variance,2.747736151593574
2021-11-20,0.02662134575088834,Crypto,Minimum-variance,2.8208845857173617
2021-11-21,-0.015794959359517087,Crypto,Minimum-variance,2.776328828328068
2021-11-22,-0.041476409430572556,Crypto,Minimum-variance,2.661176677130431
2021-11-23,0.02257128467264544,Crypto,Minimum-variance,2.7212428534741466
2021-11-24,-0.02236542859798746,Crypto,Minimum-variance,2.660381090736987
2021-11-25,0.016665432049086833,Crypto,Minimum-variance,2.70471749102934
2021-11-26,-0.06499623687769465,Crypto,Minimum-variance,2.528921032295153
2021-11-27,0.023015640882919353,Crypto,Minimum-variance,2.5871257705957205
2021-11-28,0.043727976293033606,Crypto,Minimum-variance,2.7002555449594263
2021-11-29,0.00999434900478713,Crypto,Minimum-variance,2.7272428412778624
2021-11-30,-0.013435933042646064,Crypto,Minimum-variance,2.6905997890714173
2021-12-01,0.003798066561697023,Crypto,Minimum-variance,2.7008188661611983
2021-12-02,-0.012916268894250826,Crypto,Minimum-variance,2.6659343634511945
2021-12-03,-0.05075949554908988,Crypto,Minimum-variance,2.5306128799954277
2021-12-04,-0.08192205609781301,Crypto,Minimum-variance,2.323299869678594
2021-12-05,0.0023486738022688754,Crypto,Minimum-variance,2.328756543217323
2021-12-06,0.02480152843174534,Crypto,Minimum-variance,2.3865132648345404
2021-12-07,0.0026521890656992964,Crypto,Minimum-variance,2.3928427492206805
2021-12-08,-0.002819572907022616,Crypto,Minimum-variance,2.386095954634212
2021-12-09,-0.055264837024196545,Crypto,Minimum-variance,2.2542287505772576
2021-12-10,-0.00966303011204238,Crypto,Minimum-variance,2.232446070280998
2021-12-11,0.04483364084793613,Crypto,Minimum-variance,2.3325347556083624
2021-12-12,0.014441155771409411,Crypto,Minimum-variance,2.3662192533563293
2021-12-13,-0.06711142495211286,Crypto,Minimum-variance,2.2074189075144615
2021-12-14,-0.0023163288222006837,Crypto,Minimum-variance,2.202305799476315
2021-12-15,0.048474766086871526,Crypto,Minimum-variance,2.30906205795769
2021-12-16,-0.025177821617784334,Crypto,Minimum-variance,2.2509249053580374
2021-12-17,-0.03106501856034888,Crypto,Minimum-variance,2.180999881395138
2021-12-18,0.01414313388087714,Crypto,Minimum-variance,2.2118460547118866
2021-12-19,-0.0030240259049832473,Crypto,Minimum-variance,2.2051573749446027
2021-12-20,0.0037998205393785576,Crypto,Minimum-variance,2.2135365772304794
2021-12-21,0.043849017706592934,Crypto,Minimum-variance,2.3105979817996496
2021-12-22,-0.006002470862517705,Crypto,Minimum-variance,2.296728684738905
2021-12-23,0.0442930272877698,Crypto,Minimum-variance,2.3984577510446488
2021-12-24,-0.0005469039889202884,Crypto,Minimum-variance,2.3971460249333454
2021-12-25,-0.007270714871263302,Crypto,Minimum-variance,2.3797170596812727
2021-12-26,0.0073057391339686195,Crypto,Minimum-variance,2.397102651731959
2021-12-27,-0.0032863463380092685,Crypto,Minimum-variance,2.3892249422106073
2021-12-28,-0.06026298372510681,Crypto,Minimum-variance,2.2452431184025503
2021-12-29,-0.02403889914806125,Crypto,Minimum-variance,2.191269945516393
2021-12-30,0.015970074270915048,Crypto,Minimum-variance,2.2262646892939135
2021-12-31,-0.018595276362972573,Crypto,Minimum-variance,2.184866682139366
2022-01-01,0.029472625101272888,Crypto,Minimum-variance,2.2492604387583213
2022-01-02,-0.006563630820794076,Crypto,Minimum-variance,2.2344971236184943
2022-01-03,-0.01866314989775659,Crypto,Minimum-variance,2.192794368854296
2022-01-04,-0.012032126345038795,Crypto,Minimum-variance,2.1664103899595517
2022-01-05,-0.05107587949305408,Crypto,Minimum-variance,2.0557590739494773
2022-01-06,-0.009084760153966025,Crypto,Minimum-variance,2.037082995828307
2022-01-07,-0.03710205782172508,Crypto,Minimum-variance,1.9615030247294325
2022-01-08,0.0032368175109181354,Crypto,Minimum-variance,1.9678520520675955
2022-01-09,0.004378041490167548,Crypto,Minimum-variance,1.9764673899980587
2022-01-10,-0.0030452139247725066,Crypto,Minimum-variance,1.9704486239801777
2022-01-11,0.02205495576859817,Crypto,Minimum-variance,2.0139067812263556
2022-01-12,0.02883197918981783,Crypto,Minimum-variance,2.0719716996329067
2022-01-13,-0.030884199894537723,Crypto,Minimum-variance,2.007980511485619
2022-01-14,0.0120565546778483,Crypto,Minimum-variance,2.0321898383143995
2022-01-15,0.002079774207782735,Crypto,Minimum-variance,2.0364163343254438
2022-01-16,-0.0010982299523330272,Crypto,Minimum-variance,2.0341798809116676
2022-01-17,-0.01940030307156002,Crypto,Minimum-variance,1.9947161747199114
2022-01-18,0.0021055122141983083,Crypto,Minimum-variance,1.9989160739896432
2022-01-19,-0.014415172315588039,Crypto,Minimum-variance,1.9701013543386836
2022-01-20,-0.025442473615196744,Crypto,Minimum-variance,1.9199771026116583
2022-01-21,-0.10387102622373609,Crypto,Minimum-variance,1.7205471106373098
2022-01-22,-0.039951684580202054,Crypto,Minimum-variance,1.65180835516775
2022-01-23,0.03538073134014811,Crypto,Minimum-variance,1.7102505428073522
2022-01-24,0.009052610358342887,Crypto,Minimum-variance,1.7257327745865314
2022-01-25,0.008304512004398813,Crypto,Minimum-variance,1.7400641431294697
2022-01-26,-0.002493450050070042,Crypto,Minimum-variance,1.7357253801046584
2022-01-27,0.0074054598435218605,Crypto,Minimum-variance,1.7485792247064051
2022-01-28,0.01736492443776515,Crypto,Minimum-variance,1.778943170816878
2022-01-29,0.010011798908955628,Crypto,Minimum-variance,1.7967535921135565
2022-01-30,-0.00629168339658692,Crypto,Minimum-variance,1.7854489873702977
2022-01-31,0.014866991568364232,Crypto,Minimum-variance,1.8119932424112761
2022-02-01,0.006945604034339737,Crypto,Minimum-variance,1.824578629985964
2022-02-02,-0.04566972159811723,Crypto,Minimum-variance,1.741250631920631
2022-02-03,0.005739999203177775,Crypto,Minimum-variance,1.751245409160388
2022-02-04,0.11589372808298734,Crypto,Minimum-variance,1.9542037684162017
2022-02-05,-0.0011563027808334156,Crypto,Minimum-variance,1.951944117164467
2022-02-06,0.023425297052982318,Crypto,Minimum-variance,1.9976689879398657
2022-02-07,0.035092119005935,Crypto,Minimum-variance,2.0677714257991173
2022-02-08,0.006590812621853147,Crypto,Minimum-variance,2.081399719811382
2022-02-09,0.005257726799552863,Crypto,Minimum-variance,2.0923431508988157
2022-02-10,-0.017710053487783213,Crypto,Minimum-variance,2.055287641781601
2022-02-11,-0.02793033608646606,Crypto,Minimum-variance,1.9978827671922805
2022-02-12,-0.003206072992272548,Crypto,Minimum-variance,1.9914774092106584
2022-02-13,-0.000916011504854704,Crypto,Minimum-variance,1.9896531929921633
2022-02-14,0.00889141511355934,Crypto,Minimum-variance,2.0073440254630754
2022-02-15,0.04661193505895135,Crypto,Minimum-variance,2.1009102148189345
2022-02-16,-0.013617098559471229,Crypto,Minimum-variance,2.072301913359145
2022-02-17,-0.07760099880451012,Crypto,Minimum-variance,1.911489215057978
2022-02-18,-0.011701287100333893,Crypto,Minimum-variance,1.8891223309633929
2022-02-19,0.0027862052729386096,Crypto,Minimum-variance,1.894385813563149
2022-02-20,-0.041869173568736553,Crypto,Minimum-variance,1.8150694451289213
2022-02-21,-0.03596832096816978,Crypto,Minimum-variance,1.7497844447470063
2022-02-22,0.03299437408761038,Crypto,Minimum-variance,1.8075174872896707
2022-02-23,-0.025939025061884155,Crypto,Minimum-variance,1.76063224588707
2022-02-24,0.026954883045297893,Crypto,Minimum-variance,1.8080898821607363
2022-02-25,0.02268064709373148,Crypto,Minimum-variance,1.8490985306917707
2022-02-26,-0.002910124990096085,Crypto,Minimum-variance,1.8437174228484545
2022-02-27,-0.035492823905719346,Crypto,Minimum-variance,1.7782786850273875
2022-02-28,0.143187131074109,Crypto,Minimum-variance,2.0329053081866983
2022-03-01,0.026063730152528164,Crypto,Minimum-variance,2.0858904035649184
2022-03-02,-0.00974778394516241,Crypto,Minimum-variance,2.06555759457768
2022-03-03,-0.03318567173425992,Crypto,Minimum-variance,1.9970106782958177
2022-03-04,-0.07626069681087527,Crypto,Minimum-variance,1.84471725243022
2022-03-05,0.008077097788522444,Crypto,Minimum-variance,1.8596172140702734
2022-03-06,-0.024936290945594797,Crypto,Minimum-variance,1.8132452581727805
2022-03-07,-0.009095709417940558,Crypto,Minimum-variance,1.7967525062009821
2022-03-08,0.01821292007043999,Crypto,Minimum-variance,1.8294766159827833
2022-03-09,0.08062432045541265,Crypto,Minimum-variance,1.9769769249354632
2022-03-10,-0.058929360742461,Crypto,Minimum-variance,1.8604749385464199
2022-03-11,-0.015069241751069325,Crypto,Minimum-variance,1.832438991925658
2022-03-12,0.0022359869622293094,Crypto,Minimum-variance,1.8365363016206844
2022-03-13,-0.026275957595435467,Crypto,Minimum-variance,1.7882795516368215
2022-03-14,0.046525628766850756,Crypto,Minimum-variance,1.8714803821876265
2022-03-15,-0.00773249073659588,Crypto,Minimum-variance,1.8570091774686397
2022-03-16,0.04444778049684481,Crypto,Minimum-variance,1.939549113769392
2022-03-17,-0.004664692719491892,Crypto,Minimum-variance,1.9305017131392952
2022-03-18,0.02047282844484743,Crypto,Minimum-variance,1.97002454352488
2022-03-19,0.009162429818047883,Crypto,Minimum-variance,1.9880747551447586
2022-03-20,-0.021780939457064784,Crypto,Minimum-variance,1.9447726192668315
2022-03-21,-0.0036004104836598956,Crypto,Minimum-variance,1.9377706395400884
2022-03-22,0.030878264154900806,Crypto,Minimum-variance,1.9976056332194183
2022-03-23,0.01264529983729947,Crypto,Minimum-variance,2.0228659554081565
2022-03-24,0.024617941697366124,Crypto,Minimum-variance,2.0726647515599814
2022-03-25,0.007755338567878506,Crypto,Minimum-variance,2.088738968446037
2022-03-26,0.0042867109844560896,Crypto,Minimum-variance,2.0976927887257357
2022-03-27,0.051801581971213775,Crypto,Minimum-variance,2.206356593671336
2022-03-28,0.006276995039202695,Crypto,Minimum-variance,2.2202058830645233
2022-03-29,0.007018988470090698,Crypto,Minimum-variance,2.2357894825589804
2022-03-30,-0.006175073148895721,Crypto,Minimum-variance,2.221983318958647
2022-03-31,-0.030766573307252396,Crypto,Minimum-variance,2.1536205062884135
2022-04-01,0.016189269132875734,Crypto,Minimum-variance,2.1884860482747968
2022-04-02,-0.009540899960586996,Crypto,Minimum-variance,2.1676059218230663
2022-04-03,0.012095154827746799,Crypto,Minimum-variance,2.193823451053057
2022-04-04,0.0018480561768671872,Crypto,Minimum-variance,2.197877760032732
2022-04-05,-0.022688543566463017,Crypto,Minimum-variance,2.148011114720469
2022-04-06,-0.05334747080978855,Crypto,Minimum-variance,2.0334201544788173
2022-04-07,0.007475724404673105,Crypto,Minimum-variance,2.0486214431526086
2022-04-08,-0.028086396687788985,Crypto,Minimum-variance,1.9910830486371136
2022-04-09,0.012214689135009855,Crypto,Minimum-variance,2.0154035091182037
2022-04-10,-0.013821913672442811,Crypto,Minimum-variance,1.9875467758000336
2022-04-11,-0.06393276456231352,Crypto,Minimum-variance,1.8604774157262247
2022-04-12,0.016017765200798013,Crypto,Minimum-variance,1.8902781061327147
2022-04-13,0.02585570985994885,Crypto,Minimum-variance,1.9391525883994958
2022-04-14,-0.029451971260332985,Crypto,Minimum-variance,1.8820407220965536
2022-04-15,0.01633882439326932,Crypto,Minimum-variance,1.912791054955871
2022-04-16,-0.0029850626923957598,Crypto,Minimum-variance,1.907081253739374
2022-04-17,-0.01805585964667676,Crypto,Minimum-variance,1.8726472622870474
2022-04-18,0.027621494972256695,Crypto,Minimum-variance,1.9243725792271191
2022-04-19,0.017133434392836527,Crypto,Minimum-variance,1.9573436905606805
2022-04-20,-0.003579424673725223,Crypto,Minimum-variance,1.9503375262597273
2022-04-21,-0.013025920481400343,Crypto,Minimum-variance,1.924932584730777
2022-04-22,-0.021874550774947384,Crypto,Minimum-variance,1.8828255491677328
2022-04-23,-0.0054285424105973215,Crypto,Minimum-variance,1.8726045508223197
2022-04-24,-0.001965928623317713,Crypto,Minimum-variance,1.8689231439357032
2022-04-25,0.023398698618204747,Crypto,Minimum-variance,1.9126535133212423
2022-04-26,-0.05764040468966386,Crypto,Minimum-variance,1.8024073907822984
2022-04-27,0.029017306823650207,Crypto,Minimum-variance,1.854708399061843
2022-04-28,0.013237738710647286,Crypto,Minimum-variance,1.8792605442330665
2022-04-29,-0.02807049786915437,Crypto,Minimum-variance,1.8265087651305862
2022-04-30,-0.022673341913567225,Crypto,Minimum-variance,1.785095707390653
2022-05-01,0.02557384000719312,Crypto,Minimum-variance,1.830747459408989
2022-05-02,-0.000169840368618915,Crypto,Minimum-variance,1.8304365245856349
2022-05-03,-0.016324660932349903,Crypto,Minimum-variance,1.8005552689635855
2022-05-04,0.059766815721604846,Crypto,Minimum-variance,1.908168723920297
2022-05-05,-0.08234412652080854,Crypto,Minimum-variance,1.751042237094754
2022-05-06,-0.004148422496698636,Crypto,Minimum-variance,1.7437781740857206
2022-05-07,-0.016326145996011635,Crypto,Minimum-variance,1.7153089970309383
2022-05-08,-0.03419849969213154,Crypto,Minimum-variance,1.6566480028240653
2022-05-09,-0.11449049330349109,Crypto,Minimum-variance,1.4669775557504947
2022-05-10,0.02593491786185622,Crypto,Minimum-variance,1.5050234981640704
2022-05-11,-0.06495041055515612,Crypto,Minimum-variance,1.4072716040631568
2022-05-12,-0.0037843330963094318,Crypto,Minimum-variance,1.4019460195564042
2022-05-13,0.014657343013168827,Crypto,Minimum-variance,1.4224948232509893
2022-05-14,0.024088778271966517,Crypto,Minimum-variance,1.4567609856413026
2022-05-15,0.036996655306975705,Crypto,Minimum-variance,1.5106562696917238
2022-05-16,-0.046023378277699215,Crypto,Minimum-variance,1.4411307647441236
2022-05-17,0.020776803964332038,Crypto,Minimum-variance,1.4710728561301802
2022-05-18,-0.05340780937757411,Crypto,Minimum-variance,1.3925060774494562
2022-05-19,0.05412117093961263,Crypto,Minimum-variance,1.4678701369015477
2022-05-20,-0.03627309237846474,Crypto,Minimum-variance,1.414625947826128
2022-05-21,0.010119007868076069,Crypto,Minimum-variance,1.428940558922565
2022-05-22,0.03210208907180426,Crypto,Minimum-variance,1.474812536023411
2022-05-23,-0.03911826320258408,Crypto,Minimum-variance,1.4171204310647767
2022-05-24,0.022026798925408264,Crypto,Minimum-variance,1.4483350578529286
2022-05-25,0.0010994718373092197,Crypto,Minimum-variance,1.4499274614600255
2022-05-26,-0.011419063178226966,Crypto,Minimum-variance,1.4333706481737674
2022-05-27,-0.021813299643445607,Crypto,Minimum-variance,1.402104104725033
2022-05-28,0.006659414824167867,Crypto,Minimum-variance,1.4114412975850656
2022-05-29,0.01930191311151701,Crypto,Minimum-variance,1.4386848148730595
2022-05-30,0.07395741881105458,Crypto,Minimum-variance,1.545086230263731
2022-05-31,0.0027942913076828366,Crypto,Minimum-variance,1.5494036512865772
2022-06-01,-0.06012586280699784,Crypto,Minimum-variance,1.4562444199166589
2022-06-02,0.021754809065728895,Crypto,Minimum-variance,1.487924739224979
2022-06-03,-0.025612723477758243,Crypto,Minimum-variance,1.449814934323494
2022-06-04,0.003647628027809819,Crypto,Minimum-variance,1.4551033199130696
2022-06-05,0.0029880832926236886,Crypto,Minimum-variance,1.459451289832343
2022-06-06,0.04673569945741807,Crypto,Minimum-variance,1.5276597666866887
2022-06-07,-0.006363507653917052,Crypto,Minimum-variance,1.5179384920687968
2022-06-08,-0.02957401468605064,Crypto,Minimum-variance,1.4730469568118327
2022-06-09,-0.0030249843317854417,Crypto,Minimum-variance,1.4685910128474926
2022-06-10,-0.0337100214655384,Crypto,Minimum-variance,1.4190847782803069
2022-06-11,-0.02549527736511014,Crypto,Minimum-variance,1.3829048182534447
2022-06-12,-0.05334957729107328,Crypto,Minimum-variance,1.309127430765835
2022-06-13,-0.16002769728706354,Crypto,Minimum-variance,1.0996307825650486
2022-06-14,-0.01820224230233593,Crypto,Minimum-variance,1.0796150366176924
2022-06-15,0.0215180691649191,Crypto,Minimum-variance,1.1028462676471185
2022-06-16,-0.09527858556334262,Crypto,Minimum-variance,0.9977686351718894
2022-06-17,0.004865482038023283,Crypto,Minimum-variance,1.0026232605444214
2022-06-18,-0.06640307849986762,Crypto,Minimum-variance,0.936045989468697
2022-06-19,0.07669393374222995,Crypto,Minimum-variance,1.0078350385646893
2022-06-20,0.0018340878575548683,Crypto,Minimum-variance,1.009683496571339
2022-06-21,0.008299626219439062,Crypto,Minimum-variance,1.0180634921928173
2022-06-22,-0.034470272068790136,Crypto,Minimum-variance,0.9829705666336283
2022-06-23,0.052448799429913776,Crypto,Minimum-variance,1.034526192728504
2022-06-24,0.008359042575140708,Crypto,Minimum-variance,1.04317384121862
2022-06-25,0.01122021294213854,Crypto,Minimum-variance,1.0548784738527617
2022-06-26,-0.020864667909264153,Crypto,Minimum-variance,1.0328687848111924
2022-06-27,-0.011334809662359627,Crypto,Minimum-variance,1.0211614137291647
2022-06-28,-0.021561797786519628,Crypto,Minimum-variance,0.9991433378189399
2022-06-29,-0.00926125806117415,Crypto,Minimum-variance,0.9898900135272958
2022-06-30,-0.015040507628350198,Crypto,Minimum-variance,0.9750015652276108
2022-07-01,-0.024306491746604996,Crypto,Minimum-variance,0.951302697729479
2022-07-02,-0.0014894128580388531,Crypto,Minimum-variance,0.9498858152595936
2022-07-03,0.004083770976613187,Crypto,Minimum-variance,0.9537649313830474
2022-07-04,0.04630803940474044,Crypto,Minimum-variance,0.9979319154083931
2022-07-05,-0.0010423846742933381,Crypto,Minimum-variance,0.9968916864737832
2022-07-06,0.016087124696080826,Crypto,Minimum-variance,1.0129288073425733
2022-07-07,0.050756916260531186,Crypto,Minimum-variance,1.06434194999474
2022-07-08,0.004391681308829174,Crypto,Minimum-variance,1.0690162006427346
2022-07-09,-0.005331672463355214,Crypto,Minimum-variance,1.0633165564028872
2022-07-10,-0.03373609685626429,Crypto,Minimum-variance,1.0274444060672099
2022-07-11,-0.04269741213430759,Crypto,Minimum-variance,0.9835751888162694
2022-07-12,-0.03051891911461217,Crypto,Minimum-variance,0.9535575371856463
2022-07-13,0.04465886141726474,Crypto,Minimum-variance,0.9961423310922083
2022-07-14,0.017219374785015864,Crypto,Minimum-variance,1.0132952792305043
2022-07-15,0.012346245955915032,Crypto,Minimum-variance,1.0258056719738518
2022-07-16,0.01759494532992288,Crypto,Minimum-variance,1.0438546666913564
2022-07-17,-0.019510402333918875,Crypto,Minimum-variance,1.0234886421660692
2022-07-18,0.07867982754537466,Crypto,Minimum-variance,1.1040165520263452
2022-07-19,0.03796756038397423,Crypto,Minimum-variance,1.1459333671303125
2022-07-20,-0.007588455491714591,Crypto,Minimum-variance,1.1372375027773733
2022-07-21,-0.002393032505600968,Crypto,Minimum-variance,1.1345160564666386
2022-07-22,-0.01913768049304252,Crypto,Minimum-variance,1.1128040506637533
2022-07-23,-0.01046199316606599,Crypto,Minimum-variance,1.1011619022905386
2022-07-24,0.0060313823230498925,Crypto,Minimum-variance,1.1078034307228295
2022-07-25,-0.0546809340166958,Crypto,Minimum-variance,1.0472277044240053
2022-07-26,-0.004110511735724045,Crypto,Minimum-variance,1.042923062654995
2022-07-27,0.07797716695929544,Crypto,Minimum-variance,1.1242472484373434
2022-07-28,0.03850666934112421,Crypto,Minimum-variance,1.1675382654905888
2022-07-29,-0.0019186086126345354,Crypto,Minimum-variance,1.1652982165188381
2022-07-30,-0.00601370124917874,Crypto,Minimum-variance,1.158290461178493
2022-07-31,-0.01292476861643999,Crypto,Minimum-variance,1.1433198249771315
2022-08-01,9.817139539097417e-05,Crypto,Minimum-variance,1.1434320662797275
2022-08-02,-0.0149762002645618,Crypto,Minimum-variance,1.1263077986662007
2022-08-03,-0.005887803672891245,Crypto,Minimum-variance,1.1196763194724078
2022-08-04,-0.007622240287070111,Crypto,Minimum-variance,1.1111418775216468
2022-08-05,0.027926317583976255,Crypto,Minimum-variance,1.1421719784741722
2022-08-06,-0.013451301614023727,Crypto,Minimum-variance,1.1268082786966298
2022-08-07,0.008846639475696609,Crypto,Minimum-variance,1.136776745296489
2022-08-08,0.02589055808756506,Crypto,Minimum-variance,1.1662085296531808
2022-08-09,-0.026836128223403973,Crypto,Minimum-variance,1.1349120080161805
2022-08-10,0.03334069074231941,Crypto,Minimum-variance,1.1727507582951928
2022-08-11,0.0003931392701544704,Crypto,Minimum-variance,1.173211812672382
2022-08-12,0.017419044956489247,Crypto,Minimum-variance,1.1936480419808067
2022-08-13,0.00028276909979805176,Crypto,Minimum-variance,1.1939855687631131
2022-08-14,-0.0035191950572008262,Crypto,Minimum-variance,1.189783700651153
2022-08-15,-0.00840639184816143,Crypto,Minimum-variance,1.1797819126489237
2022-08-16,-0.009038712860007092,Crypto,Minimum-variance,1.1691182027030602
2022-08-17,-0.022816063689829767,Crypto,Minimum-variance,1.142443527329248
2022-08-18,-0.005701755297931122,Crypto,Minimum-variance,1.1359295938947112
2022-08-19,-0.09712177812950647,Crypto,Minimum-variance,1.0256060919057286
2022-08-20,0.014743158482725751,Crypto,Minimum-variance,1.0407267650595438
2022-08-21,0.016335961592862384,Crypto,Minimum-variance,1.0577280375222204
2022-08-22,-0.006288487604816359,Crypto,Minimum-variance,1.0510765278689953
2022-08-23,0.006368506792754892,Crypto,Minimum-variance,1.0577703158764342
2022-08-24,-0.00726695916836859,Crypto,Minimum-variance,1.0500835421814478
2022-08-25,0.009650407634036651,Crypto,Minimum-variance,1.060217276413292
2022-08-26,-0.061844624266827124,Crypto,Minimum-variance,0.9946485373123132
2022-08-27,-0.008551217906106585,Crypto,Minimum-variance,0.9861430809297654
2022-08-28,-0.02131355871859429,Crypto,Minimum-variance,0.9651248624694334
2022-08-29,0.03443193450548126,Crypto,Minimum-variance,0.9983559785235926
2022-08-30,-0.02134050401987523,Crypto,Minimum-variance,0.9770505587506434
2022-08-31,0.01027921467567443,Crypto,Minimum-variance,0.9870938711930289
2022-09-01,0.003387743684344189,Crypto,Minimum-variance,0.990437892221018
2022-09-02,-0.008008802332713578,Crypto,Minimum-variance,0.9825056709193903
2022-09-03,-0.0057736681852660725,Crypto,Minimum-variance,0.9768330091853596
2022-09-04,0.007696999976766138,Crypto,Minimum-variance,0.9843516928343639
2022-09-05,-0.008735740732884339,Crypto,Minimum-variance,0.9757526516557871
2022-09-06,-0.04811950865084732,Crypto,Minimum-variance,0.9287999134933492
2022-09-07,0.0235226826553702,Crypto,Minimum-variance,0.9506477791087886
2022-09-08,0.0011735656419300943,Crypto,Minimum-variance,0.9517634266799277
2022-09-09,0.10087563089923277,Crypto,Minimum-variance,1.047773162813081
2022-09-10,0.014406007532939823,Crypto,Minimum-variance,1.0628673908893784
2022-09-11,0.0031811046527376683,Crypto,Minimum-variance,1.0662484832917798
2022-09-12,0.025394291876152393,Crypto,Minimum-variance,1.0933251084889961
2022-09-13,-0.08932022097634347,Crypto,Minimum-variance,0.9956690681997742
2022-09-14,-0.0019496044853620645,Crypto,Minimum-variance,0.9937279073184756
2022-09-15,-0.02517044082243697,Crypto,Minimum-variance,0.9687153378337118
2022-09-16,0.003404014105576674,Crypto,Minimum-variance,0.9720128585079862
2022-09-17,0.0178292915550718,Crypto,Minimum-variance,0.9893431591576038
2022-09-18,-0.03426655793427499,Crypto,Minimum-variance,0.9554417744774512
2022-09-19,0.005287633625042758,Crypto,Minimum-variance,0.9604938005309486
2022-09-20,-0.031704070541816155,Crypto,Minimum-variance,0.9300422373239383
2022-09-21,-0.017514738140126763,Crypto,Minimum-variance,0.9137527910779519
2022-09-22,0.04454587570357365,Crypto,Minimum-variance,0.9544567093331039
2022-09-23,-0.005306932316197937,Crypto,Minimum-variance,0.9493914721779321
2022-09-24,-0.018012010393769914,Crypto,Minimum-variance,0.9322910231133067
2022-09-25,-0.006773228321807947,Crypto,Minimum-variance,0.9259764031513884
2022-09-26,0.020472859067532982,Crypto,Minimum-variance,0.9449337875529679
2022-09-27,-0.005576281143129232,Crypto,Minimum-variance,0.9396645710919306
2022-09-28,0.01556064665447862,Crypto,Minimum-variance,0.9542863594564244
2022-09-29,0.008732085802301441,Crypto,Minimum-variance,0.9626192698271637
2022-09-30,-0.006708659657697175,Crypto,Minimum-variance,0.9561613847659524
2022-10-01,-0.006384688905006422,Crypto,Minimum-variance,0.9500565917812416
2022-10-02,-0.012151303305756943,Crypto,Minimum-variance,0.9385121659768739
2022-10-03,0.02854891093658856,Crypto,Minimum-variance,0.9653056662162526
2022-10-04,0.03456401952163759,Crypto,Minimum-variance,0.9986705101076986
2022-10-05,-0.007807928523609819,Crypto,Minimum-variance,0.9908729621461407
2022-10-06,-0.008859642680199327,Crypto,Minimum-variance,0.9820941817600553
2022-10-07,-0.01913199832707053,Crypto,Minimum-variance,0.9633047575175961
2022-10-08,-0.006679366230118409,Crypto,Minimum-variance,0.9568704922509207
2022-10-09,0.0018953850260467933,Crypto,Minimum-variance,0.9586841302537992
2022-10-10,-0.013777670671041098,Crypto,Minimum-variance,0.9454756960296089
2022-10-11,-0.005973487116293045,Crypto,Minimum-variance,0.9398279091406078
2022-10-12,0.0052931832918992686,Crypto,Minimum-variance,0.9448025905265314
2022-10-13,0.009683681793477568,Crypto,Minimum-variance,0.9539517581708435
2022-10-14,-0.0052655971170550864,Crypto,Minimum-variance,0.9489286325432095
2022-10-15,-0.00854802168740151,Crypto,Minimum-variance,0.9408171700124338
2022-10-16,0.00959933735501927,Crypto,Minimum-variance,0.9498483914167776
2022-10-17,0.01458271970143231,Crypto,Minimum-variance,0.9636997642676648
2022-10-18,-0.010794153513625592,Crypto,Minimum-variance,0.9532974410711148
2022-10-19,-0.009748014906335645,Crypto,Minimum-variance,0.944004683405382
2022-10-20,-0.003495154168344766,Crypto,Minimum-variance,0.9407052415012407
2022-10-21,0.004915541165039236,Crypto,Minimum-variance,0.9453293168400082
2022-10-22,0.0016721994093662775,Crypto,Minimum-variance,0.9469100959652846
2022-10-23,0.017411278557915605,Crypto,Minimum-variance,0.9633970114154389
2022-10-24,-0.011063191136821908,Crypto,Minimum-variance,0.952738766137507
2022-10-25,0.036938553855512805,Crypto,Minimum-variance,0.987931558360712
2022-10-26,0.032133451080831536,Crypto,Minimum-variance,1.0196772087625057
2022-10-27,-0.02200351382129639,Crypto,Minimum-variance,0.9972407272062389
2022-10-28,0.01475803659585122,Crypto,Minimum-variance,1.011958042353222
2022-10-29,0.010741749360234414,Crypto,Minimum-variance,1.0228282420072539
2022-10-30,-0.009403260877651766,Crypto,Minimum-variance,1.0132103212146297
2022-10-31,-0.005995562894569541,Crypto,Minimum-variance,1.0071355550083603
2022-11-01,-0.0011448230618072903,Crypto,Minimum-variance,1.0059825629986205
2022-11-02,-0.016253339861910996,Crypto,Minimum-variance,0.9896319865070476
2022-11-03,0.002607442605762195,Crypto,Minimum-variance,0.9922123951126913
2022-11-04,0.045118525602376884,Crypto,Minimum-variance,1.036979555464579
2022-11-05,0.005644823826422668,Crypto,Minimum-variance,1.0428331223667786
2022-11-06,-0.016436679082996637,Crypto,Minimum-variance,1.0256924089973165
2022-11-07,-0.014795976096245533,Crypto,Minimum-variance,1.0105162886316919
2022-11-08,-0.09634535697036223,Crypto,Minimum-variance,0.9131577360791059
2022-11-09,-0.13863270529309274,Crypto,Minimum-variance,0.7865642087671435
2022-11-10,0.10467231693100318,Crypto,Minimum-variance,0.8688957069138016
2022-11-11,-0.03147911677990538,Crypto,Minimum-variance,0.8415436374863036
2022-11-12,-0.014048352208315455,Crypto,Minimum-variance,0.8297213360682291
2022-11-13,-0.030872048161427575,Crypto,Minimum-variance,0.8041061390205667
2022-11-14,0.013440279202624137,Crypto,Minimum-variance,0.8149135500375472
2022-11-15,0.015613247996475822,Crypto,Minimum-variance,0.827636997389972
2022-11-16,-0.012438385497591124,Crypto,Minimum-variance,0.8173425293643667
2022-11-17,0.0007182176357752964,Crypto,Minimum-variance,0.8179295591834255
2022-11-18,0.0016112374784801975,Crypto,Minimum-variance,0.8192474379439386
2022-11-19,0.003279835452026197,Crypto,Minimum-variance,0.8219344347348888
2022-11-20,-0.02648833233620631,Crypto,Minimum-variance,0.8001627622690592
2022-11-21,-0.025919118806305194,Crypto,Minimum-variance,0.7794232485694262
2022-11-22,0.02177896048828382,Crypto,Minimum-variance,0.7963982767036696
2022-11-23,0.025645459595234846,Crypto,Minimum-variance,0.8168222765305883
2022-11-24,0.0016061688260760785,Crypto,Minimum-variance,0.8181342310075961
2022-11-25,-0.004417756154294115,Crypto,Minimum-variance,0.8145199134735236
2022-11-26,-0.0034542071891331514,Crypto,Minimum-variance,0.8117063929327113
2022-11-27,-0.000321272834121312,Crypto,Minimum-variance,0.8114456137193794
2022-11-28,-0.012919235518233159,Crypto,Minimum-variance,0.8009623567255015
2022-11-29,0.013239480387189069,Crypto,Minimum-variance,0.8115666821382456
2022-11-30,0.04223839830721619,Crypto,Minimum-variance,0.8458459589112666
2022-12-01,-0.011432162347427784,Crypto,Minimum-variance,0.8361761105880772
2022-12-02,0.00694621741786934,Crypto,Minimum-variance,0.8419843716518504
2022-12-03,-0.010928464318932886,Crypto,Minimum-variance,0.832782775489154
2022-12-04,0.011080052641161603,Crypto,Minimum-variance,0.8420100524802265
2022-12-05,-0.008030580250601637,Crypto,Minimum-variance,0.8352482231819708
2022-12-06,0.006750169235291645,Crypto,Minimum-variance,0.8408862900419257
2022-12-07,-0.013759623193974165,Crypto,Minimum-variance,0.82931601154197
2022-12-08,0.02317547742699587,Crypto,Minimum-variance,0.8485358060473072
2022-12-09,-0.004978121533496929,Crypto,Minimum-variance,0.8443116916792799
2022-12-10,9.381145417863444e-06,Crypto,Minimum-variance,0.8443196122900375
2022-12-11,-0.0027799137748616767,Crypto,Minimum-variance,0.8419724765694466
2022-12-12,0.00461206083229064,Crypto,Minimum-variance,0.8458557048504993
2022-12-13,0.0318901883611592,Crypto,Minimum-variance,0.8728302026045429
2022-12-14,0.0038642602917302264,Crypto,Minimum-variance,0.8762030456978905
2022-12-15,-0.02271315248633947,Crypto,Minimum-variance,0.8563017123119593
2022-12-16,-0.04221180626631846,Crypto,Minimum-variance,0.8201556703263301
2022-12-17,0.01150545538922109,Crypto,Minimum-variance,0.8295919348034864
2022-12-18,-0.003944448626426251,Crypto,Minimum-variance,0.8263196520357564
2022-12-19,-0.017426343164377692,Crypto,Minimum-variance,0.8119199222159121
2022-12-20,0.028072095903111036,Crypto,Minimum-variance,0.8347122161380037
2022-12-21,-0.004980537567303627,Crypto,Minimum-variance,0.8305549005876411
2022-12-22,0.001956301488909221,Crypto,Minimum-variance,0.8321797163762816
2022-12-23,-0.004151798931495857,Crypto,Minimum-variance,0.828724673519018
2022-12-24,0.0036419205150989616,Crypto,Minimum-variance,0.8317428229088757
2022-12-25,-0.00017920977524662387,Crypto,Minimum-variance,0.8315937664645192
2022-12-26,0.00369341768086284,Crypto,Minimum-variance,0.8346651895848745
2022-12-27,-0.01160432775755248,Crypto,Minimum-variance,0.8249794611571118
2022-12-28,-0.008809318712058126,Crypto,Minimum-variance,0.8177119541528769
2022-12-29,0.004646298781790155,Crypto,Minimum-variance,0.8215112882093126
2022-12-30,-0.0014981704456884825,Crypto,Minimum-variance,0.820280524276518
2022-12-31,-0.0027592248309640547,Crypto,Minimum-variance,0.818017185885578
2023-01-01,0.004803600139871022,Crypto,Minimum-variance,0.8219466133541149
2023-01-02,0.004040184531481349,Crypto,Minimum-variance,0.8252674293470916
2023-01-03,-0.0010387734581941254,Crypto,Minimum-variance,0.8244101634455737
2023-01-04,0.009748102397574841,Crypto,Minimum-variance,0.8324465981364425
2023-01-05,-0.0032985124670746385,Crypto,Minimum-variance,0.8297007626543156
2023-01-06,0.0041452462106719,Crypto,Minimum-variance,0.8331400765967
2023-01-07,-0.0006655510645730568,Crypto,Minimum-variance,0.8325855793317826
2023-01-08,0.010441650350183759,Crypto,Minimum-variance,0.8412791468377703
2023-01-09,0.006998687640601396,Crypto,Minimum-variance,0.8471669968050395
2023-01-10,0.013424621840335967,Crypto,Minimum-variance,0.8585398933727603
2023-01-11,0.02829475045174798,Crypto,Minimum-variance,0.8828320654086128
2023-01-12,0.048282340579623786,Crypto,Minimum-variance,0.9254572638652842
2023-01-13,0.05472387717245232,Crypto,Minimum-variance,0.9761018735014018
2023-01-14,0.05155797701244808,Crypto,Minimum-variance,1.0264277114571947
2023-01-15,-0.003468260831015942,Crypto,Minimum-variance,1.0228677924296783
2023-01-16,0.012707378685437717,Crypto,Minimum-variance,1.0358657608132198
2023-01-17,-0.0013414510397608925,Crypto,Minimum-variance,1.0344761976113241
2023-01-18,-0.024235813548517855,Crypto,Minimum-variance,1.0094048253656362
2023-01-19,0.019259587297551953,Crypto,Minimum-variance,1.028845545718336
2023-01-20,0.07275694375228528,Crypto,Minimum-variance,1.1037012032179543
2023-01-21,0.0026335282023464916,Crypto,Minimum-variance,1.1066078314635925
2023-01-22,-0.0023770451144340546,Crypto,Minimum-variance,1.1039773747242176
2023-01-23,0.010163850536112632,Crypto,Minimum-variance,1.1151980357561646
2023-01-24,-0.01535133467204038,Crypto,Minimum-variance,1.0980782574836696
2023-01-25,0.021741574355577515,Crypto,Minimum-variance,1.1219522075669939
2023-01-26,-0.0035286772618774906,Crypto,Minimum-variance,1.1179932003232391
2023-01-27,0.004250670485895699,Crypto,Minimum-variance,1.1227454210232852
2023-01-28,-0.002530542247067031,Crypto,Minimum-variance,1.1199042663026848
2023-01-29,0.030542009349197426,Crypto,Minimum-variance,1.1541083928743074
2023-01-30,-0.03808922035163604,Crypto,Minimum-variance,1.1101493039884454
2023-01-31,0.011989998565261917,Crypto,Minimum-variance,1.1234599925504933
2023-02-01,0.024293964827715644,Crypto,Minimum-variance,1.1507532900948607
2023-02-02,-0.00866708582302081,Crypto,Minimum-variance,1.140779612568485
2023-02-03,-0.00028999283323802457,Crypto,Minimum-variance,1.140448794656536
2023-02-04,-0.004972810710617932,Crypto,Minimum-variance,1.1347775586755566
2023-02-05,-0.014063214171101976,Crypto,Minimum-variance,1.118818938831342
2023-02-06,-0.009077731174278077,Crypto,Minimum-variance,1.10866260127194
2023-02-07,0.02408075323225819,Crypto,Minimum-variance,1.135360031791003
2023-02-08,-0.010743812006920936,Crypto,Minimum-variance,1.1231619370492687
2023-02-09,-0.05044334800824678,Crypto,Minimum-variance,1.066505888589076
2023-02-10,-0.005670122224935296,Crypto,Minimum-variance,1.0604586698471625
2023-02-11,0.009872565111822123,Crypto,Minimum-variance,1.070928117113625
2023-02-12,-0.003317784748516284,Crypto,Minimum-variance,1.067375008139908
2023-02-13,0.0038071471930999374,Crypto,Minimum-variance,1.0714386619061331
2023-02-14,0.018762902932484213,Crypto,Minimum-variance,1.0915419615175888
2023-02-15,0.09028068645841056,Crypto,Minimum-variance,1.1900871191015565
2023-02-16,-0.03111567319433031,Crypto,Minimum-variance,1.1530567572308104
2023-02-17,0.041307330076299956,Crypto,Minimum-variance,1.2006864532984516
2023-02-18,0.002271612153949221,Crypto,Minimum-variance,1.2034139472388465
2023-02-19,-0.011011963715693875,Crypto,Minimum-variance,1.1901619965168924
2023-02-20,0.0207730368990268,Crypto,Minimum-variance,1.2148852755863573
2023-02-21,-0.017810891313639617,Crypto,Minimum-variance,1.1932470859843476
2023-02-22,-0.009110412527373192,Crypto,Minimum-variance,1.1823761127839443
2023-02-23,-0.00867090872360567,Crypto,Minimum-variance,1.172123837433023
2023-02-24,-0.030618424628662867,Crypto,Minimum-variance,1.136235252061121
2023-02-25,-0.0009033495036857107,Crypto,Minimum-variance,1.1352088345101012
2023-02-26,0.017525956397499886,Crypto,Minimum-variance,1.1551044550457819
2023-02-27,-0.0016318410984658366,Crypto,Minimum-variance,1.1532195081230172
2023-02-28,-0.01482974903038057,Crypto,Minimum-variance,1.136117552240614
2023-03-01,0.020653588952006106,Crypto,Minimum-variance,1.159582457165751
2023-03-02,-0.0068342019942596345,Crypto,Minimum-variance,1.1516576364244802
2023-03-03,-0.046229151836667065,Crypto,Minimum-variance,1.0984174806863558
2023-03-04,-0.001096199462391125,Crypto,Minimum-variance,1.0972133960345465
2023-03-05,0.004172807863890942,Crypto,Minimum-variance,1.1017918567218858
2023-03-06,-1.0838763440159364e-05,Crypto,Minimum-variance,1.1017799146605904
2023-03-07,-0.01012983661395161,Crypto,Minimum-variance,1.090619064140545
2023-03-08,-0.021824079700747324,Crypto,Minimum-variance,1.0668173067615874
2023-03-09,-0.06666489271623681,Crypto,Minimum-variance,0.9956980454585015
2023-03-10,-0.00952936429666151,Crypto,Minimum-variance,0.9862096760538536
2023-03-11,0.023048109262142832,Crypto,Minimum-variance,1.0089399444229252
2023-03-12,0.07594680477719154,Crypto,Minimum-variance,1.0855657094139237
2023-03-13,0.08648404468047173,Crypto,Minimum-variance,1.1794498227304655
2023-03-14,0.020390467098402178,Crypto,Minimum-variance,1.2034993555350673
2023-03-15,-0.01608767338399361,Crypto,Minimum-variance,1.1841378509853722
2023-03-16,0.025286928606133355,Crypto,Minimum-variance,1.2140810602830596
2023-03-17,0.08948004117997292,Crypto,Minimum-variance,1.322717083553013
2023-03-18,-0.01769366295331566,Crypto,Minimum-variance,1.2993133732940334
2023-03-19,0.03756337254630221,Crypto,Minimum-variance,1.3481199655894698
2023-03-20,-0.01093296381195279,Crypto,Minimum-variance,1.3333810187915092
2023-03-21,0.01610841262838154,Crypto,Minimum-variance,1.3548596704330544
2023-03-22,-0.037270077875818805,Crypto,Minimum-variance,1.3043639450052082
2023-03-23,0.04160491497624135,Crypto,Minimum-variance,1.3586318960352248
2023-03-24,-0.02952771300329101,Crypto,Minimum-variance,1.3185146033319795
2023-03-25,0.00040190048720566374,Crypto,Minimum-variance,1.3190445149934462
2023-03-26,0.01733047072361505,Crypto,Minimum-variance,1.341904177343685
2023-03-27,-0.028875658487910193,Crypto,Minimum-variance,1.3031558105952088
2023-03-28,0.005153608989162085,Crypto,Minimum-variance,1.3098717660949712
2023-03-29,0.0365378478745981,Crypto,Minimum-variance,1.3577316614197805
2023-03-30,-0.009640522816699526,Crypto,Minimum-variance,1.3446424183589076
2023-03-31,0.015582208610381182,Crypto,Minimum-variance,1.3655949170281436
2023-04-01,-0.00018836714048975963,Crypto,Minimum-variance,1.3653376838185556
2023-04-02,-0.009081019288508237,Crypto,Minimum-variance,1.3529390259764722
2023-04-03,-0.012282549084968248,Crypto,Minimum-variance,1.336321485980947
2023-04-04,0.012190646411640289,Crypto,Minimum-variance,1.3526121087088185
2023-04-05,0.0008338639493456685,Crypto,Minimum-variance,1.3537400031837192
2023-04-06,-0.004267560445422119,Crypto,Minimum-variance,1.347962835892747
2023-04-07,-0.0037479804042885785,Crypto,Minimum-variance,1.3429106975981115
2023-04-08,0.0007663364974491169,Crypto,Minimum-variance,1.3439398190784957
2023-04-09,0.013122714492046519,Crypto,Minimum-variance,1.3615759576187554
2023-04-10,0.04275415160945215,Crypto,Minimum-variance,1.4197889825385726
2023-04-11,0.016251135302000678,Crypto,Minimum-variance,1.442862165394097
2023-04-12,-0.004960291199532124,Crypto,Minimum-variance,1.4357051488929549
2023-04-13,0.008209857221571927,Crypto,Minimum-variance,1.4474920831776417
2023-04-14,0.003985660598990028,Crypto,Minimum-variance,1.453261295340913
2023-04-15,-0.005326854467329889,Crypto,Minimum-variance,1.4455199839176285
2023-04-16,0.0007280840239801968,Crypto,Minimum-variance,1.446572443924263
2023-04-17,-0.027006302555709613,Crypto,Minimum-variance,1.4075058708348922
2023-04-18,0.0305878002830681,Crypto,Minimum-variance,1.4505583793092358
2023-04-19,-0.048026764352176975,Crypto,Minimum-variance,1.3808927538470754
2023-04-20,-0.018632492315559957,Crypto,Minimum-variance,1.3551632802224074
2023-04-21,-0.031394743105831596,Crypto,Minimum-variance,1.312618277173369
2023-04-22,0.019466849946205657,Crypto,Minimum-variance,1.33817082021175
2023-04-23,-0.0062940328273170644,Crypto,Minimum-variance,1.3297483291407792
2023-04-24,-0.003005309951825424,Crypto,Minimum-variance,1.3257520232537892
2023-04-25,0.02491372089628869,Crypto,Minimum-variance,1.358781439138824
2023-04-26,0.0025628892246421864,Crypto,Minimum-variance,1.3622638454478366
2023-04-27,0.03413369214131534,Crypto,Minimum-variance,1.4087629401635975
2023-04-28,-0.002673040332818917,Crypto,Minimum-variance,1.4049972600051597
2023-04-29,-0.0008229964737989049,Crypto,Minimum-variance,1.4038409522144784
2023-04-30,-0.0003925763380262854,Crypto,Minimum-variance,1.4032898374742868
2023-05-01,-0.03401465998429856,Crypto,Minimum-variance,1.3555574107931774
2023-05-02,0.019813232224705934,Crypto,Minimum-variance,1.3824153845671439
2023-05-03,0.01007633408924088,Crypto,Minimum-variance,1.3963450638321488
2023-05-04,-0.004520481486180299,Crypto,Minimum-variance,1.3900329118227763
2023-05-05,0.02363460521209179,Crypto,Minimum-variance,1.422885790925522
2023-05-06,-0.019997356613030433,Crypto,Minimum-variance,1.3944318363447703
2023-05-07,-0.01538016523085664,Crypto,Minimum-variance,1.372985244298621
2023-05-08,-0.025174948510698042,Crypto,Minimum-variance,1.3384204114674552
2023-05-09,-5.456708336119137e-05,Crypto,Minimum-variance,1.3383473777692902
2023-05-10,-0.0006329733332136422,Crypto,Minimum-variance,1.3375002395685858
2023-05-11,-0.02272111762623992,Crypto,Minimum-variance,1.3071107393002237
2023-05-12,-0.004010780780970963,Crypto,Minimum-variance,1.3018682046684376
2023-05-13,-0.0001959270121624292,Crypto,Minimum-variance,1.3016131335208676
2023-05-14,0.004851730867078063,Crypto,Minimum-variance,1.3079282101377652
2023-05-15,0.01001584977261098,Crypto,Minimum-variance,1.321028222603865
2023-05-16,-0.004511481434689706,Crypto,Minimum-variance,1.3150684283028864
2023-05-17,0.012620993952692292,Crypto,Minimum-variance,1.3316658989838737
2023-05-18,-0.019507602578756326,Crypto,Minimum-variance,1.305688289858814
2023-05-19,0.0025849254873194787,Crypto,Minimum-variance,1.3090633967977647
2023-05-20,0.011218792940281825,Crypto,Minimum-variance,1.3237495079921409
2023-05-21,-0.007932784388233236,Crypto,Minimum-variance,1.3132484885612095
2023-05-22,0.008390859008719996,Crypto,Minimum-variance,1.3242677714721414
2023-05-23,0.012624499853142469,Crypto,Minimum-variance,1.3409859897586127
2023-05-24,-0.03106944918758498,Crypto,Minimum-variance,1.299322293688544
2023-05-25,0.004506416079415596,Crypto,Minimum-variance,1.305177580565165
2023-05-26,0.005681637291497142,Crypto,Minimum-variance,1.31259312617893
2023-05-27,0.007771872911783443,Crypto,Minimum-variance,1.3227944331404733
2023-05-28,0.03979581201764384,Crypto,Minimum-variance,1.3754361117397174
2023-05-29,-0.012671897735520582,Crypto,Minimum-variance,1.3580067259900097
2023-05-30,-0.0009698789127517611,Crypto,Minimum-variance,1.356689623903097
2023-05-31,-0.01707373055952176,Crypto,Minimum-variance,1.3335258708116766
2023-06-01,-0.013803337665561936,Crypto,Minimum-variance,1.3151187629311005
2023-06-02,0.0261714425003375,Crypto,Minimum-variance,1.3495373180162666
2023-06-03,-0.006971442320376626,Crypto,Minimum-variance,1.3401290964445205
2023-06-04,0.0009048316199181662,Crypto,Minimum-variance,1.3413416876257558
2023-06-05,-0.04871419645930142,Crypto,Minimum-variance,1.2759993051357037
2023-06-06,0.05029013272098276,Crypto,Minimum-variance,1.34016947954286
2023-06-07,-0.031202864746115295,Crypto,Minimum-variance,1.2983523525358125
2023-06-08,0.006584001418803043,Crypto,Minimum-variance,1.3069007062670146
2023-06-09,-0.009228226357208043,Crypto,Minimum-variance,1.2948403307231875
2023-06-10,-0.024781269957202257,Crypto,Minimum-variance,1.262752542936063
2023-06-11,0.0039646362111946,Crypto,Minimum-variance,1.2677588973935656
2023-06-12,3.521127353297692e-05,Crypto,Minimum-variance,1.2678035367988756
2023-06-13,0.0019330474536279557,Crypto,Minimum-variance,1.270254261197385
2023-06-14,-0.028700267089300992,Crypto,Minimum-variance,1.2337976246296973
2023-06-15,0.015921187997257658,Crypto,Minimum-variance,1.2534411485619967
2023-06-16,0.025408998333183226,Crypto,Minimum-variance,1.2852898326165518
2023-06-17,0.007856903238311532,Crypto,Minimum-variance,1.2953882304646058
2023-06-18,-0.00810021187580339,Crypto,Minimum-variance,1.2848953113364205
2023-06-19,0.01721510572302933,Crypto,Minimum-variance,1.307014919964102
2023-06-20,0.050129496149056436,Crypto,Minimum-variance,1.3725349193612015
2023-06-21,0.05650220405150688,Crypto,Minimum-variance,1.4500861674427667
2023-06-22,-0.0040621476950238895,Crypto,Minimum-variance,1.4441957032601032
2023-06-23,0.025273036401580806,Crypto,Minimum-variance,1.4806949138396022
2023-06-24,-0.005519696461618167,Crypto,Minimum-variance,1.4725219273629457
2023-06-25,-0.000744509693323741,Crypto,Minimum-variance,1.4714256205143923
2023-06-26,-0.005428099633178124,Crypto,Minimum-variance,1.4634385756434292
2023-06-27,0.013270402583876162,Crypto,Minimum-variance,1.4828589946989916
2023-06-28,-0.018564617508093177,Crypto,Minimum-variance,1.4553302846439693
2023-06-29,0.011696196419131047,Crypto,Minimum-variance,1.4723521135078752
2023-06-30,0.0032938123277601685,Crypto,Minimum-variance,1.4772017650501512
2023-07-01,0.004796821887863252,Crypto,Minimum-variance,1.484287638809534
2023-07-02,-0.0009547991159809783,Crypto,Minimum-variance,1.4828704422841372
2023-07-03,0.01753083167163999,Crypto,Minimum-variance,1.5088663943986709
2023-07-04,-0.011169851112177276,Crypto,Minimum-variance,1.49201258142507
2023-07-05,-0.007570689881460137,Crypto,Minimum-variance,1.480717016871864
2023-07-06,-0.017337470261097564,Crypto,Minimum-variance,1.455045129626747
2023-07-07,0.015207560745828741,Crypto,Minimum-variance,1.477172816823468
2023-07-08,0.00045795089263339444,Crypto,Minimum-variance,1.477849289433506
2023-07-09,-0.007317406479889901,Crypto,Minimum-variance,1.4670352654667047
2023-07-10,0.007193047646851902,Crypto,Minimum-variance,1.4775877200308185
2023-07-11,0.005635760993155071,Crypto,Minimum-variance,1.485915051267333
2023-07-12,-0.005867261311972262,Crypto,Minimum-variance,1.4771967993741548
2023-07-13,0.03721064828193009,Crypto,Minimum-variance,1.5321642499188595
2023-07-14,-0.03454307498316039,Crypto,Minimum-variance,1.4792385853473946
2023-07-15,0.00034691208460956285,Crypto,Minimum-variance,1.4797517510886724
2023-07-16,-0.002894894505406916,Crypto,Minimum-variance,1.4754680258750796
2023-07-17,-0.0027903376157382394,Crypto,Minimum-variance,1.4713509719416613
2023-07-18,-0.008708029822231114,Crypto,Minimum-variance,1.4585384037990246
2023-07-19,0.00244172212549249,Crypto,Minimum-variance,1.462099749290461
2023-07-20,-0.0029504880931511593,Crypto,Minimum-variance,1.4577858413891802
2023-07-21,0.003248497143817426,Crypto,Minimum-variance,1.4625214545312304
2023-07-22,0.0009405013792100347,Crypto,Minimum-variance,1.4638969579763415
2023-07-23,0.008474960002030987,Crypto,Minimum-variance,1.4763034261422858
2023-07-24,-0.029212269587862487,Crypto,Minimum-variance,1.4331772524643323
2023-07-25,0.0021435441313868457,Crypto,Minimum-variance,1.4362493311530893
2023-07-26,0.004519565420956817,Crypto,Minimum-variance,1.4427405539660412
2023-07-27,-0.003970404719086066,Crypto,Minimum-variance,1.4370122900621576
2023-07-28,0.007363343741138265,Crypto,Minimum-variance,1.4475935055141256
2023-07-29,-0.00185415059739508,Crypto,Minimum-variance,1.4449094491510912
2023-07-30,-0.007443627976330159,Crypto,Minimum-variance,1.4341540807521265
2023-07-31,-0.004535159572698507,Crypto,Minimum-variance,1.4276499631440789
2023-08-01,0.014401403541081059,Crypto,Minimum-variance,1.4482101263787264
2023-08-02,-0.018743728192170305,Crypto,Minimum-variance,1.421065269404735
2023-08-03,0.0017631091622558079,Crypto,Minimum-variance,1.423570762601386
2023-08-04,-0.0037555737255325506,Crypto,Minimum-variance,1.418224437648924
2023-08-05,3.461909287616081e-05,Crypto,Minimum-variance,1.41827353529245
2023-08-06,-0.000803072661130993,Crypto,Minimum-variance,1.417134558590251
2023-08-07,0.004074757250188334,Crypto,Minimum-variance,1.422909037907359
2023-08-08,0.017839340541254974,Crypto,Minimum-variance,1.4482927967938177
2023-08-09,-0.0062042347065357694,Crypto,Minimum-variance,1.4393072483587237
2023-08-10,-0.0031659805923795583,Crypto,Minimum-variance,1.4347504295439486
2023-08-11,-0.001105663720054476,Crypto,Minimum-variance,1.4331640780466692
2023-08-12,0.0009811427944481346,Crypto,Minimum-variance,1.4345702166551066
2023-08-13,-0.0045094068158765925,Crypto,Minimum-variance,1.4281011559422685
2023-08-14,0.004281544064124875,Crypto,Minimum-variance,1.434215633969463
2023-08-15,-0.008876367925582138,Crypto,Minimum-variance,1.421485008317728
2023-08-16,-0.016731302182829633,Crypto,Minimum-variance,1.397701713095202
2023-08-17,-0.06579928894104717,Crypto,Minimum-variance,1.3057339342218544
2023-08-18,-0.01994211462739497,Crypto,Minimum-variance,1.2796948384327227
2023-08-19,0.0033487902846383835,Crypto,Minimum-variance,1.283980268074968
2023-08-20,0.0061397575778062465,Crypto,Minimum-variance,1.2918635956556348
2023-08-21,-0.0034600307826805725,Crypto,Minimum-variance,1.2873937078476418
2023-08-22,-0.002600835592544316,Crypto,Minimum-variance,1.284045408470654
2023-08-23,0.017019318274825977,Crypto,Minimum-variance,1.305898985956745
2023-08-24,-0.010617278975131438,Crypto,Minimum-variance,1.292033892109501
2023-08-25,-0.002759154573871807,Crypto,Minimum-variance,1.2884689708864896
2023-08-26,-0.0009389962039280486,Crypto,Minimum-variance,1.2872591034139482
2023-08-27,0.0028632420695638185,Crypto,Minimum-variance,1.290944837833272
2023-08-28,-0.0012966012299268316,Crypto,Minimum-variance,1.2892709971687697
2023-08-29,0.05590229151341654,Crypto,Minimum-variance,1.3613442002922915
2023-08-30,-0.016296422927937766,Crypto,Minimum-variance,1.3391591594538332
2023-08-31,-0.042370222260789896,Crypto,Minimum-variance,1.2824186882252018
2023-09-01,-0.005407397229317675,Crypto,Minimum-variance,1.2754841409636675
2023-09-02,0.003796302174932582,Crypto,Minimum-variance,1.2803262641820998
2023-09-03,0.003440551503068402,Crypto,Minimum-variance,1.2847312926347496
2023-09-04,-0.004719679341063618,Crypto,Minimum-variance,1.2786677728940834
2023-09-05,-0.0011230770569763983,Crypto,Minimum-variance,1.2772317304548508
2023-09-06,0.0013468711093436534,Crypto,Minimum-variance,1.2789519969725374
2023-09-07,0.016859394841425283,Crypto,Minimum-variance,1.3005143536727268
2023-09-08,-0.011069887821358291,Crypto,Minimum-variance,1.2861178056675033
2023-09-09,-0.00030038632233452515,Crypto,Minimum-variance,1.28573147346977
2023-09-10,-0.0034259161128939067,Crypto,Minimum-variance,1.2813266652979551
2023-09-11,-0.02403518886788243,Crypto,Minimum-variance,1.2505297368960648
2023-09-12,0.028594872115602993,Crypto,Minimum-variance,1.2862884747993666
2023-09-13,0.01398915272885054,Crypto,Minimum-variance,1.304282560726695
2023-09-14,0.014243948868489384,Crypto,Minimum-variance,1.3228606948317485
2023-09-15,0.002796209299265875,Crypto,Minimum-variance,1.3265596902082704
2023-09-16,-0.0021134649826717185,Crypto,Minimum-variance,1.3237560527555914
2023-09-17,-0.0013313402970466122,Crypto,Minimum-variance,1.3219936829790986
2023-09-18,0.008254452868273922,Crypto,Minimum-variance,1.3329060175274055
2023-09-19,0.01573636280753824,Crypto,Minimum-variance,1.3538811102075676
2023-09-20,-0.002660606778380685,Crypto,Minimum-variance,1.3502789649486278
2023-09-21,-0.020325688992697384,Crypto,Minimum-variance,1.3228336146537005
2023-09-22,0.0008480104547211854,Crypto,Minimum-variance,1.3239553913887836
2023-09-23,0.0003900328115694221,Crypto,Minimum-variance,1.3244717774324795
2023-09-24,-0.010637596983493636,Crypto,Minimum-variance,1.3103825804481413
2023-09-25,0.002904449276033875,Crypto,Minimum-variance,1.3141885201852515
2023-09-26,-0.0026300993017066916,Crypto,Minimum-variance,1.3107320738760013
2023-09-27,0.005670156223346177,Crypto,Minimum-variance,1.3181641295018287
2023-09-28,0.024076554337580294,Crypto,Minimum-variance,1.3499009797916286
2023-09-29,3.8335500632477766e-05,Crypto,Minimum-variance,1.349952728921493
2023-09-30,0.0011365657710871962,Crypto,Minimum-variance,1.3514870389857707
2023-10-01,0.0350848351049643,Crypto,Minimum-variance,1.3989037388950831
2023-10-02,-0.0176178942275827,Crypto,Minimum-variance,1.3742580007886596
2023-10-03,0.0011524039000148263,Crypto,Minimum-variance,1.375841701068395
2023-10-04,0.009364569234248462,Crypto,Minimum-variance,1.3887258659334163
2023-10-05,-0.013129095723857911,Crypto,Minimum-variance,1.370493151105379
2023-10-06,0.015724030557646377,Crypto,Minimum-variance,1.3920428272924052
2023-10-07,0.001839812561155809,Crypto,Minimum-variance,1.3946039251717246
2023-10-08,-0.0012049349098629033,Crypto,Minimum-variance,1.3929235182168533
2023-10-09,-0.01352313793700469,Crypto,Minimum-variance,1.374086821344309
2023-10-10,-0.006080848981733507,Crypto,Minimum-variance,1.365731206895924
2023-10-11,-0.017047746117238555,Crypto,Minimum-variance,1.3424485680163725
2023-10-12,-0.0054081454628177724,Crypto,Minimum-variance,1.3351884108841885
2023-10-13,0.004328617436340575,Crypto,Minimum-variance,1.3409679307203417
2023-10-14,-0.0005982606570534609,Crypto,Minimum-variance,1.3401656823650212
2023-10-15,0.012021740469787098,Crypto,Minimum-variance,1.3562768063849286
2023-10-16,0.047219849556084346,Crypto,Minimum-variance,1.4203199931388315
2023-10-17,-0.0036711164502197537,Crypto,Minimum-variance,1.4151058330474435
2023-10-18,-0.00188358572060341,Crypto,Minimum-variance,1.4124403599071726
2023-10-19,0.013200634596659138,Crypto,Minimum-variance,1.431085468987881
2023-10-20,0.030688403171353955,Crypto,Minimum-variance,1.4750031968328472
2023-10-21,0.008079140225470254,Crypto,Minimum-variance,1.4869199544930767
2023-10-22,0.0007383061559363257,Crypto,Minimum-variance,1.4880177566488635
2023-10-23,0.09391662202984162,Crypto,Minimum-variance,1.6277673578737475
2023-10-24,0.022213804693673248,Crypto,Minimum-variance,1.6639262640482915
2023-10-25,0.017185050320350843,Crypto,Minimum-variance,1.6925209206253147
2023-10-26,-0.009719374787174948,Crypto,Minimum-variance,1.6760706754626227
2023-10-27,-0.005635059924130619,Crypto,Minimum-variance,1.6666259167693127
2023-10-28,0.0055296648665861675,Crypto,Minimum-variance,1.6758417995470138
2023-10-29,0.01240875083003135,Crypto,Minimum-variance,1.6966369028681443
2023-10-30,-0.0001485383618928083,Crypto,Minimum-variance,1.6963848872018654
2023-10-31,0.005985746245760882,Crypto,Minimum-variance,1.7065390166717995
2023-11-01,0.023398265866016607,Crypto,Minimum-variance,1.7464690702946168
2023-11-02,-0.013509637024441527,Crypto,Minimum-variance,1.7228749070805227
2023-11-03,-0.007690274392601559,Crypto,Minimum-variance,1.7096255263009457
2023-11-04,0.009405489728604936,Crypto,Minimum-variance,1.72570539162833
2023-11-05,-0.0002509967391269743,Crypto,Minimum-variance,1.7252722452023375
2023-11-06,-0.0009384171637623203,Crypto,Minimum-variance,1.7236532201152768
2023-11-07,0.00878546646605451,Crypto,Minimum-variance,1.7387963176797063
2023-11-08,0.0074561339611588385,Crypto,Minimum-variance,1.7517610159554957
2023-11-09,0.026105341593333116,Crypto,Minimum-variance,1.7974913356668984
2023-11-10,0.023899420380432322,Crypto,Minimum-variance,1.8404503367281866
2023-11-11,-0.002003260748053038,Crypto,Minimum-variance,1.836763434809878
2023-11-12,-0.0014470643188533193,Crypto,Minimum-variance,1.8341055199811902
2023-11-13,-0.014470708666146873,Crypto,Minimum-variance,1.8075647133385706
2023-11-14,-0.028935963925569904,Crypto,Minimum-variance,1.7552610860002726
2023-11-15,0.059726247769732184,Crypto,Minimum-variance,1.8600962445232943
2023-11-16,-0.04194496129526582,Crypto,Minimum-variance,1.7820745795412953
2023-11-17,0.012255713939078929,Crypto,Minimum-variance,1.8039151758062577
2023-11-18,-0.0010824050794402869,Crypto,Minimum-variance,1.8019626088570857
2023-11-19,0.019723052010448865,Crypto,Minimum-variance,1.837502811112458
2023-11-20,-0.0007513200674021479,Crypto,Minimum-variance,1.8361222583765613
2023-11-21,-0.04484541857192645,Crypto,Minimum-variance,1.7537805871504335
2023-11-22,0.04600321041376558,Crypto,Minimum-variance,1.8344601245206922
2023-11-23,-0.002323324757586123,Crypto,Minimum-variance,1.8301980778965887
2023-11-24,0.013314378486716117,Crypto,Minimum-variance,1.854566027811364
2023-11-25,0.006661525706685978,Crypto,Minimum-variance,1.866920267080376
2023-11-26,-0.008455140553936737,Crypto,Minimum-variance,1.8511351938192184
2023-11-27,-0.012116280342524429,Crypto,Minimum-variance,1.8287063208589915
2023-11-28,0.014713983312452635,Crypto,Minimum-variance,1.8556138751474873
2023-11-29,0.0012335755225494575,Crypto,Minimum-variance,1.8579029150031723
2023-11-30,-0.003408910029346915,Crypto,Minimum-variance,1.851569491122665
2023-12-01,0.022176885223410252,Crypto,Minimum-variance,1.8926315352104606
2023-12-02,0.01796566879449517,Crypto,Minimum-variance,1.9266339265220684
2023-12-03,0.011022194774715527,Crypto,Minimum-variance,1.9478696609197697
2023-12-04,0.044843587169366705,Crypto,Minimum-variance,2.03521912385379
2023-12-05,0.04400772518556786,Crypto,Minimum-variance,2.12478448774876
2023-12-06,-0.005507912679181183,Crypto,Minimum-variance,2.1130813603281613
2023-12-07,-0.009819019025698488,Crypto,Minimum-variance,2.0923329742482504
2023-12-08,0.0206060166046598,Crypto,Minimum-variance,2.135447622258087
2023-12-09,-0.008886861780074699,Crypto,Minimum-variance,2.11647019440049
2023-12-10,0.002320440320458631,Crypto,Minimum-variance,2.1213813371766257
2023-12-11,-0.055556344052301705,Crypto,Minimum-variance,2.003525145742309
2023-12-12,0.004232402061758975,Crypto,Minimum-variance,2.012004869699935
2023-12-13,0.0314464737470714,Crypto,Minimum-variance,2.0752753280139338
2023-12-14,0.004596732503671579,Crypto,Minimum-variance,2.084814813568283
2023-12-15,-0.0273147476231938,Crypto,Minimum-variance,2.02786862309457
2023-12-16,0.007896393080120627,Crypto,Minimum-variance,2.0438814708573676
2023-12-17,-0.019074778330425896,Crypto,Minimum-variance,2.0048948848670984
2023-12-18,0.025551840294224328,Crypto,Minimum-variance,2.05612363877193
2023-12-19,-0.007731899929475075,Crypto,Minimum-variance,2.040225896554317
2023-12-20,0.0313915383500412,Crypto,Minimum-variance,2.104271726028749
2023-12-21,0.006547540977606324,Crypto,Minimum-variance,2.1180495313829404
2023-12-22,0.0030977528032585236,Crypto,Minimum-variance,2.1246107252562223
2023-12-23,-0.003449992344462332,Crypto,Minimum-variance,2.117280834519126
2023-12-24,-0.015058123851340272,Crypto,Minimum-variance,2.0853985574848677
2023-12-25,0.011771857554288945,Crypto,Minimum-variance,2.109947572247499
2023-12-26,-0.025281257793149048,Crypto,Minimum-variance,2.0566054437434813
2023-12-27,0.0218092676070559,Crypto,Minimum-variance,2.1014585022282106
2023-12-28,-0.0164151228449019,Crypto,Minimum-variance,2.066962802760671
2023-12-29,-0.01085966171999215,Crypto,Minimum-variance,2.044516285934883
2023-12-30,0.001534389167676663,Crypto,Minimum-variance,2.04765336957716
2023-12-31,0.004139944137292132,Crypto,Minimum-variance,2.0561305401397476
2021-01-01,-0.0013385031429360072,Crypto,Max-Sharpe (tangency),0.998661496857064
2021-01-02,0.07151710477883677,Crypto,Max-Sharpe (tangency),1.0700828757663805
2021-01-03,0.11623876471291948,Crypto,Max-Sharpe (tangency),1.194467987385913
2021-01-04,0.02516868476971665,Crypto,Max-Sharpe (tangency),1.2245311756279469
2021-01-05,0.0732765205411772,Crypto,Max-Sharpe (tangency),1.31426055947216
2021-01-06,0.11945406907450773,Crypto,Max-Sharpe (tangency),1.4712543311252484
2021-01-07,0.020150713720457153,Crypto,Max-Sharpe (tangency),1.5009011559617358
2021-01-08,0.01965199341810742,Crypto,Max-Sharpe (tangency),1.5303968555999257
2021-01-09,0.024342817732532974,Crypto,Max-Sharpe (tangency),1.5676510273142361
2021-01-10,-0.041271410058670854,Crypto,Max-Sharpe (tangency),1.5029518589370536
2021-01-11,-0.10070352530728302,Crypto,Max-Sharpe (tangency),1.351599308374958
2021-01-12,-0.031019650035260374,Crypto,Max-Sharpe (tangency),1.3096731708412668
2021-01-13,0.09287419906153718,Crypto,Max-Sharpe (tangency),1.431308017615533
2021-01-14,0.049672469848102876,Crypto,Max-Sharpe (tangency),1.5024046219638885
2021-01-15,-0.04656808650101882,Crypto,Max-Sharpe (tangency),1.4324405135687437
2021-01-16,0.03845561899013156,Crypto,Max-Sharpe (tangency),1.4875259001845715
2021-01-17,0.008601326605777447,Crypto,Max-Sharpe (tangency),1.500320596286612
2021-01-18,0.01393370943145655,Crypto,Max-Sharpe (tangency),1.521225627529299
2021-01-19,0.02793090021245482,Crypto,Max-Sharpe (tangency),1.5637148287324487
2021-01-20,-0.0014824174428895367,Crypto,Max-Sharpe (tangency),1.5613967505946307
2021-01-21,-0.1628465565035433,Crypto,Max-Sharpe (tangency),1.3071286664244732
2021-01-22,0.09344574912408866,Crypto,Max-Sharpe (tangency),1.4292742838600792
2021-01-23,-0.01576169377929817,Crypto,Max-Sharpe (tangency),1.406746500271251
2021-01-24,0.059161367641020444,Crypto,Max-Sharpe (tangency),1.4899715471515174
2021-01-25,-0.024725258599019348,Crypto,Max-Sharpe (tangency),1.4531316153430152
2021-01-26,0.012901212642858779,Crypto,Max-Sharpe (tangency),1.4718787753106162
2021-01-27,-0.07471118056086692,Crypto,Max-Sharpe (tangency),1.3619129743646772
2021-01-28,0.08555023439771212,Crypto,Max-Sharpe (tangency),1.4784249485508607
2021-01-29,0.02679383544516161,Crypto,Max-Sharpe (tangency),1.5180376233403539
2021-01-30,0.004951135086624594,Crypto,Max-Sharpe (tangency),1.5255536326800907
2021-01-31,-0.0408916791049164,Crypto,Max-Sharpe (tangency),1.4631711830751968
2021-02-01,0.06434929139773574,Crypto,Max-Sharpe (tangency),1.5573252118996723
2021-02-02,0.08678228816414157,Crypto,Max-Sharpe (tangency),1.6924734572040325
2021-02-03,0.07341433453124203,Crypto,Max-Sharpe (tangency),1.8167252697764573
2021-02-04,-0.02881787969026705,Crypto,Max-Sharpe (tangency),1.7643710995217714
2021-02-05,0.1039286925074709,Crypto,Max-Sharpe (tangency),1.947739880993038
2021-02-06,0.03419072754440406,Crypto,Max-Sharpe (tangency),2.014334524591441
2021-02-07,-0.005621194125180256,Crypto,Max-Sharpe (tangency),2.0030115591956594
2021-02-08,0.07554887073869118,Crypto,Max-Sharpe (tangency),2.154336820569436
2021-02-09,0.01631046750639128,Crypto,Max-Sharpe (tangency),2.1894750612791563
2021-02-10,0.08322010485651636,Crypto,Max-Sharpe (tangency),2.3716834054595353
2021-02-11,0.021955800476556618,Crypto,Max-Sharpe (tangency),2.423755613103365
2021-02-12,0.022915494288739874,Crypto,Max-Sharpe (tangency),2.4792971710127363
2021-02-13,-0.012686227837063939,Crypto,Max-Sharpe (tangency),2.4478442422254805
2021-02-14,-0.02418471564045662,Crypto,Max-Sharpe (tangency),2.3886438252951283
2021-02-15,-0.006874841796669556,Crypto,Max-Sharpe (tangency),2.3722222768876327
2021-02-16,0.006360851784814263,Crypto,Max-Sharpe (tangency),2.387311631191549
2021-02-17,0.034702965151079936,Crypto,Max-Sharpe (tangency),2.470158423533557
2021-02-18,0.031593614748423385,Crypto,Max-Sharpe (tangency),2.5481996571342496
2021-02-19,0.021886003563979052,Crypto,Max-Sharpe (tangency),2.6039695639120195
2021-02-20,0.05455653896673259,Crypto,Max-Sharpe (tangency),2.7460331308937715
2021-02-21,0.0006567739422296891,Crypto,Max-Sharpe (tangency),2.747836653898642
2021-02-22,-0.048028179938801964,Crypto,Max-Sharpe (tangency),2.6158630606427624
2021-02-23,-0.12374655259117473,Crypto,Max-Sharpe (tangency),2.2921590248376216
2021-02-24,0.05897889252531309,Crypto,Max-Sharpe (tangency),2.4273480256144464
2021-02-25,-0.04064149552344101,Crypto,Max-Sharpe (tangency),2.3286969716976036
2021-02-26,0.054041350709868506,Crypto,Max-Sharpe (tangency),2.4545429014421223
2021-02-27,0.038369070365380106,Crypto,Max-Sharpe (tangency),2.548721430742399
2021-02-28,-0.023434307456939182,Crypto,Max-Sharpe (tangency),2.488993909112292
2021-03-01,0.02635458791069802,Crypto,Max-Sharpe (tangency),2.554590317899184
2021-03-02,-0.04194825759537437,Crypto,Max-Sharpe (tangency),2.4474297051933
2021-03-03,0.012135052967049151,Crypto,Max-Sharpe (tangency),2.47712939429895
2021-03-04,-0.06640940809089155,Crypto,Max-Sharpe (tangency),2.312624697459008
2021-03-05,0.03197359976480529,Crypto,Max-Sharpe (tangency),2.386567633941766
2021-03-06,-0.019746340041336782,Crypto,Max-Sharpe (tangency),2.3394416579103035
2021-03-07,0.01984472717265988,Crypto,Max-Sharpe (tangency),2.3858672393478884
2021-03-08,0.0002449333297901759,Crypto,Max-Sharpe (tangency),2.3864516177552595
2021-03-09,0.06082052533040419,Crypto,Max-Sharpe (tangency),2.531596858822727
2021-03-10,-0.020807219532425984,Crypto,Max-Sharpe (tangency),2.4789213672136023
2021-03-11,0.008591266610469245,Crypto,Max-Sharpe (tangency),2.5002184415857234
2021-03-12,-0.04636347802921881,Crypto,Max-Sharpe (tangency),2.384299618801016
2021-03-13,0.06469858389306908,Crypto,Max-Sharpe (tangency),2.5385604277142266
2021-03-14,-0.036213570177820474,Crypto,Max-Sharpe (tangency),2.44663009151456
2021-03-15,-0.03937508549429947,Crypto,Max-Sharpe (tangency),2.3502938224882484
2021-03-16,0.1185074484786248,Crypto,Max-Sharpe (tangency),2.6288211465664046
2021-03-17,0.07936731155817238,Crypto,Max-Sharpe (tangency),2.837463613536652
2021-03-18,-0.06822788747057407,Crypto,Max-Sharpe (tangency),2.643869465410425
2021-03-19,0.03333082200158457,Crypto,Max-Sharpe (tangency),2.7319918079574443
2021-03-20,-0.04394075144399357,Crypto,Max-Sharpe (tangency),2.6119460349769597
2021-03-21,-0.014053662130583768,Crypto,Max-Sharpe (tangency),2.5752386278980754
2021-03-22,-0.060475000048122105,Crypto,Max-Sharpe (tangency),2.4195010717520136
2021-03-23,0.007670879885578954,Crypto,Max-Sharpe (tangency),2.438060773856453
2021-03-24,-0.03911639247926299,Crypto,Max-Sharpe (tangency),2.342692631737988
2021-03-25,0.00550676913164587,Crypto,Max-Sharpe (tangency),2.3555932992073774
2021-03-26,0.08720809266463307,Crypto,Max-Sharpe (tangency),2.561020097924843
2021-03-27,-0.01204436222297812,Crypto,Max-Sharpe (tangency),2.530174244205109
2021-03-28,0.007009231673117841,Crypto,Max-Sharpe (tangency),2.5479088216560988
2021-03-29,0.0189814446585337,Crypto,Max-Sharpe (tangency),2.5962718119493537
2021-03-30,0.013706110606379608,Crypto,Max-Sharpe (tangency),2.6318566005681574
2021-03-31,-0.00950671104382642,Crypto,Max-Sharpe (tangency),2.606836300357769
2021-04-01,0.00366421443856201,Crypto,Max-Sharpe (tangency),2.6163883075685073
2021-04-02,0.016020766028804312,Crypto,Max-Sharpe (tangency),2.658304852484562
2021-04-03,-0.028539991279914165,Crypto,Max-Sharpe (tangency),2.582436855175299
2021-04-04,0.01958859385778708,Crypto,Max-Sharpe (tangency),2.633023161894709
2021-04-05,0.011824508297394903,Crypto,Max-Sharpe (tangency),2.664157366119766
2021-04-06,0.01042611573257621,Crypto,Max-Sharpe (tangency),2.691934179148726
2021-04-07,-0.05414504701045233,Crypto,Max-Sharpe (tangency),2.5461792764696747
2021-04-08,0.04184165816687127,Crypto,Max-Sharpe (tangency),2.6527156393872904
2021-04-09,-0.007692718890674501,Crypto,Max-Sharpe (tangency),2.6323090436765884
2021-04-10,0.02072795669777633,Crypto,Max-Sharpe (tangency),2.6868714315490814
2021-04-11,0.02224170852186862,Crypto,Max-Sharpe (tangency),2.746632042765332
2021-04-12,0.014958006490999967,Crypto,Max-Sharpe (tangency),2.7877161826894046
2021-04-13,0.06815764030449879,Crypto,Max-Sharpe (tangency),2.9777203395401792
2021-04-14,0.020513381311492232,Crypto,Max-Sharpe (tangency),3.038803452304153
2021-04-15,0.014810398831170548,Crypto,Max-Sharpe (tangency),3.0838093434023155
2021-04-16,-0.036361284925254186,Crypto,Max-Sharpe (tangency),2.971678073211703
2021-04-17,-0.02148578123694333,Crypto,Max-Sharpe (tangency),2.907829248224055
2021-04-18,-0.07224876818464684,Crypto,Max-Sharpe (tangency),2.6977421669485793
2021-04-19,-0.03699731893164048,Crypto,Max-Sharpe (tangency),2.597932939602648
2021-04-20,0.0428181098894849,Crypto,Max-Sharpe (tangency),2.7091715176960665
2021-04-21,-0.03689456222479161,Crypto,Max-Sharpe (tangency),2.6092178205587957
2021-04-22,-0.03530122067957763,Crypto,Max-Sharpe (tangency),2.517109246474163
2021-04-23,-0.0041042999252635555,Crypto,Max-Sharpe (tangency),2.5067782751819787
2021-04-24,-0.040139191643004155,Crypto,Max-Sharpe (tangency),2.40615822158793
2021-04-25,-0.005654849041504291,Crypto,Max-Sharpe (tangency),2.3925517600748756
2021-04-26,0.11551613823312162,Crypto,Max-Sharpe (tangency),2.668930099921583
2021-04-27,0.04295538520822355,Crypto,Max-Sharpe (tangency),2.7835750204575374
2021-04-28,0.014400751643527384,Crypto,Max-Sharpe (tangency),2.823660593008273
2021-04-29,-0.017338181487454713,Crypto,Max-Sharpe (tangency),2.7747034531877217
2021-04-30,0.04445496558632098,Crypto,Max-Sharpe (tangency),2.8980527997114276
2021-05-01,0.02716794877579639,Crypto,Max-Sharpe (tangency),2.976786949723541
2021-05-02,-0.012835014560564177,Crypto,Max-Sharpe (tangency),2.9385798458801418
2021-05-03,0.07937136311941677,Crypto,Max-Sharpe (tangency),3.1718189338828946
2021-05-04,-0.06145647412484808,Crypto,Max-Sharpe (tangency),2.976890125644017
2021-05-05,0.1158501213883873,Crypto,Max-Sharpe (tangency),3.321763208059768
2021-05-06,0.041276916721647496,Crypto,Max-Sharpe (tangency),3.4588753513678836
2021-05-07,0.0010041192658518132,Crypto,Max-Sharpe (tangency),3.4623484747463724
2021-05-08,0.04283423031527273,Crypto,Max-Sharpe (tangency),3.6106555067453914
2021-05-09,0.03886768904954967,Crypto,Max-Sharpe (tangency),3.7509933422466153
2021-05-10,-0.03618372997481513,Crypto,Max-Sharpe (tangency),3.6152684120134344
2021-05-11,0.05900499996992184,Crypto,Max-Sharpe (tangency),3.828587324555546
2021-05-12,-0.10999013980353504,Crypto,Max-Sharpe (tangency),3.4074804694776395
2021-05-13,0.09659329951632942,Crypto,Max-Sharpe (tangency),3.736620251061936
2021-05-14,0.059105565205204366,Crypto,Max-Sharpe (tangency),3.9574753029581644
2021-05-15,-0.010213362890703521,Crypto,Max-Sharpe (tangency),3.917056171558056
2021-05-16,0.024255212766941467,Crypto,Max-Sharpe (tangency),4.012065202419258
2021-05-17,-0.09694905352596618,Crypto,Max-Sharpe (tangency),3.623099278360247
2021-05-18,0.005999563901564309,Crypto,Max-Sharpe (tangency),3.6448362940024808
2021-05-19,-0.259579613761176,Crypto,Max-Sharpe (tangency),2.698711096582601
2021-05-20,0.17243290457744556,Crypto,Max-Sharpe (tangency),3.164057689581722
2021-05-21,-0.1328325326902254,Crypto,Max-Sharpe (tangency),2.743767893096599
2021-05-22,-0.05302148300626795,Crypto,Max-Sharpe (tangency),2.5982892503796338
2021-05-23,-0.08904581689041238,Crypto,Max-Sharpe (tangency),2.366922461562002
2021-05-24,0.19818022845646846,Crypto,Max-Sharpe (tangency),2.8359996957331064
2021-05-25,0.00983162452681395,Crypto,Max-Sharpe (tangency),2.863882179899713
2021-05-26,0.102055709202489,Crypto,Max-Sharpe (tangency),3.1561577068417486
2021-05-27,-0.06291407071272556,Crypto,Max-Sharpe (tangency),2.957590977692993
2021-05-28,-0.093460086550999,Crypto,Max-Sharpe (tangency),2.681174268935352
2021-05-29,-0.06248356536702114,Crypto,Max-Sharpe (tangency),2.513644941241955
2021-05-30,0.08536948374802479,Crypto,Max-Sharpe (tangency),2.7282335122016144
2021-05-31,0.11322404357691315,Crypto,Max-Sharpe (tangency),3.0371351422751247
2021-06-01,-0.01644261781091346,Crypto,Max-Sharpe (tangency),2.9871966898906006
2021-06-02,0.01625481018195556,Crypto,Max-Sharpe (tangency),3.035753005060938
2021-06-03,0.049045783598496526,Crypto,Max-Sharpe (tangency),3.1846438900056424
2021-06-04,-0.06617714544874101,Crypto,Max-Sharpe (tangency),2.973893248094295
2021-06-05,-0.02683770766531545,Crypto,Max-Sharpe (tangency),2.8940807704740847
2021-06-06,0.01930880121579732,Crypto,Max-Sharpe (tangency),2.9499620007736307
2021-06-07,-0.06263589283448007,Crypto,Max-Sharpe (tangency),2.765188497027385
2021-06-08,-0.003529880658776619,Crypto,Max-Sharpe (tangency),2.7554277116338564
2021-06-09,0.03346787523211179,Crypto,Max-Sharpe (tangency),2.8476460224979214
2021-06-10,-0.05619843988387048,Crypto,Max-Sharpe (tangency),2.687612758692029
2021-06-11,-0.052952888828392684,Crypto,Max-Sharpe (tangency),2.54529589906724
2021-06-12,0.016701993145087475,Crypto,Max-Sharpe (tangency),2.5878074137256806
2021-06-13,0.05581390965456616,Crypto,Max-Sharpe (tangency),2.7322430629187826
2021-06-14,0.010307146686239136,Crypto,Max-Sharpe (tangency),2.760404692950746
2021-06-15,0.01866938965855766,Crypto,Max-Sharpe (tangency),2.8119397637787547
2021-06-16,-0.07957167743006828,Crypto,Max-Sharpe (tangency),2.588188999942569
2021-06-17,0.0009421465260686958,Crypto,Max-Sharpe (tangency),2.5906274532176736
2021-06-18,-0.05093618499440167,Crypto,Max-Sharpe (tangency),2.4586707740090024
2021-06-19,-0.020604872719262517,Crypto,Max-Sharpe (tangency),2.4080101756519765
2021-06-20,0.0264801773386869,Crypto,Max-Sharpe (tangency),2.4717747121366034
2021-06-21,-0.1745738248007631,Crypto,Max-Sharpe (tangency),2.0402675465931113
2021-06-22,-0.019896645994279913,Crypto,Max-Sharpe (tangency),1.9996730654849302
2021-06-23,0.07889383734594367,Crypto,Max-Sharpe (tangency),2.1574349470583627
2021-06-24,0.0505386182253112,Crypto,Max-Sharpe (tangency),2.2664687281936895
2021-06-25,-0.07909355601031309,Crypto,Max-Sharpe (tangency),2.0872056568946786
2021-06-26,0.0020191286953399412,Crypto,Max-Sharpe (tangency),2.0914199937295903
2021-06-27,0.07079581947388058,Crypto,Max-Sharpe (tangency),2.239483786049735
2021-06-28,0.015149273391914532,Crypto,Max-Sharpe (tangency),2.273410338181362
2021-06-29,0.05614411838255025,Crypto,Max-Sharpe (tangency),2.40104895734033
2021-06-30,0.027028841405915244,Crypto,Max-Sharpe (tangency),2.46594652881612
2021-07-01,-0.05071171089968517,Crypto,Max-Sharpe (tangency),2.3408941613527148
2021-07-02,0.032067183005843554,Crypto,Max-Sharpe (tangency),2.4159600428221233
2021-07-03,0.021761454449302976,Crypto,Max-Sharpe (tangency),2.468534847245333
2021-07-04,0.03454789471148239,Crypto,Max-Sharpe (tangency),2.55381752923959
2021-07-05,-0.04287997411661926,Crypto,Max-Sharpe (tangency),2.444309899687228
2021-07-06,0.026246409741953046,Crypto,Max-Sharpe (tangency),2.508464258850731
2021-07-07,-0.010333873293903095,Crypto,Max-Sharpe (tangency),2.482542107037483
2021-07-08,-0.06388022194069193,Crypto,Max-Sharpe (tangency),2.3239567662628153
2021-07-09,0.013495251627142896,Crypto,Max-Sharpe (tangency),2.3553191475941335
2021-07-10,-0.01286074681642561,Crypto,Max-Sharpe (tangency),2.325027984365046
2021-07-11,0.010622912832530671,Crypto,Max-Sharpe (tangency),2.34972655397615
2021-07-12,-0.03357424011275967,Crypto,Max-Sharpe (tangency),2.270836270453627
2021-07-13,-0.04189496234377555,Crypto,Max-Sharpe (tangency),2.1756996704140925
2021-07-14,0.008125391648318908,Crypto,Max-Sharpe (tangency),2.1933780823453253
2021-07-15,-0.03647087829047709,Crypto,Max-Sharpe (tangency),2.1133836572591087
2021-07-16,-0.032542352592678306,Crypto,Max-Sharpe (tangency),2.0446091811209786
2021-07-17,0.003008572938106857,Crypto,Max-Sharpe (tangency),2.050760536972304
2021-07-18,0.0060293306511799965,Crypto,Max-Sharpe (tangency),2.0631252503361015
2021-07-19,-0.04569333612172227,Crypto,Max-Sharpe (tangency),1.9688541748112818
2021-07-20,-0.04304179751521374,Crypto,Max-Sharpe (tangency),1.8841111520820712
2021-07-21,0.1072336617610922,Crypto,Max-Sharpe (tangency),2.086151290084742
2021-07-22,0.01586651306558987,Crypto,Max-Sharpe (tangency),2.119251236785669
2021-07-23,0.03138619951486342,Crypto,Max-Sharpe (tangency),2.185766478925545
2021-07-24,0.030008659444103726,Crypto,Max-Sharpe (tangency),2.2513584008159597
2021-07-25,-0.0036199603212388703,Crypto,Max-Sharpe (tangency),2.243208572736118
2021-07-26,0.02060046315639,Crypto,Max-Sharpe (tangency),2.289419708290867
2021-07-27,0.020922019944754854,Crypto,Max-Sharpe (tangency),2.337318993089643
2021-07-28,0.001441201944982996,Crypto,Max-Sharpe (tangency),2.3406875417685296
2021-07-29,0.013791591767028459,Crypto,Max-Sharpe (tangency),2.37296934879877
2021-07-30,0.027046752495588803,Crypto,Max-Sharpe (tangency),2.437150463455349
2021-07-31,0.0166415917080234,Crypto,Max-Sharpe (tangency),2.477708526399193
2021-08-01,0.0015202549927939672,Crypto,Max-Sharpe (tangency),2.4814752751571394
2021-08-02,0.005787230514714432,Crypto,Max-Sharpe (tangency),2.495836144591038
2021-08-03,0.0024094933430402234,Crypto,Max-Sharpe (tangency),2.5018498451667495
2021-08-04,0.04318281104955396,Crypto,Max-Sharpe (tangency),2.609886754304941
2021-08-05,0.02059876567233447,Crypto,Max-Sharpe (tangency),2.6636471999881985
2021-08-06,0.016139979051987528,Crypto,Max-Sharpe (tangency),2.7066384099978937
2021-08-07,0.07206621478463593,Crypto,Max-Sharpe (tangency),2.9016955949971472
2021-08-08,-0.03767332258251303,Crypto,Max-Sharpe (tangency),2.7923790808105626
2021-08-09,0.04211738984094441,Crypto,Max-Sharpe (tangency),2.909986799140759
2021-08-10,0.06292165489249774,Crypto,Max-Sharpe (tangency),3.093087984258018
2021-08-11,0.044923776406299146,Crypto,Max-Sharpe (tangency),3.2320411772678352
2021-08-12,-0.008053399385314342,Crypto,Max-Sharpe (tangency),3.2060122588375157
2021-08-13,0.1359288274295471,Crypto,Max-Sharpe (tangency),3.641801745906053
2021-08-14,0.010530669327315176,Crypto,Max-Sharpe (tangency),3.680152355847829
2021-08-15,0.0036023810824304652,Crypto,Max-Sharpe (tangency),3.693409667074997
2021-08-16,-0.04470599628394896,Crypto,Max-Sharpe (tangency),3.5282921082236407
2021-08-17,-0.06377801395093197,Crypto,Max-Sharpe (tangency),3.30326464492239
2021-08-18,0.05635886720635584,Crypto,Max-Sharpe (tangency),3.489432898393021
2021-08-19,0.11244793894666302,Crypto,Max-Sharpe (tangency),3.881812435909997
2021-08-20,0.02038390123722783,Crypto,Max-Sharpe (tangency),3.960938917225029
2021-08-21,-0.013324489232452164,Crypto,Max-Sharpe (tangency),3.908161429272063
2021-08-22,0.0727339618644925,Crypto,Max-Sharpe (tangency),4.1924174936290175
2021-08-23,0.05643687464144857,Crypto,Max-Sharpe (tangency),4.429024434161574
2021-08-24,-0.060529790701743684,Crypto,Max-Sharpe (tangency),4.160936512148865
2021-08-25,0.009671645741312993,Crypto,Max-Sharpe (tangency),4.201179616046463
2021-08-26,-0.06236287992564145,Crypto,Max-Sharpe (tangency),3.939181956104905
2021-08-27,0.12375646384923077,Crypto,Max-Sharpe (tangency),4.426681185451144
2021-08-28,-0.02418111544477011,Crypto,Max-Sharpe (tangency),4.319639096668558
2021-08-29,-0.00010317204244312487,Crypto,Max-Sharpe (tangency),4.319193430680338
2021-08-30,-0.02947675819037954,Crypto,Max-Sharpe (tangency),4.1918776103466975
2021-08-31,0.031071147765891562,Crypto,Max-Sharpe (tangency),4.322124058994312
2021-09-01,0.06589419283047754,Crypto,Max-Sharpe (tangency),4.606926935174929
2021-09-02,0.014905969752758074,Crypto,Max-Sharpe (tangency),4.675597648723813
2021-09-03,0.016162791622263663,Crypto,Max-Sharpe (tangency),4.751168359229682
2021-09-04,-0.03292903835663567,Crypto,Max-Sharpe (tangency),4.594716954089774
2021-09-05,0.023591875045912057,Crypto,Max-Sharpe (tangency),4.703114942341994
2021-09-06,-0.018612231822698506,Crypto,Max-Sharpe (tangency),4.615579476746327
2021-09-07,-0.12163078440275035,Crypto,Max-Sharpe (tangency),4.054182924516436
2021-09-08,0.001472915516920443,Crypto,Max-Sharpe (tangency),4.06015439345439
2021-09-09,0.0022205576003083167,Crypto,Max-Sharpe (tangency),4.0691702001512
2021-09-10,-0.05641937772396537,Crypto,Max-Sharpe (tangency),3.8395901496057663
2021-09-11,0.06983723389717748,Crypto,Max-Sharpe (tangency),4.107736504953083
2021-09-12,0.0036643083627153038,Crypto,Max-Sharpe (tangency),4.1227885181800135
2021-09-13,-0.056966455036848856,Crypto,Max-Sharpe (tangency),3.8879278714326753
2021-09-14,0.016134646703410648,Crypto,Max-Sharpe (tangency),3.950658214046585
2021-09-15,0.04822218805016103,Crypto,Max-Sharpe (tangency),4.141167597366253
2021-09-16,-0.023981602761232054,Crypto,Max-Sharpe (tangency),4.041855761078529
2021-09-17,-0.03795503717126651,Crypto,Max-Sharpe (tangency),3.888446975425896
2021-09-18,0.009971905432709165,Crypto,Max-Sharpe (tangency),3.9272222009449473
2021-09-19,-0.03408057787281468,Crypto,Max-Sharpe (tangency),3.7933801989017963
2021-09-20,-0.1022044713373042,Crypto,Max-Sharpe (tangency),3.4056797810916404
2021-09-21,-0.04902448981564779,Crypto,Max-Sharpe (tangency),3.238718067348156
2021-09-22,0.12956441942381347,Crypto,Max-Sharpe (tangency),3.658340693421535
2021-09-23,0.02703274950981839,Crypto,Max-Sharpe (tangency),3.7572357010083746
2021-09-24,-0.041108389538168776,Crypto,Max-Sharpe (tangency),3.602781792224608
2021-09-25,0.004617450608982745,Crypto,Max-Sharpe (tangency),3.619417459205147
2021-09-26,-0.0073925572234319545,Crypto,Max-Sharpe (tangency),3.5926607085224846
2021-09-27,-0.03645410326977658,Crypto,Max-Sharpe (tangency),3.461693484040737
2021-09-28,-0.04419860527583998,Crypto,Max-Sharpe (tangency),3.3086914601536734
2021-09-29,0.0143210489296083,Crypto,Max-Sharpe (tangency),3.3560753924475115
2021-09-30,0.03490778701736359,Crypto,Max-Sharpe (tangency),3.473228557461284
2021-10-01,0.0811218149438231,Crypto,Max-Sharpe (tangency),3.7549831617572598
2021-10-02,0.00828286843655302,Crypto,Max-Sharpe (tangency),3.786085193267567
2021-10-03,0.0035382297361693607,Crypto,Max-Sharpe (tangency),3.7994812324820573
2021-10-04,-0.02135760362076412,Crypto,Max-Sharpe (tangency),3.7183334183541734
2021-10-05,0.028582661910201698,Crypto,Max-Sharpe (tangency),3.824613285320395
2021-10-06,0.001774813060833198,Crypto,Max-Sharpe (tangency),3.8314012589318183
2021-10-07,0.017878109851199996,Crypto,Max-Sharpe (tangency),3.8998994715230273
2021-10-08,-0.013050674370911007,Crypto,Max-Sharpe (tangency),3.849003153440892
2021-10-09,0.009082492797873782,Crypto,Max-Sharpe (tangency),3.883961696861013
2021-10-10,-0.03528784029707661,Crypto,Max-Sharpe (tangency),3.7469050767822187
2021-10-11,0.00793226010785192,Crypto,Max-Sharpe (tangency),3.776626502450686
2021-10-12,-0.020700431978589298,Crypto,Max-Sharpe (tangency),3.698448702428168
2021-10-13,0.03278342359283356,Crypto,Max-Sharpe (tangency),3.819696512876236
2021-10-14,0.016223225224557637,Crypto,Max-Sharpe (tangency),3.8816643096940844
2021-10-15,0.02033225521030376,Crypto,Max-Sharpe (tangency),3.960587299079512
2021-10-16,-0.013030970977331956,Crypto,Max-Sharpe (tangency),3.9089770009320173
2021-10-17,-0.00341399933827759,Crypto,Max-Sharpe (tangency),3.895631756037493
2021-10-18,-0.018741952001255013,Crypto,Max-Sharpe (tangency),3.822620012651273
2021-10-19,0.01111943865151465,Crypto,Max-Sharpe (tangency),3.8651254013700007
2021-10-20,0.051320536315617046,Crypto,Max-Sharpe (tangency),4.063485709895424
2021-10-21,-0.023445132856437827,Crypto,Max-Sharpe (tangency),3.9682167475666894
2021-10-22,-0.005062691972549042,Crypto,Max-Sharpe (tangency),3.948126888493449
2021-10-23,0.026130005393668845,Crypto,Max-Sharpe (tangency),4.051291465384671
2021-10-24,-0.0200471205150537,Crypto,Max-Sharpe (tangency),3.970074737136496
2021-10-25,0.019925676604196918,Crypto,Max-Sharpe (tangency),4.04918116244317
2021-10-26,-0.010937046445913182,Crypto,Max-Sharpe (tangency),4.004895080001612
2021-10-27,-0.07912411812767822,Crypto,Max-Sharpe (tangency),3.6880112886026066
2021-10-28,0.06391446685892674,Crypto,Max-Sharpe (tangency),3.9237285638833455
2021-10-29,0.02072437447176684,Crypto,Max-Sharpe (tangency),4.005045383966832
2021-10-30,-0.023733999425538787,Crypto,Max-Sharpe (tangency),3.909989639124506
2021-10-31,-0.002361294056085153,Crypto,Max-Sharpe (tangency),3.900757003830287
2021-11-01,0.0008169271417084751,Crypto,Max-Sharpe (tangency),3.903943638099925
2021-11-02,0.03690839466129747,Crypto,Max-Sharpe (tangency),4.048031930630378
2021-11-03,0.024213556765017897,Crypto,Max-Sharpe (tangency),4.1460491815693015
2021-11-04,-0.026010531535990512,Crypto,Max-Sharpe (tangency),4.0382082385823255
2021-11-05,-0.0057119518745948365,Crypto,Max-Sharpe (tangency),4.015142187463951
2021-11-06,0.00899810856677594,Crypto,Max-Sharpe (tangency),4.051270872777794
2021-11-07,0.015195577017108433,Crypto,Max-Sharpe (tangency),4.112832271342256
2021-11-08,0.04576257553249881,Crypto,Max-Sharpe (tangency),4.301046068812055
2021-11-09,0.02426727914634882,Crypto,Max-Sharpe (tangency),4.405420754385223
2021-11-10,-0.047560434200043855,Crypto,Max-Sharpe (tangency),4.195897030472777
2021-11-11,0.007018717466754084,Crypto,Max-Sharpe (tangency),4.225346846249257
2021-11-12,-0.01603174565370977,Crypto,Max-Sharpe (tangency),4.157607160311485
2021-11-13,-0.00012268430521934358,Crypto,Max-Sharpe (tangency),4.1570970871656465
2021-11-14,-0.005663096483682541,Crypto,Max-Sharpe (tangency),4.1335550452689915
2021-11-15,-0.013713845436643494,Crypto,Max-Sharpe (tangency),4.076868110274315
2021-11-16,-0.071946634744214,Crypto,Max-Sharpe (tangency),3.783551169444075
2021-11-17,0.008538780357510455,Crypto,Max-Sharpe (tangency),3.81585808185136
2021-11-18,-0.05742469825879928,Crypto,Max-Sharpe (tangency),3.596733582902645
2021-11-19,0.059514006404601826,Crypto,Max-Sharpe (tangency),3.8107896083911594
2021-11-20,0.028083728840710614,Crypto,Max-Sharpe (tangency),3.917810790422214
2021-11-21,-0.03683371920714984,Crypto,Max-Sharpe (tangency),3.7735032478610604
2021-11-22,-0.038719613835075745,Crypto,Max-Sharpe (tangency),3.627394659298476
2021-11-23,0.026318816712347978,Crypto,Max-Sharpe (tangency),3.7228633944799028
2021-11-24,-0.02917437253452458,Crypto,Max-Sharpe (tangency),3.614251190914201
2021-11-25,-0.004604182894616487,Crypto,Max-Sharpe (tangency),3.5976105174041466
2021-11-26,-0.06459707722941146,Crypto,Max-Sharpe (tangency),3.365215392970048
2021-11-27,0.014313684405730125,Crypto,Max-Sharpe (tangency),3.4133840240623265
2021-11-28,0.040507603523368255,Crypto,Max-Sharpe (tangency),3.5516520307820425
2021-11-29,0.022765779949695728,Crypto,Max-Sharpe (tangency),3.632508159372716
2021-11-30,0.012026574096160914,Crypto,Max-Sharpe (tangency),3.6761947879063213
2021-12-01,-0.007638246978291319,Crypto,Max-Sharpe (tangency),3.6481151041759854
2021-12-02,0.03294781498259632,Crypto,Max-Sharpe (tangency),3.768312525663591
2021-12-03,-0.07638730274550533,Crypto,Max-Sharpe (tangency),3.480461295926047
2021-12-04,-0.05039925874412278,Crypto,Max-Sharpe (tangency),3.305048626523765
2021-12-05,-0.0005947987503972709,Crypto,Max-Sharpe (tangency),3.3030827877307067
2021-12-06,0.036691607912764476,Crypto,Max-Sharpe (tangency),3.4242782062815227
2021-12-07,-0.017974341314883034,Crypto,Max-Sharpe (tangency),3.362729061044703
2021-12-08,0.021953777842102448,Crypto,Max-Sharpe (tangency),3.43655366779406
2021-12-09,-0.07362959609204488,Crypto,Max-Sharpe (tangency),3.183521609285748
2021-12-10,-0.05497740817224005,Crypto,Max-Sharpe (tangency),3.008499842346899
2021-12-11,0.072334865397106,Crypto,Max-Sharpe (tangency),3.226119273490277
2021-12-12,0.005427138574646562,Crypto,Max-Sharpe (tangency),3.2436278698458465
2021-12-13,-0.08695661077610335,Crypto,Max-Sharpe (tangency),2.96157298366514
2021-12-14,-0.007082032699419876,Crypto,Max-Sharpe (tangency),2.940599026953105
2021-12-15,0.07284246972516455,Crypto,Max-Sharpe (tangency),3.1547995225477847
2021-12-16,-0.029619751576214465,Crypto,Max-Sharpe (tangency),3.0613551444171594
2021-12-17,-0.019314211331314387,Crypto,Max-Sharpe (tangency),3.0022274841976797
2021-12-18,0.0200591832534496,Crypto,Max-Sharpe (tangency),3.062449715471744
2021-12-19,-0.0053526387795609035,Crypto,Max-Sharpe (tangency),3.046057528364255
2021-12-20,-0.0001942859699541697,Crypto,Max-Sharpe (tangency),3.0454657221228203
2021-12-21,0.026694538398075663,Crypto,Max-Sharpe (tangency),3.1267630237820514
2021-12-22,0.008228863185638181,Crypto,Max-Sharpe (tangency),3.1524927289186664
2021-12-23,0.06261943659582966,Crypto,Max-Sharpe (tangency),3.349900047476003
2021-12-24,-0.031553668080966185,Crypto,Max-Sharpe (tangency),3.2441984132735326
2021-12-25,0.024299790999367077,Crypto,Max-Sharpe (tangency),3.3230317566765573
2021-12-26,-0.003034257935872046,Crypto,Max-Sharpe (tangency),3.3129488211977063
2021-12-27,0.011711182701842947,Crypto,Max-Sharpe (tangency),3.351747370124608
2021-12-28,-0.06473455909614143,Crypto,Max-Sharpe (tangency),3.13477348191794
2021-12-29,-0.04768905876919953,Crypto,Max-Sharpe (tangency),2.9852790851106272
2021-12-30,0.022984674402334496,Crypto,Max-Sharpe (tangency),3.053894752881994
2021-12-31,-0.020260467671846916,Crypto,Max-Sharpe (tangency),2.9920214169680053
2022-01-01,0.03496740706399325,Crypto,Max-Sharpe (tangency),3.096644647799311
2022-01-02,0.009381296977985383,Crypto,Max-Sharpe (tangency),3.1256951908756054
2022-01-03,-0.027322010043522436,Crypto,Max-Sharpe (tangency),3.0402949154775123
2022-01-04,0.002004124620719779,Crypto,Max-Sharpe (tangency),3.04638804537187
2022-01-05,-0.06155620247606555,Crypto,Max-Sharpe (tangency),2.858863966030294
2022-01-06,-0.007457439667357039,Crypto,Max-Sharpe (tangency),2.837544160486442
2022-01-07,-0.06051441802949002,Crypto,Max-Sharpe (tangency),2.6658318269816275
2022-01-08,-0.026598262121564027,Crypto,Max-Sharpe (tangency),2.594925333275562
2022-01-09,0.00707514649710588,Crypto,Max-Sharpe (tangency),2.613284810157538
2022-01-10,-0.030183236098862178,Crypto,Max-Sharpe (tangency),2.534407417738983
2022-01-11,0.05040599594976956,Crypto,Max-Sharpe (tangency),2.6621567477726
2022-01-12,0.06644014211721877,Crypto,Max-Sharpe (tangency),2.839030820432924
2022-01-13,-0.044571164638584695,Crypto,Max-Sharpe (tangency),2.712491910321392
2022-01-14,0.030983908224872833,Crypto,Max-Sharpe (tangency),2.7965355107315
2022-01-15,0.005298379824068687,Crypto,Max-Sharpe (tangency),2.8113526180588515
2022-01-16,0.04082807208615977,Crypto,Max-Sharpe (tangency),2.9261347254085726
2022-01-17,0.03793756471252617,Crypto,Max-Sharpe (tangency),3.0371451509113303
2022-01-18,-0.047647359004734595,Crypto,Max-Sharpe (tangency),2.8924332055563693
2022-01-19,-0.05173344329904926,Crypto,Max-Sharpe (tangency),2.7427976763204316
2022-01-20,-0.04531606641534823,Crypto,Max-Sharpe (tangency),2.618504874656432
2022-01-21,-0.12924799554442526,Crypto,Max-Sharpe (tangency),2.2800683682837817
2022-01-22,-0.05533199637535354,Crypto,Max-Sharpe (tangency),2.1539076335943452
2022-01-23,0.05313902881894797,Crypto,Max-Sharpe (tangency),2.2683641934092673
2022-01-24,-0.043132536701344246,Crypto,Max-Sharpe (tangency),2.170523891585027
2022-01-25,-0.0066287660780034,Crypto,Max-Sharpe (tangency),2.156135996440992
2022-01-26,0.018244948833149147,Crypto,Max-Sharpe (tangency),2.1954745873733685
2022-01-27,-0.025070300848745293,Crypto,Max-Sharpe (tangency),2.1404333789621433
2022-01-28,0.030702240260838218,Crypto,Max-Sharpe (tangency),2.2061494788253566
2022-01-29,0.014624711921630291,Crypto,Max-Sharpe (tangency),2.2384137794092323
2022-01-30,-0.00799057441380936,Crypto,Max-Sharpe (tangency),2.2205275675359664
2022-01-31,0.024489212829622783,Crypto,Max-Sharpe (tangency),2.2749065397313992
2022-02-01,0.03674590941757186,Crypto,Max-Sharpe (tangency),2.358500049373811
2022-02-02,-0.046310254790402045,Crypto,Max-Sharpe (tangency),2.249277311164134
2022-02-03,0.011354416082270606,Crypto,Max-Sharpe (tangency),2.2748165416395025
2022-02-04,0.09586301103323967,Crypto,Max-Sharpe (tangency),2.4928873048692863
2022-02-05,0.0024361112286343817,Crypto,Max-Sharpe (tangency),2.4989602556243984
2022-02-06,0.014676064528259031,Crypto,Max-Sharpe (tangency),2.535635157589497
2022-02-07,0.0359671456179253,Crypto,Max-Sharpe (tangency),2.62683471653645
2022-02-08,-0.010469134985763464,Crypto,Max-Sharpe (tangency),2.5993340293037397
2022-02-09,0.026760292595034315,Crypto,Max-Sharpe (tangency),2.6688929684801375
2022-02-10,-0.04354964202050117,Crypto,Max-Sharpe (tangency),2.5526636351117946
2022-02-11,-0.05494134459476899,Crypto,Max-Sharpe (tangency),2.412416862700582
2022-02-12,-0.010986493527938145,Crypto,Max-Sharpe (tangency),2.385912860451833
2022-02-13,-0.011654640683131968,Crypto,Max-Sharpe (tangency),2.3581059033620035
2022-02-14,0.011603221946568435,Crypto,Max-Sharpe (tangency),2.3854675295322263
2022-02-15,0.07118548437743394,Crypto,Max-Sharpe (tangency),2.5552781910886186
2022-02-16,-0.01810016402593366,Crypto,Max-Sharpe (tangency),2.5090272366980235
2022-02-17,-0.0707321485187982,Crypto,Max-Sharpe (tangency),2.331558349554189
2022-02-18,-0.02851846535569886,Crypto,Max-Sharpe (tangency),2.265065883537637
2022-02-19,-0.004206972467078907,Crypto,Max-Sharpe (tangency),2.2555368137294747
2022-02-20,-0.05590241058702971,Crypto,Max-Sharpe (tangency),2.1294468686742087
2022-02-21,-0.04649833296283016,Crypto,Max-Sharpe (tangency),2.0304311391479395
2022-02-22,0.02979920925270304,Crypto,Max-Sharpe (tangency),2.090936381536613
2022-02-23,-0.02013340434253743,Crypto,Max-Sharpe (tangency),2.0488387139126143
2022-02-24,-0.0058723587377424976,Crypto,Max-Sharpe (tangency),2.0368071979887445
2022-02-25,0.05917952671700856,Crypto,Max-Sharpe (tangency),2.157344483979515
2022-02-26,-0.0011064811359345838,Crypto,Max-Sharpe (tangency),2.154957423004279
2022-02-27,-0.04751721947098666,Crypto,Max-Sharpe (tangency),2.052559838184753
2022-02-28,0.1154227853699844,Crypto,Max-Sharpe (tangency),2.2894720118466014
2022-03-01,0.011852446423789936,Crypto,Max-Sharpe (tangency),2.31660785620578
2022-03-02,-0.014457726624638744,Crypto,Max-Sharpe (tangency),2.2831149731242664
2022-03-03,-0.038861881714669734,Crypto,Max-Sharpe (tangency),2.19438882909772
2022-03-04,-0.07246807803681038,Crypto,Max-Sharpe (tangency),2.0353656881875613
2022-03-05,0.02178146920426188,Crypto,Max-Sharpe (tangency),2.07969894324423
2022-03-06,-0.04413815757668119,Crypto,Max-Sharpe (tangency),1.9879048635752588
2022-03-07,-0.026299889146646077,Crypto,Max-Sharpe (tangency),1.9356231860291508
2022-03-08,0.020848992188102055,Crypto,Max-Sharpe (tangency),1.9759789787137818
2022-03-09,0.059616470868831886,Crypto,Max-Sharpe (tangency),2.093779871935696
2022-03-10,-0.04697561051403597,Crypto,Max-Sharpe (tangency),1.9954232841695168
2022-03-11,-0.01917866376823152,Crypto,Max-Sharpe (tangency),1.9571537319271293
2022-03-12,0.003868568958982544,Crypto,Max-Sharpe (tangency),1.9647251161024195
2022-03-13,-0.012995360117559787,Crypto,Max-Sharpe (tangency),1.939192805686654
2022-03-14,0.023644366764017776,Crypto,Max-Sharpe (tangency),1.9850437916104542
2022-03-15,0.00494695443013401,Crypto,Max-Sharpe (tangency),1.9948637127893714
2022-03-16,0.05405235435845709,Crypto,Max-Sharpe (tangency),2.1026907930898897
2022-03-17,0.00868761805313252,Crypto,Max-Sharpe (tangency),2.120958167584093
2022-03-18,0.03615969331811024,Crypto,Max-Sharpe (tangency),2.197651364464475
2022-03-19,0.021379053015406508,Crypto,Max-Sharpe (tangency),2.2446350694947417
2022-03-20,-0.028148853590066428,Crypto,Max-Sharpe (tangency),2.1814511655604054
2022-03-21,0.025736998412595802,Crypto,Max-Sharpe (tangency),2.237595170745589
2022-03-22,0.04159775475530954,Crypto,Max-Sharpe (tangency),2.330674105899929
2022-03-23,0.06643275015264476,Crypto,Max-Sharpe (tangency),2.4855071964644178
2022-03-24,0.023199866372802934,Crypto,Max-Sharpe (tangency),2.5431706312910327
2022-03-25,-0.012591323546055671,Crypto,Max-Sharpe (tangency),2.5111487470396208
2022-03-26,0.027234727665847298,Crypto,Max-Sharpe (tangency),2.5795391992936785
2022-03-27,0.038590922940808306,Crypto,Max-Sharpe (tangency),2.6790859977564154
2022-03-28,0.0034264577459972986,Crypto,Max-Sharpe (tangency),2.6882657727256207
2022-03-29,0.018862815998427946,Crypto,Max-Sharpe (tangency),2.738974035351416
2022-03-30,-0.00310489798122145,Crypto,Max-Sharpe (tangency),2.7304698003984353
2022-03-31,-0.03491964584915094,Crypto,Max-Sharpe (tangency),2.63512276196672
2022-04-01,0.03826845602143554,Crypto,Max-Sharpe (tangency),2.735964841494127
2022-04-02,-0.004157100920401352,Crypto,Max-Sharpe (tangency),2.724591159533366
2022-04-03,0.023945514943346836,Crypto,Max-Sharpe (tangency),2.7898328978584823
2022-04-04,0.009104703741928642,Crypto,Max-Sharpe (tangency),2.8152334998829702
2022-04-05,-0.032643612285901305,Crypto,Max-Sharpe (tangency),2.7233341090185097
2022-04-06,-0.08315000174775135,Crypto,Max-Sharpe (tangency),2.49688887309391
2022-04-07,0.026838882136330233,Crypto,Max-Sharpe (tangency),2.563902579266392
2022-04-08,-0.03233659473913815,Crypto,Max-Sharpe (tangency),2.4809947006100233
2022-04-09,0.020437096749021933,Crypto,Max-Sharpe (tangency),2.531699029340201
2022-04-10,-0.014650222838480553,Crypto,Max-Sharpe (tangency),2.494609074400402
2022-04-11,-0.08598509008352283,Crypto,Max-Sharpe (tangency),2.28010988841491
2022-04-12,0.024827750811408297,Crypto,Max-Sharpe (tangency),2.3367198885471034
2022-04-13,0.025613429758766845,Crypto,Max-Sharpe (tangency),2.3965712992783184
2022-04-14,-0.03622653609661197,Crypto,Max-Sharpe (tangency),2.3097518225969083
2022-04-15,0.01358284713329164,Crypto,Max-Sharpe (tangency),2.341124828519084
2022-04-16,0.0034290567138569846,Crypto,Max-Sharpe (tangency),2.349152678330295
2022-04-17,-0.028192199200982794,Crypto,Max-Sharpe (tangency),2.282924898069285
2022-04-18,0.02124760869203674,Crypto,Max-Sharpe (tangency),2.3314315929767693
2022-04-19,0.01620246483266624,Crypto,Max-Sharpe (tangency),2.3692065313717423
2022-04-20,-0.0117597723544716,Crypto,Max-Sharpe (tangency),2.3413452019020835
2022-04-21,-0.029095465904132096,Crypto,Max-Sharpe (tangency),2.273222672410338
2022-04-22,-0.006013363858783545,Crypto,Max-Sharpe (tangency),2.2595529573490984
2022-04-23,-0.013528466206093506,Crypto,Max-Sharpe (tangency),2.2289846715247226
2022-04-24,-0.004187191090082763,Crypto,Max-Sharpe (tangency),2.219651486768183
2022-04-25,0.023529345448030457,Crypto,Max-Sharpe (tangency),2.271878433374586
2022-04-26,-0.07154147267104122,Crypto,Max-Sharpe (tangency),2.10934490452139
2022-04-27,0.023739448834957246,Crypto,Max-Sharpe (tangency),2.1594195899575532
2022-04-28,0.011831844991594672,Crypto,Max-Sharpe (tangency),2.184969507817744
2022-04-29,-0.04313695044574402,Crypto,Max-Sharpe (tangency),2.0907165864335484
2022-04-30,-0.04154413206421683,Crypto,Max-Sharpe (tangency),2.0038595804579047
2022-05-01,0.038914428309468514,Crypto,Max-Sharpe (tangency),2.081838630443875
2022-05-02,0.0026132893652880632,Crypto,Max-Sharpe (tangency),2.0872790771970604
2022-05-03,-0.02135748423030666,Crypto,Max-Sharpe (tangency),2.042700047221575
2022-05-04,0.09505670425153126,Crypto,Max-Sharpe (tangency),2.2368723814849054
2022-05-05,-0.08540722480753374,Crypto,Max-Sharpe (tangency),2.045827319133661
2022-05-06,-0.016066359374103376,Crypto,Max-Sharpe (tangency),2.012958322207101
2022-05-07,-0.023926444497838595,Crypto,Max-Sharpe (tangency),1.9647953866343502
2022-05-08,-0.03916550153021314,Crypto,Max-Sharpe (tangency),1.8878431899125667
2022-05-09,-0.13321687431827633,Crypto,Max-Sharpe (tangency),1.6363506209493703
2022-05-10,0.039127135524849165,Crypto,Max-Sharpe (tangency),1.7003763334614277
2022-05-11,-0.14022824124451694,Crypto,Max-Sharpe (tangency),1.4619355507663314
2022-05-12,-0.0609726861059902,Crypto,Max-Sharpe (tangency),1.372797413322268
2022-05-13,0.056473587724659435,Crypto,Max-Sharpe (tangency),1.4503242084717085
2022-05-14,0.020442346856743156,Crypto,Max-Sharpe (tangency),1.4799722389960186
2022-05-15,0.06595296451168316,Crypto,Max-Sharpe (tangency),1.5775807955527994
2022-05-16,-0.06128693562355803,Crypto,Max-Sharpe (tangency),1.4808957028947936
2022-05-17,0.035229777769544064,Crypto,Max-Sharpe (tangency),1.5330673294076498
2022-05-18,-0.09838063579766876,Crypto,Max-Sharpe (tangency),1.382243190819891
2022-05-19,0.05366282897324739,Crypto,Max-Sharpe (tangency),1.4564182707682949
2022-05-20,-0.028479596603309044,Crypto,Max-Sharpe (tangency),1.4149400659311249
2022-05-21,0.011419127618551638,Crypto,Max-Sharpe (tangency),1.4310974471165943
2022-05-22,0.03204668775569894,Crypto,Max-Sharpe (tangency),1.4769593801523175
2022-05-23,-0.04198591710150165,Crypto,Max-Sharpe (tangency),1.414947886054957
2022-05-24,0.00808903499805892,Crypto,Max-Sharpe (tangency),1.4263934490256849
2022-05-25,-0.01615108952845412,Crypto,Max-Sharpe (tangency),1.4033556407276706
2022-05-26,-0.06956077231641897,Crypto,Max-Sharpe (tangency),1.3057371385240508
2022-05-27,-0.04695839098078246,Crypto,Max-Sharpe (tangency),1.2444218234551103
2022-05-28,0.019556256089200735,Crypto,Max-Sharpe (tangency),1.2687580553175886
2022-05-29,0.03232602284694807,Crypto,Max-Sharpe (tangency),1.3097719572010342
2022-05-30,0.13102621195334385,Crypto,Max-Sharpe (tangency),1.481386415275803
2022-05-31,0.01859118818225479,Crypto,Max-Sharpe (tangency),1.508927148892831
2022-06-01,-0.08314626054723884,Crypto,Max-Sharpe (tangency),1.3834654990241855
2022-06-02,0.028777902172134648,Crypto,Max-Sharpe (tangency),1.4232787338136268
2022-06-03,-0.03870788801536799,Crypto,Max-Sharpe (tangency),1.3681866199705142
2022-06-04,0.013209411975853859,Crypto,Max-Sharpe (tangency),1.3862595606935557
2022-06-05,0.0020573597816218904,Crypto,Max-Sharpe (tangency),1.3891115953606152
2022-06-06,0.0477385927951435,Crypto,Max-Sharpe (tangency),1.4554258281585477
2022-06-07,-0.009651177992954525,Crypto,Max-Sharpe (tangency),1.4413792544354462
2022-06-08,0.011542126735610298,Crypto,Max-Sharpe (tangency),1.4580158364642197
2022-06-09,-0.007040216762544436,Crypto,Max-Sharpe (tangency),1.447751088932289
2022-06-10,-0.07921505882876678,Crypto,Max-Sharpe (tangency),1.3330674012531067
2022-06-11,-0.06187704515478451,Crypto,Max-Sharpe (tangency),1.2505811294713969
2022-06-12,-0.07464180276083515,Crypto,Max-Sharpe (tangency),1.1572354994689704
2022-06-13,-0.12428640616259437,Crypto,Max-Sharpe (tangency),1.0134068581561972
2022-06-14,0.02231674332123789,Crypto,Max-Sharpe (tangency),1.0360227988896513
2022-06-15,0.0578259570524575,Crypto,Max-Sharpe (tangency),1.0959318087636112
2022-06-16,-0.12119626297736581,Crypto,Max-Sharpe (tangency),0.9631089690634363
2022-06-17,0.021690115753299506,Crypto,Max-Sharpe (tangency),0.9839989140854634
2022-06-18,-0.07354499394687627,Crypto,Max-Sharpe (tangency),0.9116307199053151
2022-06-19,0.09661381734023744,Crypto,Max-Sharpe (tangency),0.9997068437599963
2022-06-20,0.007792171997545458,Crypto,Max-Sharpe (tangency),1.0074967314336976
2022-06-21,-0.013374226514949177,Crypto,Max-Sharpe (tangency),0.9940222419344324
2022-06-22,-0.0540491433188482,Crypto,Max-Sharpe (tangency),0.9402961913179955
2022-06-23,0.06685655441707285,Crypto,Max-Sharpe (tangency),1.0031611548010135
2022-06-24,0.05643456514662584,Crypto,Max-Sharpe (tangency),1.0597741183441958
2022-06-25,0.006535557212591052,Crypto,Max-Sharpe (tangency),1.0667003327270577
2022-06-26,-0.026936849533985154,Crypto,Max-Sharpe (tangency),1.037966786366537
2022-06-27,-0.005918069049780594,Crypto,Max-Sharpe (tangency),1.031824027253441
2022-06-28,-0.0370420266275405,Crypto,Max-Sharpe (tangency),0.9936031741609829
2022-06-29,-0.02495337084133791,Crypto,Max-Sharpe (tangency),0.9688094256870134
2022-06-30,-0.021458643703929754,Crypto,Max-Sharpe (tangency),0.9480200894041869
2022-07-01,-0.014911328280027279,Crypto,Max-Sharpe (tangency),0.9338838506350202
2022-07-02,0.011899795662630283,Crypto,Max-Sharpe (tangency),0.9449968776302073
2022-07-03,0.0038517129675597656,Crypto,Max-Sharpe (tangency),0.948636734358079
2022-07-04,0.044071313429902434,Crypto,Max-Sharpe (tangency),0.990444401209093
2022-07-05,-0.01743789776668988,Crypto,Max-Sharpe (tangency),0.9731731329972185
2022-07-06,0.02148228533874352,Crypto,Max-Sharpe (tangency),0.9940791159242638
2022-07-07,0.03536558383620142,Crypto,Max-Sharpe (tangency),1.0292353042383005
2022-07-08,-0.015525054856317694,Crypto,Max-Sharpe (tangency),1.013256369679942
2022-07-09,0.012052167757214453,Crypto,Max-Sharpe (tangency),1.0254683054283908
2022-07-10,-0.03516581757707242,Crypto,Max-Sharpe (tangency),0.9894068740686265
2022-07-11,-0.05855576708439725,Crypto,Max-Sharpe (tangency),0.9314713955989624
2022-07-12,-0.04142054818056508,Crypto,Max-Sharpe (tangency),0.8928893397787374
2022-07-13,0.054801629313734446,Crypto,Max-Sharpe (tangency),0.9418211303954768
2022-07-14,0.030853013628873216,Crypto,Max-Sharpe (tangency),0.9708791505675292
2022-07-15,0.015600496750451331,Crypto,Max-Sharpe (tangency),0.9860253476010388
2022-07-16,0.05811050701633891,Crypto,Max-Sharpe (tangency),1.0433237804810969
2022-07-17,-0.016920152102719358,Crypto,Max-Sharpe (tangency),1.0256705834229725
2022-07-18,0.12621994817122978,Crypto,Max-Sharpe (tangency),1.155130671303375
2022-07-19,0.012657141159322633,Crypto,Max-Sharpe (tangency),1.169751323267525
2022-07-20,-0.03174132450087122,Crypto,Max-Sharpe (tangency),1.132621866930367
2022-07-21,0.025405767960865504,Crypto,Max-Sharpe (tangency),1.161396995269002
2022-07-22,-0.02757137455308082,Crypto,Max-Sharpe (tangency),1.1293756837076177
2022-07-23,0.0362720023976548,Crypto,Max-Sharpe (tangency),1.1703404012149135
2022-07-24,0.010267415111715757,Crypto,Max-Sharpe (tangency),1.182356771936199
2022-07-25,-0.08088515696352203,Crypto,Max-Sharpe (tangency),1.0867216588512563
2022-07-26,-0.007918204945233051,Crypto,Max-Sharpe (tangency),1.0781167740380484
2022-07-27,0.10653535950969717,Crypto,Max-Sharpe (tangency),1.1929743321536268
2022-07-28,0.02780299497398423,Crypto,Max-Sharpe (tangency),1.2261425915145863
2022-07-29,0.009055901334159403,Crypto,Max-Sharpe (tangency),1.2372464178449527
2022-07-30,-0.006257843327161082,Crypto,Max-Sharpe (tangency),1.2295039236049878
2022-07-31,-0.011757573138005562,Crypto,Max-Sharpe (tangency),1.2150479412997375
2022-08-01,-0.01978957356085425,Crypto,Max-Sharpe (tangency),1.1910026606854218
2022-08-02,-0.009809853016552152,Crypto,Max-Sharpe (tangency),1.1793190996417753
2022-08-03,-0.002567210709667523,Crypto,Max-Sharpe (tangency),1.1762915390190596
2022-08-04,-0.008068482948551304,Crypto,Max-Sharpe (tangency),1.166800650793959
2022-08-05,0.06268935860344801,Crypto,Max-Sharpe (tangency),1.2399466352103181
2022-08-06,-0.017449740953913034,Crypto,Max-Sharpe (tangency),1.218309887629222
2022-08-07,0.01451150426607723,Crypto,Max-Sharpe (tangency),1.2359893967609576
2022-08-08,0.02932678717068092,Crypto,Max-Sharpe (tangency),1.2722369947449845
2022-08-09,-0.04139737292514847,Crypto,Max-Sharpe (tangency),1.2195697254243563
2022-08-10,0.06753628071605713,Crypto,Max-Sharpe (tangency),1.3019349287534203
2022-08-11,0.013806432773117314,Crypto,Max-Sharpe (tangency),1.3199100058222277
2022-08-12,0.030274820091883325,Crypto,Max-Sharpe (tangency),1.3598700437859725
2022-08-13,0.019757061529851242,Crypto,Max-Sharpe (tangency),1.3867370799136536
2022-08-14,-0.009193541271077995,Crypto,Max-Sharpe (tangency),1.3739880553373334
2022-08-15,-0.02045965324332665,Crypto,Max-Sharpe (tangency),1.3458767361646589
2022-08-16,-0.007680783132501329,Crypto,Max-Sharpe (tangency),1.3355393488310994
2022-08-17,-0.025937288501501565,Crypto,Max-Sharpe (tangency),1.3008990794353597
2022-08-18,-0.015945150558919267,Crypto,Max-Sharpe (tangency),1.2801560477518032
2022-08-19,-0.1290187342836026,Crypto,Max-Sharpe (tangency),1.1149919347853663
2022-08-20,-0.011161419541569111,Crypto,Max-Sharpe (tangency),1.102547042015761
2022-08-21,0.02664900397840197,Crypto,Max-Sharpe (tangency),1.1319288225248143
2022-08-22,0.0003465125547663728,Crypto,Max-Sharpe (tangency),1.132321050072921
2022-08-23,0.01648745549053481,Crypto,Max-Sharpe (tangency),1.150990142986994
2022-08-24,-0.004298205947308318,Crypto,Max-Sharpe (tangency),1.146042950309114
2022-08-25,0.023679360423921037,Crypto,Max-Sharpe (tangency),1.1731805143907772
2022-08-26,-0.09408589168496134,Crypto,Max-Sharpe (tangency),1.0628007795868992
2022-08-27,0.008363576390667456,Crypto,Max-Sharpe (tangency),1.0716895950950354
2022-08-28,-0.04467381671432981,Crypto,Max-Sharpe (tangency),1.0238131305491054
2022-08-29,0.0708072749280727,Crypto,Max-Sharpe (tangency),1.0963065483588665
2022-08-30,-0.012360217622190686,Crypto,Max-Sharpe (tangency),1.0827559608405182
2022-08-31,0.005114192381553263,Crypto,Max-Sharpe (tangency),1.08829338312653
2022-09-01,0.02160437396422852,Crypto,Max-Sharpe (tangency),1.1118052803583909
2022-09-02,-0.006809210665406847,Crypto,Max-Sharpe (tangency),1.1042347639855188
2022-09-03,0.015405415084368383,Crypto,Max-Sharpe (tangency),1.1212459588753052
2022-09-04,0.026563764784780414,Crypto,Max-Sharpe (tangency),1.1510304727927545
2022-09-05,0.03131545985208728,Crypto,Max-Sharpe (tangency),1.187075521352025
2022-09-06,-0.060689463143161704,Crypto,Max-Sharpe (tangency),1.1150325452507819
2022-09-07,0.043963549263528995,Crypto,Max-Sharpe (tangency),1.1640533334843528
2022-09-08,0.0011336078835903827,Crypto,Max-Sharpe (tangency),1.1653729135201103
2022-09-09,0.05118670815089563,Crypto,Max-Sharpe (tangency),1.225024516731423
2022-09-10,0.023966051937091587,Crypto,Max-Sharpe (tangency),1.254383517923619
2022-09-11,-0.008566986363317923,Crypto,Max-Sharpe (tangency),1.2436372314311965
2022-09-12,-0.020082307831958728,Crypto,Max-Sharpe (tangency),1.2186621257183103
2022-09-13,-0.07050582559470697,Crypto,Max-Sharpe (tangency),1.1327393464235402
2022-09-14,0.03767172220455253,Crypto,Max-Sharpe (tangency),1.1754115884121743
2022-09-15,-0.07270677508375234,Crypto,Max-Sharpe (tangency),1.0899512024226543
2022-09-16,-0.010232149695040467,Crypto,Max-Sharpe (tangency),1.0787986585591762
2022-09-17,0.024919377168500213,Crypto,Max-Sharpe (tangency),1.1056816492206842
2022-09-18,-0.09332239435440257,Crypto,Max-Sharpe (tangency),1.0024967903216853
2022-09-19,0.023908242017435608,Crypto,Max-Sharpe (tangency),1.0264647262063986
2022-09-20,-0.033356008064873044,Crypto,Max-Sharpe (tangency),0.9922259605207503
2022-09-21,-0.030456839663903487,Crypto,Max-Sharpe (tangency),0.9620058935308072
2022-09-22,0.04763117617771556,Crypto,Max-Sharpe (tangency),1.0078273657295738
2022-09-23,0.003979644446097987,Crypto,Max-Sharpe (tangency),1.011838160308225
2022-09-24,-0.013950691355646054,Crypto,Max-Sharpe (tangency),0.9977223184319002
2022-09-25,-0.014961874920818706,Crypto,Max-Sharpe (tangency),0.9827945218978129
2022-09-26,0.01548738081071498,Crypto,Max-Sharpe (tangency),0.998015434917129
2022-09-27,-0.0076087897727443645,Crypto,Max-Sharpe (tangency),0.9904217452828905
2022-09-28,-0.0036986473094108253,Crypto,Max-Sharpe (tangency),0.986758524559518
2022-09-29,0.0007593077308587278,Crypto,Max-Sharpe (tangency),0.9875077779357068
2022-09-30,-0.006660674398957435,Crypto,Max-Sharpe (tangency),0.9809303101604391
2022-10-01,-0.010375315458699703,Crypto,Max-Sharpe (tangency),0.9707528487495244
2022-10-02,-0.025018860665765925,Crypto,Max-Sharpe (tangency),0.9464657184857647
2022-10-03,0.027114738513555406,Crypto,Max-Sharpe (tangency),0.9721288889545506
2022-10-04,0.022822982269100886,Crypto,Max-Sharpe (tangency),0.9943157693504411
2022-10-05,-0.008676940809311057,Crypto,Max-Sharpe (tangency),0.9856881502740228
2022-10-06,-0.0022316477686122015,Crypto,Max-Sharpe (tangency),0.9834884415129163
2022-10-07,-0.012031382969481478,Crypto,Max-Sharpe (tangency),0.9716557154270159
2022-10-08,-0.010371399572088314,Crypto,Max-Sharpe (tangency),0.9615782857558189
2022-10-09,0.00391054963017929,Crypto,Max-Sharpe (tangency),0.9653385853655697
2022-10-10,-0.04300151251772473,Crypto,Max-Sharpe (tangency),0.9238275661031294
2022-10-11,-0.018712216615732788,Crypto,Max-Sharpe (tangency),0.9065407045706225
2022-10-12,-0.004525470861078493,Crypto,Max-Sharpe (tangency),0.9024381810277067
2022-10-13,-0.010044222616781139,Crypto,Max-Sharpe (tangency),0.8933738910395813
2022-10-14,-0.00739171755110848,Crypto,Max-Sharpe (tangency),0.8867703235694819
2022-10-15,-0.013875155935835694,Crypto,Max-Sharpe (tangency),0.8744662470506839
2022-10-16,0.020503091665482413,Crypto,Max-Sharpe (tangency),0.8923955086723345
2022-10-17,0.01464629237450975,Crypto,Max-Sharpe (tangency),0.9054657942060488
2022-10-18,-0.021183869493911614,Crypto,Max-Sharpe (tangency),0.8862845249903868
2022-10-19,-0.026853727462753725,Crypto,Max-Sharpe (tangency),0.8624844819018388
2022-10-20,-0.015156625664958245,Crypto,Max-Sharpe (tangency),0.8494121274678171
2022-10-21,0.018224702735484842,Crypto,Max-Sharpe (tangency),0.8648924109908339
2022-10-22,0.013070899209880325,Crypto,Max-Sharpe (tangency),0.8761973325222854
2022-10-23,0.031023483807081247,Crypto,Max-Sharpe (tangency),0.9033800262795983
2022-10-24,-0.014445830084058118,Crypto,Max-Sharpe (tangency),0.8903299519186313
2022-10-25,0.10084666435327964,Crypto,Max-Sharpe (tangency),0.9801167577434412
2022-10-26,0.03877261494302328,Crypto,Max-Sharpe (tangency),1.018118447390632
2022-10-27,-0.033665568703127674,Crypto,Max-Sharpe (tangency),0.983842910852081
2022-10-28,0.032364863664813726,Crypto,Max-Sharpe (tangency),1.015684852529402
2022-10-29,0.03684885050236191,Crypto,Max-Sharpe (tangency),1.0531116718177713
2022-10-30,-0.02687653120882852,Crypto,Max-Sharpe (tangency),1.0248076831037793
2022-10-31,-0.006203245699397626,Crypto,Max-Sharpe (tangency),1.0184505492508562
2022-11-01,-0.0025188848009875735,Crypto,Max-Sharpe (tangency),1.0158851896417906
2022-11-02,-0.03783944199430823,Crypto,Max-Sharpe (tangency),0.9774446609354633
2022-11-03,0.009178035452448606,Crypto,Max-Sharpe (tangency),0.9864156826863357
2022-11-04,0.07609809265434048,Crypto,Max-Sharpe (tangency),1.061480034703095
2022-11-05,-0.0005475452319813464,Crypto,Max-Sharpe (tangency),1.06089882637125
2022-11-06,-0.04264401879808785,Crypto,Max-Sharpe (tangency),1.015657836876605
2022-11-07,-0.00010331987934364168,Crypto,Max-Sharpe (tangency),1.0155528992314444
2022-11-08,-0.12093940808440001,Crypto,Max-Sharpe (tangency),0.8927325327199973
2022-11-09,-0.16024845939655125,Crypto,Max-Sharpe (tangency),0.7496735196984365
2022-11-10,0.17046979104856907,Crypto,Max-Sharpe (tangency),0.8774702079560743
2022-11-11,-0.022065234199750552,Crypto,Max-Sharpe (tangency),0.8581086223142197
2022-11-12,-0.032642635092870145,Crypto,Max-Sharpe (tangency),0.8300976956859711
2022-11-13,-0.027905091354438277,Crypto,Max-Sharpe (tangency),0.8069337436547454
2022-11-14,0.011307814805470816,Crypto,Max-Sharpe (tangency),0.8160584009882785
2022-11-15,0.01105657713987581,Crypto,Max-Sharpe (tangency),0.8250812136494492
2022-11-16,-0.022586487281862962,Crypto,Max-Sharpe (tangency),0.8064455273108518
2022-11-17,-0.01604505912600168,Crypto,Max-Sharpe (tangency),0.7935060611432496
2022-11-18,0.007111374114974877,Crypto,Max-Sharpe (tangency),0.7991489796065394
2022-11-19,0.006233903753985597,Crypto,Max-Sharpe (tangency),0.8041307974305023
2022-11-20,-0.05694517841385596,Crypto,Max-Sharpe (tangency),0.7583394257027462
2022-11-21,-0.02564376975722535,Crypto,Max-Sharpe (tangency),0.7388927440721984
2022-11-22,0.022985412652548394,Crypto,Max-Sharpe (tangency),0.7558764987006718
2022-11-23,0.03524768943904155,Crypto,Max-Sharpe (tangency),0.7825193987811431
2022-11-24,0.007926331843944746,Crypto,Max-Sharpe (tangency),0.7887219072102065
2022-11-25,-0.004274072792626594,Crypto,Max-Sharpe (tangency),0.7853508523656508
2022-11-26,0.0013882939580895487,Crypto,Max-Sharpe (tangency),0.7864411502089705
2022-11-27,-0.006472750631788773,Crypto,Max-Sharpe (tangency),0.7813507127570908
2022-11-28,-0.01963501423208675,Crypto,Max-Sharpe (tangency),0.7660088803918541
2022-11-29,0.02623851832213405,Crypto,Max-Sharpe (tangency),0.7861078184349332
2022-11-30,0.050211718879019804,Crypto,Max-Sharpe (tangency),0.8255796432227877
2022-12-01,-0.014758268593611255,Crypto,Max-Sharpe (tangency),0.813395517102688
2022-12-02,0.014070312990080144,Crypto,Max-Sharpe (tangency),0.8248402466130509
2022-12-03,-0.023380287175545654,Crypto,Max-Sharpe (tangency),0.8055552447732899
2022-12-04,0.02017988900067466,Crypto,Max-Sharpe (tangency),0.8218112601967261
2022-12-05,-0.012714703399263824,Crypto,Max-Sharpe (tangency),0.8113621737731496
2022-12-06,0.004477389074297344,Crypto,Max-Sharpe (tangency),0.8149949579052995
2022-12-07,-0.028542962099419127,Crypto,Max-Sharpe (tangency),0.7917325877105909
2022-12-08,0.02919318600647992,Crypto,Max-Sharpe (tangency),0.8148457844110178
2022-12-09,-0.010991772463092296,Crypto,Max-Sharpe (tangency),0.805889184956262
2022-12-10,0.00210519155993715,Crypto,Max-Sharpe (tangency),0.8075857360666765
2022-12-11,-0.007864921854403148,Crypto,Max-Sharpe (tangency),0.8012341373617815
2022-12-12,0.002892493558847777,Crypto,Max-Sharpe (tangency),0.8035517019432293
2022-12-13,0.029309186801969887,Crypto,Max-Sharpe (tangency),0.8271031488805243
2022-12-14,-0.010239729709938701,Crypto,Max-Sharpe (tangency),0.8186338361937485
2022-12-15,-0.02899319462086105,Crypto,Max-Sharpe (tangency),0.7948990260577611
2022-12-16,-0.09326546717526824,Crypto,Max-Sharpe (tangency),0.7207623970353183
2022-12-17,0.015618358849867408,Crypto,Max-Sharpe (tangency),0.7320195227977065
2022-12-18,-0.0036953219101298063,Crypto,Max-Sharpe (tangency),0.7293144750164694
2022-12-19,-0.0275396401090784,Crypto,Max-Sharpe (tangency),0.7092294168481744
2022-12-20,0.03599877398206756,Crypto,Max-Sharpe (tangency),0.7347608063267254
2022-12-21,-0.008347101097523686,Crypto,Max-Sharpe (tangency),0.7286276835938181
2022-12-22,0.00692810518642582,Crypto,Max-Sharpe (tangency),0.7336756928274979
2022-12-23,0.0035147615682768365,Crypto,Max-Sharpe (tangency),0.7362543879562269
2022-12-24,0.0009184770108478249,Crypto,Max-Sharpe (tangency),0.7369306206857006
2022-12-25,-0.0016577974181327167,Crypto,Max-Sharpe (tangency),0.7357089390053848
2022-12-26,0.011603726980552936,Crypto,Max-Sharpe (tangency),0.7442459046707556
2022-12-27,-0.014231215078601936,Crypto,Max-Sharpe (tangency),0.7336543811300174
2022-12-28,-0.028034919442481786,Crypto,Max-Sharpe (tangency),0.7130864396564135
2022-12-29,0.0013063882947157348,Crypto,Max-Sharpe (tangency),0.7140180074343011
2022-12-30,0.0006013627351762877,Crypto,Max-Sharpe (tangency),0.7144473912562168
2022-12-31,0.00039414361888855066,Crypto,Max-Sharpe (tangency),0.714728986136512
2023-01-01,0.006656932658457936,Crypto,Max-Sharpe (tangency),0.7194868888662708
2023-01-02,0.012348015788597379,Crypto,Max-Sharpe (tangency),0.7283711243296802
2023-01-03,-0.0017036606437286182,Crypto,Max-Sharpe (tangency),0.7271302271111314
2023-01-04,0.03829924315523592,Crypto,Max-Sharpe (tangency),0.7549787644847824
2023-01-05,-0.0030712285282521196,Crypto,Max-Sharpe (tangency),0.7526600521650721
2023-01-06,0.018135719809271318,Crypto,Max-Sharpe (tangency),0.7663100839827695
2023-01-07,-0.004926010105044114,Crypto,Max-Sharpe (tangency),0.7625352327654731
2023-01-08,0.03431503120974641,Crypto,Max-Sharpe (tangency),0.7887016530763515
2023-01-09,0.04085769976747905,Crypto,Max-Sharpe (tangency),0.8209261884238594
2023-01-10,0.012548299093828878,Crypto,Max-Sharpe (tangency),0.8312274157701589
2023-01-11,0.025298001891923914,Crypto,Max-Sharpe (tangency),0.8522558085069315
2023-01-12,0.020786573434018255,Crypto,Max-Sharpe (tangency),0.8699712864550294
2023-01-13,0.034008157004343106,Crypto,Max-Sharpe (tangency),0.8995574065540625
2023-01-14,0.049157183665937826,Crypto,Max-Sharpe (tangency),0.9437771152060953
2023-01-15,-0.0006710528649168748,Crypto,Max-Sharpe (tangency),0.9431437908690933
2023-01-16,0.00920605565877719,Crypto,Max-Sharpe (tangency),0.9518264251020643
2023-01-17,-0.008209632080367044,Crypto,Max-Sharpe (tangency),0.9440122803476053
2023-01-18,-0.040958305714050514,Crypto,Max-Sharpe (tangency),0.9053471367713101
2023-01-19,0.02809702130508657,Crypto,Max-Sharpe (tangency),0.9307846945616728
2023-01-20,0.0689987489217112,Crypto,Max-Sharpe (tangency),0.9950076740019053
2023-01-21,-0.009486447060169236,Crypto,Max-Sharpe (tangency),0.9855685863780241
2023-01-22,0.00698713169788551,Crypto,Max-Sharpe (tangency),0.9924548838883462
2023-01-23,0.00043380503949073067,Crypto,Max-Sharpe (tangency),0.9928854158184443
2023-01-24,-0.043548435622201204,Crypto,Max-Sharpe (tangency),0.9496468092074523
2023-01-25,0.03601852333519322,Crypto,Max-Sharpe (tangency),0.9838516849650827
2023-01-26,0.002470871548862397,Crypto,Max-Sharpe (tangency),0.9862826561017632
2023-01-27,0.00824747305586596,Crypto,Max-Sharpe (tangency),0.9944169957334305
2023-01-28,-0.01574898607768318,Crypto,Max-Sharpe (tangency),0.9787559363122131
2023-01-29,0.04056213052377095,Crypto,Max-Sharpe (tangency),1.0184563623518248
2023-01-30,-0.05012042035273721,Crypto,Max-Sharpe (tangency),0.9674109013598317
2023-01-31,0.023526570202952242,Crypto,Max-Sharpe (tangency),0.9901707618457751
2023-02-01,0.02717037287850429,Crypto,Max-Sharpe (tangency),1.0170740706585175
2023-02-02,0.0011721517869932782,Crypto,Max-Sharpe (tangency),1.0182662358479446
2023-02-03,0.014251884636794325,Crypto,Max-Sharpe (tangency),1.0327784487707923
2023-02-04,-0.0035111392701916546,Crypto,Max-Sharpe (tangency),1.0291522198019056
2023-02-05,-0.019139369981481,Crypto,Max-Sharpe (tangency),1.0094548946998545
2023-02-06,-0.015513892080543684,Crypto,Max-Sharpe (tangency),0.9937943204033044
2023-02-07,0.03814601363972336,Crypto,Max-Sharpe (tangency),1.0317036121044885
2023-02-08,-0.011639668219710582,Crypto,Max-Sharpe (tangency),1.0196949243585152
2023-02-09,-0.06926529366663234,Crypto,Max-Sharpe (tangency),0.9490654559724482
2023-02-10,-0.015617268387973476,Crypto,Max-Sharpe (tangency),0.934243646028772
2023-02-11,0.020801875074563568,Crypto,Max-Sharpe (tangency),0.9536776656426672
2023-02-12,-0.014422098185534703,Crypto,Max-Sharpe (tangency),0.9399236327114171
2023-02-13,-0.006556706972660149,Crypto,Max-Sharpe (tangency),0.9337608288750501
2023-02-14,0.04726327781386472,Crypto,Max-Sharpe (tangency),0.977893426341876
2023-02-15,0.07699866910678525,Crypto,Max-Sharpe (tangency),1.0531899186984746
2023-02-16,-0.041006731762945614,Crypto,Max-Sharpe (tangency),1.0100020422069678
2023-02-17,0.037084330196949095,Crypto,Max-Sharpe (tangency),1.0474572914397637
2023-02-18,0.000903993803884659,Crypto,Max-Sharpe (tangency),1.0484041863410591
2023-02-19,-0.00905709659852287,Crypto,Max-Sharpe (tangency),1.0389086883510725
2023-02-20,0.012007259264167573,Crypto,Max-Sharpe (tangency),1.0513831343239002
2023-02-21,-0.027446675307346312,Crypto,Max-Sharpe (tangency),1.022526162812492
2023-02-22,-0.008562678191043623,Crypto,Max-Sharpe (tangency),1.013770600338406
2023-02-23,-0.0025024013698053188,Crypto,Max-Sharpe (tangency),1.0112337393994508
2023-02-24,-0.03258991214772009,Crypto,Max-Sharpe (tangency),0.9782777206716122
2023-02-25,-0.008386878693604912,Crypto,Max-Sharpe (tangency),0.9700730240996831
2023-02-26,0.02491358226883822,Crypto,Max-Sharpe (tangency),0.9942410181923712
2023-02-27,-0.006314233179165291,Crypto,Max-Sharpe (tangency),0.9879631485672139
2023-02-28,-0.022649120092798222,Crypto,Max-Sharpe (tangency),0.9655866525680561
2023-03-01,0.02953992274883177,Crypto,Max-Sharpe (tangency),0.9941100076922196
2023-03-02,-0.014858311012329213,Crypto,Max-Sharpe (tangency),0.9793392120174595
2023-03-03,-0.03839343669905553,Crypto,Max-Sharpe (tangency),0.9417390139739643
2023-03-04,-0.007167784039765949,Crypto,Max-Sharpe (tangency),0.9349888320999769
2023-03-05,0.00038053439259941617,Crypto,Max-Sharpe (tangency),0.9353446275072872
2023-03-06,-0.004435294586639169,Crypto,Max-Sharpe (tangency),0.9311960985442621
2023-03-07,-0.003957873207340272,Crypto,Max-Sharpe (tangency),0.9275105424550539
2023-03-08,-0.024066612648644556,Crypto,Max-Sharpe (tangency),0.905188505502254
2023-03-09,-0.05479722791977672,Crypto,Max-Sharpe (tangency),0.8555866846558849
2023-03-10,0.00015482809718705796,Crypto,Max-Sharpe (tangency),0.8557191535142488
2023-03-11,0.01713329286112726,Crypto,Max-Sharpe (tangency),0.8703804403782842
2023-03-12,0.0761291689817645,Crypto,Max-Sharpe (tangency),0.9366417800022652
2023-03-13,0.04981887040738982,Crypto,Max-Sharpe (tangency),0.983304215458345
2023-03-14,0.008117645392710454,Crypto,Max-Sharpe (tangency),0.9912863303925933
2023-03-15,-0.03646162931759488,Crypto,Max-Sharpe (tangency),0.9551424156662196
2023-03-16,0.008647747285811313,Crypto,Max-Sharpe (tangency),0.9634022458988604
2023-03-17,0.06849927618648016,Crypto,Max-Sharpe (tangency),1.0293946024193616
2023-03-18,-0.02376648326047039,Crypto,Max-Sharpe (tangency),1.0049295128325433
2023-03-19,0.016740941504867934,Crypto,Max-Sharpe (tangency),1.0217529790233881
2023-03-20,-0.03095627307741043,Crypto,Max-Sharpe (tangency),0.9901233147870825
2023-03-21,0.06198948440145462,Crypto,Max-Sharpe (tangency),1.0515005485645927
2023-03-22,-0.040988698447533035,Crypto,Max-Sharpe (tangency),1.008400909662063
2023-03-23,0.04446370570259683,Crypto,Max-Sharpe (tangency),1.0532381509395077
2023-03-24,-0.03385061672026726,Crypto,Max-Sharpe (tangency),1.0175853899768914
2023-03-25,-0.009386125165111817,Crypto,Max-Sharpe (tangency),1.008034206140379
2023-03-26,0.015595115161700472,Crypto,Max-Sharpe (tangency),1.0237546156720716
2023-03-27,-0.030887986699816024,Crypto,Max-Sharpe (tangency),0.9921328967193174
2023-03-28,0.04128525949772074,Crypto,Max-Sharpe (tangency),1.0330933608165997
2023-03-29,0.01815935047885648,Crypto,Max-Sharpe (tangency),1.0518536652330481
2023-03-30,-0.00369664596455493,Crypto,Max-Sharpe (tangency),1.0479653346261621
2023-03-31,0.029361726849977805,Crypto,Max-Sharpe (tangency),1.078735406529701
2023-04-01,-0.013480286093811049,Crypto,Max-Sharpe (tangency),1.064193744630157
2023-04-02,-0.010215927351404416,Crypto,Max-Sharpe (tangency),1.0533220186471963
2023-04-03,0.010015708326478572,Crypto,Max-Sharpe (tangency),1.0638717847598242
2023-04-04,0.02380925521774732,Crypto,Max-Sharpe (tangency),1.0892017796021314
2023-04-05,0.015623109106165559,Crypto,Max-Sharpe (tangency),1.1062184978434852
2023-04-06,-0.01979040288296265,Crypto,Max-Sharpe (tangency),1.084325988094577
2023-04-07,-0.00219025206695417,Crypto,Max-Sharpe (tangency),1.0819510408579007
2023-04-08,-0.004009329811189808,Crypto,Max-Sharpe (tangency),1.0776131422955413
2023-04-09,0.007060188567476509,Crypto,Max-Sharpe (tangency),1.0852212942829387
2023-04-10,0.02442169211472427,Crypto,Max-Sharpe (tangency),1.1117242346082592
2023-04-11,-0.0033188160599817306,Crypto,Max-Sharpe (tangency),1.1080346263641705
2023-04-12,0.013248236616711585,Crypto,Max-Sharpe (tangency),1.1227141312737525
2023-04-13,0.04643593420282112,Crypto,Max-Sharpe (tangency),1.174848410802158
2023-04-14,0.03868144846135145,Crypto,Max-Sharpe (tangency),1.2202932490545022
2023-04-15,0.007940521252608666,Crypto,Max-Sharpe (tangency),1.2299830135330343
2023-04-16,0.007618705403746962,Crypto,Max-Sharpe (tangency),1.2393538917647553
2023-04-17,-0.02633463978804363,Crypto,Max-Sharpe (tangency),1.2067159534552205
2023-04-18,0.016364361601375027,Crypto,Max-Sharpe (tangency),1.22646308966771
2023-04-19,-0.07270352818075514,Crypto,Max-Sharpe (tangency),1.1372948958653977
2023-04-20,-0.009730426016460719,Crypto,Max-Sharpe (tangency),1.1262285320222811
2023-04-21,-0.04562418065509379,Crypto,Max-Sharpe (tangency),1.0748452780183755
2023-04-22,0.019981922692400754,Crypto,Max-Sharpe (tangency),1.0963227532700306
2023-04-23,-0.00975080004014104,Crypto,Max-Sharpe (tangency),1.0856327293234376
2023-04-24,-0.01115932777200232,Crypto,Max-Sharpe (tangency),1.073517797856904
2023-04-25,0.017480189917735894,Crypto,Max-Sharpe (tangency),1.0922830928435123
2023-04-26,0.004988403054418899,Crypto,Max-Sharpe (tangency),1.097731841160143
2023-04-27,0.021640401377011526,Crypto,Max-Sharpe (tangency),1.1214871988071744
2023-04-28,-0.009008504559739637,Crypto,Max-Sharpe (tangency),1.1113842762630304
2023-04-29,0.004453292305363198,Crypto,Max-Sharpe (tangency),1.1163335953088143
2023-04-30,-0.0154988288141698,Crypto,Max-Sharpe (tangency),1.0990317320156162
2023-05-01,-0.023180612812914933,Crypto,Max-Sharpe (tangency),1.0735555029666548
2023-05-02,0.018122760071288775,Crypto,Max-Sharpe (tangency),1.0930112917701311
2023-05-03,0.01346669580223515,Crypto,Max-Sharpe (tangency),1.1077305423448076
2023-05-04,-0.014212587774899452,Crypto,Max-Sharpe (tangency),1.0919868247807951
2023-05-05,0.047365467772876695,Crypto,Max-Sharpe (tangency),1.143709291538356
2023-05-06,-0.04288396095263046,Crypto,Max-Sharpe (tangency),1.0946625069388645
2023-05-07,-0.012507863683824604,Crypto,Max-Sharpe (tangency),1.0809706175222795
2023-05-08,-0.017874737312937542,Crypto,Max-Sharpe (tangency),1.061648551691065
2023-05-09,-0.0014457695945933279,Crypto,Max-Sharpe (tangency),1.060113652494886
2023-05-10,0.003017590634310958,Crypto,Max-Sharpe (tangency),1.0633126415239598
2023-05-11,-0.0254610241153108,Crypto,Max-Sharpe (tangency),1.0362396127160034
2023-05-12,0.013814305894807193,Crypto,Max-Sharpe (tangency),1.0505545437063788
2023-05-13,-0.008636076273189047,Crypto,Max-Sharpe (tangency),1.0414818745377852
2023-05-14,0.006406179429342451,Crypto,Max-Sharpe (tangency),1.0481537942984822
2023-05-15,0.003927349592468687,Crypto,Max-Sharpe (tangency),1.0522702606753649
2023-05-16,0.002839665591033467,Crypto,Max-Sharpe (tangency),1.0552583563270725
2023-05-17,0.0057526229046403095,Crypto,Max-Sharpe (tangency),1.0613288597179926
2023-05-18,-0.01038596980935358,Crypto,Max-Sharpe (tangency),1.0503059302231659
2023-05-19,0.0009434503942544695,Crypto,Max-Sharpe (tangency),1.0512968417671227
2023-05-20,0.0024573872265217437,Crypto,Max-Sharpe (tangency),1.0538802851973639
2023-05-21,-0.009247877782067714,Crypto,Max-Sharpe (tangency),1.044134129122928
2023-05-22,0.01288856888960987,Crypto,Max-Sharpe (tangency),1.0575915237761218
2023-05-23,0.015431276953844626,Crypto,Max-Sharpe (tangency),1.0739115114835498
2023-05-24,-0.02513083608366027,Crypto,Max-Sharpe (tangency),1.0469232173201009
2023-05-25,-0.0027785101078875124,Crypto,Max-Sharpe (tangency),1.0440143305785947
2023-05-26,0.011201978968421778,Crypto,Max-Sharpe (tangency),1.055709357152467
2023-05-27,0.005076090430647613,Crypto,Max-Sharpe (tangency),1.0610682333178538
2023-05-28,0.041975723951855996,Crypto,Max-Sharpe (tangency),1.1056073405736875
2023-05-29,-0.009874102881668328,Crypto,Max-Sharpe (tangency),1.0946904599461351
2023-05-30,0.0019274976574518263,Crypto,Max-Sharpe (tangency),1.0968004732433163
2023-05-31,-0.012726020163846151,Crypto,Max-Sharpe (tangency),1.082842568305106
2023-06-01,-0.011871762969989869,Crypto,Max-Sharpe (tangency),1.0699873180003727
2023-06-02,0.035278255304953036,Crypto,Max-Sharpe (tangency),1.107734603777852
2023-06-03,-0.007615856388661426,Crypto,Max-Sharpe (tangency),1.099298256118729
2023-06-04,0.00018224733985270974,Crypto,Max-Sharpe (tangency),1.0994986003016114
2023-06-05,-0.04866849687165908,Crypto,Max-Sharpe (tangency),1.0459876561124388
2023-06-06,0.026433791577654277,Crypto,Max-Sharpe (tangency),1.073637075806914
2023-06-07,-0.04321762431123325,Crypto,Max-Sharpe (tangency),1.0272370320180797
2023-06-08,0.006566972797911508,Crypto,Max-Sharpe (tangency),1.0339828696643496
2023-06-09,-0.030839974032260478,Crypto,Max-Sharpe (tangency),1.0020948648140988
2023-06-10,-0.0505095292360091,Crypto,Max-Sharpe (tangency),0.9514795249425164
2023-06-11,-0.001863329686830244,Crypto,Max-Sharpe (tangency),0.9497066048972799
2023-06-12,-0.0009316802612663651,Crypto,Max-Sharpe (tangency),0.9488217819995028
2023-06-13,-0.00018051724345466034,Crypto,Max-Sharpe (tangency),0.9486505033068865
2023-06-14,-0.04528863580120769,Crypto,Max-Sharpe (tangency),0.9056874161599886
2023-06-15,0.004862993743159985,Crypto,Max-Sharpe (tangency),0.9100917683980333
2023-06-16,0.020905192607100987,Crypto,Max-Sharpe (tangency),0.9291174121065312
2023-06-17,0.008895165677844498,Crypto,Max-Sharpe (tangency),0.9373820654213889
2023-06-18,-0.009770393626219884,Crypto,Max-Sharpe (tangency),0.9282234736640629
2023-06-19,0.008301430744175295,Crypto,Max-Sharpe (tangency),0.9359290565458029
2023-06-20,0.02833059839862829,Crypto,Max-Sharpe (tangency),0.9624444867764093
2023-06-21,0.053828818804401574,Crypto,Max-Sharpe (tangency),1.014251736664392
2023-06-22,-0.004394419626348992,Crypto,Max-Sharpe (tangency),1.0097946889267353
2023-06-23,0.013691714804615679,Crypto,Max-Sharpe (tangency),1.0236205098187356
2023-06-24,-0.012245017026659272,Crypto,Max-Sharpe (tangency),1.0110862592471677
2023-06-25,0.011873293488104088,Crypto,Max-Sharpe (tangency),1.0230911831449985
2023-06-26,-0.02337406121145036,Crypto,Max-Sharpe (tangency),0.9991773872052722
2023-06-27,0.016853776184075336,Crypto,Max-Sharpe (tangency),1.0160172992574188
2023-06-28,-0.038405258189158596,Crypto,Max-Sharpe (tangency),0.976996892554786
2023-06-29,0.016934667445174363,Crypto,Max-Sharpe (tangency),0.9935420100251701
2023-06-30,0.04122543380342582,Crypto,Max-Sharpe (tangency),1.0345012103903855
2023-07-01,0.0016188227052403037,Crypto,Max-Sharpe (tangency),1.036175884438364
2023-07-02,0.0027057918662928403,Crypto,Max-Sharpe (tangency),1.0389795607185262
2023-07-03,0.011178257412986595,Crypto,Max-Sharpe (tangency),1.0505935416950696
2023-07-04,-0.00940189460784485,Crypto,Max-Sharpe (tangency),1.0407159719403702
2023-07-05,-0.014433163184637344,Crypto,Max-Sharpe (tangency),1.0256951484884964
2023-07-06,-0.025710487738574758,Crypto,Max-Sharpe (tangency),0.9993240259497673
2023-07-07,0.013885652647641297,Crypto,Max-Sharpe (tangency),1.0132002922565482
2023-07-08,0.003838979927940994,Crypto,Max-Sharpe (tangency),1.017089947841505
2023-07-09,-0.008550820865403775,Crypto,Max-Sharpe (tangency),1.0083929938935094
2023-07-10,0.008819249125248308,Crypto,Max-Sharpe (tangency),1.0172862629228114
2023-07-11,0.0017859755930691888,Crypto,Max-Sharpe (tangency),1.0191031113595561
2023-07-12,-0.004057152317544341,Crypto,Max-Sharpe (tangency),1.014968454809487
2023-07-13,0.09884537920718084,Crypto,Max-Sharpe (tangency),1.1152933966084573
2023-07-14,-0.041634145823736056,Crypto,Max-Sharpe (tangency),1.068859108697811
2023-07-15,-0.0028252962754085256,Crypto,Max-Sharpe (tangency),1.0658392650390707
2023-07-16,-0.011044283253533058,Crypto,Max-Sharpe (tangency),1.0540678342932417
2023-07-17,-0.005563763572844818,Crypto,Max-Sharpe (tangency),1.0482032500734935
2023-07-18,-0.008416166900469469,Crypto,Max-Sharpe (tangency),1.0393813965752605
2023-07-19,0.007337388273920414,Crypto,Max-Sharpe (tangency),1.047007741446623
2023-07-20,-0.0031276592113475814,Crypto,Max-Sharpe (tangency),1.0437330580397353
2023-07-21,-0.0014634530898067438,Crypto,Max-Sharpe (tangency),1.0422056036710134
2023-07-22,-0.007167882948624581,Crypto,Max-Sharpe (tangency),1.034735195895499
2023-07-23,0.01273026134592366,Crypto,Max-Sharpe (tangency),1.0479076453630742
2023-07-24,-0.024132322443935705,Crypto,Max-Sharpe (tangency),1.022619200173707
2023-07-25,0.0027060286041334838,Crypto,Max-Sharpe (tangency),1.0253864369805132
2023-07-26,0.0076515085163185205,Crypto,Max-Sharpe (tangency),1.033232190035587
2023-07-27,-0.0034952022701399566,Crypto,Max-Sharpe (tangency),1.029620834539393
2023-07-28,0.010976263897338764,Crypto,Max-Sharpe (tangency),1.0409222245334955
2023-07-29,0.0009666296100386735,Crypto,Max-Sharpe (tangency),1.0419284107774767
2023-07-30,-0.010236398784861009,Crypto,Max-Sharpe (tangency),1.031262816059482
2023-07-31,-0.010082920702986772,Crypto,Max-Sharpe (tangency),1.0208646748612153
2023-08-01,0.008364821456379372,Crypto,Max-Sharpe (tangency),1.0294040255975543
2023-08-02,-0.02226068740208367,Crypto,Max-Sharpe (tangency),1.0064887843732806
2023-08-03,-0.005583244674093339,Crypto,Max-Sharpe (tangency),1.0008693112283937
2023-08-04,-0.00366931409034994,Crypto,Max-Sharpe (tangency),0.9971968073621045
2023-08-05,0.003644335330743292,Crypto,Max-Sharpe (tangency),1.0008309269188786
2023-08-06,-0.004758206485098015,Crypto,Max-Sharpe (tangency),0.9960687667119266
2023-08-07,-0.0015840048838234814,Crypto,Max-Sharpe (tangency),0.9944909889208309
2023-08-08,0.016214897493763047,Crypto,Max-Sharpe (tangency),1.0106165583646531
2023-08-09,0.0015970222790081911,Crypto,Max-Sharpe (tangency),1.012230535523896
2023-08-10,-0.0040385654639277626,Crypto,Max-Sharpe (tangency),1.008142576241596
2023-08-11,-0.003264767277245988,Crypto,Max-Sharpe (tangency),1.004851225347884
2023-08-12,-0.00011373164464625429,Crypto,Max-Sharpe (tangency),1.0047369419654004
2023-08-13,-0.005554905440681769,Crypto,Max-Sharpe (tangency),0.9991557232600228
2023-08-14,0.0032698182521015617,Crypto,Max-Sharpe (tangency),1.00242278088063
2023-08-15,-0.014656403102785326,Crypto,Max-Sharpe (tangency),0.9877308685246284
2023-08-16,-0.016047063769361474,Crypto,Max-Sharpe (tangency),0.9718806882904469
2023-08-17,-0.06331846865783826,Crypto,Max-Sharpe (tangency),0.91034269138977
2023-08-18,-0.003339448182451443,Crypto,Max-Sharpe (tangency),0.9073026491436005
2023-08-19,0.009026144114722417,Crypto,Max-Sharpe (tangency),0.91549209361044
2023-08-20,0.01159857352306103,Crypto,Max-Sharpe (tangency),0.9261104959679618
2023-08-21,-0.01411098245232809,Crypto,Max-Sharpe (tangency),0.913042167010441
2023-08-22,-0.0163283673906106,Crypto,Max-Sharpe (tangency),0.8981336790643754
2023-08-23,0.029498806208582362,Crypto,Max-Sharpe (tangency),0.9246275504124964
2023-08-24,-0.011253421943891253,Crypto,Max-Sharpe (tangency),0.914222326446758
2023-08-25,-0.004857572352657017,Crypto,Max-Sharpe (tangency),0.9097814253496285
2023-08-26,-0.002429313876351551,Crypto,Max-Sharpe (tangency),0.9075712807085797
2023-08-27,0.00645087918479363,Crypto,Max-Sharpe (tangency),0.9134259133920193
2023-08-28,-0.0010709638263312299,Crypto,Max-Sharpe (tangency),0.9124476672807429
2023-08-29,0.03652341758973056,Crypto,Max-Sharpe (tangency),0.945773374461613
2023-08-30,-0.017426737212830595,Crypto,Max-Sharpe (tangency),0.9292916304019785
2023-08-31,-0.029270280411815786,Crypto,Max-Sharpe (tangency),0.9020910037957591
2023-09-01,-0.008342223984098935,Crypto,Max-Sharpe (tangency),0.8945655585880543
2023-09-02,0.006225929943747126,Crypto,Max-Sharpe (tangency),0.9001350610859125
2023-09-03,-0.0006434929162994405,Crypto,Max-Sharpe (tangency),0.8995558305503909
2023-09-04,-0.0015012886196823668,Crypto,Max-Sharpe (tangency),0.8982053376192167
2023-09-05,0.002577842460968317,Crypto,Max-Sharpe (tangency),0.9005207694772
2023-09-06,0.00263114595394743,Crypto,Max-Sharpe (tangency),0.9028901710562555
2023-09-07,0.006564671313221277,Crypto,Max-Sharpe (tangency),0.9088173482611779
2023-09-08,-0.006641350351247731,Crypto,Max-Sharpe (tangency),0.9027815738460835
2023-09-09,-0.000937085865874359,Crypto,Max-Sharpe (tangency),0.9019355899932605
2023-09-10,-0.012159036949942418,Crypto,Max-Sharpe (tangency),0.8909689218280643
2023-09-11,-0.03318960562067477,Crypto,Max-Sharpe (tangency),0.861398014692313
2023-09-12,0.02743205743453539,Crypto,Max-Sharpe (tangency),0.8850279345053474
2023-09-13,0.00932991940311143,Crypto,Max-Sharpe (tangency),0.8932851738037845
2023-09-14,0.014779852588818351,Crypto,Max-Sharpe (tangency),0.9064877969923814
2023-09-15,0.006225979678781499,Crypto,Max-Sharpe (tangency),0.9121315715955194
2023-09-16,-0.003804361390678303,Crypto,Max-Sharpe (tangency),0.9086614934613226
2023-09-17,-0.007312194939326559,Crypto,Max-Sharpe (tangency),0.9020171834872739
2023-09-18,0.01025537549318807,Crypto,Max-Sharpe (tangency),0.9112677084052437
2023-09-19,0.0060040974755963435,Crypto,Max-Sharpe (tangency),0.9167390485528721
2023-09-20,-0.010741233740065147,Crypto,Max-Sharpe (tangency),0.9068921401537208
2023-09-21,-0.022665660624604362,Crypto,Max-Sharpe (tangency),0.8863368306818754
2023-09-22,0.003945990439788935,Crypto,Max-Sharpe (tangency),0.8898343073421789
2023-09-23,0.0016563853851605669,Crypto,Max-Sharpe (tangency),0.8913082158840749
2023-09-24,-0.007464950002980379,Crypto,Max-Sharpe (tangency),0.8846546446152547
2023-09-25,0.007248770308030781,Crypto,Max-Sharpe (tangency),0.8910673029360033
2023-09-26,0.0018155913404949895,Crypto,Max-Sharpe (tangency),0.8926851170150121
2023-09-27,0.0029187075289487194,Crypto,Max-Sharpe (tangency),0.8952906037870243
2023-09-28,0.028183756102616944,Crypto,Max-Sharpe (tangency),0.9205232558051225
2023-09-29,0.011341619202255088,Crypto,Max-Sharpe (tangency),0.9309634800392842
2023-09-30,0.003271099921480339,Crypto,Max-Sharpe (tangency),0.9340087546057418
2023-10-01,0.034200522709095155,Crypto,Max-Sharpe (tangency),0.9659523422281292
2023-10-02,-0.03530006504000376,Crypto,Max-Sharpe (tangency),0.9318541617219324
2023-10-03,0.006484680872219676,Crypto,Max-Sharpe (tangency),0.9378969385801489
2023-10-04,-0.008923796536317084,Crypto,Max-Sharpe (tangency),0.929527337128225
2023-10-05,-0.01500687139910947,Crypto,Max-Sharpe (tangency),0.915578039917985
2023-10-06,0.013498648881621424,Crypto,Max-Sharpe (tangency),0.927937106402561
2023-10-07,-0.005842703313204665,Crypto,Max-Sharpe (tangency),0.9225154451965372
2023-10-08,-0.0019136337931812634,Crypto,Max-Sharpe (tangency),0.9207500884658775
2023-10-09,-0.028093984845863815,Crypto,Max-Sharpe (tangency),0.8948825494336894
2023-10-10,-0.006112141946569205,Crypto,Max-Sharpe (tangency),0.889412900266043
2023-10-11,-0.0019440458354890344,Crypto,Max-Sharpe (tangency),0.8876838408212506
2023-10-12,-0.014860329760070918,Crypto,Max-Sharpe (tangency),0.8744925662239605
2023-10-13,0.006770671474069256,Crypto,Max-Sharpe (tangency),0.8804134680963787
2023-10-14,0.0007036404567826606,Crypto,Max-Sharpe (tangency),0.8810329626312275
2023-10-15,0.005607944174434098,Crypto,Max-Sharpe (tangency),0.8859737463014997
2023-10-16,0.02530139888404181,Crypto,Max-Sharpe (tangency),0.9083901214574628
2023-10-17,-0.01718757003060745,Crypto,Max-Sharpe (tangency),0.8927771026298006
2023-10-18,-0.0012875215121426978,Crypto,Max-Sharpe (tangency),0.8916276329046162
2023-10-19,0.0056101763579042094,Crypto,Max-Sharpe (tangency),0.8966298211707917
2023-10-20,0.01923514806827575,Crypto,Max-Sharpe (tangency),0.9138766285434435
2023-10-21,0.016156719231566804,Crypto,Max-Sharpe (tangency),0.9286418766431108
2023-10-22,0.012863913087028321,Crypto,Max-Sharpe (tangency),0.9405878450332227
2023-10-23,0.0523596353457083,Crypto,Max-Sharpe (tangency),0.9898366816097678
2023-10-24,0.006469836304617152,Crypto,Max-Sharpe (tangency),0.9962407629080885
2023-10-25,0.004566951558472215,Crypto,Max-Sharpe (tangency),1.0007905462128652
2023-10-26,0.008115191526259224,Crypto,Max-Sharpe (tangency),1.008912153173052
2023-10-27,-0.005317754722241191,Crypto,Max-Sharpe (tangency),1.0035470058061895
2023-10-28,0.00142662339507099,Crypto,Max-Sharpe (tangency),1.0049786894427262
2023-10-29,0.010119144064284935,Crypto,Max-Sharpe (tangency),1.0151482135827334
2023-10-30,0.010819982735539625,Crypto,Max-Sharpe (tangency),1.0261320997277124
2023-10-31,0.00042289397714770274,Crypto,Max-Sharpe (tangency),1.0265660448124452
2023-11-01,0.025699874015651505,Crypto,Max-Sharpe (tangency),1.0529486628328708
2023-11-02,-0.008261507068323893,Crypto,Max-Sharpe (tangency),1.0442497200122949
2023-11-03,0.009461899693817138,Crypto,Max-Sharpe (tangency),1.0541303061183478
2023-11-04,0.00884304565342898,Crypto,Max-Sharpe (tangency),1.0634520285400153
2023-11-05,0.020823296405081057,Crypto,Max-Sharpe (tangency),1.0855966053428887
2023-11-06,0.01211314352160027,Crypto,Max-Sharpe (tangency),1.0987465928299691
2023-11-07,-0.01239093864903393,Crypto,Max-Sharpe (tangency),1.0851320912073779
2023-11-08,0.007919876722506838,Crypto,Max-Sharpe (tangency),1.0937262035973763
2023-11-09,0.07885729380550573,Crypto,Max-Sharpe (tangency),1.1799744921772348
2023-11-10,0.011513455920448773,Crypto,Max-Sharpe (tangency),1.1935600764801715
2023-11-11,-0.004705581665606263,Crypto,Max-Sharpe (tangency),1.1879436820674867
2023-11-12,-0.0019297322703470579,Crypto,Max-Sharpe (tangency),1.185651268808846
2023-11-13,-0.01228650728241667,Crypto,Max-Sharpe (tangency),1.1710837558602196
2023-11-14,-0.03233750599953407,Crypto,Max-Sharpe (tangency),1.1332138278791328
2023-11-15,0.03974598614435754,Crypto,Max-Sharpe (tangency),1.1782545289806112
2023-11-16,-0.03614949008015934,Crypto,Max-Sharpe (tangency),1.1356612285733239
2023-11-17,3.189288149282486e-05,Crypto,Max-Sharpe (tangency),1.1356974480823028
2023-11-18,0.005102456011183663,Crypto,Max-Sharpe (tangency),1.1414922943531562
2023-11-19,0.019578237641771887,Crypto,Max-Sharpe (tangency),1.1638407017582537
2023-11-20,-0.004145401799526646,Crypto,Max-Sharpe (tangency),1.1590161144188227
2023-11-21,-0.04649850373208595,Crypto,Max-Sharpe (tangency),1.1051235992969712
2023-11-22,0.06205474524739658,Crypto,Max-Sharpe (tangency),1.1737017627182307
2023-11-23,0.004142627681849939,Crypto,Max-Sharpe (tangency),1.1785639721307033
2023-11-24,0.010526253449613719,Crypto,Max-Sharpe (tangency),1.1909698352079345
2023-11-25,0.013371668818515876,Crypto,Max-Sharpe (tangency),1.2068950894171775
2023-11-26,-0.011161896587833103,Crypto,Max-Sharpe (tangency),1.1934238512367394
2023-11-27,-0.026591705065908827,Crypto,Max-Sharpe (tangency),1.161688676166031
2023-11-28,0.012135147104599193,Crypto,Max-Sharpe (tangency),1.1757859391410528
2023-11-29,-0.006614502233225543,Crypto,Max-Sharpe (tangency),1.168008700420809
2023-11-30,0.0035309709485751104,Crypto,Max-Sharpe (tangency),1.1721329052096778
2023-12-01,0.01401984994519186,Crypto,Max-Sharpe (tangency),1.1885660326565393
2023-12-02,0.030006937807412107,Crypto,Max-Sharpe (tangency),1.2242312596784666
2023-12-03,0.0058651978735298005,Crypto,Max-Sharpe (tangency),1.2314116182594415
2023-12-04,0.021109864955341028,Crypto,Max-Sharpe (tangency),1.257406551225336
2023-12-05,0.023317278257432947,Crypto,Max-Sharpe (tangency),1.2867258496629763
2023-12-06,-0.005041242567194761,Crypto,Max-Sharpe (tangency),1.2802391525373455
2023-12-07,0.0391598898178093,Crypto,Max-Sharpe (tangency),1.3303731766911537
2023-12-08,0.05084720162462919,Crypto,Max-Sharpe (tangency),1.398018929842367
2023-12-09,0.011879004559286832,Crypto,Max-Sharpe (tangency),1.414626003083934
2023-12-10,0.012046140324218453,Crypto,Max-Sharpe (tangency),1.4316667864233714
2023-12-11,-0.05671346004941591,Crypto,Max-Sharpe (tangency),1.3504720093274738
2023-12-12,0.007152301188290156,Crypto,Max-Sharpe (tangency),1.3601309918845392
2023-12-13,0.060413393893703884,Crypto,Max-Sharpe (tangency),1.4423011212442942
2023-12-14,0.005082211159562139,Crypto,Max-Sharpe (tangency),1.4496312000981308
2023-12-15,-0.049093818347362525,Crypto,Max-Sharpe (tangency),1.3784632692898442
2023-12-16,0.006869409285938514,Crypto,Max-Sharpe (tangency),1.387932497672229
2023-12-17,-0.02187007423112717,Crypto,Max-Sharpe (tangency),1.3575783109203434
2023-12-18,0.013612490330165589,Crypto,Max-Sharpe (tangency),1.3760583325501892
2023-12-19,-0.022282365154267708,Crypto,Max-Sharpe (tangency),1.3453964983107332
2023-12-20,0.01599040931269349,Crypto,Max-Sharpe (tangency),1.3669099390065862
2023-12-21,0.036200629689906234,Crypto,Max-Sharpe (tangency),1.416392939528016
2023-12-22,0.015065927116559448,Crypto,Max-Sharpe (tangency),1.4377322123233542
2023-12-23,-0.006092431056288415,Crypto,Max-Sharpe (tangency),1.428972927942369
2023-12-24,-0.020598190423379015,Crypto,Max-Sharpe (tangency),1.3995386714627587
2023-12-25,0.01653616874174151,Crypto,Max-Sharpe (tangency),1.4226816790946597
2023-12-26,-0.022296702258193017,Crypto,Max-Sharpe (tangency),1.3909605692877
2023-12-27,0.051141956644590925,Crypto,Max-Sharpe (tangency),1.4620970144165473
2023-12-28,-0.014371212475904518,Crypto,Max-Sharpe (tangency),1.4410849075619814
2023-12-29,-0.014916596148606907,Crypto,Max-Sharpe (tangency),1.419588825980027
2023-12-30,-0.0047163935958956646,Crypto,Max-Sharpe (tangency),1.4128934863323697
2023-12-31,-0.0035875844805510863,Crypto,Max-Sharpe (tangency),1.4078246115881319
2021-01-01,0.011175401243000128,Crypto,Risk parity,1.011175401243
2021-01-02,0.02405772214901864,Crypto,Risk parity,1.0355019780900265
2021-01-03,0.11249925741289946,Crypto,Risk parity,1.1519951816747431
2021-01-04,0.039605108476317055,Crypto,Risk parity,1.197620075809166
2021-01-05,0.04720508797488886,Crypto,Risk parity,1.2541538368482308
2021-01-06,0.1814808669886394,Crypto,Risk parity,1.4817587624965762
2021-01-07,0.00046304901704483786,Crypto,Risk parity,1.4824448894350477
2021-01-08,-0.006498601400822917,Crypto,Risk parity,1.4728110709999223
2021-01-09,0.0754415311293291,Crypto,Risk parity,1.5839221932603833
2021-01-10,-0.030138412092329946,Crypto,Risk parity,1.536185293477715
2021-01-11,-0.12528951209242375,Crypto,Risk parity,1.3437173875743351
2021-01-12,-0.01636831549797881,Crypto,Risk parity,1.3217229974343985
2021-01-13,0.0830083045911226,Crypto,Risk parity,1.4314369825905244
2021-01-14,0.020104276573014168,Crypto,Risk parity,1.4602149875853652
2021-01-15,-0.04134150172164508,Crypto,Risk parity,1.3998475071621328
2021-01-16,0.028922318375853635,Crypto,Risk parity,1.440334342441921
2021-01-17,0.007230986509535266,Crypto,Risk parity,1.450749380641339
2021-01-18,0.02131711412912639,Crypto,Risk parity,1.48167517076123
2021-01-19,0.009212378618282804,Crypto,Risk parity,1.495324923423591
2021-01-20,-0.005447819725306757,Crypto,Risk parity,1.4871786628100212
2021-01-21,-0.13586577205280223,Crypto,Risk parity,1.2851219856068836
2021-01-22,0.06535900881290745,Crypto,Risk parity,1.369116284789825
2021-01-23,-0.003995438844285196,Crypto,Risk parity,1.3636460644032324
2021-01-24,0.03005990886110608,Crypto,Risk parity,1.4046371408179994
2021-01-25,-0.02364927595389541,Crypto,Risk parity,1.371418489459704
2021-01-26,-0.0007431595053927996,Crypto,Risk parity,1.3703993067733904
2021-01-27,-0.07572353199120599,Crypto,Risk parity,1.2666278310262091
2021-01-28,0.10001624594727401,Crypto,Risk parity,1.3933111916977887
2021-01-29,0.02615462376066457,Crypto,Risk parity,1.4297527216981674
2021-01-30,0.06675382931642983,Crypto,Risk parity,1.5251941908471078
2021-01-31,-0.017243503972271444,Crypto,Risk parity,1.4988944987587502
2021-02-01,0.01752482304949926,Crypto,Risk parity,1.5251623596193653
2021-02-02,0.04279672960182497,Crypto,Risk parity,1.5904343207228766
2021-02-03,0.047822205512488086,Crypto,Risk parity,1.6664923976626005
2021-02-04,-0.022195376173135557,Crypto,Risk parity,1.6295039720068083
2021-02-05,0.08432519816776755,Crypto,Risk parity,1.7669122173614467
2021-02-06,0.02485649636028454,Crypto,Risk parity,1.810831464461234
2021-02-07,-0.0009235866851743657,Crypto,Risk parity,1.8091590046315629
2021-02-08,0.0839992053203096,Crypto,Risk parity,1.9611269233186965
2021-02-09,0.06206800373683234,Crypto,Risk parity,2.082850156523644
2021-02-10,0.04808451609324279,Crypto,Risk parity,2.1830029983948185
2021-02-11,0.07513663453427694,Crypto,Risk parity,2.347026496872441
2021-02-12,0.0406212443848307,Crypto,Risk parity,2.4423656337795694
2021-02-13,0.08996616839636715,Crypto,Risk parity,2.6620959116736818
2021-02-14,-0.03136178801292029,Crypto,Risk parity,2.57860782402171
2021-02-15,-0.04356037184867739,Crypto,Risk parity,2.4662827083554153
2021-02-16,0.0006343820742757882,Crypto,Risk parity,2.4678472738956923
2021-02-17,0.043000195704592896,Crypto,Risk parity,2.5739651896422533
2021-02-18,0.002472557222731352,Crypto,Risk parity,2.5803294658629623
2021-02-19,0.04910413547297401,Crypto,Risk parity,2.7070343135196038
2021-02-20,-0.0057282967595568696,Crypto,Risk parity,2.69152761763346
2021-02-21,0.02024638309127787,Crypto,Risk parity,2.7460213168808214
2021-02-22,-0.06354405322369448,Crypto,Risk parity,2.571527992167547
2021-02-23,-0.1539651817084786,Crypto,Risk parity,2.1756022175850314
2021-02-24,0.045199169138618586,Crypto,Risk parity,2.273937630196011
2021-02-25,-0.04490117837290378,Crypto,Risk parity,2.1718351510537217
2021-02-26,0.016446554450743483,Crypto,Risk parity,2.2075543561235653
2021-02-27,0.03414953959214195,Crypto,Risk parity,2.282941321009812
2021-02-28,-0.038041990986816404,Crypto,Risk parity,2.1960936878525263
2021-03-01,0.06789345827050634,Crypto,Risk parity,2.3451940830068643
2021-03-02,-0.016384404381819616,Crypto,Risk parity,2.306769474797029
2021-03-03,0.035023216996156695,Crypto,Risk parity,2.3875599626729556
2021-03-04,-0.01504327024658303,Crypto,Risk parity,2.3516432529245446
2021-03-05,-0.009567385617733794,Crypto,Risk parity,2.3291441750884734
2021-03-06,0.010715437858851483,Crypto,Risk parity,2.3541019747609395
2021-03-07,0.0300720614200031,Crypto,Risk parity,2.4248946739349013
2021-03-08,0.019269931844051246,Crypto,Risk parity,2.4716222290306296
2021-03-09,0.041914918376252636,Crypto,Risk parity,2.57522007301738
2021-03-10,-0.025028084896882893,Crypto,Risk parity,2.510767246401744
2021-03-11,0.004962329144625572,Crypto,Risk parity,2.5232264998839344
2021-03-12,-0.016383019563161696,Crypto,Risk parity,2.481888430774048
2021-03-13,0.0783238580698026,Crypto,Risk parity,2.67627950797108
2021-03-14,-0.04757834131056582,Crypto,Risk parity,2.548946568098359
2021-03-15,-0.03897593304332386,Crypto,Risk parity,2.449598997329147
2021-03-16,0.03552932251762547,Crypto,Risk parity,2.5366315901441063
2021-03-17,0.02927647616662017,Crypto,Risk parity,2.6108952244364563
2021-03-18,-0.021757655226667887,Crypto,Risk parity,2.5540882663102145
2021-03-19,0.018952454903283632,Crypto,Risk parity,2.6024945089964646
2021-03-20,0.01786388614811869,Crypto,Risk parity,2.648985174606281
2021-03-21,-0.014655320315737921,Crypto,Risk parity,2.610163448360785
2021-03-22,-0.031069783806308565,Crypto,Risk parity,2.529066234321087
2021-03-23,0.006204048013222787,Crypto,Risk parity,2.5447566826674355
2021-03-24,-0.06597468292996228,Crypto,Risk parity,2.3768671673945487
2021-03-25,-0.0024068725142646153,Crypto,Risk parity,2.3711463511392887
2021-03-26,0.08856632465771283,Crypto,Risk parity,2.581150068685242
2021-03-27,-0.007543251765522197,Crypto,Risk parity,2.5616798038725546
2021-03-28,0.0023992754306682938,Crypto,Risk parity,2.567825979287225
2021-03-29,0.03812675375701177,Crypto,Risk parity,2.665728848090367
2021-03-30,0.014347068188301795,Crypto,Risk parity,2.7039742416454424
2021-03-31,0.07522400301072357,Crypto,Risk parity,2.907378008139898
2021-04-01,0.026327636794456585,Crypto,Risk parity,2.983922400362396
2021-04-02,0.0528406763202179,Crypto,Risk parity,3.1415948780845926
2021-04-03,-0.05159235810155236,Crypto,Risk parity,2.9795125901244495
2021-04-04,0.08194476662281913,Crypto,Risk parity,3.2236680539719487
2021-04-05,0.1064261728120579,Crypto,Risk parity,3.5667507073726776
2021-04-06,0.033883691470409545,Crypto,Risk parity,3.687605387893158
2021-04-07,-0.08142438743868838,Crypto,Risk parity,3.3873443780683505
2021-04-08,0.0694529930249259,Crypto,Risk parity,3.6226055835313535
2021-04-09,-0.027192860432603445,Crypto,Risk parity,3.5240965754960154
2021-04-10,0.11331327611357339,Crypto,Risk parity,3.923423503806094
2021-04-11,0.007949982454615149,Crypto,Risk parity,3.9546146518233773
2021-04-12,0.00626019430434592,Crypto,Risk parity,3.9793713079426047
2021-04-13,0.12042867971221002,Crypto,Risk parity,4.458601740642783
2021-04-14,0.023855443115881187,Crypto,Risk parity,4.564963660843056
2021-04-15,0.05309842760075921,Crypto,Risk parity,4.807356053288427
2021-04-16,0.045201561131854515,Crypto,Risk parity,5.024656051813736
2021-04-17,-0.02976744438698021,Crypto,Risk parity,4.875084882227667
2021-04-18,-0.07318975256355972,Crypto,Risk parity,4.518278625971074
2021-04-19,-0.06628453812689242,Crypto,Risk parity,4.2187866141199715
2021-04-20,0.031198061354462785,Crypto,Risk parity,4.350404577748672
2021-04-21,-0.04304285193930314,Crypto,Risk parity,4.16315075763257
2021-04-22,-0.04689063625362591,Crypto,Risk parity,3.967937969787414
2021-04-23,-0.01692883683028712,Crypto,Risk parity,3.900765395344182
2021-04-24,-0.07259819123500644,Crypto,Risk parity,3.6175768832100896
2021-04-25,-0.009404030175310057,Crypto,Risk parity,3.5835570810388777
2021-04-26,0.15685778624731886,Crypto,Risk parity,4.14566591166154
2021-04-27,0.0400981601967937,Crypto,Risk parity,4.311899487509732
2021-04-28,0.002165022034122218,Crypto,Risk parity,4.321234844909111
2021-04-29,-0.008087130158285955,Crypto,Risk parity,4.286288456273811
2021-04-30,0.07969526733751035,Crypto,Risk parity,4.627885360682237
2021-05-01,0.03823477428092701,Crypto,Risk parity,4.8048315128459285
2021-05-02,-0.014556633898588417,Crypto,Risk parity,4.73488933956903
2021-05-03,0.058470890805565695,Crypto,Risk parity,5.0117425371194075
2021-05-04,-0.010055232980696847,Crypto,Risk parity,4.961348298269403
2021-05-05,0.23093057362598662,Crypto,Risk parity,6.107075306747069
2021-05-06,0.12591864595851054,Crypto,Risk parity,6.876069960139316
2021-05-07,-0.04963758671421449,Crypto,Risk parity,6.534758441239895
2021-05-08,0.022252280694578734,Crypto,Risk parity,6.680171720345633
2021-05-09,0.004296612437773538,Crypto,Risk parity,6.708873829245732
2021-05-10,-0.06878579722488522,Crypto,Risk parity,6.247398594419896
2021-05-11,0.11862029980225938,Crypto,Risk parity,6.988466888674198
2021-05-12,-0.1923600231308603,Crypto,Risk parity,5.644165236319578
2021-05-13,0.05771046473461198,Crypto,Risk parity,5.969892635146523
2021-05-14,0.06699378655324104,Crypto,Risk parity,6.369838348091295
2021-05-15,-0.04960774917436741,Crypto,Risk parity,6.053845005037916
2021-05-16,0.0028710040287521716,Crypto,Risk parity,6.07122561843682
2021-05-17,-0.069207192246373,Crypto,Risk parity,5.651053139890558
2021-05-18,0.011852504639931354,Crypto,Risk parity,5.71803227345161
2021-05-19,-0.3044307395983421,Crypto,Risk parity,3.9772874793975466
2021-05-20,0.15767416843719634,Crypto,Risk parity,4.604402975347227
2021-05-21,-0.1389730307612838,Crypto,Risk parity,3.964515139016951
2021-05-22,-0.061971850708689255,Crypto,Risk parity,3.718826798689454
2021-05-23,-0.10947170785167051,Crypto,Risk parity,3.3117204778323592
2021-05-24,0.2602978090192196,Crypto,Risk parity,4.173754062296205
2021-05-25,0.012344716447941752,Crypto,Risk parity,4.225277872718697
2021-05-26,0.06604844737539457,Crypto,Risk parity,4.504350915941377
2021-05-27,-0.040606536330623326,Crypto,Risk parity,4.321444826827327
2021-05-28,-0.08532819837321547,Crypto,Risk parity,3.9527037253848993
2021-05-29,-0.05582647691300649,Crypto,Risk parity,3.7320382021157448
2021-05-30,0.04536907498799443,Crypto,Risk parity,3.9013573231655942
2021-05-31,0.08660784964951145,Crypto,Risk parity,4.239245491639341
2021-06-01,-0.018954695999096504,Crypto,Risk parity,4.158891882079777
2021-06-02,0.01657761433850733,Crypto,Risk parity,4.227836387776444
2021-06-03,0.035560071296504334,Crypto,Risk parity,4.378178551155729
2021-06-04,-0.06903935255796084,Crypto,Risk parity,4.075911938600786
2021-06-05,-0.031395041747119136,Crypto,Risk parity,3.947948513130833
2021-06-06,0.01773280121460942,Crypto,Risk parity,4.017956699319695
2021-06-07,-0.07976626685105717,Crypto,Risk parity,3.697459293045768
2021-06-08,-0.001235442314594866,Crypto,Risk parity,3.6928912953786472
2021-06-09,0.0596395498983785,Crypto,Risk parity,3.91313367005867
2021-06-10,-0.044228610200477435,Crypto,Risk parity,3.7400612063032814
2021-06-11,-0.03109764609611708,Crypto,Risk parity,3.623754106531845
2021-06-12,-0.009551478020566596,Crypto,Risk parity,3.589141898831368
2021-06-13,0.06364352970203488,Crypto,Risk parity,3.81756755787446
2021-06-14,0.013658407304854375,Crypto,Risk parity,3.869709450493708
2021-06-15,0.012059614335382336,Crypto,Risk parity,3.9163766540566467
2021-06-16,-0.06809633369610424,Crypto,Risk parity,3.649685762542373
2021-06-17,0.008977103794258708,Crypto,Risk parity,3.6824493704491443
2021-06-18,-0.057807411481263574,Crypto,Risk parity,3.4695765044326707
2021-06-19,-0.018856671735446633,Crypto,Risk parity,3.404151839227566
2021-06-20,0.010590306541242843,Crypto,Risk parity,3.4402028507179216
2021-06-21,-0.18164856083210168,Crypto,Risk parity,2.815294953914518
2021-06-22,-0.02684819633077776,Crypto,Risk parity,2.739709362262773
2021-06-23,0.07796354579952394,Crypto,Risk parity,2.9533068186049314
2021-06-24,0.05840217221166791,Crypto,Risk parity,3.1257863520189897
2021-06-25,-0.08048962147459315,Crypto,Risk parity,2.8741929917345317
2021-06-26,0.01226909297434071,Crypto,Risk parity,2.9094567327763214
2021-06-27,0.056096230691352535,Crypto,Risk parity,3.072666288844651
2021-06-28,0.016073819277426554,Crypto,Risk parity,3.122055771471381
2021-06-29,0.06730383267735748,Crypto,Risk parity,3.332182090723869
2021-06-30,0.007820123306306435,Crypto,Risk parity,3.3582401655523957
2021-07-01,-0.05221717493651462,Crypto,Risk parity,3.1828823513489164
2021-07-02,0.007491640825811928,Crypto,Risk parity,3.206727362716038
2021-07-03,0.022436743011742102,Crypto,Risk parity,3.278675880462019
2021-07-04,0.02224281025648571,Crypto,Risk parity,3.351602845963652
2021-07-05,-0.04716486850329686,Crypto,Risk parity,3.193524938458501
2021-07-06,0.018330799949043075,Crypto,Risk parity,3.2520648052376644
2021-07-07,-0.01302763705043767,Crypto,Risk parity,3.209698085290526
2021-07-08,-0.049311901824611454,Crypto,Risk parity,3.0514217684220366
2021-07-09,0.030356467478632434,Crypto,Risk parity,3.1440521540987314
2021-07-10,-0.015474418776767807,Crypto,Risk parity,3.095399774410209
2021-07-11,0.011671687041500078,Crypto,Risk parity,3.131528311845455
2021-07-12,-0.022439742889472182,Crypto,Risk parity,3.0612576216765404
2021-07-13,-0.03147339682788687,Crypto,Risk parity,2.9649094457571215
2021-07-14,0.005277321940538208,Crypto,Risk parity,2.9805562274269244
2021-07-15,-0.03366264848272835,Crypto,Risk parity,2.8802228108600447
2021-07-16,-0.02361842377526492,Crypto,Risk parity,2.8121964879459673
2021-07-17,-0.0015840337599049847,Crypto,Risk parity,2.8077418737695745
2021-07-18,0.0031134988964215318,Crypto,Risk parity,2.8164837749949925
2021-07-19,-0.04744375443748629,Crypto,Risk parity,2.6828592103969657
2021-07-20,-0.03922326842722212,Crypto,Risk parity,2.57762870343512
2021-07-21,0.08425644496938359,Crypto,Risk parity,2.7948105344376053
2021-07-22,0.03218546607156759,Crypto,Risk parity,2.8847628140702066
2021-07-23,0.030795618966549212,Crypto,Risk parity,2.973600870501183
2021-07-24,0.02038655256008837,Crypto,Risk parity,3.0342223409403797
2021-07-25,0.0013644322114799614,Crypto,Risk parity,3.0383623316391506
2021-07-26,0.026454490890983177,Crypto,Risk parity,3.1187406602650047
2021-07-27,0.029160698774441662,Crypto,Risk parity,3.209685317214596
2021-07-28,0.02421889677677414,Crypto,Risk parity,3.287420354598144
2021-07-29,0.01729778338408926,Crypto,Risk parity,3.344285439784429
2021-07-30,0.031218609217957223,Crypto,Risk parity,3.4486893800423633
2021-07-31,0.0036224826051130853,Crypto,Risk parity,3.4611821973320045
2021-08-01,-0.02293547248198617,Crypto,Risk parity,3.381798348289956
2021-08-02,0.008658723974995945,Crypto,Risk parity,3.411080406726896
2021-08-03,-0.016221997982799843,Crypto,Risk parity,3.3557458672498037
2021-08-04,0.03708137924743805,Crypto,Risk parity,3.4801815524113167
2021-08-05,0.017720661002535096,Crypto,Risk parity,3.541852669928874
2021-08-06,0.02385889261700617,Crypto,Risk parity,3.626357352445964
2021-08-07,0.06846021491434633,Crypto,Risk parity,3.8746185561506343
2021-08-08,-0.043039360178407704,Crypto,Risk parity,3.707857452558525
2021-08-09,0.05359875792211166,Crypto,Risk parity,3.9065940065679077
2021-08-10,0.01672714620232363,Crypto,Risk parity,3.9719401756688897
2021-08-11,0.05920770051190105,Crypto,Risk parity,4.207109620041082
2021-08-12,-0.021406851423845658,Crypto,Risk parity,4.11704864948103
2021-08-13,0.10049768604087274,Crypto,Risk parity,4.530802512071574
2021-08-14,0.04254520462917057,Crypto,Risk parity,4.723566432082019
2021-08-15,0.0160311567339728,Crypto,Risk parity,4.7992906658980585
2021-08-16,-0.04412747499377722,Crypto,Risk parity,4.587510087050774
2021-08-17,-0.06367479074794961,Crypto,Risk parity,4.295401342203708
2021-08-18,0.015048205167567014,Crypto,Risk parity,4.360039422878232
2021-08-19,0.06443101964795048,Crypto,Risk parity,4.640961208599538
2021-08-20,0.037351060471191896,Crypto,Risk parity,4.814306031346396
2021-08-21,-0.022949039844095014,Crypto,Risk parity,4.70382233041136
2021-08-22,0.022300397742463604,Crypto,Risk parity,4.8087194392894155
2021-08-23,0.023294114473874125,Crypto,Risk parity,4.920734300380967
2021-08-24,-0.06621388901158844,Crypto,Risk parity,4.594913345560025
2021-08-25,0.02122045909243685,Crypto,Risk parity,4.692419516242773
2021-08-26,-0.061007961048289976,Crypto,Risk parity,4.406144569173598
2021-08-27,0.0771180084423799,Crypto,Risk parity,4.745937663257474
2021-08-28,-0.012479835790295185,Crypto,Risk parity,4.686709140549044
2021-08-29,-0.00022603981524299804,Crypto,Risk parity,4.6856497576808165
2021-08-30,-0.034200080896329414,Crypto,Risk parity,4.525400156916266
2021-08-31,0.032534467997991146,Crypto,Risk parity,4.672631643499562
2021-09-01,0.05533216279591275,Crypto,Risk parity,4.9311784582830125
2021-09-02,0.011861387182934799,Crypto,Risk parity,4.989669075244854
2021-09-03,0.044493722940221546,Crypto,Risk parity,5.21167802864219
2021-09-04,-0.009679060262762593,Crypto,Risk parity,5.161233882932847
2021-09-05,0.05484832455891338,Crypto,Risk parity,5.4443189140684085
2021-09-06,0.0048644731465255706,Crypto,Risk parity,5.470802657227015
2021-09-07,-0.16479305524657764,Crypto,Risk parity,4.56925237269148
2021-09-08,0.000993978094612426,Crypto,Risk parity,4.573794109458691
2021-09-09,0.002318230739092194,Crypto,Risk parity,4.584397219557517
2021-09-10,-0.04143027410183397,Crypto,Risk parity,4.394464386159564
2021-09-11,0.028575456245631764,Crypto,Risk parity,4.520038210949253
2021-09-12,0.040640832666112604,Crypto,Risk parity,4.703736327524877
2021-09-13,-0.04272332286194111,Crypto,Risk parity,4.50277708174659
2021-09-14,0.04304636615396363,Crypto,Risk parity,4.69660527271713
2021-09-15,0.03282095643545917,Crypto,Risk parity,4.850752349767526
2021-09-16,-0.022231068941233563,Crypto,Risk parity,4.7429149398629935
2021-09-17,-0.03081397271972445,Crypto,Risk parity,4.5967668882940815
2021-09-18,0.014773867927338934,Crypto,Risk parity,4.664678915194504
2021-09-19,-0.0345591892509925,Crypto,Risk parity,4.503471393769182
2021-09-20,-0.112907063189542,Crypto,Risk parity,3.99499766454059
2021-09-21,-0.05251317295171053,Crypto,Risk parity,3.7852076612408903
2021-09-22,0.10626956712358016,Crypto,Risk parity,4.18746004087382
2021-09-23,0.01712527728640669,Crypto,Risk parity,4.259171455199532
2021-09-24,-0.06157056000073392,Crypto,Risk parity,3.996931883563756
2021-09-25,-0.0046090465018052106,Crypto,Risk parity,3.978509838647863
2021-09-26,-0.004985450406804381,Crypto,Risk parity,3.958675175154301
2021-09-27,-0.030327342072562116,Crypto,Risk parity,3.8386190789632364
2021-09-28,-0.03317606373023098,Crypto,Risk parity,3.7112688077634717
2021-09-29,0.024484067991727736,Crypto,Risk parity,3.8021357655883308
2021-09-30,0.041480002822194995,Crypto,Risk parity,3.9598483678753027
2021-10-01,0.08644479039010303,Crypto,Risk parity,4.302156630012875
2021-10-02,0.011727093704299058,Crypto,Risk parity,4.352608423943607
2021-10-03,0.014959343234781227,Crypto,Risk parity,4.41772058732398
2021-10-04,-0.012856718014584946,Crypto,Risk parity,4.360923199465528
2021-10-05,0.03957311310239232,Crypto,Risk parity,4.533498506468825
2021-10-06,0.029231903948092976,Crypto,Risk parity,4.666021299358745
2021-10-07,-0.008002408061654098,Crypto,Risk parity,4.628681892896907
2021-10-08,-0.008858705067594263,Crypto,Risk parity,4.58767776515602
2021-10-09,0.03658887679125836,Crypto,Risk parity,4.755535741663309
2021-10-10,-0.036959805561481346,Crypto,Risk parity,4.579772065310758
2021-10-11,0.01901537638581082,Crypto,Risk parity,4.6668581548938635
2021-10-12,-0.024611517095111612,Crypto,Risk parity,4.551999695634232
2021-10-13,0.031684283286002354,Crypto,Risk parity,4.696226543508503
2021-10-14,0.008206034441995698,Crypto,Risk parity,4.734763940271948
2021-10-15,0.02503542165410888,Crypto,Risk parity,4.853300751949327
2021-10-16,0.0019931206122981346,Crypto,Risk parity,4.862973965715718
2021-10-17,-0.01297054389966101,Crypto,Risk parity,4.799898548410494
2021-10-18,-0.004543570824756265,Crypto,Risk parity,4.778089869404146
2021-10-19,0.015423159135120332,Crypto,Risk parity,4.851783109821873
2021-10-20,0.04973045342632482,Crypto,Risk parity,5.093064483799498
2021-10-21,-0.036889722468228095,Crypto,Risk parity,4.905182748479345
2021-10-22,-0.01140662595370267,Crypto,Risk parity,4.849231163632886
2021-10-23,0.019683602469481098,Crypto,Risk parity,4.9446815021404555
2021-10-24,-0.014592206172948081,Crypto,Risk parity,4.872527690201659
2021-10-25,0.020611720032004267,Crypto,Risk parity,4.972958866800284
2021-10-26,-0.015745438293094292,Crypto,Risk parity,4.894657449828984
2021-10-27,-0.08552368103546269,Crypto,Risk parity,4.476048327311959
2021-10-28,0.056009580770687704,Crypto,Risk parity,4.726749917634041
2021-10-29,0.029440293124702317,Crypto,Risk parity,4.86590682073635
2021-10-30,-0.010682619626137707,Crypto,Risk parity,4.813926189034194
2021-10-31,0.011533694140426749,Crypto,Risk parity,4.869448541313105
2021-11-01,-0.003938488999738654,Crypto,Risk parity,4.850270271798349
2021-11-02,0.03387542496682691,Crypto,Risk parity,5.014575238459486
2021-11-03,0.015273067550626882,Crypto,Risk parity,5.091163184814179
2021-11-04,-0.025098906388683954,Crypto,Risk parity,4.963380556629014
2021-11-05,-0.010008479721909776,Crypto,Risk parity,4.913704662975872
2021-11-06,-0.003251787780091281,Crypto,Risk parity,4.897726338197829
2021-11-07,0.02403887605578605,Crypto,Risk parity,5.015462174596927
2021-11-08,0.06101653685794836,Crypto,Risk parity,5.321488307232865
2021-11-09,0.052890564080735614,Crypto,Risk parity,5.60294482555145
2021-11-10,-0.04937919864714703,Crypto,Risk parity,5.326275900001541
2021-11-11,0.010797464458516452,Crypto,Risk parity,5.38378617472806
2021-11-12,-0.021088281284653072,Crypto,Risk parity,5.270251377498968
2021-11-13,0.01200514725503124,Crypto,Risk parity,5.333521521356875
2021-11-14,0.014298726185721089,Crypto,Risk parity,5.409784085196407
2021-11-15,-0.016087741115874247,Crypto,Risk parity,5.322752879340991
2021-11-16,-0.08549053447438798,Crypto,Risk parity,4.867707890811042
2021-11-17,0.00496715324845456,Crypto,Risk parity,4.891886541873412
2021-11-18,-0.06798217211308119,Crypto,Risk parity,4.559325469026108
2021-11-19,0.04885762299367148,Crypto,Risk parity,4.78208327389723
2021-11-20,0.017405106952190746,Crypto,Risk parity,4.865315944733694
2021-11-21,-0.018752030640338445,Crypto,Risk parity,4.77408139106312
2021-11-22,-0.037912862421035524,Crypto,Risk parity,4.593082300096919
2021-11-23,0.023107514163766395,Crypto,Risk parity,4.6992170144017535
2021-11-24,-0.02491152203735617,Crypto,Risk parity,4.582152366189165
2021-11-25,0.009802499839456465,Crypto,Risk parity,4.6270689140230985
2021-11-26,-0.0675271859602988,Crypto,Risk parity,4.314615971014743
2021-11-27,0.011981696284965076,Crypto,Risk parity,4.366312389165701
2021-11-28,0.02356348842272312,Crypto,Risk parity,4.4691979405978
2021-11-29,0.018354373659204816,Crypto,Risk parity,4.551227269556481
2021-11-30,0.003263834800390819,Crypto,Risk parity,4.5660817235033475
2021-12-01,-0.0042390839383291004,Crypto,Risk parity,4.546725719808147
2021-12-02,0.002383804791073199,Crypto,Risk parity,4.557564226362721
2021-12-03,-0.05543802226742127,Crypto,Risk parity,4.3049018792964215
2021-12-04,-0.09682376927695174,Crypto,Risk parity,3.8880850529755087
2021-12-05,-0.02242557883958,Crypto,Risk parity,3.800892495085014
2021-12-06,0.038353132757550756,Crypto,Risk parity,3.946668629546188
2021-12-07,-0.005055294411920854,Crypto,Risk parity,3.9267170576775396
2021-12-08,0.03299649566320546,Crypto,Risk parity,4.056284960041832
2021-12-09,-0.06847415753242747,Crypto,Risk parity,3.778534264691511
2021-12-10,-0.03604474543531523,Crypto,Risk parity,3.6423379590020897
2021-12-11,0.06011614955138248,Crypto,Risk parity,3.8613012924621364
2021-12-12,0.0016387536958901979,Crypto,Risk parity,3.8676290142261043
2021-12-13,-0.079559174255416,Crypto,Risk parity,3.559923643527987
2021-12-14,0.009951810856096917,Crypto,Risk parity,3.595351330290525
2021-12-15,0.04883901468242202,Crypto,Risk parity,3.7709447466990498
2021-12-16,-0.031972298065659654,Crypto,Risk parity,3.6503789772684545
2021-12-17,-0.02596424567614769,Crypto,Risk parity,3.5555996406916113
2021-12-18,0.019639365981284247,Crypto,Risk parity,3.625429363318077
2021-12-19,-0.002444821050098309,Crypto,Risk parity,3.616565837294992
2021-12-20,0.002758458363609922,Crypto,Risk parity,3.6265419835764248
2021-12-21,0.034060982967846175,Crypto,Risk parity,3.7500655683112005
2021-12-22,0.0047188391845542025,Crypto,Risk parity,3.7677615246595955
2021-12-23,0.05240194976326241,Crypto,Risk parity,3.9651995747947604
2021-12-24,-0.025625213643552983,Crypto,Risk parity,3.8635904885513193
2021-12-25,0.011093497890151821,Crypto,Risk parity,3.906451221484474
2021-12-26,-0.0012117368482852792,Crypto,Risk parity,3.9017176305933723
2021-12-27,0.006489223363492864,Crypto,Risk parity,3.9270367477995705
2021-12-28,-0.06587120514416062,Crypto,Risk parity,3.668358104576608
2021-12-29,-0.029205381735312477,Crypto,Risk parity,3.5612223057906207
2021-12-30,0.017260317527249335,Crypto,Risk parity,3.6226901335736903
2021-12-31,-0.016020067862502877,Crypto,Risk parity,3.5646543917890203
2022-01-01,0.029060508170594773,Crypto,Risk parity,3.6682450598669516
2022-01-02,0.01387668472806391,Crypto,Risk parity,3.7191481400680027
2022-01-03,-0.02053153365835509,Crypto,Risk parity,3.6427883248497874
2022-01-04,-0.011541112748068455,Crypto,Risk parity,3.6007464940753486
2022-01-05,-0.06140892322530614,Crypto,Risk parity,3.3796285290668853
2022-01-06,-0.0017990328875710521,Crypto,Risk parity,3.3735484661953206
2022-01-07,-0.04080235272015886,Crypto,Risk parity,3.235899751759068
2022-01-08,-0.01950293369572105,Crypto,Risk parity,3.172790213454511
2022-01-09,0.009052647026970603,Crypto,Risk parity,3.201512363347541
2022-01-10,-0.028508036094815455,Crypto,Risk parity,3.1102435333352316
2022-01-11,0.03376214147500947,Crypto,Risk parity,3.2152520155294293
2022-01-12,0.052932376736779474,Crypto,Risk parity,3.385442946519123
2022-01-13,-0.03470337278496197,Crypto,Risk parity,3.26795665790385
2022-01-14,0.02498148009457736,Crypto,Risk parity,3.3495950521032163
2022-01-15,0.008396795375538293,Crypto,Risk parity,3.377720916346643
2022-01-16,0.006918540360987239,Crypto,Risk parity,3.4010898148345383
2022-01-17,0.0023451792910314778,Crypto,Risk parity,3.409065980235226
2022-01-18,-0.01827539789678479,Crypto,Risk parity,3.3467639429900347
2022-01-19,-0.029415591631521,Crypto,Risk parity,3.248316901555941
2022-01-20,-0.04172654246333274,Crypto,Risk parity,3.1127758684288054
2022-01-21,-0.11510456009954738,Crypto,Risk parity,2.754481171404821
2022-01-22,-0.05746486713916437,Crypto,Risk parity,2.5961952768527135
2022-01-23,0.03863220083863779,Crypto,Risk parity,2.69649201420441
2022-01-24,-0.02668622199355676,Crypto,Risk parity,2.6245328297094983
2022-01-25,0.0006466365836210308,Crypto,Risk parity,2.626229948652103
2022-01-26,0.004980312334293543,Crypto,Risk parity,2.639309394058066
2022-01-27,-0.008085173868893094,Crypto,Risk parity,2.6179701187133038
2022-01-28,0.024465095617055396,Crypto,Risk parity,2.6820190079902186
2022-01-29,0.01483072558592733,Crypto,Risk parity,2.7217952959139624
2022-01-30,-0.01644742818033848,Crypto,Risk parity,2.6770287632628342
2022-01-31,0.014877350331447738,Crypto,Risk parity,2.7168558580212574
2022-02-01,0.02260731592829278,Crypto,Risk parity,2.7782766767351768
2022-02-02,-0.039864561241881716,Crypto,Risk parity,2.6675218960085756
2022-02-03,0.014859843316321765,Crypto,Risk parity,2.707160853426121
2022-02-04,0.08907231488785562,Crypto,Risk parity,2.9482939374145682
2022-02-05,0.008494078787234474,Crypto,Risk parity,2.9733369784068935
2022-02-06,0.02438119881236693,Crypto,Risk parity,3.0458304984135944
2022-02-07,0.06739426052485195,Crypto,Risk parity,3.2511019925382194
2022-02-08,-0.0014855426972810617,Crypto,Risk parity,3.2462723417150885
2022-02-09,0.01905251220913331,Crypto,Risk parity,3.3081219851397874
2022-02-10,-0.02619580847644558,Crypto,Risk parity,3.221463055200347
2022-02-11,-0.0584042562772376,Crypto,Risk parity,3.033315901336773
2022-02-12,0.0047111786439470015,Crypto,Risk parity,3.047606394431496
2022-02-13,-0.0009103778248184848,Crypto,Risk parity,3.0448319211512302
2022-02-14,-0.004323078956046894,Crypto,Risk parity,3.0316688723482015
2022-02-15,0.05512617483040905,Crypto,Risk parity,3.1987931806331775
2022-02-16,-0.015892292450039966,Crypto,Risk parity,3.1479570239193615
2022-02-17,-0.07799650091740525,Crypto,Risk parity,2.9024273910152827
2022-02-18,-0.007769628572531227,Crypto,Risk parity,2.879876608228353
2022-02-19,0.006169616376321221,Crypto,Risk parity,2.897644342112263
2022-02-20,-0.043286958913742554,Crypto,Risk parity,2.772214130528611
2022-02-21,-0.06103749983317076,Crypto,Risk parity,2.603005110998957
2022-02-22,0.03859765564130545,Crypto,Risk parity,2.703475005905853
2022-02-23,-0.021306116300800523,Crypto,Risk parity,2.645874453013716
2022-02-24,0.0036421603997628432,Crypto,Risk parity,2.6555111521692267
2022-02-25,0.041520053996165734,Crypto,Risk parity,2.765768118594713
2022-02-26,0.0021714675277756256,Crypto,Risk parity,2.7717738942535983
2022-02-27,-0.041347008481417105,Crypto,Risk parity,2.657169335539324
2022-02-28,0.10306335919209929,Crypto,Risk parity,2.9310261332022454
2022-03-01,0.004758212521533316,Crypto,Risk parity,2.9449725784501894
2022-03-02,-0.018089270051827096,Crypto,Risk parity,2.891700174183378
2022-03-03,-0.020774157153247985,Crypto,Risk parity,2.831627540324818
2022-03-04,-0.0698927499740356,Crypto,Risk parity,2.633717304629302
2022-03-05,0.024506655581600024,Crypto,Risk parity,2.6982609075131525
2022-03-06,-0.03603340510756353,Crypto,Risk parity,2.601033379146829
2022-03-07,-0.017084545870147464,Crypto,Risk parity,2.5565959050710103
2022-03-08,0.019186762231896713,Crypto,Risk parity,2.605648702824648
2022-03-09,0.061413274363572565,Crypto,Risk parity,2.765670121506305
2022-03-10,-0.04568735520269714,Crypto,Risk parity,2.63931396829156
2022-03-11,0.006214390471139069,Crypto,Risk parity,2.6557156958664554
2022-03-12,-0.0004169740401788445,Crypto,Risk parity,2.6546083313631836
2022-03-13,-0.026493335836335584,Crypto,Risk parity,2.5842789013264444
2022-03-14,0.02675306924657714,Crypto,Risk parity,2.653416293726099
2022-03-15,0.0023669656445786972,Crypto,Risk parity,2.6596968389341136
2022-03-16,0.0412066103542743,Crypto,Risk parity,2.7692939302365667
2022-03-17,-0.002020770099365238,Crypto,Risk parity,2.763697823865991
2022-03-18,0.022732638335341053,Crypto,Risk parity,2.8265239669641056
2022-03-19,0.04385257687210571,Crypto,Risk parity,2.950474326506248
2022-03-20,-0.0015702039163676572,Crypto,Risk parity,2.945841480163626
2022-03-21,0.021447083761720415,Crypto,Risk parity,3.009021189137446
2022-03-22,0.06254875833684363,Crypto,Risk parity,3.1972317283272456
2022-03-23,0.011273447193787233,Crypto,Risk parity,3.2332755513828437
2022-03-24,0.026118427055743933,Crypto,Risk parity,3.317723623022757
2022-03-25,-0.010628701674579664,Crypto,Risk parity,3.2824605283949424
2022-03-26,0.008783666492148992,Crypto,Risk parity,3.311292566950007
2022-03-27,0.04188398488079106,Crypto,Risk parity,3.4499826947600165
2022-03-28,0.003482770053859112,Crypto,Risk parity,3.4619981911756588
2022-03-29,0.014630790254805558,Crypto,Risk parity,3.512649960573266
2022-03-30,0.008557024913315421,Crypto,Risk parity,3.5427077937976477
2022-03-31,-0.03132242656734285,Crypto,Risk parity,3.4317415890768674
2022-04-01,0.014088439509582194,Crypto,Risk parity,3.4800894728670944
2022-04-02,-0.009899823314681139,Crypto,Risk parity,3.4456372019664285
2022-04-03,0.018752599243598688,Crypto,Risk parity,3.5102518555537396
2022-04-04,-0.006317237476162441,Crypto,Risk parity,3.488076760981067
2022-04-05,-0.027936002672302607,Crypto,Risk parity,3.3906338392651034
2022-04-06,-0.08838060622556607,Crypto,Risk parity,3.090967565061935
2022-04-07,0.03268353506508272,Crypto,Risk parity,3.19199131185967
2022-04-08,-0.04022760935642914,Crypto,Risk parity,3.0635851322970633
2022-04-09,0.01805707581528055,Crypto,Risk parity,3.1189045212975173
2022-04-10,-0.016651125114504662,Crypto,Risk parity,3.066971251893198
2022-04-11,-0.07908363855753733,Crypto,Risk parity,2.8244240059421184
2022-04-12,0.027054207355621713,Crypto,Risk parity,2.9008365586590723
2022-04-13,0.035452720720750404,Crypto,Risk parity,3.0036791070297553
2022-04-14,-0.024201659363106087,Crypto,Risk parity,2.930985088445343
2022-04-15,0.029799171162696515,Crypto,Risk parity,3.0183260147712367
2022-04-16,0.01246654762299764,Crypto,Risk parity,3.055954119776115
2022-04-17,-0.03697219605195853,Crypto,Risk parity,2.9429687849339623
2022-04-18,0.022779204159758315,Crypto,Risk parity,3.010007271721769
2022-04-19,0.020539203242118123,Crypto,Risk parity,3.071830422835916
2022-04-20,-0.011436564424854752,Crypto,Risk parity,3.036699236302924
2022-04-21,-0.019852575959611433,Crypto,Risk parity,2.976412934047726
2022-04-22,-0.014071763944865562,Crypto,Risk parity,2.9345295538373617
2022-04-23,-0.011610014175353163,Crypto,Risk parity,2.9004596241193172
2022-04-24,-0.012804274114443764,Crypto,Risk parity,2.863321344034217
2022-04-25,0.011188961744666038,Crypto,Risk parity,2.895358937015302
2022-04-26,-0.06692042629528026,Crypto,Risk parity,2.7016002826723886
2022-04-27,0.024756890680156116,Crypto,Risk parity,2.7684835055319876
2022-04-28,0.0096752885915653,Crypto,Risk parity,2.7952693824089985
2022-04-29,-0.03494580061525461,Crypto,Risk parity,2.6975864559054075
2022-04-30,-0.04829314244797918,Crypto,Risk parity,2.567311528924628
2022-05-01,0.04652931166010414,Crypto,Risk parity,2.686766767182541
2022-05-02,-0.0032009972365447813,Crypto,Risk parity,2.6781664341855493
2022-05-03,-0.01029860439043052,Crypto,Risk parity,2.6505850575881422
2022-05-04,0.09725652321594934,Crypto,Risk parity,2.9083717447773116
2022-05-05,-0.08929806676634922,Crypto,Risk parity,2.648659770530824
2022-05-06,0.012369867658433465,Crypto,Risk parity,2.6814233413645066
2022-05-07,-0.025768055179083336,Crypto,Risk parity,2.612328276745744
2022-05-08,-0.01720678121180551,Crypto,Risk parity,2.567378515634367
2022-05-09,-0.13888011474168496,Crypto,Risk parity,2.2108206927977294
2022-05-10,0.03589777459980985,Crypto,Risk parity,2.2901842357083777
2022-05-11,-0.13404715506475354,Crypto,Risk parity,1.9831915543375227
2022-05-12,-0.048805192813717695,Crypto,Risk parity,1.8864015081415435
2022-05-13,0.06437717742468002,Crypto,Risk parity,2.0078427127253553
2022-05-14,0.01860056909975609,Crypto,Risk parity,2.045189729844845
2022-05-15,0.03901015223824705,Crypto,Risk parity,2.1249728925621922
2022-05-16,-0.0579010400711127,Crypto,Risk parity,2.0019347519599204
2022-05-17,0.042321091177519476,Crypto,Risk parity,2.0866588151290615
2022-05-18,-0.07473561072872414,Crypto,Risk parity,1.930711094197915
2022-05-19,0.04745121823530845,Crypto,Risk parity,2.0223256876780313
2022-05-20,-0.03206302744910828,Crypto,Risk parity,1.9574838036429738
2022-05-21,0.01721997145226206,Crypto,Risk parity,1.9911916188599712
2022-05-22,0.03585568720680461,Crypto,Risk parity,2.062587162714625
2022-05-23,-0.03235796193486701,Crypto,Risk parity,1.9958460458161598
2022-05-24,0.033676343408045185,Crypto,Risk parity,2.063058842644654
2022-05-25,-0.00437070401253606,Crypto,Risk parity,2.054041823083009
2022-05-26,-0.04667820096995219,Crypto,Risk parity,1.9581628460644533
2022-05-27,-0.026796132335442126,Crypto,Risk parity,1.9056916553069643
2022-05-28,0.015866272802618077,Crypto,Risk parity,1.9359278789877372
2022-05-29,0.024262995393189386,Crypto,Risk parity,1.9828992881971637
2022-05-30,0.07829524402856275,Crypto,Risk parity,2.1381508718506237
2022-05-31,0.010408856144709454,Crypto,Risk parity,2.1604065766914022
2022-06-01,-0.06982892359512251,Crypto,Risk parity,2.009547710913218
2022-06-02,0.023403470805833076,Crypto,Risk parity,2.0565781020985043
2022-06-03,-0.026498327925317172,Crypto,Risk parity,2.0020822211450717
2022-06-04,0.0067186754078123676,Crypto,Risk parity,2.0155335617286974
2022-06-05,-0.003343029349840385,Crypto,Risk parity,2.0087955738762497
2022-06-06,0.029869008580067705,Crypto,Risk parity,2.0687963061079615
2022-06-07,-0.011320192724812899,Crypto,Risk parity,2.0453771332144384
2022-06-08,-0.014172442179441889,Crypto,Risk parity,2.016389144058804
2022-06-09,-0.005989165118722238,Crypto,Risk parity,2.004312656531437
2022-06-10,-0.05173149295293994,Crypto,Risk parity,1.9006265704645924
2022-06-11,-0.05649448579282716,Crypto,Risk parity,1.7932516496820108
2022-06-12,-0.0565508803701346,Crypto,Risk parity,1.691841690167297
2022-06-13,-0.12966995700647846,Crypto,Risk parity,1.4724606509415359
2022-06-14,0.007642794127421327,Crypto,Risk parity,1.483714364557411
2022-06-15,0.06391623036323624,Crypto,Risk parity,1.5785477936757053
2022-06-16,-0.10520862982684659,Crypto,Risk parity,1.4124709431868925
2022-06-17,0.03292228347065917,Crypto,Risk parity,1.4589727119725606
2022-06-18,-0.04275107312718447,Crypto,Risk parity,1.396600062872455
2022-06-19,0.0774822284550476,Crypto,Risk parity,1.5048117480042724
2022-06-20,0.0005606589044983962,Crypto,Risk parity,1.505655434110385
2022-06-21,0.006768919576382457,Crypto,Risk parity,1.5158470946536213
2022-06-22,-0.03485428299755035,Crypto,Risk parity,1.4630133310355495
2022-06-23,0.04722873356803181,Crypto,Risk parity,1.532109597853506
2022-06-24,0.03817981532969267,Crypto,Risk parity,1.5906052593644024
2022-06-25,0.007890391398896553,Crypto,Risk parity,1.603155757421931
2022-06-26,-0.02215291208056723,Crypto,Risk parity,1.5676411888763078
2022-06-27,-0.006530797215628405,Crypto,Risk parity,1.55740324216489
2022-06-28,-0.040916523974034946,Crypto,Risk parity,1.4936797150696104
2022-06-29,-0.015023651612252803,Crypto,Risk parity,1.4712391914101155
2022-06-30,-0.006676465412075026,Crypto,Risk parity,1.4614165138357766
2022-07-01,-0.02260986779379039,Crypto,Risk parity,1.4283740796662878
2022-07-02,0.009147491067360097,Crypto,Risk parity,1.4414401188008839
2022-07-03,0.006193771388630705,Crypto,Risk parity,1.450368069367137
2022-07-04,0.035288527217046034,Crypto,Risk parity,1.5015494224577337
2022-07-05,-0.01760669964829419,Crypto,Risk parity,1.4751120927694508
2022-07-06,0.017302704604086113,Crypto,Risk parity,1.5006355215685558
2022-07-07,0.03872920588270642,Crypto,Risk parity,1.5587539436382871
2022-07-08,-0.008801819160119361,Crypto,Risk parity,1.54503407331126
2022-07-09,0.012358747297481048,Crypto,Risk parity,1.5641287589893118
2022-07-10,-0.039368482598331894,Crypto,Risk parity,1.5025513831594906
2022-07-11,-0.055139730676324376,Crypto,Risk parity,1.4197011045647376
2022-07-12,-0.024446478294746214,Crypto,Risk parity,1.3849944123269686
2022-07-13,0.04452778837790666,Crypto,Risk parity,1.4466651504236472
2022-07-14,0.023648504288144558,Crypto,Risk parity,1.4808766174369499
2022-07-15,0.013632993988011934,Crypto,Risk parity,1.5010653994594554
2022-07-16,0.05036493603032256,Crypto,Risk parity,1.5766664622805615
2022-07-17,-0.0017326029121711769,Crypto,Risk parity,1.5739347253764917
2022-07-18,0.11175656817522472,Crypto,Risk parity,1.7498322688163834
2022-07-19,0.016528998402795897,Crypto,Risk parity,1.77875524359281
2022-07-20,-0.03541480317749176,Crypto,Risk parity,1.7157609767400392
2022-07-21,0.026341923746921014,Crypto,Risk parity,1.7609574215572683
2022-07-22,-0.011191877840687084,Crypto,Risk parity,1.741249001212548
2022-07-23,0.007001457494890463,Crypto,Risk parity,1.7534402820825583
2022-07-24,0.018941902636856675,Crypto,Risk parity,1.7866537771853086
2022-07-25,-0.07377668108793074,Crypto,Risk parity,1.6548403912513612
2022-07-26,0.005935816159555159,Crypto,Risk parity,1.6646632195872355
2022-07-27,0.11749953314197528,Crypto,Risk parity,1.860260370727353
2022-07-28,0.08717334892506812,Crypto,Risk parity,2.022425497116245
2022-07-29,-0.0055059542905532,Crypto,Risk parity,2.011290114773074
2022-07-30,-0.009551732655040921,Crypto,Risk parity,1.992078809305035
2022-07-31,-0.020526321505368286,Crypto,Risk parity,1.9511887592012087
2022-08-01,-0.011420152272168783,Crypto,Risk parity,1.9289058864593869
2022-08-02,-0.018562438658091415,Crypto,Risk parity,1.893100689264753
2022-08-03,-0.005868073103962935,Crypto,Risk parity,1.8819918360269847
2022-08-04,0.0011484419351382518,Crypto,Risk parity,1.8841531943730658
2022-08-05,0.04397799890954297,Crypto,Risk parity,1.9670144815006165
2022-08-06,-0.009736960608065046,Crypto,Risk parity,1.9478617389787516
2022-08-07,0.006639380662996612,Crypto,Risk parity,1.960794334542718
2022-08-08,0.023499883095621864,Crypto,Risk parity,2.0068727721790296
2022-08-09,-0.04246530929938193,Crypto,Risk parity,1.921650299183939
2022-08-10,0.048597971884278834,Crypto,Risk parity,2.015038606395096
2022-08-11,0.01171622285536176,Crypto,Risk parity,2.0386472477697786
2022-08-12,0.014935603120931134,Crypto,Risk parity,2.0690956739660464
2022-08-13,0.007471412082233005,Crypto,Risk parity,2.0845547403838123
2022-08-14,-0.012265383208240532,Crypto,Risk parity,2.0589868776744504
2022-08-15,-0.016511466997527428,Crypto,Risk parity,2.0249899837953866
2022-08-16,0.00013669910944180685,Crypto,Risk parity,2.0252667981228
2022-08-17,-0.00823060814517696,Crypto,Risk parity,2.0085976207180143
2022-08-18,-0.01614458553998532,Crypto,Risk parity,1.9761696446149213
2022-08-19,-0.10767480079705803,Crypto,Risk parity,1.7633859717898166
2022-08-20,0.01391681560382218,Crypto,Risk parity,1.787926689197582
2022-08-21,0.030878344947013428,Crypto,Risk parity,1.8431349062465965
2022-08-22,0.021831434467487698,Crypto,Risk parity,1.883373185167058
2022-08-23,0.012087511522411422,Crypto,Risk parity,1.9061384802437658
2022-08-24,-0.008227333919248115,Crypto,Risk parity,1.8904560424704722
2022-08-25,0.010061615993615375,Crypto,Risk parity,1.9094770852226197
2022-08-26,-0.07854557875662095,Crypto,Risk parity,1.7594961024413034
2022-08-27,0.0016192441214419864,Crypto,Risk parity,1.7623451561618815
2022-08-28,-0.033539257074371304,Crypto,Risk parity,1.703237408915595
2022-08-29,0.04822137406427783,Crypto,Risk parity,1.7853698571311853
2022-08-30,-0.026579637546138537,Crypto,Risk parity,1.7379153734428372
2022-08-31,0.0032672604762789288,Crypto,Risk parity,1.7435935956536044
2022-09-01,0.022828329330993123,Crypto,Risk parity,1.7833969244745955
2022-09-02,0.004590566251220531,Crypto,Risk parity,1.791583726208619
2022-09-03,0.0014690021688691414,Crypto,Risk parity,1.7942155665881303
2022-09-04,0.009781611060328394,Crypto,Risk parity,1.811765885418882
2022-09-05,0.02632710909639476,Crypto,Risk parity,1.8594644435414314
2022-09-06,-0.07048020350890213,Crypto,Risk parity,1.7284090111430637
2022-09-07,0.05495429141726822,Crypto,Risk parity,1.823392503629652
2022-09-08,0.0049270488964490025,Crypto,Risk parity,1.832376447652454
2022-09-09,0.0600041119809111,Crypto,Risk parity,1.942326569208576
2022-09-10,0.01848474165766931,Crypto,Risk parity,1.9782299740552236
2022-09-11,-0.010733231308121588,Crypto,Risk parity,1.9569971741630297
2022-09-12,-0.006261257803241152,Crypto,Risk parity,1.9447439103353805
2022-09-13,-0.07192946137960578,Crypto,Risk parity,1.8048595283436883
2022-09-14,0.020354464304233138,Crypto,Risk parity,1.8415964771875148
2022-09-15,-0.04813448242049293,Crypto,Risk parity,1.7529521839306907
2022-09-16,0.011816440889531703,Crypto,Risk parity,1.773665839794283
2022-09-17,0.0305751003413803,Crypto,Risk parity,1.8278958508180718
2022-09-18,-0.07515628157753196,Crypto,Risk parity,1.6905179955595864
2022-09-19,0.021533670026109387,Crypto,Risk parity,1.7269210522491663
2022-09-20,4.084968000878965e-05,Crypto,Risk parity,1.7269915964215512
2022-09-21,-0.0374381378464092,Crypto,Risk parity,1.6623362469751308
2022-09-22,0.07108180453685228,Crypto,Risk parity,1.7804981071571415
2022-09-23,0.011981698337873544,Crypto,Risk parity,1.8018314983682533
2022-09-24,-0.02225672288519861,Crypto,Risk parity,1.7617286340232488
2022-09-25,-0.01160959073063796,Crypto,Risk parity,1.741275685603793
2022-09-26,2.9836547001120713e-06,Crypto,Risk parity,1.7412808809691767
2022-09-27,-0.015901681913879948,Crypto,Risk parity,1.7135915862772841
2022-09-28,5.0798698258518616e-05,Crypto,Risk parity,1.7136786344992139
2022-09-29,0.02714791738308436,Crypto,Risk parity,1.7602014404897555
2022-09-30,-0.0048013025076722666,Crypto,Risk parity,1.7517501808995235
2022-10-01,-1.5417324836329484e-05,Crypto,Risk parity,1.7517231735979524
2022-10-02,-0.024211689885943584,Crypto,Risk parity,1.7093109953527779
2022-10-03,0.022036438732650453,Crypto,Risk parity,1.746978122376915
2022-10-04,0.025101014781805032,Crypto,Risk parity,1.7908290460501877
2022-10-05,-0.004389953816958471,Crypto,Risk parity,1.7829673892439595
2022-10-06,-0.006033628830477687,Crypto,Risk parity,1.7722096258004156
2022-10-07,-0.0046411286953763516,Crypto,Risk parity,1.763984572851891
2022-10-08,-0.0030993837071395963,Crypto,Risk parity,1.7585173078071483
2022-10-09,0.010183943604203227,Crypto,Risk parity,1.7764259488968717
2022-10-10,-0.04046572535729449,Crypto,Risk parity,1.7045415843312395
2022-10-11,-0.018229269691163924,Crypto,Risk parity,1.6734690360906614
2022-10-12,0.002230870187381824,Crypto,Risk parity,1.6772023282727828
2022-10-13,-0.014783134969468254,Crypto,Risk parity,1.65240801988282
2022-10-14,0.0030773516190305498,Crypto,Risk parity,1.6574930603781055
2022-10-15,-0.008737341408591438,Crypto,Risk parity,1.643010977627211
2022-10-16,0.011320637357167634,Crypto,Risk parity,1.6616109090787743
2022-10-17,0.011847120940070491,Crypto,Risk parity,1.6812962144739712
2022-10-18,-0.01520356466598075,Crypto,Risk parity,1.6557345187545476
2022-10-19,-0.0222766151566477,Crypto,Risk parity,1.6188503580786753
2022-10-20,-0.00235496529458494,Crypto,Risk parity,1.6150380216682736
2022-10-21,0.011880744616634017,Crypto,Risk parity,1.6342258759498682
2022-10-22,0.009325746558126069,Crypto,Risk parity,1.6494662522877082
2022-10-23,0.0190559715262994,Crypto,Risk parity,1.6808984342248945
2022-10-24,-0.01902722207062226,Crypto,Risk parity,1.6489156064387362
2022-10-25,0.051161223356505275,Crypto,Risk parity,1.7332761460757757
2022-10-26,0.02482122321722257,Crypto,Risk parity,1.7762981801946096
2022-10-27,-0.021490481293835878,Crypto,Risk parity,1.7381246773808625
2022-10-28,0.019383642977726843,Crypto,Risk parity,1.7718158655779896
2022-10-29,0.016919058142406213,Crypto,Risk parity,1.8017933212253412
2022-10-30,-0.021829935030706796,Crypto,Risk parity,1.7624602900842306
2022-10-31,0.00015004226195137766,Crypto,Risk parity,1.7627247336127543
2022-11-01,-0.004576510180691839,Crypto,Risk parity,1.7546576059236183
2022-11-02,-0.014081674939192393,Crypto,Risk parity,1.7299490878874202
2022-11-03,0.014637261107496517,Crypto,Risk parity,1.7552708043895038
2022-11-04,0.0675040145591812,Crypto,Risk parity,1.8737586303243186
2022-11-05,0.000641369405772735,Crypto,Risk parity,1.8749604017836112
2022-11-06,-0.03721626478869299,Crypto,Risk parity,1.8051813790025182
2022-11-07,-0.001258325784734262,Crypto,Risk parity,1.802909872727197
2022-11-08,-0.11604840026839959,Crypto,Risk parity,1.593685066169102
2022-11-09,-0.1436351183581232,Crypto,Risk parity,1.3647759230643295
2022-11-10,0.1531130453854593,Crypto,Risk parity,1.57374092091346
2022-11-11,-0.017695683827022517,Crypto,Risk parity,1.5458924991513283
2022-11-12,-0.030029642657054358,Crypto,Risk parity,1.4994698998155933
2022-11-13,-0.03499289483622789,Crypto,Risk parity,1.4469991073012571
2022-11-14,0.020491544918093692,Crypto,Risk parity,1.4766503545049625
2022-11-15,0.015021585973723994,Crypto,Risk parity,1.4988319847582887
2022-11-16,-0.017568346531246726,Crypto,Risk parity,1.4724999850579388
2022-11-17,0.007358414271397599,Crypto,Risk parity,1.4833352499626218
2022-11-18,0.0024748644232321275,Crypto,Risk parity,1.4870063036004806
2022-11-19,0.008371058019964695,Crypto,Risk parity,1.4994541196439735
2022-11-20,-0.03935365755727701,Crypto,Risk parity,1.4404451156966562
2022-11-21,-0.013873356150661473,Crypto,Risk parity,1.4204613075911159
2022-11-22,0.0419525970478544,Crypto,Risk parity,1.4800533484505545
2022-11-23,0.048896785279095724,Crypto,Risk parity,1.552423199231348
2022-11-24,0.009410128685702386,Crypto,Risk parity,1.5670317013107848
2022-11-25,-0.01062549562710485,Crypto,Risk parity,1.5503812128209724
2022-11-26,-0.0018526497623924526,Crypto,Risk parity,1.547508899435422
2022-11-27,-0.0027035456702409243,Crypto,Risk parity,1.543325138450694
2022-11-28,-0.016922098166517543,Crypto,Risk parity,1.5172088389549772
2022-11-29,0.016745149448534537,Crypto,Risk parity,1.5426147277079156
2022-11-30,0.035017322389465096,Crypto,Risk parity,1.5966329649508009
2022-12-01,-0.019362193055048424,Crypto,Risk parity,1.5657186492453692
2022-12-02,0.008600791179473048,Crypto,Risk parity,1.579185068393335
2022-12-03,-0.018762149415576638,Crypto,Risk parity,1.5495561621852918
2022-12-04,0.011039319545328247,Crypto,Risk parity,1.5666622078130876
2022-12-05,-0.002231559674287225,Crypto,Risk parity,1.563166107606902
2022-12-06,0.006165918317975385,Crypto,Risk parity,1.5728044621438337
2022-12-07,-0.01926922573432533,Crypto,Risk parity,1.54249773792683
2022-12-08,0.021861885686205576,Crypto,Risk parity,1.5762196471446173
2022-12-09,-0.005541705512826487,Crypto,Risk parity,1.5674847020366105
2022-12-10,-0.00028436063913819115,Crypto,Risk parity,1.5670389710849
2022-12-11,-0.011674273291218526,Crypto,Risk parity,1.548744929878465
2022-12-12,-0.0019826823672253534,Crypto,Risk parity,1.5456742606146654
2022-12-13,0.02334468462257036,Crypto,Risk parity,1.5817575387579395
2022-12-14,-0.009536862031777053,Crypto,Risk parity,1.5666725353430817
2022-12-15,-0.02311605672484101,Crypto,Risk parity,1.5304572441468407
2022-12-16,-0.07695069955234936,Crypto,Risk parity,1.4126874885747807
2022-12-17,0.014408796164295433,Crypto,Risk parity,1.433042614641505
2022-12-18,-0.006571995659655867,Crypto,Risk parity,1.4236246647979791
2022-12-19,-0.028701044640490957,Crypto,Risk parity,1.3827651497423084
2022-12-20,0.035249470349753766,Crypto,Risk parity,1.4315068888888225
2022-12-21,-0.004274866043392824,Crypto,Risk parity,1.4253873886986288
2022-12-22,0.006106918327748648,Crypto,Risk parity,1.4340921130668143
2022-12-23,-0.0018519648383073118,Crypto,Risk parity,1.4314362248985206
2022-12-24,-0.00035017239573357557,Crypto,Risk parity,1.430934975446308
2022-12-25,0.0005489983894031198,Crypto,Risk parity,1.4317205564431688
2022-12-26,0.014536179216052785,Crypto,Risk parity,1.4525323030389334
2022-12-27,-0.011542307018054518,Crypto,Risk parity,1.4357667292436163
2022-12-28,-0.0246435753019497,Crypto,Risk parity,1.400384303735467
2022-12-29,-0.0008112472029220708,Crypto,Risk parity,1.3992482458860458
2022-12-30,0.0005845838550390277,Crypto,Risk parity,1.4000662238197825
2022-12-31,0.0009860337722006763,Crypto,Risk parity,1.4014467363997865
2023-01-01,0.007525081383452202,Crypto,Risk parity,1.4119927371457683
2023-01-02,0.018180990258435385,Crypto,Risk parity,1.437664163344797
2023-01-03,-0.002457898656352004,Crypto,Risk parity,1.4341305305294265
2023-01-04,0.033506544402959804,Crypto,Risk parity,1.482183288830251
2023-01-05,-0.014349635240686965,Crypto,Risk parity,1.460914499275695
2023-01-06,0.02313772807283811,Crypto,Risk parity,1.4947167416976026
2023-01-07,-0.0033583125406375564,Crypto,Risk parity,1.4896970157192586
2023-01-08,0.021886716433538615,Crypto,Risk parity,1.5223015918741947
2023-01-09,0.026807696834706605,Crypto,Risk parity,1.5631109914401493
2023-01-10,0.006413371019612918,Crypto,Risk parity,1.57313580217309
2023-01-11,0.02859986211700026,Crypto,Risk parity,1.618127269206557
2023-01-12,0.026547167476366994,Crypto,Risk parity,1.66108396482026
2023-01-13,0.03497734179390727,Crypto,Risk parity,1.7191842664061567
2023-01-14,0.035213239739377636,Crypto,Risk parity,1.7797223141352827
2023-01-15,-0.002715704050019657,Crypto,Risk parity,1.7748891150388753
2023-01-16,-0.003326532436673907,Crypto,Risk parity,1.768984888826199
2023-01-17,-0.004753594910252765,Crypto,Risk parity,1.7605758512623608
2023-01-18,-0.04180561513649361,Crypto,Risk parity,1.686973894805882
2023-01-19,0.023576124378164046,Crypto,Risk parity,1.7267462011725412
2023-01-20,0.06533351156156286,Crypto,Risk parity,1.839560594070732
2023-01-21,-0.008691137032608003,Crypto,Risk parity,1.8235727208678774
2023-01-22,0.008709777247502298,Crypto,Risk parity,1.8394556330612581
2023-01-23,0.019199933216889904,Crypto,Risk parity,1.8747730583714663
2023-01-24,-0.04000015745831411,Crypto,Risk parity,1.7997818408380026
2023-01-25,0.030071308271631327,Crypto,Risk parity,1.8539036353955263
2023-01-26,-0.0014883640782607011,Crypto,Risk parity,1.8511443518200466
2023-01-27,0.010198480388880108,Crypto,Risk parity,1.8700232111890696
2023-01-28,-0.00865749662390504,Crypto,Risk parity,1.8538334915515762
2023-01-29,0.03233757856943356,Crypto,Risk parity,1.9137819777392726
2023-01-30,-0.0466350888171271,Crypto,Risk parity,1.8245325852307845
2023-01-31,0.019783390262919177,Crypto,Risk parity,1.860628025411818
2023-02-01,0.025904878146137393,Crypto,Risk parity,1.908827367685399
2023-02-02,-0.004261352528607657,Crypto,Risk parity,1.9006931813554373
2023-02-03,0.012679018388852516,Crypto,Risk parity,1.9247921051534096
2023-02-04,0.00011730996121782193,Crypto,Risk parity,1.9250179024406173
2023-02-05,-0.020749871726397716,Crypto,Risk parity,1.8850740278939553
2023-02-06,-0.016762879061176524,Crypto,Risk parity,1.853474759943004
2023-02-07,0.03787447605551485,Crypto,Risk parity,1.9236741453579662
2023-02-08,-0.014190950446020836,Crypto,Risk parity,1.8963753808869
2023-02-09,-0.05785843006052773,Crypto,Risk parity,1.7866540785433487
2023-02-10,-0.001173030758808204,Crypto,Risk parity,1.7845582783538672
2023-02-11,0.011028860237285158,Crypto,Risk parity,1.8042399221911223
2023-02-12,-0.013426606215319856,Crypto,Risk parity,1.7800151032379028
2023-02-13,-0.0022554684172511365,Crypto,Risk parity,1.7760003353903198
2023-02-14,0.029280144847998218,Crypto,Risk parity,1.8280018824606419
2023-02-15,0.06712044688251974,Crypto,Risk parity,1.9506981857134875
2023-02-16,-0.04305484714179017,Crypto,Risk parity,1.866711173507826
2023-02-17,0.04725664090335247,Crypto,Risk parity,1.954925673104561
2023-02-18,0.007024603327575501,Crypto,Risk parity,1.9686582504930144
2023-02-19,-0.01046379607814601,Crypto,Risk parity,1.9480586120122958
2023-02-20,0.024111278962672855,Crypto,Risk parity,1.9950287966421618
2023-02-21,-0.019648394237698964,Crypto,Risk parity,1.9558296843301746
2023-02-22,-0.00752095426529909,Crypto,Risk parity,1.941119978723613
2023-02-23,-0.011068710155752224,Crypto,Risk parity,1.9196342843015817
2023-02-24,-0.03435876016615827,Crypto,Risk parity,1.8536780303205287
2023-02-25,-0.002316948153155475,Crypto,Risk parity,1.8493831544316326
2023-02-26,0.018099231042946674,Crypto,Risk parity,1.8828555674306242
2023-02-27,-0.004443995392287796,Crypto,Risk parity,1.874488165964619
2023-02-28,-0.012586964136235309,Crypto,Risk parity,1.850894050645825
2023-03-01,0.025664804908380898,Crypto,Risk parity,1.898396885361733
2023-03-02,-0.010110133825277985,Crypto,Risk parity,1.879203838797235
2023-03-03,-0.024478881354316792,Crypto,Risk parity,1.8332030309867409
2023-03-04,-0.018055392387901353,Crypto,Risk parity,1.8001038309355852
2023-03-05,-0.001485953078788315,Crypto,Risk parity,1.7974289611058678
2023-03-06,-0.0037013446455554447,Crypto,Risk parity,1.7907760570449123
2023-03-07,-0.00877346660963232,Crypto,Risk parity,1.7750647431030997
2023-03-08,-0.02603911755363915,Crypto,Risk parity,1.7288436235921176
2023-03-09,-0.06133912643079001,Crypto,Risk parity,1.6227978659855355
2023-03-10,-0.005010441565371688,Crypto,Risk parity,1.614666932105605
2023-03-11,0.0037637154162817816,Crypto,Risk parity,1.6207440789301313
2023-03-12,0.06723963181697186,Crypto,Risk parity,1.7297223140669307
2023-03-13,0.04614008690655064,Crypto,Risk parity,1.8095318519621788
2023-03-14,0.019475457298057913,Crypto,Risk parity,1.844773312274544
2023-03-15,-0.04826432998773523,Crypto,Risk parity,1.755736564378358
2023-03-16,0.01803954818970767,Crypto,Risk parity,1.7874092587398933
2023-03-17,0.06684258489071877,Crypto,Risk parity,1.9068843138516713
2023-03-18,-0.022466151690206403,Crypto,Risk parity,1.8640439616010045
2023-03-19,0.02867943079225869,Crypto,Risk parity,1.917503681391468
2023-03-20,-0.0319784626280095,Crypto,Risk parity,1.8561848615770205
2023-03-21,0.07088655421599965,Crypto,Risk parity,1.9877634104021176
2023-03-22,-0.05010560328934684,Crypto,Risk parity,1.8881653255274298
2023-03-23,0.04587035302397915,Crypto,Risk parity,1.9747761355770097
2023-03-24,-0.027981975406721777,Crypto,Risk parity,1.9195179983175128
2023-03-25,-0.0012594180160964146,Crypto,Risk parity,1.9171005227682103
2023-03-26,0.014013140337690673,Crypto,Risk parity,1.9439651214352214
2023-03-27,-0.018319453269868814,Crypto,Risk parity,1.908352743234834
2023-03-28,0.02959518991528176,Crypto,Risk parity,1.9648308050962178
2023-03-29,0.030031166941561147,Crypto,Risk parity,2.0238369670159844
2023-03-30,-0.002416344209519407,Crypto,Risk parity,2.018946680279724
2023-03-31,0.022256966209649395,Crypto,Risk parity,2.0638823083217934
2023-04-01,-0.0038076823480872758,Crypto,Risk parity,2.056023700087867
2023-04-02,-0.007577896969224724,Crypto,Risk parity,2.040443364322317
2023-04-03,-0.0022079391426491736,Crypto,Risk parity,2.035938189549871
2023-04-04,0.008854916116607828,Crypto,Risk parity,2.0539662514369335
2023-04-05,0.004629642476613028,Crypto,Risk parity,2.0634753808401154
2023-04-06,-0.009057109119868562,Crypto,Risk parity,2.044786259149684
2023-04-07,-0.0009859581668482265,Crypto,Risk parity,2.0427701854380165
2023-04-08,-0.006946831444805714,Crypto,Risk parity,2.028579405279304
2023-04-09,0.008775169792399753,Crypto,Risk parity,2.0463805339979952
2023-04-10,0.024683673019131575,Crypto,Risk parity,2.096892721971918
2023-04-11,0.0041110770317730316,Crypto,Risk parity,2.1055132094793083
2023-04-12,-0.004714818395623002,Crypto,Risk parity,2.095586097067028
2023-04-13,0.022711588440723324,Crypto,Risk parity,2.1431801860457163
2023-04-14,0.01544465321662614,Crypto,Risk parity,2.1762808607999364
2023-04-15,-0.00037099799972761067,Crypto,Risk parity,2.175473464953734
2023-04-16,0.007738056157179964,Crypto,Risk parity,2.192307400794001
2023-04-17,-0.02397906623518002,Crypto,Risk parity,2.1397379164224866
2023-04-18,0.0210652183989428,Crypto,Risk parity,2.1848119629484253
2023-04-19,-0.06896347582383691,Crypto,Risk parity,2.034139735962002
2023-04-20,-0.016100374708184248,Crypto,Risk parity,2.001389324004207
2023-04-21,-0.0359991471934918,Crypto,Risk parity,1.9293410151378965
2023-04-22,0.026364240712221175,Crypto,Risk parity,1.980206626076953
2023-04-23,-0.01045919584275731,Crypto,Risk parity,1.9594952571656885
2023-04-24,-0.005877792528935237,Crypto,Risk parity,1.947977750582636
2023-04-25,0.017134937914954487,Crypto,Risk parity,1.9813562283985822
2023-04-26,-0.011200102038359042,Crypto,Risk parity,1.9591648364661798
2023-04-27,0.01649775285892806,Crypto,Risk parity,1.991486653748101
2023-04-28,0.002760200930918869,Crypto,Risk parity,1.9969835570636891
2023-04-29,0.005780789089895716,Crypto,Risk parity,2.008527697823064
2023-04-30,-0.013015873302541513,Crypto,Risk parity,1.9823849557835538
2023-05-01,-0.017821106520299997,Crypto,Risk parity,1.947056662322295
2023-05-02,0.013502578444223576,Crypto,Risk parity,1.9733469476406498
2023-05-03,0.007138087349263747,Crypto,Risk parity,1.9874328705233115
2023-05-04,-0.00993050041925594,Crypto,Risk parity,1.9676966675693368
2023-05-05,0.02136360273958464,Crypto,Risk parity,2.0097337574872927
2023-05-06,-0.029286856496486,Crypto,Risk parity,1.9508749733356188
2023-05-07,-0.011724008561641491,Crypto,Risk parity,1.92800289844554
2023-05-08,-0.03441171671872605,Crypto,Risk parity,1.8616570088713493
2023-05-09,0.014564474842266794,Crypto,Risk parity,1.8887710655419858
2023-05-10,-0.0017904913693768676,Crypto,Risk parity,1.885389237250404
2023-05-11,-0.02085679859809779,Crypto,Risk parity,1.846066053650051
2023-05-12,0.006456487101360204,Crypto,Risk parity,1.8579851553137015
2023-05-13,-0.006205167740246299,Crypto,Risk parity,1.8464560457660923
2023-05-14,0.009156295327852264,Crypto,Risk parity,1.863362742631025
2023-05-15,0.008709657327358468,Crypto,Risk parity,1.879591993595908
2023-05-16,0.00768719301737763,Crypto,Risk parity,1.8940407800445973
2023-05-17,0.01473795033803035,Crypto,Risk parity,1.9219550589990988
2023-05-18,-0.012247957474144176,Crypto,Risk parity,1.8984150351692615
2023-05-19,0.0036200220184671597,Crypto,Risk parity,1.9052873393967635
2023-05-20,0.005887522011807511,Crypto,Risk parity,1.9165047605462802
2023-05-21,-0.008950394302943195,Crypto,Risk parity,1.8993512872559233
2023-05-22,0.009173607542860503,Crypto,Risk parity,1.9167751905512362
2023-05-23,0.008726185792245579,Crypto,Risk parity,1.9335013269859533
2023-05-24,-0.029507838663062926,Crypto,Risk parity,1.8764478817744337
2023-05-25,0.0007382319769630598,Crypto,Risk parity,1.8778331356038642
2023-05-26,0.011899883737619904,Crypto,Risk parity,1.9001791315962004
2023-05-27,0.009047013506392722,Crypto,Risk parity,1.9173700778643168
2023-05-28,0.027392265833183303,Crypto,Risk parity,1.9698911887377675
2023-05-29,-0.006718882109406623,Crypto,Risk parity,1.9566557220722796
2023-05-30,0.009190069429422493,Crypto,Risk parity,1.9746375240076006
2023-05-31,-0.011309772228794576,Crypto,Risk parity,1.9523048233766438
2023-06-01,-0.007220668317120925,Crypto,Risk parity,1.9382078777931258
2023-06-02,0.031004289909436725,Crypto,Risk parity,1.998300636740978
2023-06-03,-0.0036827178288709474,Crypto,Risk parity,1.9909414593586077
2023-06-04,0.0015283047548399237,Crypto,Risk parity,1.9939842246575534
2023-06-05,-0.05466449652312212,Crypto,Risk parity,1.8849840809416003
2023-06-06,0.03442401340214384,Crypto,Risk parity,1.9498727982067618
2023-06-07,-0.033278723235304467,Crypto,Risk parity,1.8849835210111903
2023-06-08,0.007152606698659508,Crypto,Risk parity,1.8984660667704378
2023-06-09,-0.011635136577541349,Crypto,Risk parity,1.876377154795736
2023-06-10,-0.07814715146635952,Crypto,Risk parity,1.729743625071897
2023-06-11,0.0027288242727380304,Crypto,Risk parity,1.7344637914616072
2023-06-12,0.0007091102589639156,Crypto,Risk parity,1.7356937175299338
2023-06-13,0.002205853125263335,Crypto,Risk parity,1.7395224029412473
2023-06-14,-0.042078982171426665,Crypto,Risk parity,1.6663250707610853
2023-06-15,0.006360057052986054,Crypto,Risk parity,1.6769229932799468
2023-06-16,0.012708439829283977,Crypto,Risk parity,1.6982340682383879
2023-06-17,0.009197163845994614,Crypto,Risk parity,1.7138530052128265
2023-06-18,-0.005229639794026114,Crypto,Risk parity,1.7048901713356541
2023-06-19,0.007242648440318741,Crypto,Risk parity,1.717238091475993
2023-06-20,0.028628282679953276,Crypto,Risk parity,1.7663996689875514
2023-06-21,0.06810382062147746,Crypto,Risk parity,1.8866982351901167
2023-06-22,-0.004227227002952443,Crypto,Risk parity,1.8787227334638983
2023-06-23,0.07469604686912486,Crypto,Risk parity,2.019055894816808
2023-06-24,0.019476285902433138,Crypto,Risk parity,2.058379604677253
2023-06-25,-0.015897554365456607,Crypto,Risk parity,2.0256564030071496
2023-06-26,0.01453798714951612,Crypto,Risk parity,2.0551053697634027
2023-06-27,0.02303315755501568,Crypto,Risk parity,2.1024409355373224
2023-06-28,-0.03497101019458626,Crypto,Risk parity,2.028916452147131
2023-06-29,0.036578725812064034,Crypto,Risk parity,2.1031316307458066
2023-06-30,0.098588368907979,Crypto,Risk parity,2.3104759478198136
2023-07-01,-0.0014696217517597373,Crypto,Risk parity,2.30708042210998
2023-07-02,0.004946264366919744,Crypto,Risk parity,2.318491851793481
2023-07-03,-0.0034405992567316844,Crypto,Risk parity,2.3105148504514617
2023-07-04,-0.018098022040457375,Crypto,Risk parity,2.268699101763187
2023-07-05,-0.0147300178492044,Crypto,Risk parity,2.235281123499741
2023-07-06,-0.024673726067109932,Crypto,Risk parity,2.1801284093755267
2023-07-07,0.017615459162987977,Crypto,Risk parity,2.218532372340951
2023-07-08,0.00206571030259228,Crypto,Risk parity,2.22311521751913
2023-07-09,-0.013507670694301702,Crypto,Risk parity,2.193086109245391
2023-07-10,0.011896546827490192,Crypto,Risk parity,2.219176260840747
2023-07-11,0.0007349145743418485,Crypto,Risk parity,2.220807165817872
2023-07-12,-0.004496631363688967,Crypto,Risk parity,2.2108210146633502
2023-07-13,0.1852864819568343,Crypto,Risk parity,2.6204562627065613
2023-07-14,-0.06562569568268234,Crypto,Risk parity,2.4484869974604013
2023-07-15,-0.009694253555617035,Crypto,Risk parity,2.4247507436793887
2023-07-16,-0.002258949147631688,Crypto,Risk parity,2.419273355053735
2023-07-17,-0.004621392261633195,Crypto,Risk parity,2.4080929438919143
2023-07-18,0.0034398616754653935,Crypto,Risk parity,2.4163764505205667
2023-07-19,0.03325687422301572,Crypto,Risk parity,2.496737578210986
2023-07-20,-0.000943977936495909,Crypto,Risk parity,2.4943807130239346
2023-07-21,-0.005045807146546457,Crypto,Risk parity,2.4817945489959508
2023-07-22,-0.012827166089967423,Crypto,Risk parity,2.449960158114804
2023-07-23,0.011280443029270112,Crypto,Risk parity,2.4775967941023995
2023-07-24,-0.03955426090735153,Crypto,Risk parity,2.3795972840852557
2023-07-25,0.0010361195238815296,Crypto,Risk parity,2.3820628312902716
2023-07-26,0.016090303133738666,Crypto,Risk parity,2.420390944329344
2023-07-27,0.0022168018305947783,Crypto,Risk parity,2.4257564714054882
2023-07-28,0.007765137526656989,Crypto,Risk parity,2.44459280401213
2023-07-29,0.0015692225406793207,Crypto,Risk parity,2.4484289141429683
2023-07-30,-0.0048115552162378734,Crypto,Risk parity,2.436648163229536
2023-07-31,-0.017273507453500356,Crypto,Risk parity,2.394558703020433
2023-08-01,0.008588773101577971,Crypto,Risk parity,2.4151250243990843
2023-08-02,-0.0359244297781612,Crypto,Risk parity,2.3283630350545796
2023-08-03,-0.01577095409263941,Crypto,Risk parity,2.2916425285177353
2023-08-04,-0.007010083184042117,Crypto,Risk parity,2.2755779237647373
2023-08-05,0.004126076306305509,Crypto,Risk parity,2.284967131919135
2023-08-06,-0.005097058907080029,Crypto,Risk parity,2.2733205198470015
2023-08-07,0.0062781494562360336,Crypto,Risk parity,2.287592765832529
2023-08-08,0.01466086943274644,Crypto,Risk parity,2.321130864687695
2023-08-09,-0.0025160414668259456,Crypto,Risk parity,2.315290803182211
2023-08-10,-0.00944478675732034,Crypto,Risk parity,2.2934233752649704
2023-08-11,-0.002398971977010258,Crypto,Risk parity,2.2879215168562896
2023-08-12,8.716323355479044e-05,Crypto,Risk parity,2.2881209394938185
2023-08-13,-0.006085573326018736,Crypto,Risk parity,2.27419641173773
2023-08-14,0.0021712175892555073,Crypto,Risk parity,2.2791341869883164
2023-08-15,-0.02630591372422344,Crypto,Risk parity,2.2191794796994735
2023-08-16,-0.036294266173540736,Crypto,Risk parity,2.138635988976401
2023-08-17,-0.08426859777130807,Crypto,Risk parity,1.9584161330421053
2023-08-18,0.0035298861759939792,Crypto,Risk parity,1.9653291190769744
2023-08-19,0.013392774291593799,Crypto,Risk parity,1.9916503283774691
2023-08-20,0.016085022441589814,Crypto,Risk parity,2.0236860686052203
2023-08-21,-0.010001906167885747,Crypto,Risk parity,2.0034453504337733
2023-08-22,-0.013208182127272913,Crypto,Risk parity,1.976983479363206
2023-08-23,0.030377538178416034,Crypto,Risk parity,2.037039370485659
2023-08-24,-0.012072230414224611,Crypto,Risk parity,2.012447761842309
2023-08-25,-0.001292446930787437,Crypto,Risk parity,2.0098467799091457
2023-08-26,-0.004906000760746508,Crypto,Risk parity,1.9999864700779275
2023-08-27,0.008291225889317463,Crypto,Risk parity,2.0165688096769223
2023-08-28,-0.005635879396001794,Crypto,Risk parity,2.0052036710718446
2023-08-29,0.052752216199696306,Crypto,Risk parity,2.1109826086526513
2023-08-30,-0.021965937347843877,Crypto,Risk parity,2.0646128969285993
2023-08-31,-0.03662787107769701,Crypto,Risk parity,1.9889905219145478
2023-09-01,-0.01235328262632332,Crypto,Risk parity,1.964419959856259
2023-09-02,0.002675156683067297,Crypto,Risk parity,1.9696750910402194
2023-09-03,0.005672793336625542,Crypto,Risk parity,1.9808486507719898
2023-09-04,0.00282992509096137,Crypto,Risk parity,1.9864543040702065
2023-09-05,-0.0016790024512859229,Crypto,Risk parity,1.983119042424305
2023-09-06,0.0017379996950908786,Crypto,Risk parity,1.9865657027153671
2023-09-07,0.00812755238128397,Crypto,Risk parity,2.0027116195230485
2023-09-08,-0.005338555482403078,Crypto,Risk parity,1.9920200324269715
2023-09-09,0.00370419259643546,Crypto,Risk parity,1.9993988582830384
2023-09-10,-0.012456288633179022,Crypto,Risk parity,1.9744937690114162
2023-09-11,-0.03238550181884045,Crypto,Risk parity,1.9105487974638078
2023-09-12,0.019745789287562075,Crypto,Risk parity,1.9482740914421333
2023-09-13,0.010885160733541146,Crypto,Risk parity,1.9694813680804748
2023-09-14,0.015115845897599862,Crypto,Risk parity,1.9992517449385736
2023-09-15,0.01617270642831141,Crypto,Risk parity,2.0315850564857545
2023-09-16,-0.003993935531667965,Crypto,Risk parity,2.0234710367430506
2023-09-17,-0.015040339728847925,Crypto,Risk parity,1.9930373449189511
2023-09-18,0.01860228706531536,Crypto,Risk parity,2.030112397741027
2023-09-19,0.012019349162378769,Crypto,Risk parity,2.0545130274883507
2023-09-20,-0.010307370106652633,Crypto,Risk parity,2.033336401325089
2023-09-21,-0.019817319222495074,Crypto,Risk parity,1.9930411247733104
2023-09-22,0.0012631892049202857,Crypto,Risk parity,1.995558712807086
2023-09-23,0.002423253266433443,Crypto,Risk parity,2.0003944569762555
2023-09-24,-0.012580833081779132,Crypto,Risk parity,1.975227828215321
2023-09-25,0.008459516482609637,Crypto,Risk parity,1.9919373005850176
2023-09-26,-0.0028141473126418763,Crypto,Risk parity,1.9863316955836252
2023-09-27,0.009160677670137934,Crypto,Risk parity,2.004527839992845
2023-09-28,0.025097938606963306,Crypto,Risk parity,2.0548373566569342
2023-09-29,0.005388126353992283,Crypto,Risk parity,2.0659090799715054
2023-09-30,0.003414011678688102,Crypto,Risk parity,2.0729621176976356
2023-10-01,0.02988083577875049,Crypto,Risk parity,2.1349039583121296
2023-10-02,-0.022676531784361284,Crypto,Risk parity,2.086491740844906
2023-10-03,0.000522597183132488,Crypto,Risk parity,2.0875821355513007
2023-10-04,-0.005658289153671515,Crypto,Risk parity,2.0757699921963124
2023-10-05,-0.011095424941213875,Crypto,Risk parity,2.052738442052674
2023-10-06,0.010019542952301688,Crypto,Risk parity,2.073305943042662
2023-10-07,-0.003874470698380363,Crypto,Risk parity,2.0652729799175655
2023-10-08,-0.004441750315038785,Crypto,Risk parity,2.0560995530083757
2023-10-09,-0.029487606450948247,Crypto,Risk parity,1.995470098565294
2023-10-10,-0.0071640090424854065,Crypto,Risk parity,1.981174532735163
2023-10-11,-0.009632470015615346,Crypto,Risk parity,1.9620909284528907
2023-10-12,-0.008368303336025378,Crypto,Risk parity,1.9456715563907332
2023-10-13,0.006782519667884989,Crypto,Risk parity,1.9588681119891977
2023-10-14,0.0012589300397171993,Crypto,Risk parity,1.9613341898992251
2023-10-15,0.006630360018299527,Crypto,Risk parity,1.9743385416944568
2023-10-16,0.030797314750259763,Crypto,Risk parity,2.03514286718659
2023-10-17,-0.017468341936555967,Crypto,Risk parity,1.9995922956928318
2023-10-18,-0.006332163647795615,Crypto,Risk parity,1.9869305500476333
2023-10-19,0.01664145230962079,Crypto,Risk parity,2.0199959600387793
2023-10-20,0.02177559134326168,Crypto,Risk parity,2.0639825665796234
2023-10-21,0.017551793429968356,Crypto,Risk parity,2.100209162231285
2023-10-22,0.004373910162153207,Crypto,Risk parity,2.1093952884286153
2023-10-23,0.05972900069042397,Crypto,Risk parity,2.2353873610675454
2023-10-24,0.001878242838567261,Crypto,Risk parity,2.2395859613698943
2023-10-25,0.0049143297087393244,Crypto,Risk parity,2.2505920251951297
2023-10-26,-0.0011913490734623468,Crypto,Risk parity,2.2479107844711717
2023-10-27,-0.010042770618578995,Crypto,Risk parity,2.2253355320916977
2023-10-28,0.010918035278479794,Crypto,Risk parity,2.2496318239375297
2023-10-29,0.012288451735001645,Crypto,Risk parity,2.27727631602751
2023-10-30,0.011168285131444376,Crypto,Risk parity,2.3027095872479904
2023-10-31,0.008455500132448964,Crypto,Risk parity,2.322180148467957
2023-11-01,0.020795306210012104,Crypto,Risk parity,2.3704705957301595
2023-11-02,-0.01041335430045748,Crypto,Risk parity,2.345786045558005
2023-11-03,0.004808792548446841,Crypto,Risk parity,2.3570664440141345
2023-11-04,0.00908316177386008,Crypto,Risk parity,2.378476059836852
2023-11-05,0.02098053621427373,Crypto,Risk parity,2.428377762945042
2023-11-06,0.02831997574028493,Crypto,Risk parity,2.497149362279893
2023-11-07,-0.01462146992342513,Crypto,Risk parity,2.4606373679850173
2023-11-08,0.008989963064259511,Crypto,Risk parity,2.4827584070377395
2023-11-09,0.01987120597549815,Crypto,Risk parity,2.532093810731386
2023-11-10,0.016695931420721462,Crypto,Risk parity,2.5743694753461908
2023-11-11,0.0001525511023567625,Crypto,Risk parity,2.5747621982475284
2023-11-12,-0.0007868865552548313,Crypto,Risk parity,2.572736152490749
2023-11-13,-0.01607399335630686,Crypto,Risk parity,2.531382008668082
2023-11-14,-0.03195931921059876,Crypto,Risk parity,2.450480763009092
2023-11-15,0.04307260190847406,Crypto,Risk parity,2.556029345398557
2023-11-16,-0.03390740089852921,Crypto,Risk parity,2.469361033675723
2023-11-17,-0.0005352472694807241,Crypto,Risk parity,2.4680393149250857
2023-11-18,0.0014829450158737715,Crypto,Risk parity,2.4716992815261345
2023-11-19,0.017629394046602534,Crypto,Risk parity,2.5152738421248633
2023-11-20,-0.011508470248672534,Crypto,Risk parity,2.486326887945505
2023-11-21,-0.05227626538867574,Crypto,Risk parity,2.356351003708266
2023-11-22,0.04816158183728014,Crypto,Risk parity,2.4698365954107184
2023-11-23,0.0032237684355635706,Crypto,Risk parity,2.477798776668003
2023-11-24,0.01076548331102352,Crypto,Risk parity,2.504473478046297
2023-11-25,0.014739477955035815,Crypto,Risk parity,2.5413881096649327
2023-11-26,-0.010941752428864648,Crypto,Risk parity,2.513580870143319
2023-11-27,-0.0239277469308018,Crypto,Risk parity,2.4534365431924248
2023-11-28,0.011406585752559942,Crypto,Risk parity,2.4814218775108134
2023-11-29,-0.0017152112077940954,Crypto,Risk parity,2.4771657148952415
2023-11-30,-0.0036490492598416527,Crypto,Risk parity,2.468126415176798
2023-12-01,0.016639157985935467,Crypto,Risk parity,2.5091939605281857
2023-12-02,0.019555982317260124,Crypto,Risk parity,2.558263713250851
2023-12-03,0.00482872889059471,Crypto,Risk parity,2.570616875152785
2023-12-04,0.02540569069743572,Crypto,Risk parity,2.6359251723845256
2023-12-05,0.02013363434556909,Crypto,Risk parity,2.688995925967597
2023-12-06,0.00029769219406496246,Crypto,Risk parity,2.68979641906463
2023-12-07,0.021927208391545595,Crypto,Risk parity,2.748776145676293
2023-12-08,0.04642338663690601,Crypto,Risk parity,2.876383643465328
2023-12-09,0.006622277678917342,Crypto,Risk parity,2.895431854663451
2023-12-10,0.0028823297742719836,Crypto,Risk parity,2.903777444107523
2023-12-11,-0.06522127501643168,Crypto,Risk parity,2.714389376838875
2023-12-12,0.007474405547917382,Crypto,Risk parity,2.7346778238563276
2023-12-13,0.035598649973887356,Crypto,Risk parity,2.832028662499141
2023-12-14,0.0036973356138592242,Crypto,Risk parity,2.8424996229324693
2023-12-15,-0.04074204889097047,Crypto,Risk parity,2.7266903643223896
2023-12-16,0.017444589308364608,Crypto,Risk parity,2.774256357899069
2023-12-17,-0.02017154871014249,Crypto,Risk parity,2.7182953106412855
2023-12-18,0.005476945650280295,Crypto,Risk parity,2.7331832663190796
2023-12-19,-0.014864202365491862,Crypto,Risk parity,2.692556677146537
2023-12-20,0.019937042375664734,Crypto,Risk parity,2.746238293717686
2023-12-21,0.0290848494067254,Crypto,Risk parity,2.826112220925448
2023-12-22,0.014685046888507072,Crypto,Risk parity,2.867613811401921
2023-12-23,-0.008884965107615005,Crypto,Risk parity,2.8421351627455
2023-12-24,-0.01836677180977951,Crypto,Risk parity,2.7899343147588027
2023-12-25,0.029757721857748713,Crypto,Risk parity,2.872956404098784
2023-12-26,-0.02265495320425403,Crypto,Risk parity,2.807869711206064
2023-12-27,0.04953562483389999,Crypto,Risk parity,2.946959291802839
2023-12-28,-0.01007128219762485,Crypto,Risk parity,2.9172796331501796
2023-12-29,-0.018073985605642353,Crypto,Risk parity,2.86455276305299
2023-12-30,0.006138802195322204,Crypto,Risk parity,2.8821376858434355
2023-12-31,-0.010953319065022903,Crypto,Risk parity,2.8505687121810657
2021-01-04,-0.0038907547941801593,Combined,Equal-weight (1/N),0.9961092452058199
2021-01-05,0.018935846474633634,Combined,Equal-weight (1/N),1.0149714169450006
2021-01-06,0.04682554464297435,Combined,Equal-weight (1/N),1.0624980063405016
2021-01-07,0.0075009639044954,Combined,Equal-weight (1/N),1.07046776553466
2021-01-08,0.00014837913623014692,Combined,Equal-weight (1/N),1.0706266006170724
2021-01-11,-0.02397610823617305,Combined,Equal-weight (1/N),1.0449571413601515
2021-01-12,0.0014124661877677695,Combined,Equal-weight (1/N),1.0464331079899891
2021-01-13,0.014305437693910999,Combined,Equal-weight (1/N),1.0614027916171855
2021-01-14,0.006223589963405871,Combined,Equal-weight (1/N),1.0680085273782252
2021-01-15,-0.018017192270282756,Combined,Equal-weight (1/N),1.0487660123941502
2021-01-19,0.007738513923559627,Combined,Equal-weight (1/N),1.0568819027836185
2021-01-20,0.005089689031193294,Combined,Equal-weight (1/N),1.062261103011483
2021-01-21,-0.03155162323514962,Combined,Equal-weight (1/N),1.0287450409119103
2021-01-22,0.007923676220714906,Combined,Equal-weight (1/N),1.0368964835297625
2021-01-25,-0.002778121855874594,Combined,Equal-weight (1/N),1.034015858746589
2021-01-26,-0.004887780413148798,Combined,Equal-weight (1/N),1.0289618162853222
2021-01-27,-0.034252245701120704,Combined,Equal-weight (1/N),0.9937175633368459
2021-01-28,0.026071046857366935,Combined,Equal-weight (1/N),1.0196248204935892
2021-01-29,-0.007470618717091114,Combined,Equal-weight (1/N),1.0120075922251992
2021-02-01,0.010204431715737181,Combined,Equal-weight (1/N),1.0223345545958689
2021-02-02,0.02165809971638538,Combined,Equal-weight (1/N),1.0444763783228126
2021-02-03,0.009589675205373672,Combined,Equal-weight (1/N),1.0544925675506134
2021-02-04,0.0036648134761748806,Combined,Equal-weight (1/N),1.0583570861226992
2021-02-05,0.020351550259225547,Combined,Equal-weight (1/N),1.0798962935531329
2021-02-08,0.02566129467818855,Combined,Equal-weight (1/N),1.1076078305638832
2021-02-09,0.010060418581111223,Combined,Equal-weight (1/N),1.1187508289630725
2021-02-10,0.01121330356879997,Combined,Equal-weight (1/N),1.1312957216260822
2021-02-11,0.014923915982378794,Combined,Equal-weight (1/N),1.1481790839268544
2021-02-12,0.013922858758989996,Combined,Equal-weight (1/N),1.1641650191423945
2021-02-16,0.0008342773644169565,Combined,Equal-weight (1/N),1.165136255666311
2021-02-17,0.011514209321954762,Combined,Equal-weight (1/N),1.1785518784026514
2021-02-18,-0.004112435878182396,Combined,Equal-weight (1/N),1.173705159373609
2021-02-19,0.012920433262515876,Combined,Equal-weight (1/N),1.1888699385551662
2021-02-22,-0.013189509394386349,Combined,Equal-weight (1/N),1.1731893273318894
2021-02-23,-0.0364204980956256,Combined,Equal-weight (1/N),1.13046118766999
2021-02-24,0.021858913011400506,Combined,Equal-weight (1/N),1.1551718404340325
2021-02-25,-0.02519018638808798,Combined,Equal-weight (1/N),1.1260728464632286
2021-02-26,-0.007920962386525428,Combined,Equal-weight (1/N),1.1171532658019057
2021-03-01,0.027648109503017663,Combined,Equal-weight (1/N),1.1480404416264505
2021-03-02,-0.005051223358201521,Combined,Equal-weight (1/N),1.142241432931547
2021-03-03,5.691690167493454e-05,Combined,Equal-weight (1/N),1.142306445774874
2021-03-04,-0.008937843035586899,Combined,Equal-weight (1/N),1.132096690063999
2021-03-05,0.012893922421377215,Combined,Equal-weight (1/N),1.1466938569591822
2021-03-08,0.0051390671605785684,Combined,Equal-weight (1/N),1.1525867937027185
2021-03-09,0.012274318469443256,Combined,Equal-weight (1/N),1.1667340110723001
2021-03-10,0.003389433711714922,Combined,Equal-weight (1/N),1.170688578662033
2021-03-11,0.004440027839439725,Combined,Equal-weight (1/N),1.1758864685426063
2021-03-12,0.0029298977965342863,Combined,Equal-weight (1/N),1.1793316957157636
2021-03-15,-0.002000515758313233,Combined,Equal-weight (1/N),1.1769724240742059
2021-03-16,0.005728843658630814,Combined,Equal-weight (1/N),1.183715115082247
2021-03-17,0.007090152205412339,Combined,Equal-weight (1/N),1.1921078354160273
2021-03-18,-0.014963008000333112,Combined,Equal-weight (1/N),1.1742703163374375
2021-03-19,-0.0008655486522000232,Combined,Equal-weight (1/N),1.1732539282478132
2021-03-22,-0.0009142788616752392,Combined,Equal-weight (1/N),1.1721812469818387
2021-03-23,-0.005798140521023983,Combined,Equal-weight (1/N),1.165384775395729
2021-03-24,-0.014092748822480282,Combined,Equal-weight (1/N),1.1489613004745345
2021-03-25,0.005947801689248595,Combined,Equal-weight (1/N),1.1557950944383784
2021-03-26,0.03065124167451566,Combined,Equal-weight (1/N),1.191221649204229
2021-03-29,0.00736153587294559,Combined,Equal-weight (1/N),1.199990870107475
2021-03-30,-0.00037708683411139763,Combined,Equal-weight (1/N),1.1995383693493036
2021-03-31,0.011821586274491263,Combined,Equal-weight (1/N),1.213718815672129
2021-04-01,0.014672578757863942,Combined,Equal-weight (1/N),1.2315272005849796
2021-04-05,0.023279357597136986,Combined,Equal-weight (1/N),1.2601963626779984
2021-04-06,0.007587666348007159,Combined,Equal-weight (1/N),1.2697583122109715
2021-04-07,-0.01604906034533606,Combined,Equal-weight (1/N),1.2493798844343056
2021-04-08,0.010903703340729359,Combined,Equal-weight (1/N),1.2630027520540519
2021-04-09,-0.0029210465955181973,Combined,Equal-weight (1/N),1.2593134621650344
2021-04-12,3.6634061886139675e-05,Combined,Equal-weight (1/N),1.2593595959323411
2021-04-13,0.02268126409590627,Combined,Equal-weight (1/N),1.2879234635193963
2021-04-14,0.007794298856378145,Combined,Equal-weight (1/N),1.297961923898208
2021-04-15,0.019041860880005992,Combined,Equal-weight (1/N),1.3226775342806227
2021-04-16,0.014763272899412963,Combined,Equal-weight (1/N),1.3422045836771301
2021-04-19,-0.017627390955763378,Combined,Equal-weight (1/N),1.3185450187380356
2021-04-20,1.2220841234531757e-05,Combined,Equal-weight (1/N),1.3185611324673703
2021-04-21,-0.0007908267866470744,Combined,Equal-weight (1/N),1.3175183790039833
2021-04-22,-0.016687288036353692,Combined,Equal-weight (1/N),1.295532570320354
2021-04-23,0.0034733603502323475,Combined,Equal-weight (1/N),1.3000324217825394
2021-04-26,0.030800515598112886,Combined,Equal-weight (1/N),1.3400740906677049
2021-04-27,0.009656461130173079,Combined,Equal-weight (1/N),1.3530144640357895
2021-04-28,0.0013114896637035538,Combined,Equal-weight (1/N),1.354788928520214
2021-04-29,0.004789403755794167,Combined,Equal-weight (1/N),1.3612775597027769
2021-04-30,0.01233392244058734,Combined,Equal-weight (1/N),1.378067451544263
2021-05-03,0.015444054543423338,Combined,Equal-weight (1/N),1.3993504004304291
2021-05-04,-0.004839310008475975,Combined,Equal-weight (1/N),1.3925785100322614
2021-05-05,0.04589219677101029,Combined,Equal-weight (1/N),1.4564869970337422
2021-05-06,0.031043948969687978,Combined,Equal-weight (1/N),1.5017021050446715
2021-05-07,-0.003442429047648267,Combined,Equal-weight (1/N),1.4965326020973513
2021-05-10,-0.01802022494917461,Combined,Equal-weight (1/N),1.4695647479637832
2021-05-11,0.017975473947352688,Combined,Equal-weight (1/N),1.4959808708047542
2021-05-12,-0.055254476153109036,Combined,Equal-weight (1/N),1.4133212314533656
2021-05-13,0.01849782275138198,Combined,Equal-weight (1/N),1.4394645970835547
2021-05-14,0.02384755126478429,Combined,Equal-weight (1/N),1.4737923028563467
2021-05-17,-0.010931679635632116,Combined,Equal-weight (1/N),1.4576812775520605
2021-05-18,-0.0047274385432064395,Combined,Equal-weight (1/N),1.4507901788968505
2021-05-19,-0.0655103175117707,Combined,Equal-weight (1/N),1.3557484536343591
2021-05-20,0.02959271108353936,Combined,Equal-weight (1/N),1.395868725924716
2021-05-21,-0.020847722733069486,Combined,Equal-weight (1/N),1.3667680417548747
2021-05-24,0.04342141353808045,Combined,Equal-weight (1/N),1.4261150421065454
2021-05-25,-0.00282221989471233,Combined,Equal-weight (1/N),1.422090231862564
2021-05-26,0.01493820957073707,Combined,Equal-weight (1/N),1.443333713774625
2021-05-27,-0.004818460165022232,Combined,Equal-weight (1/N),1.4363790677699684
2021-05-28,-0.012979098736480768,Combined,Equal-weight (1/N),1.4177361620263678
2021-06-01,0.0019320991050394568,Combined,Equal-weight (1/N),1.420475368796201
2021-06-02,0.005871720903786296,Combined,Equal-weight (1/N),1.4288160037124755
2021-06-03,0.006960525151493909,Combined,Equal-weight (1/N),1.4387613134431732
2021-06-04,-0.006410127532746652,Combined,Equal-weight (1/N),1.4295386699348205
2021-06-07,-0.014677621244462641,Combined,Equal-weight (1/N),1.4085564427832045
2021-06-08,-0.002292055543323969,Combined,Equal-weight (1/N),1.4053279531804386
2021-06-09,0.006059146717764939,Combined,Equal-weight (1/N),1.4138430414353351
2021-06-10,-0.004179762112068949,Combined,Equal-weight (1/N),1.4079335138583313
2021-06-11,-0.005259946352155204,Combined,Equal-weight (1/N),1.4005278591080352
2021-06-14,0.000592425451645822,Combined,Equal-weight (1/N),1.4013575674575098
2021-06-15,0.0005508898589561631,Combined,Equal-weight (1/N),1.4021295611301936
2021-06-16,-0.01681817719542697,Combined,Equal-weight (1/N),1.3785482977201597
2021-06-17,-0.005996994018905908,Combined,Equal-weight (1/N),1.370281151823959
2021-06-18,-0.021056399023819627,Combined,Equal-weight (1/N),1.3414279651163346
2021-06-21,-0.011228076069733542,Combined,Equal-weight (1/N),1.3263663098819405
2021-06-22,-0.0022507126393714275,Combined,Equal-weight (1/N),1.3233810404638529
2021-06-23,0.006043867928924043,Combined,Equal-weight (1/N),1.3313793806920584
2021-06-24,0.014283745514719486,Combined,Equal-weight (1/N),1.3503964649494087
2021-06-25,-0.0029970768460659144,Combined,Equal-weight (1/N),1.3463492229712997
2021-06-28,0.0002868634886845846,Combined,Equal-weight (1/N),1.346735441406389
2021-06-29,0.008056440129902696,Combined,Equal-weight (1/N),1.3575853348608975
2021-06-30,0.004860100399554909,Combined,Equal-weight (1/N),1.364183335889285
2021-07-01,-0.0033192767515803838,Combined,Equal-weight (1/N),1.3596552338575743
2021-07-02,0.004222600044422799,Combined,Equal-weight (1/N),1.365396514108461
2021-07-06,-0.0044563689821470786,Combined,Equal-weight (1/N),1.3593118034346563
2021-07-07,-0.0020641501185457546,Combined,Equal-weight (1/N),1.356505979814456
2021-07-08,-0.01382753806143881,Combined,Equal-weight (1/N),1.3377488417480023
2021-07-09,0.015066358575065745,Combined,Equal-weight (1/N),1.3579038454811565
2021-07-12,0.0003629499445549796,Combined,Equal-weight (1/N),1.3583966966065848
2021-07-13,-0.009152874003879208,Combined,Equal-weight (1/N),1.345963462795259
2021-07-14,-0.0002967116982328362,Combined,Equal-weight (1/N),1.3455640996904537
2021-07-15,-0.005926915110478166,Combined,Equal-weight (1/N),1.3375890554958814
2021-07-16,-0.011255169923300706,Combined,Equal-weight (1/N),1.322534263388728
2021-07-19,-0.02163117561208524,Combined,Equal-weight (1/N),1.2939262924843666
2021-07-20,0.003822373440704012,Combined,Equal-weight (1/N),1.2988721619789874
2021-07-21,0.019475689775563694,Combined,Equal-weight (1/N),1.3241685932638059
2021-07-22,0.004038689909869518,Combined,Equal-weight (1/N),1.3295164996003863
2021-07-23,0.009003177527418568,Combined,Equal-weight (1/N),1.3414863726719208
2021-07-26,0.008081528935874053,Combined,Equal-weight (1/N),1.3523276336097496
2021-07-27,0.0025721215462906743,Combined,Equal-weight (1/N),1.3558059846538015
2021-07-28,0.005801781497373435,Combined,Equal-weight (1/N),1.363672074729594
2021-07-29,0.008287916243945016,Combined,Equal-weight (1/N),1.3749740746691597
2021-07-30,0.00029465030331618795,Combined,Equal-weight (1/N),1.3753792111973127
2021-08-02,-0.00041449549998878537,Combined,Equal-weight (1/N),1.3748091227034933
2021-08-03,0.002828871333838877,Combined,Equal-weight (1/N),1.3786982808202095
2021-08-04,-0.000745840507557815,Combined,Equal-weight (1/N),1.3776699917946735
2021-08-05,0.006739600736358057,Combined,Equal-weight (1/N),1.3869549374858312
2021-08-06,0.006646527998350582,Combined,Equal-weight (1/N),1.3961733723102814
2021-08-09,0.007315313599437626,Combined,Equal-weight (1/N),1.4063868183679156
2021-08-10,0.008603524619973688,Combined,Equal-weight (1/N),1.4184867019849503
2021-08-11,0.018826363374261884,Combined,Equal-weight (1/N),1.445191648078077
2021-08-12,-0.002625219206319283,Combined,Equal-weight (1/N),1.4413977032067302
2021-08-13,0.02012981743766485,Combined,Equal-weight (1/N),1.4704127758273513
2021-08-16,-0.0102064178900371,Combined,Equal-weight (1/N),1.455405128566408
2021-08-17,-0.017326910114011038,Combined,Equal-weight (1/N),1.4301874547242672
2021-08-18,-0.007485685653352494,Combined,Equal-weight (1/N),1.419481521012833
2021-08-19,0.008938631885490583,Combined,Equal-weight (1/N),1.432169743797423
2021-08-20,0.011897565649129091,Combined,Equal-weight (1/N),1.4492090773449493
2021-08-23,0.012504528730857112,Combined,Equal-weight (1/N),1.4673307538896283
2021-08-24,-0.012694146727758468,Combined,Equal-weight (1/N),1.448704242001601
2021-08-25,0.004514588789403151,Combined,Equal-weight (1/N),1.4552445459317023
2021-08-26,-0.01813169968994708,Combined,Equal-weight (1/N),1.4288584888494351
2021-08-27,0.023798953550937738,Combined,Equal-weight (1/N),1.462863825656426
2021-08-30,-0.007717018870763672,Combined,Equal-weight (1/N),1.4515748779084776
2021-08-31,0.006168923814696462,Combined,Equal-weight (1/N),1.4605295327416223
2021-09-01,0.0075310676994891764,Combined,Equal-weight (1/N),1.4715288795298027
2021-09-02,0.00768312946211226,Combined,Equal-weight (1/N),1.4828348264184672
2021-09-03,0.005255146579100716,Combined,Equal-weight (1/N),1.4906273407838915
2021-09-07,-0.03887100606009322,Combined,Equal-weight (1/N),1.4326851563869403
2021-09-08,-0.0014823586030318523,Combined,Equal-weight (1/N),1.430561403219934
2021-09-09,-0.004918432983998439,Combined,Equal-weight (1/N),1.4235252828287022
2021-09-10,-0.009854849916388348,Combined,Equal-weight (1/N),1.4094966548142411
2021-09-13,-0.0020669330450443623,Combined,Equal-weight (1/N),1.406583319601526
2021-09-14,-0.002197167554155135,Combined,Equal-weight (1/N),1.4034928203694819
2021-09-15,0.012506311531714252,Combined,Equal-weight (1/N),1.4210453388135469
2021-09-16,-0.0077474298618725405,Combined,Equal-weight (1/N),1.410035889720548
2021-09-17,-0.014290287596920439,Combined,Equal-weight (1/N),1.3898860713344618
2021-09-20,-0.03197326112246704,Combined,Equal-weight (1/N),1.3454468810452054
2021-09-21,-0.009154325818808668,Combined,Equal-weight (1/N),1.3331302219242176
2021-09-22,0.022285279756503514,Combined,Equal-weight (1/N),1.3628394018716483
2021-09-23,0.012227496358637187,Combined,Equal-weight (1/N),1.3795035156954414
2021-09-24,-0.010972191812396115,Combined,Equal-weight (1/N),1.364367338515356
2021-09-27,-0.0011300515451713134,Combined,Equal-weight (1/N),1.3628255330962855
2021-09-28,-0.013931467625262412,Combined,Equal-weight (1/N),1.3438393733030736
2021-09-29,0.0065981313104570135,Combined,Equal-weight (1/N),1.3527062019482896
2021-09-30,-0.003551444615864401,Combined,Equal-weight (1/N),1.3479021407905338
2021-10-01,0.024591481632230426,Combined,Equal-weight (1/N),1.3810490515278282
2021-10-04,-0.004810819522684348,Combined,Equal-weight (1/N),1.3744050737889535
2021-10-05,0.011483188086450932,Combined,Equal-weight (1/N),1.3901876257582446
2021-10-06,0.005587474761110264,Combined,Equal-weight (1/N),1.3979552640303765
2021-10-07,0.0052389360784204034,Combined,Equal-weight (1/N),1.405279062299123
2021-10-08,-0.0023747030400701275,Combined,Equal-weight (1/N),1.4019419418377344
2021-10-11,-0.004296087379301863,Combined,Equal-weight (1/N),1.3959190767548912
2021-10-12,-0.005098322002961775,Combined,Equal-weight (1/N),1.3888022318115176
2021-10-13,0.00840806527277546,Combined,Equal-weight (1/N),1.400479371627565
2021-10-14,0.011900060022269848,Combined,Equal-weight (1/N),1.4171451602098837
2021-10-15,0.007837285263774928,Combined,Equal-weight (1/N),1.4282517310906266
2021-10-18,-0.0005192856469341982,Combined,Equal-weight (1/N),1.4275100604664623
2021-10-19,0.010329647449427593,Combined,Equal-weight (1/N),1.442255736121592
2021-10-20,0.016666448080226375,Combined,Equal-weight (1/N),1.466293016466071
2021-10-21,-0.006035184533763461,Combined,Equal-weight (1/N),1.4574436675311295
2021-10-22,-0.000863090275875076,Combined,Equal-weight (1/N),1.4561857620740477
2021-10-25,0.008726217566526025,Combined,Equal-weight (1/N),1.4688927558511833
2021-10-26,0.0017232800081520153,Combined,Equal-weight (1/N),1.4714240693714609
2021-10-27,-0.029782978307383596,Combined,Equal-weight (1/N),1.4276006782324084
2021-10-28,0.016737681776321185,Combined,Equal-weight (1/N),1.4514954040883228
2021-10-29,0.0029266088222896286,Combined,Equal-weight (1/N),1.4557433633434407
2021-11-01,0.00549653945551886,Combined,Equal-weight (1/N),1.4637449141771677
2021-11-02,0.009275863422753213,Combined,Equal-weight (1/N),1.4773224120868247
2021-11-03,0.00699515637706649,Combined,Equal-weight (1/N),1.4876565133787172
2021-11-04,-0.0004505261520454495,Combined,Equal-weight (1/N),1.4869862852141793
2021-11-05,0.0019122523554518172,Combined,Equal-weight (1/N),1.4898297782406047
2021-11-08,0.013235330178001888,Combined,Equal-weight (1/N),1.5095481672646385
2021-11-09,0.009391070491774352,Combined,Equal-weight (1/N),1.5237244405141495
2021-11-10,-0.01566562259300578,Combined,Equal-weight (1/N),1.499854348493316
2021-11-11,0.0030787305041743477,Combined,Equal-weight (1/N),1.504471995827841
2021-11-12,-0.001972830777965723,Combined,Equal-weight (1/N),1.5015039271698842
2021-11-15,-0.003417532182750733,Combined,Equal-weight (1/N),1.4963724891762544
2021-11-16,-0.014345148643287963,Combined,Equal-weight (1/N),1.4749068033932942
2021-11-17,-0.004478260478130939,Combined,Equal-weight (1/N),1.4683017865467316
2021-11-18,-0.01140763351194201,Combined,Equal-weight (1/N),1.4515519378808768
2021-11-19,0.0009863625708337472,Combined,Equal-weight (1/N),1.4529836943820236
2021-11-22,-0.00458121386772662,Combined,Equal-weight (1/N),1.44632726533174
2021-11-23,0.009431161960641383,Combined,Equal-weight (1/N),1.459967812019175
2021-11-24,-0.002259351176869056,Combined,Equal-weight (1/N),1.4566692320248986
2021-11-26,-0.02874274140039862,Combined,Equal-weight (1/N),1.4148005649828896
2021-11-29,0.009563416530891145,Combined,Equal-weight (1/N),1.428330892093961
2021-11-30,-0.01887619516006675,Combined,Equal-weight (1/N),1.4013694394216432
2021-12-01,-0.011750985011291237,Combined,Equal-weight (1/N),1.3849019681437178
2021-12-02,0.018348690356704674,Combined,Equal-weight (1/N),1.4103131055315778
2021-12-03,-0.009867545697557163,Combined,Equal-weight (1/N),1.3963967765148813
2021-12-06,0.017871164734786345,Combined,Equal-weight (1/N),1.4213520133431035
2021-12-07,0.011332865091101603,Combined,Equal-weight (1/N),1.4374600039572865
2021-12-08,0.005435315248703914,Combined,Equal-weight (1/N),1.4452730522361974
2021-12-09,-0.017063854676585402,Combined,Equal-weight (1/N),1.420611122904854
2021-12-10,-0.0012832798183906552,Combined,Equal-weight (1/N),1.418788081321049
2021-12-13,-0.01689950762356134,Combined,Equal-weight (1/N),1.394811261324546
2021-12-14,-5.2137162015902815e-06,Combined,Equal-weight (1/N),1.3948039891744748
2021-12-15,0.013767615231737737,Combined,Equal-weight (1/N),1.4140071138211217
2021-12-16,-0.00037131971126286507,Combined,Equal-weight (1/N),1.4134820651078939
2021-12-17,-0.014212778090006664,Combined,Equal-weight (1/N),1.393392558182311
2021-12-20,-0.0064256342701347995,Combined,Equal-weight (1/N),1.384439127208704
2021-12-21,0.016484368649467247,Combined,Equal-weight (1/N),1.407260732154359
2021-12-22,0.005888571560852018,Combined,Equal-weight (1/N),1.4155474876804273
2021-12-23,0.011706470618425838,Combined,Equal-weight (1/N),1.4321185527539446
2021-12-27,0.011606147445799167,Combined,Equal-weight (1/N),1.4487399318370713
2021-12-28,-0.008284994883057322,Combined,Equal-weight (1/N),1.4367371289149202
2021-12-29,-0.0035987556207627124,Combined,Equal-weight (1/N),1.4315666630966792
2021-12-30,0.001125144563898447,Combined,Equal-weight (1/N),1.4331773825455207
2021-12-31,-0.00301617297240446,Combined,Equal-weight (1/N),1.4288546716596255
2022-01-03,0.0031231601620466984,Combined,Equal-weight (1/N),1.4333172136475072
2022-01-04,0.0052452858604819415,Combined,Equal-weight (1/N),1.4408353721618379
2022-01-05,-0.018096104556931017,Combined,Equal-weight (1/N),1.4147618646178726
2022-01-06,0.0005183915734026643,Combined,Equal-weight (1/N),1.4154952652468618
2022-01-07,-0.004578147563009756,Combined,Equal-weight (1/N),1.40901491904782
2022-01-10,-0.009771789468378233,Combined,Equal-weight (1/N),1.3952463219010809
2022-01-11,0.013846979597974991,Combined,Equal-weight (1/N),1.4145662692545948
2022-01-12,0.01009832171404712,Combined,Equal-weight (1/N),1.4288510145273672
2022-01-13,-0.009303019034340627,Combined,Equal-weight (1/N),1.4155583863419823
2022-01-14,0.0062386021988574784,Combined,Equal-weight (1/N),1.4243894920036264
2022-01-18,-0.011275193369427646,Combined,Equal-weight (1/N),1.4083292250479047
2022-01-19,-0.010568991198801716,Combined,Equal-weight (1/N),1.393444605863358
2022-01-20,-0.016353735957740635,Combined,Equal-weight (1/N),1.3706565807073308
2022-01-21,-0.028044954617635252,Combined,Equal-weight (1/N),1.3322165791050307
2022-01-24,-0.0021099015775916307,Combined,Equal-weight (1/N),1.3294057332430833
2022-01-25,-0.001366135931396988,Combined,Equal-weight (1/N),1.3275895843034948
2022-01-26,-0.0068297816874313645,Combined,Equal-weight (1/N),1.3185224372721942
2022-01-27,-0.003382240062272521,Combined,Equal-weight (1/N),1.314062877861847
2022-01-28,0.01696875872829435,Combined,Equal-weight (1/N),1.3363608937900928
2022-01-31,0.01265875790825924,Combined,Equal-weight (1/N),1.3532775628226466
2022-02-01,0.012964162723813271,Combined,Equal-weight (1/N),1.3708216733575649
2022-02-02,0.0016346570656979465,Combined,Equal-weight (1/N),1.3730624966917309
2022-02-03,-0.005500623521787826,Combined,Equal-weight (1/N),1.3655097968255436
2022-02-04,0.013587287763032953,Combined,Equal-weight (1/N),1.384063371378253
2022-02-07,0.014417506283383608,Combined,Equal-weight (1/N),1.4040181137317
2022-02-08,0.0028930988047512355,Combined,Equal-weight (1/N),1.4080800768583863
2022-02-09,0.013945624103941826,Combined,Equal-weight (1/N),1.4277166323185027
2022-02-10,-0.01854021553937214,Combined,Equal-weight (1/N),1.401246458226171
2022-02-11,-0.019655095234888717,Combined,Equal-weight (1/N),1.373704825642185
2022-02-14,-0.006327859374551291,Combined,Equal-weight (1/N),1.365012214683379
2022-02-15,0.018567485505352574,Combined,Equal-weight (1/N),1.3903570591941419
2022-02-16,-0.0032180176710967243,Combined,Equal-weight (1/N),1.385882865608521
2022-02-17,-0.02684227013228453,Combined,Equal-weight (1/N),1.3486826233581524
2022-02-18,-0.00826825079563611,Combined,Equal-weight (1/N),1.3375313771845108
2022-02-22,0.001058018643195698,Combined,Equal-weight (1/N),1.3389465103174312
2022-02-23,-0.013016140102082633,Combined,Equal-weight (1/N),1.3215185949499448
2022-02-24,0.0053563514285512055,Combined,Equal-weight (1/N),1.328597112963862
2022-02-25,0.028697082775133737,Combined,Equal-weight (1/N),1.3667239742893897
2022-02-28,0.016552828276776378,Combined,Equal-weight (1/N),1.3893471215375555
2022-03-01,-0.010226922298809879,Combined,Equal-weight (1/N),1.3751383764795158
2022-03-02,0.013160670566247226,Combined,Equal-weight (1/N),1.3932361196353669
2022-03-03,-0.0037821732115542357,Combined,Equal-weight (1/N),1.3879666593063122
2022-03-04,-0.008975721310218135,Combined,Equal-weight (1/N),1.3755086573845043
2022-03-07,-0.016758842699473392,Combined,Equal-weight (1/N),1.3524567241636336
2022-03-08,-0.001104900612091711,Combined,Equal-weight (1/N),1.3509623939012778
2022-03-09,0.020795719363241337,Combined,Equal-weight (1/N),1.3790566287151416
2022-03-10,-0.007427519862195578,Combined,Equal-weight (1/N),1.3688136582142674
2022-03-11,-0.005556651233217912,Combined,Equal-weight (1/N),1.3612076381123055
2022-03-14,-0.004241447797855116,Combined,Equal-weight (1/N),1.3554341469732105
2022-03-15,0.007571560001856378,Combined,Equal-weight (1/N),1.3656968979455832
2022-03-16,0.018787145676463834,Combined,Equal-weight (1/N),1.3913544445171817
2022-03-17,0.012209231244783946,Combined,Equal-weight (1/N),1.40834181267375
2022-03-18,0.007351346412345915,Combined,Equal-weight (1/N),1.4186950212057057
2022-03-21,0.007466153625463745,Combined,Equal-weight (1/N),1.4292872161817078
2022-03-22,0.01442319940600293,Combined,Equal-weight (1/N),1.4499021107091474
2022-03-23,-0.00566087984330208,Combined,Equal-weight (1/N),1.4416943890758729
2022-03-24,0.012871759114890323,Combined,Equal-weight (1/N),1.4602515319693465
2022-03-25,0.005485561762670619,Combined,Equal-weight (1/N),1.4682618319369987
2022-03-28,0.0009579964662566597,Combined,Equal-weight (1/N),1.4696684215835338
2022-03-29,0.012377539046555206,Combined,Equal-weight (1/N),1.4878592998571734
2022-03-30,-0.0015291453657374967,Combined,Equal-weight (1/N),1.4855841467039275
2022-03-31,-0.017273203993594673,Combined,Equal-weight (1/N),1.4599233486882603
2022-04-01,0.007345515668125023,Combined,Equal-weight (1/N),1.4706472385203115
2022-04-04,0.0007995290337790442,Combined,Equal-weight (1/N),1.4718230636859555
2022-04-05,-0.013597478849595146,Combined,Equal-weight (1/N),1.4518099807071394
2022-04-06,-0.01572604460303535,Combined,Equal-weight (1/N),1.428978752195407
2022-04-07,0.006745556202943714,Combined,Equal-weight (1/N),1.4386180086811533
2022-04-08,-0.0035367066106616104,Combined,Equal-weight (1/N),1.4335300388596337
2022-04-11,-0.02214233461807818,Combined,Equal-weight (1/N),1.401788337054137
2022-04-12,0.003345397368330605,Combined,Equal-weight (1/N),1.4064778760678744
2022-04-13,0.012839470587404256,Combined,Equal-weight (1/N),1.4245363073894826
2022-04-14,-0.005005402969397079,Combined,Equal-weight (1/N),1.4174059291264614
2022-04-18,0.0038952156562760487,Combined,Equal-weight (1/N),1.4229270308928934
2022-04-19,0.013292032574333614,Combined,Equal-weight (1/N),1.4418406233384216
2022-04-20,-0.00011606819865203518,Combined,Equal-weight (1/N),1.4416732714945273
2022-04-21,-0.013049276362088308,Combined,Equal-weight (1/N),1.4228604785509593
2022-04-22,-0.021983904871802767,Combined,Equal-weight (1/N),1.3915804491446473
2022-04-25,-0.0010758306518203592,Combined,Equal-weight (1/N),1.3900833442429834
2022-04-26,-0.027028682018809667,Combined,Equal-weight (1/N),1.3525112235517962
2022-04-27,0.004213469872425268,Combined,Equal-weight (1/N),1.3582099888443486
2022-04-28,0.015777264870657108,Combined,Equal-weight (1/N),1.3796388275883182
2022-04-29,-0.03501958670568318,Combined,Equal-weight (1/N),1.331324446043062
2022-05-02,0.0030438634196666243,Combined,Equal-weight (1/N),1.3353768158240804
2022-05-03,0.003577189642738873,Combined,Equal-weight (1/N),1.3401537119387998
2022-05-04,0.04177220186804468,Combined,Equal-weight (1/N),1.3961348833281166
2022-05-05,-0.036259663485585694,Combined,Equal-weight (1/N),1.3455115022781516
2022-05-06,-0.0009527199684605928,Combined,Equal-weight (1/N),1.3442296066021377
2022-05-09,-0.05267803696828927,Combined,Equal-weight (1/N),1.2734182296916814
2022-05-10,0.0018119611403135823,Combined,Equal-weight (1/N),1.2757256140392497
2022-05-11,-0.024743018373478205,Combined,Equal-weight (1/N),1.2441603117315596
2022-05-12,-0.004670253268342836,Combined,Equal-weight (1/N),1.238349767969353
2022-05-13,0.02778838796375862,Combined,Equal-weight (1/N),1.2727615117565156
2022-05-16,-0.006165022113996646,Combined,Equal-weight (1/N),1.264914908890693
2022-05-17,0.022176845024691125,Combined,Equal-weight (1/N),1.2929667307945831
2022-05-18,-0.03404816398245744,Combined,Equal-weight (1/N),1.2489435875206272
2022-05-19,0.004168605554210166,Combined,Equal-weight (1/N),1.2541499406964607
2022-05-20,-0.0035592118061690365,Combined,Equal-weight (1/N),1.2496861554208276
2022-05-23,0.012703259911002875,Combined,Equal-weight (1/N),1.2655612434603203
2022-05-24,0.004811757509458756,Combined,Equal-weight (1/N),1.2716508172772205
2022-05-25,0.0069381274743487075,Combined,Equal-weight (1/N),1.2804736927503497
2022-05-26,0.00694506169146355,Combined,Equal-weight (1/N),1.289366661540797
2022-05-27,0.013832664988986554,Combined,Equal-weight (1/N),1.3072020386178589
2022-05-31,-0.0060281896641396025,Combined,Equal-weight (1/N),1.2993219767997204
2022-06-01,-0.016220122078898155,Combined,Equal-weight (1/N),1.2782468157162337
2022-06-02,0.01603856298368861,Combined,Equal-weight (1/N),1.2987480577787978
2022-06-03,-0.011167205710326871,Combined,Equal-weight (1/N),1.2842446710516944
2022-06-06,0.004114461134851154,Combined,Equal-weight (1/N),1.2895286458383763
2022-06-07,0.006713171761886395,Combined,Equal-weight (1/N),1.2981854731297622
2022-06-08,-0.012902858448558423,Combined,Equal-weight (1/N),1.281435169729994
2022-06-09,-0.020856012455891262,Combined,Equal-weight (1/N),1.254709541868688
2022-06-10,-0.030024250948289654,Combined,Equal-weight (1/N),1.217037827716409
2022-06-13,-0.0538369821480716,Combined,Equal-weight (1/N),1.1515161839121126
2022-06-14,-0.003969530564505054,Combined,Equal-weight (1/N),1.1469452052245512
2022-06-15,0.01878484593740649,Combined,Equal-weight (1/N),1.1684903942033416
2022-06-16,-0.040588988288525,Combined,Equal-weight (1/N),1.121062551277768
2022-06-17,0.001622120561019074,Combined,Equal-weight (1/N),1.1228810498923845
2022-06-21,0.018962991896126838,Combined,Equal-weight (1/N),1.1441742341418082
2022-06-22,-0.007612364090035384,Combined,Equal-weight (1/N),1.1354643632890833
2022-06-23,0.00940063045742406,Combined,Equal-weight (1/N),1.1461384441659384
2022-06-24,0.029787842223479265,Combined,Equal-weight (1/N),1.1802794353070172
2022-06-27,-0.003959819635504114,Combined,Equal-weight (1/N),1.175605741623707
2022-06-28,-0.014732520911497819,Combined,Equal-weight (1/N),1.1582861054515587
2022-06-29,-0.006139851970863033,Combined,Equal-weight (1/N),1.1511744002241786
2022-06-30,-0.00712260813849919,Combined,Equal-weight (1/N),1.1429750360723099
2022-07-01,0.005155360012899511,Combined,Equal-weight (1/N),1.1488674838690194
2022-07-05,-0.008422948554401274,Combined,Equal-weight (1/N),1.1391906321565661
2022-07-06,0.00264185605913175,Combined,Equal-weight (1/N),1.142200209830635
2022-07-07,0.017800561605829865,Combined,Equal-weight (1/N),1.162532015031917
2022-07-08,-0.004394985112496568,Combined,Equal-weight (1/N),1.157422704133051
2022-07-11,-0.015594308902634382,Combined,Equal-weight (1/N),1.1393734969538778
2022-07-12,-0.006942971130113015,Combined,Equal-weight (1/N),1.131462859658111
2022-07-13,0.0037532395194822534,Combined,Equal-weight (1/N),1.1357095107778061
2022-07-14,0.0004897137258125411,Combined,Equal-weight (1/N),1.1362656833137699
2022-07-15,0.017626951167765685,Combined,Equal-weight (1/N),1.1562945830271494
2022-07-18,0.015054759435892942,Combined,Equal-weight (1/N),1.1737023198116492
2022-07-19,0.025719242676330634,Combined,Equal-weight (1/N),1.2038890546046572
2022-07-20,-0.0039649188884528005,Combined,Equal-weight (1/N),1.1991157321524535
2022-07-21,0.00935168680878642,Combined,Equal-weight (1/N),1.2103294869270318
2022-07-22,-0.006199394750067579,Combined,Equal-weight (1/N),1.2028261766599244
2022-07-25,-0.009862827201626317,Combined,Equal-weight (1/N),1.1909629099259347
2022-07-26,-0.003649809721155685,Combined,Equal-weight (1/N),1.186616121919751
2022-07-27,0.028833414021524607,Combined,Equal-weight (1/N),1.220830315847679
2022-07-28,0.023688333619018807,Combined,Equal-weight (1/N),1.2497497516616909
2022-07-29,0.007085481761083955,Combined,Equal-weight (1/N),1.2586048307330089
2022-08-01,-0.003463816514591548,Combined,Equal-weight (1/N),1.2542452545349712
2022-08-02,-0.011255808165092437,Combined,Equal-weight (1/N),1.240127710557948
2022-08-03,0.004373514578355019,Combined,Equal-weight (1/N),1.2455514271790953
2022-08-04,-0.0009256275051892941,Combined,Equal-weight (1/N),1.2443985105189705
2022-08-05,0.008418504690363234,Combined,Equal-weight (1/N),1.2548744852164557
2022-08-08,0.003619991058590741,Combined,Equal-weight (1/N),1.259417119632593
2022-08-09,-0.008307027178909025,Combined,Equal-weight (1/N),1.2489551073902216
2022-08-10,0.02218626919486968,Combined,Equal-weight (1/N),1.2766647616150886
2022-08-11,0.007082189160881963,Combined,Equal-weight (1/N),1.285706342951879
2022-08-12,0.014861568906941163,Combined,Equal-weight (1/N),1.3048139563617496
2022-08-15,0.000837446705154152,Combined,Equal-weight (1/N),1.305906668510344
2022-08-16,0.0024541113629621674,Combined,Equal-weight (1/N),1.3091115089045033
2022-08-17,-0.007830974910600556,Combined,Equal-weight (1/N),1.2988598895230936
2022-08-18,0.0003828015726132708,Combined,Equal-weight (1/N),1.2993570951314073
2022-08-19,-0.025662499144877164,Combined,Equal-weight (1/N),1.2660123447887075
2022-08-22,-0.012963174834853056,Combined,Equal-weight (1/N),1.249600805420129
2022-08-23,0.0036687536228416843,Combined,Equal-weight (1/N),1.25418528290212
2022-08-24,0.0008730315596586692,Combined,Equal-weight (1/N),1.255280226235753
2022-08-25,0.013227390181737627,Combined,Equal-weight (1/N),1.2718843075755932
2022-08-26,-0.03568844670681813,Combined,Equal-weight (1/N),1.2264927322474435
2022-08-29,0.0044868747741205715,Combined,Equal-weight (1/N),1.2319958515484066
2022-08-30,-0.015858351226891047,Combined,Equal-weight (1/N),1.2124584286244793
2022-08-31,-0.0056724966526863025,Combined,Equal-weight (1/N),1.2055807622465855
2022-09-01,0.0034886436672656863,Combined,Equal-weight (1/N),1.2097866039381744
2022-09-02,-0.007038603499564757,Combined,Equal-weight (1/N),1.2012713957139687
2022-09-06,-0.015641627090444456,Combined,Equal-weight (1/N),1.182481556507793
2022-09-07,0.02283897897406366,Combined,Equal-weight (1/N),1.2094882279140926
2022-09-08,0.005823291244149148,Combined,Equal-weight (1/N),1.2165314301216061
2022-09-09,0.021773441468979027,Combined,Equal-weight (1/N),1.2430195060105322
2022-09-12,0.005615109873927532,Combined,Equal-weight (1/N),1.2499991971122164
2022-09-13,-0.04530563531448814,Combined,Equal-weight (1/N),1.1933671893444473
2022-09-14,0.006059883851888262,Combined,Equal-weight (1/N),1.2005988559045289
2022-09-15,-0.021677294216998655,Combined,Equal-weight (1/N),1.1745731212684944
2022-09-16,-0.0038376224372464753,Combined,Equal-weight (1/N),1.1700655531041277
2022-09-19,0.009004582956041365,Combined,Equal-weight (1/N),1.1806015054410604
2022-09-20,-0.012497707203421277,Combined,Equal-weight (1/N),1.1658466935021397
2022-09-21,-0.02091013461785515,Combined,Equal-weight (1/N),1.1414686821972286
2022-09-22,0.0047797408785308386,Combined,Equal-weight (1/N),1.1469246067190895
2022-09-23,-0.016008858734630455,Combined,Equal-weight (1/N),1.128563652710852
2022-09-26,-0.013060181172159449,Combined,Equal-weight (1/N),1.1138244069421341
2022-09-27,-0.006383813165582748,Combined,Equal-weight (1/N),1.1067139600289495
2022-09-28,0.017099551578298247,Combined,Equal-weight (1/N),1.1256382724708873
2022-09-29,-0.010667825099177403,Combined,Equal-weight (1/N),1.1136301602552277
2022-09-30,-0.013114932780618175,Combined,Equal-weight (1/N),1.0990249755610113
2022-10-03,0.03044961830637254,Combined,Equal-weight (1/N),1.1324898665760144
2022-10-04,0.028877504211823037,Combined,Equal-weight (1/N),1.1651933474679101
2022-10-05,-0.0032666765950058975,Combined,Equal-weight (1/N),1.1613870376310802
2022-10-06,-0.01014103543629885,Combined,Equal-weight (1/N),1.1496093705272052
2022-10-07,-0.02019273182014999,Combined,Equal-weight (1/N),1.1263956168102178
2022-10-10,-0.01231638154478398,Combined,Equal-weight (1/N),1.112522498623211
2022-10-11,-0.005831707058143753,Combined,Equal-weight (1/N),1.1060345933156464
2022-10-12,-0.004097933364832381,Combined,Equal-weight (1/N),1.1015021372530394
2022-10-13,0.02235174298992487,Combined,Equal-weight (1/N),1.1261226299277722
2022-10-14,-0.015141824641345801,Combined,Equal-weight (1/N),1.1090710785407547
2022-10-17,0.018351143299918795,Combined,Equal-weight (1/N),1.1294238008328517
2022-10-18,0.0074877205933226824,Combined,Equal-weight (1/N),1.1378806106849364
2022-10-19,-0.009797062066869849,Combined,Equal-weight (1/N),1.1267327237173683
2022-10-20,-0.0035544299979239327,Combined,Equal-weight (1/N),1.1227278311245448
2022-10-21,0.022855399973065585,Combined,Equal-weight (1/N),1.1483882247657886
2022-10-24,0.00407982465062754,Combined,Equal-weight (1/N),1.1530734473536783
2022-10-25,0.0212580757744552,Combined,Equal-weight (1/N),1.1775855700710351
2022-10-26,0.007800824134907795,Combined,Equal-weight (1/N),1.1867717080069646
2022-10-27,-0.0031906261776496144,Combined,Equal-weight (1/N),1.1829851631285035
2022-10-28,0.0228698728576713,Combined,Equal-weight (1/N),1.210039883401764
2022-10-31,-0.0061729949685833604,Combined,Equal-weight (1/N),1.2025703132897398
2022-11-01,0.0011665474279613673,Combined,Equal-weight (1/N),1.2039731685956507
2022-11-02,-0.01667164133563183,Combined,Equal-weight (1/N),1.1839009597510999
2022-11-03,0.0007802362265033826,Combined,Equal-weight (1/N),1.18482468216849
2022-11-04,0.02701595276648823,Combined,Equal-weight (1/N),1.2168338498185234
2022-11-07,0.0063108755608462545,Combined,Equal-weight (1/N),1.2245131368229536
2022-11-08,-0.014596263292338443,Combined,Equal-weight (1/N),1.2066398206729585
2022-11-09,-0.04063839833182055,Combined,Equal-weight (1/N),1.1576039109974143
2022-11-10,0.06424290176374234,Combined,Equal-weight (1/N),1.231971745332945
2022-11-11,0.007320612077648076,Combined,Equal-weight (1/N),1.2409905325711506
2022-11-14,-0.0039864215252707665,Combined,Equal-weight (1/N),1.2360434211994518
2022-11-15,0.01056423338879462,Combined,Equal-weight (1/N),1.2491012723796868
2022-11-16,-0.012083712587783686,Combined,Equal-weight (1/N),1.2340074916112158
2022-11-17,-0.0007720131980038527,Combined,Equal-weight (1/N),1.2330548215412562
2022-11-18,0.004472640588719125,Combined,Equal-weight (1/N),1.2385698325841976
2022-11-21,-0.0015233819110134056,Combined,Equal-weight (1/N),1.236683017705712
2022-11-22,0.018863512263259972,Combined,Equal-weight (1/N),1.260011202975969
2022-11-23,0.010506031786719203,Combined,Equal-weight (1/N),1.2732489207260567
2022-11-25,-0.0010043940441359482,Combined,Equal-weight (1/N),1.2719700770933768
2022-11-28,-0.018296740717162984,Combined,Equal-weight (1/N),1.2486971703928094
2022-11-29,0.006186443576615543,Combined,Equal-weight (1/N),1.2564221649817238
2022-11-30,0.025568178571001392,Combined,Equal-weight (1/N),1.2885465912565406
2022-12-01,-0.003572930901665892,Combined,Equal-weight (1/N),1.2839427033224038
2022-12-02,0.0026965231029986254,Combined,Equal-weight (1/N),1.2874048844848394
2022-12-05,-0.014667707926401026,Combined,Equal-weight (1/N),1.2685216056561937
2022-12-06,-0.009151359407889487,Combined,Equal-weight (1/N),1.2569129085261608
2022-12-07,-0.004211508569810514,Combined,Equal-weight (1/N),1.2516194090403974
2022-12-08,0.009462453078259648,Combined,Equal-weight (1/N),1.2634627989702811
2022-12-09,-0.009380742643873303,Combined,Equal-weight (1/N),1.251610579613033
2022-12-12,0.01327526943610336,Combined,Equal-weight (1/N),1.2682260472864735
2022-12-13,0.011124259923503917,Combined,Equal-weight (1/N),1.2823341234782462
2022-12-14,-0.009124198822031837,Combined,Equal-weight (1/N),1.2706338519793547
2022-12-15,-0.02185459941049559,Combined,Equal-weight (1/N),1.242864658146931
2022-12-16,-0.021433041196333942,Combined,Equal-weight (1/N),1.2162262887274002
2022-12-19,-0.010408435670843739,Combined,Equal-weight (1/N),1.2035672756399922
2022-12-20,0.008289737527466146,Combined,Equal-weight (1/N),1.2135445324516954
2022-12-21,0.014351999990703962,Combined,Equal-weight (1/N),1.230961323570161
2022-12-22,-0.008706915394914166,Combined,Equal-weight (1/N),1.220243447471424
2022-12-23,0.00625381607187632,Combined,Equal-weight (1/N),1.2278746255548227
2022-12-27,-0.001280774201587515,Combined,Equal-weight (1/N),1.226301995411628
2022-12-28,-0.014904028652020848,Combined,Equal-weight (1/N),1.2080251553359829
2022-12-29,0.01109696892567061,Combined,Equal-weight (1/N),1.2214305729461747
2022-12-30,-0.0016157088693379692,Combined,Equal-weight (1/N),1.219457096736185
2023-01-03,0.001424910863188169,Combined,Equal-weight (1/N),1.2211947144005162
2023-01-04,0.021577846306090324,Combined,Equal-weight (1/N),1.2475454662576604
2023-01-05,-0.008337131130038955,Combined,Equal-weight (1/N),1.2371445161147847
2023-01-06,0.02362356852219076,Combined,Equal-weight (1/N),1.2663702843630749
2023-01-09,0.004542415255479524,Combined,Equal-weight (1/N),1.2721226640618517
2023-01-10,0.007496925307921915,Combined,Equal-weight (1/N),1.2816596726568381
2023-01-11,0.013092994763392849,Combined,Equal-weight (1/N),1.298440436039386
2023-01-12,0.010497422961632492,Combined,Equal-weight (1/N),1.312070714486978
2023-01-13,0.008842389638227876,Combined,Equal-weight (1/N),1.32367255497738
2023-01-17,-0.0042565454493123465,Combined,Equal-weight (1/N),1.3180382825871115
2023-01-18,-0.020821729268868744,Combined,Equal-weight (1/N),1.2905944463010781
2023-01-19,-0.002215284387253594,Combined,Equal-weight (1/N),1.287735412573911
2023-01-20,0.0245530338044525,Combined,Equal-weight (1/N),1.3193532236900287
2023-01-23,0.013565206495896681,Combined,Equal-weight (1/N),1.337250522610411
2023-01-24,-0.010302190446947627,Combined,Equal-weight (1/N),1.3234739130511983
2023-01-25,0.007334892725346272,Combined,Equal-weight (1/N),1.333181452228223
2023-01-26,0.00683795956208914,Combined,Equal-weight (1/N),1.3422976930874868
2023-01-27,0.0010247014561087647,Combined,Equal-weight (1/N),1.343673147488125
2023-01-30,-0.017609592435152456,Combined,Equal-weight (1/N),1.3200116109948006
2023-01-31,0.013446790531768012,Combined,Equal-weight (1/N),1.3377615306273494
2023-02-01,0.009731505056982967,Combined,Equal-weight (1/N),1.3507799637276867
2023-02-02,-0.00031658184958853204,Combined,Equal-weight (1/N),1.3503523313083827
2023-02-03,-0.00843629509293951,Combined,Equal-weight (1/N),1.3389603605620264
2023-02-06,-0.006955920478255129,Combined,Equal-weight (1/N),1.3296466587704212
2023-02-07,0.0155204536505037,Combined,Equal-weight (1/N),1.3502833781094148
2023-02-08,-0.01054356158776204,Combined,Equal-weight (1/N),1.3360465821513867
2023-02-09,-0.018081240640713918,Combined,Equal-weight (1/N),1.311889202392304
2023-02-10,0.005848146581872967,Combined,Equal-weight (1/N),1.3195613227470706
2023-02-13,0.006847272023867134,Combined,Equal-weight (1/N),1.3285967180760936
2023-02-14,0.004566798574443217,Combined,Equal-weight (1/N),1.3346641516742135
2023-02-15,0.011133095782415996,Combined,Equal-weight (1/N),1.3495230955121595
2023-02-16,-0.019444903854261387,Combined,Equal-weight (1/N),1.3232817486708204
2023-02-17,0.005975289632497063,Combined,Equal-weight (1/N),1.331188740384526
2023-02-21,-0.018026190903352318,Combined,Equal-weight (1/N),1.3071924780219613
2023-02-22,-0.005777713031364514,Combined,Equal-weight (1/N),1.2996398950071921
2023-02-23,0.0026418552066099343,Combined,Equal-weight (1/N),1.3030733554305347
2023-02-24,-0.013898130275132451,Combined,Equal-weight (1/N),1.284963072178707
2023-02-27,0.0007153760494190717,Combined,Equal-weight (1/N),1.2858823039849319
2023-02-28,-0.005776214328606234,Combined,Equal-weight (1/N),1.2784547721957529
2023-03-01,0.003474361581112662,Combined,Equal-weight (1/N),1.28289658633946
2023-03-02,0.008197848482987158,Combined,Equal-weight (1/N),1.2934135781736122
2023-03-03,0.007156371150729756,Combined,Equal-weight (1/N),1.3026697257904158
2023-03-06,-0.0022105989138766066,Combined,Equal-weight (1/N),1.2997900455094435
2023-03-07,-0.015793449559711775,Combined,Equal-weight (1/N),1.2792618769874746
2023-03-08,-0.001745860235526817,Combined,Equal-weight (1/N),1.2770284645456167
2023-03-09,-0.02406752976006372,Combined,Equal-weight (1/N),1.2462935439707166
2023-03-10,-0.011654437713488404,Combined,Equal-weight (1/N),1.2317686934897871
2023-03-13,0.003896627683151666,Combined,Equal-weight (1/N),1.236568437480079
2023-03-14,0.015434487767515185,Combined,Equal-weight (1/N),1.2556542379020605
2023-03-15,-0.015733653075184057,Combined,Equal-weight (1/N),1.235898209740525
2023-03-16,0.01507234093119996,Combined,Equal-weight (1/N),1.2545260889139938
2023-03-17,0.0006654306063400327,Combined,Equal-weight (1/N),1.2553608889700092
2023-03-20,0.003296341301933905,Combined,Equal-weight (1/N),1.2594989869171536
2023-03-21,0.01820000624079872,Combined,Equal-weight (1/N),1.2824218763393256
2023-03-22,-0.024900709250967747,Combined,Equal-weight (1/N),1.2504886620595195
2023-03-23,0.009553968137143562,Combined,Equal-weight (1/N),1.2624357908926953
2023-03-24,0.0017582217101399045,Combined,Equal-weight (1/N),1.2646554329079005
2023-03-27,5.056430159389516e-05,Combined,Equal-weight (1/N),1.2647193793266225
2023-03-28,0.006270288870840618,Combined,Equal-weight (1/N),1.2726495351755507
2023-03-29,0.01803999935718807,Combined,Equal-weight (1/N),1.2956081319720432
2023-03-30,0.00408034399284598,Combined,Equal-weight (1/N),1.3008946588304178
2023-03-31,0.014052401270395523,Combined,Equal-weight (1/N),1.319175352586817
2023-04-03,0.005473537217209085,Combined,Equal-weight (1/N),1.3263959079752259
2023-04-04,-0.0028597975805733193,Combined,Equal-weight (1/N),1.322602684166716
2023-04-05,0.003963165046574712,Combined,Equal-weight (1/N),1.3278443768951116
2023-04-06,-0.001738571975603477,Combined,Equal-weight (1/N),1.3255358238734791
2023-04-10,0.006668235918680416,Combined,Equal-weight (1/N),1.33437480946573
2023-04-11,0.0027582739087814593,Combined,Equal-weight (1/N),1.3380553806872144
2023-04-12,-0.0025137734982581795,Combined,Equal-weight (1/N),1.334691812532041
2023-04-13,0.009797738614448784,Combined,Equal-weight (1/N),1.347768774042075
2023-04-14,-0.0021518481613174117,Combined,Equal-weight (1/N),1.3448685802837714
2023-04-17,-0.00017898754494422318,Combined,Equal-weight (1/N),1.3446278655583137
2023-04-18,0.003695547562765031,Combined,Equal-weight (1/N),1.3495970017897039
2023-04-19,-0.01037755217078172,Combined,Equal-weight (1/N),1.3355914884941007
2023-04-20,-0.008598427396778796,Combined,Equal-weight (1/N),1.3241075020485285
2023-04-21,-0.0066522825563346604,Combined,Equal-weight (1/N),1.3152991648099392
2023-04-24,0.0006551150759545675,Combined,Equal-weight (1/N),1.3161608371221967
2023-04-25,-0.009822316580608257,Combined,Equal-weight (1/N),1.303233088708984
2023-04-26,-0.012743349436160532,Combined,Equal-weight (1/N),1.2866255340627986
2023-04-27,0.014505228032548464,Combined,Equal-weight (1/N),1.3052883308268788
2023-04-28,0.008237788794501655,Combined,Equal-weight (1/N),1.316041020412158
2023-05-01,-0.005701460638165661,Combined,Equal-weight (1/N),1.3085376643360667
2023-05-02,-0.011747208359544011,Combined,Equal-weight (1/N),1.2931659997468
2023-05-03,-0.00897044219480856,Combined,Equal-weight (1/N),1.2815657288977793
2023-05-04,-0.006272280245434501,Combined,Equal-weight (1/N),1.273527389493188
2023-05-05,0.017790757893055016,Combined,Equal-weight (1/N),1.2961844069498356
2023-05-08,-0.006565942383559854,Combined,Equal-weight (1/N),1.2876737348153342
2023-05-09,-0.0009591240054541959,Combined,Equal-weight (1/N),1.28643869602508
2023-05-10,-0.0017262503055987337,Combined,Equal-weight (1/N),1.2842179808329326
2023-05-11,-0.01099856486143688,Combined,Equal-weight (1/N),1.270093426074518
2023-05-12,0.0003923147950569166,Combined,Equal-weight (1/N),1.2705917025166715
2023-05-15,0.005038405708650574,Combined,Equal-weight (1/N),1.2769934590039955
2023-05-16,-0.011631774933750446,Combined,Equal-weight (1/N),1.2621397584969896
2023-05-17,0.01256814166987443,Combined,Equal-weight (1/N),1.278002509788961
2023-05-18,0.003073199291981781,Combined,Equal-weight (1/N),1.281930066197195
2023-05-19,-0.0015513905797365339,Combined,Equal-weight (1/N),1.2799412919686157
2023-05-22,0.0021126444487768858,Combined,Equal-weight (1/N),1.2826453528338535
2023-05-23,-0.004500023913253846,Combined,Equal-weight (1/N),1.2768734180738772
2023-05-24,-0.012668313780372566,Combined,Equal-weight (1/N),1.2606975849559006
2023-05-25,0.0014412299486323901,Combined,Equal-weight (1/N),1.2625145400715074
2023-05-26,0.01004912496754094,Combined,Equal-weight (1/N),1.2752017064580234
2023-05-30,0.0003605499633835648,Combined,Equal-weight (1/N),1.2756614803865935
2023-05-31,-0.006696212824183308,Combined,Equal-weight (1/N),1.2671193796223121
2023-06-01,0.003122756880351518,Combined,Equal-weight (1/N),1.2710762853832545
2023-06-02,0.02128275104364482,Combined,Equal-weight (1/N),1.298128285522547
2023-06-05,-0.014304147821427552,Combined,Equal-weight (1/N),1.2795596666352562
2023-06-06,0.009172227573481833,Combined,Equal-weight (1/N),1.2912960790914834
2023-06-07,0.0015316519773347981,Combined,Equal-weight (1/N),1.2932738952843483
2023-06-08,0.0043572137670026875,Combined,Equal-weight (1/N),1.2989089661053865
2023-06-09,-0.004144730837880431,Combined,Equal-weight (1/N),1.29352533805797
2023-06-12,0.004500408396145134,Combined,Equal-weight (1/N),1.2993467303499926
2023-06-13,0.006663197524819841,Combined,Equal-weight (1/N),1.3080045342675435
2023-06-14,-0.006748479297363783,Combined,Equal-weight (1/N),1.299177492747181
2023-06-15,0.009369873786270492,Combined,Equal-weight (1/N),1.3113506218801854
2023-06-16,0.002125011142701508,Combined,Equal-weight (1/N),1.3141372565636693
2023-06-20,-0.006671144902549472,Combined,Equal-weight (1/N),1.3053704565032942
2023-06-21,0.008252052759138184,Combined,Equal-weight (1/N),1.3161424423805796
2023-06-22,-0.005417455296094482,Combined,Equal-weight (1/N),1.3090122995356903
2023-06-23,0.007775744277373209,Combined,Equal-weight (1/N),1.319190844432816
2023-06-26,0.008146444805190996,Combined,Equal-weight (1/N),1.3299375598345011
2023-06-27,0.010101255284288846,Combined,Equal-weight (1/N),1.3433715986385537
2023-06-28,-0.008358012784749704,Combined,Equal-weight (1/N),1.332143681642463
2023-06-29,0.011886076866978661,Combined,Equal-weight (1/N),1.3479776438403253
2023-06-30,0.026428017492046516,Combined,Equal-weight (1/N),1.3836020205906252
2023-07-03,0.003877257598172459,Combined,Equal-weight (1/N),1.388966602037807
2023-07-05,-0.006054391780700198,Combined,Equal-weight (1/N),1.3805572540587623
2023-07-06,-0.014157623960629731,Combined,Equal-weight (1/N),1.3610118435996788
2023-07-07,0.003407494681015789,Combined,Equal-weight (1/N),1.3656494842175442
2023-07-10,0.005987818875117202,Combined,Equal-weight (1/N),1.3738267459759361
2023-07-11,0.011998215886061805,Combined,Equal-weight (1/N),1.3903102158642013
2023-07-12,0.006223740308397322,Combined,Equal-weight (1/N),1.398963145595852
2023-07-13,0.035538371920576545,Combined,Equal-weight (1/N),1.4486800181672173
2023-07-14,-0.017871205378667473,Combined,Equal-weight (1/N),1.4227903600345793
2023-07-17,-0.0036224395871024126,Combined,Equal-weight (1/N),1.4176363879102423
2023-07-18,0.0055988923662494035,Combined,Equal-weight (1/N),1.4255735814606303
2023-07-19,0.010870329992811501,Combined,Equal-weight (1/N),1.4410700367201414
2023-07-20,0.001222814466817477,Combined,Equal-weight (1/N),1.44283219800874
2023-07-21,0.0025546112327882163,Combined,Equal-weight (1/N),1.4465180733488014
2023-07-24,-0.0027657687744185233,Combined,Equal-weight (1/N),1.4425173388299013
2023-07-25,0.0028540068496084483,Combined,Equal-weight (1/N),1.4466342931956007
2023-07-26,0.004721951529379689,Combined,Equal-weight (1/N),1.4534652302088087
2023-07-27,-0.0033061844101043153,Combined,Equal-weight (1/N),1.4486598061240636
2023-07-28,0.004861743914619558,Combined,Equal-weight (1/N),1.4557028191208412
2023-07-31,0.000313929558904488,Combined,Equal-weight (1/N),1.456159807264744
2023-08-01,-0.001676767319656945,Combined,Equal-weight (1/N),1.4537181660877245
2023-08-02,-0.017682873787711904,Combined,Equal-weight (1/N),1.4280122512338913
2023-08-03,-0.007006023077331101,Combined,Equal-weight (1/N),1.4180075644470351
2023-08-04,-0.0030713866165439784,Combined,Equal-weight (1/N),1.4136523149914344
2023-08-07,0.007938148797194558,Combined,Equal-weight (1/N),1.4248740974153349
2023-08-08,-0.000470288117785667,Combined,Equal-weight (1/N),1.4242039960579798
2023-08-09,-0.001972246391196174,Combined,Equal-weight (1/N),1.4213951148664272
2023-08-10,-0.0008371069219845787,Combined,Equal-weight (1/N),1.4202052551768976
2023-08-11,0.0010559489054877164,Combined,Equal-weight (1/N),1.4217049193616695
2023-08-14,0.001580265790563744,Combined,Equal-weight (1/N),1.423951591010013
2023-08-15,-0.015531967440824506,Combined,Equal-weight (1/N),1.4018348212611351
2023-08-16,-0.013079900370537429,Combined,Equal-weight (1/N),1.3834989614630893
2023-08-17,-0.017546229673732358,Combined,Equal-weight (1/N),1.3592237709318877
2023-08-18,0.0023248234226341193,Combined,Equal-weight (1/N),1.3623837261911511
2023-08-21,-0.0020173833045386766,Combined,Equal-weight (1/N),1.3596352760075578
2023-08-22,-0.006287204764311435,Combined,Equal-weight (1/N),1.3510869706225173
2023-08-23,0.01066044120790572,Combined,Equal-weight (1/N),1.365490153839606
2023-08-24,-0.012189576307120102,Combined,Equal-weight (1/N),1.348845407412757
2023-08-25,0.003943689414144299,Combined,Equal-weight (1/N),1.3541648347672877
2023-08-28,0.0061684492110127736,Combined,Equal-weight (1/N),1.3625179317738891
2023-08-29,0.018003183464310304,Combined,Equal-weight (1/N),1.3870475920730272
2023-08-30,-0.0019844834195806697,Combined,Equal-weight (1/N),1.384295019124389
2023-08-31,-0.008033212263134347,Combined,Equal-weight (1/N),1.3731746834009633
2023-09-01,0.0012194401811214356,Combined,Equal-weight (1/N),1.374849187785601
2023-09-05,-0.00749634904856531,Combined,Equal-weight (1/N),1.3645428383848237
2023-09-06,-0.0032520573177904806,Combined,Equal-weight (1/N),1.3601052668618159
2023-09-07,0.0010731399332673756,Combined,Equal-weight (1/N),1.3615648501371325
2023-09-08,0.0013473272911345296,Combined,Equal-weight (1/N),1.363399323618372
2023-09-11,-0.00315758541558392,Combined,Equal-weight (1/N),1.3590942737984975
2023-09-12,0.00523968644675854,Combined,Equal-weight (1/N),1.3662155016447866
2023-09-13,0.000913043556767791,Combined,Equal-weight (1/N),1.3674629159057194
2023-09-14,0.01282120276044659,Combined,Equal-weight (1/N),1.3849954352179383
2023-09-15,-0.005749318547693783,Combined,Equal-weight (1/N),1.3770326552737686
2023-09-18,0.0032098002317065017,Combined,Equal-weight (1/N),1.3814526550097337
2023-09-19,-0.0015341090725698597,Combined,Equal-weight (1/N),1.3793333559583574
2023-09-20,-0.006168549932764768,Combined,Equal-weight (1/N),1.3708248692782004
2023-09-21,-0.018634865428599948,Combined,Equal-weight (1/N),1.345279732313023
2023-09-22,-0.002614743887827872,Combined,Equal-weight (1/N),1.3417621703555387
2023-09-25,0.0032521572242449675,Combined,Equal-weight (1/N),1.3461257918910792
2023-09-26,-0.010399747698289614,Combined,Equal-weight (1/N),1.3321264232852517
2023-09-27,0.0006402958683797821,Combined,Equal-weight (1/N),1.3329793783302408
2023-09-28,0.007786180332635635,Combined,Equal-weight (1/N),1.3433581961496046
2023-09-29,-0.00031391070100898766,Combined,Equal-weight (1/N),1.342936501636545
2023-10-02,-0.015670879792627778,Combined,Equal-weight (1/N),1.3218915051502667
2023-10-03,-0.007303737467810603,Combined,Equal-weight (1/N),1.31223675663572
2023-10-04,0.0001697075817244961,Combined,Equal-weight (1/N),1.3124594531623386
2023-10-05,-0.0033395149901160872,Combined,Equal-weight (1/N),1.3080764751445835
2023-10-06,0.01042545630167468,Combined,Equal-weight (1/N),1.321713769275452
2023-10-09,0.0021487898160614002,Combined,Equal-weight (1/N),1.3245538543626192
2023-10-10,0.005695234832265446,Combined,Equal-weight (1/N),1.3320974996111965
2023-10-11,0.001439849268903089,Combined,Equal-weight (1/N),1.3340155192221195
2023-10-12,-0.008207640861943996,Combined,Equal-weight (1/N),1.3230663989360845
2023-10-13,0.001800937738675463,Combined,Equal-weight (1/N),1.3254491591447017
2023-10-16,0.013137942420117437,Combined,Equal-weight (1/N),1.342862833878338
2023-10-17,-0.0006917087826885201,Combined,Equal-weight (1/N),1.3419339638621983
2023-10-18,-0.013077910958333716,Combined,Equal-weight (1/N),1.3243842709708447
2023-10-19,-0.005176034348267214,Combined,Equal-weight (1/N),1.3175292124939948
2023-10-20,-0.004201803240117234,Combined,Equal-weight (1/N),1.3119932139799884
2023-10-23,0.003924553753978006,Combined,Equal-weight (1/N),1.3171422018731072
2023-10-24,0.008855076247597855,Combined,Equal-weight (1/N),1.3288055964996224
2023-10-25,-0.009434401062925514,Combined,Equal-weight (1/N),1.316269111567585
2023-10-26,-0.001991121577020202,Combined,Equal-weight (1/N),1.3136482597383776
2023-10-27,-0.010344366523265706,Combined,Equal-weight (1/N),1.3000594006569937
2023-10-30,0.01025101970249221,Combined,Equal-weight (1/N),1.3133863351875388
2023-10-31,0.0065206226520737615,Combined,Equal-weight (1/N),1.3219504318756867
2023-11-01,0.0074731466890766395,Combined,Equal-weight (1/N),1.331829561368782
2023-11-02,0.01961090539855488,Combined,Equal-weight (1/N),1.3579479449037841
2023-11-03,0.011714272862667264,Combined,Equal-weight (1/N),1.3738553176636854
2023-11-06,0.0012484544929962853,Combined,Equal-weight (1/N),1.3755705135077494
2023-11-07,-0.005639437662915311,Combined,Equal-weight (1/N),1.367813069345878
2023-11-08,0.000663186920504377,Combined,Equal-weight (1/N),1.3687201850831632
2023-11-09,-0.004291326168093748,Combined,Equal-weight (1/N),1.3628465603361175
2023-11-10,0.011748119038008459,Combined,Equal-weight (1/N),1.3788574439574866
2023-11-13,-0.0037429271509211845,Combined,Equal-weight (1/N),1.3736964809932484
2023-11-14,0.015042690533108177,Combined,Equal-weight (1/N),1.3943605720432497
2023-11-15,0.011370312341051448,Combined,Equal-weight (1/N),1.4102148872634286
2023-11-16,-0.004645276579931256,Combined,Equal-weight (1/N),1.4036640490749532
2023-11-17,0.002278354508147589,Combined,Equal-weight (1/N),1.4068620933890876
2023-11-20,0.0018547464294218286,Combined,Equal-weight (1/N),1.40947146583349
2023-11-21,-0.010679648038462575,Combined,Equal-weight (1/N),1.3944188066581324
2023-11-22,0.008774662838357653,Combined,Equal-weight (1/N),1.4066543615420226
2023-11-24,0.0037157355269466317,Combined,Equal-weight (1/N),1.4118811171273387
2023-11-27,-0.0033956296229704494,Combined,Equal-weight (1/N),1.4070868917819084
2023-11-28,0.0033733926529285227,Combined,Equal-weight (1/N),1.4118335483646773
2023-11-29,0.003913315418092788,Combined,Equal-weight (1/N),1.4173584983572736
2023-11-30,0.004693887794526763,Combined,Equal-weight (1/N),1.4240114201131817
2023-12-01,0.01043124393858339,Combined,Equal-weight (1/N),1.438865630607711
2023-12-04,0.0026272127782617626,Combined,Equal-weight (1/N),1.4426458367786454
2023-12-05,-0.0011892830860376466,Combined,Equal-weight (1/N),1.440930122485822
2023-12-06,-0.0003529058806410262,Combined,Equal-weight (1/N),1.440421609772004
2023-12-07,0.008169124287219009,Combined,Equal-weight (1/N),1.4521885929282277
2023-12-08,0.011199976001627462,Combined,Equal-weight (1/N),1.468453070318861
2023-12-11,-0.006655269270754142,Combined,Equal-weight (1/N),1.4586801197244232
2023-12-12,0.0020715127998191417,Combined,Equal-weight (1/N),1.4617017942632742
2023-12-13,0.0231688171403776,Combined,Equal-weight (1/N),1.495567695848322
2023-12-14,0.012722580266266829,Combined,Equal-weight (1/N),1.5145951759023881
2023-12-15,-0.009637332445956923,Combined,Equal-weight (1/N),1.4999985186711742
2023-12-18,-0.0006932231056585058,Combined,Equal-weight (1/N),1.4989586850395777
2023-12-19,0.004221252456811316,Combined,Equal-weight (1/N),1.5052861680714595
2023-12-20,-0.009156585546862462,Combined,Equal-weight (1/N),1.4915028865010045
2023-12-21,0.011941213180798188,Combined,Equal-weight (1/N),1.5093132404284888
2023-12-22,0.004243675462445159,Combined,Equal-weight (1/N),1.5157182759920387
2023-12-26,0.001531323333259299,Combined,Equal-weight (1/N),1.5180393307547126
2023-12-27,0.010330503028107781,Combined,Equal-weight (1/N),1.533721440657861
2023-12-28,-0.0006514886312369279,Combined,Equal-weight (1/N),1.5327222385757882
2023-12-29,-0.005893460689153147,Combined,Equal-weight (1/N),1.5236892003153508
2021-01-04,0.003655507505075803,Combined,Minimum-variance,1.0036555075050757
2021-01-05,0.0011308413203732998,Combined,Minimum-variance,1.0047904826243825
2021-01-06,0.006448085357157845,Combined,Minimum-variance,1.0112694574224044
2021-01-07,0.006117852789940292,Combined,Minimum-variance,1.0174562550938775
2021-01-08,-0.0027340027955430665,Combined,Minimum-variance,1.014674526848108
2021-01-11,0.00022744458938109838,Combined,Minimum-variance,1.0149053090792226
2021-01-12,0.0013557128076551739,Combined,Minimum-variance,1.0162812292052985
2021-01-13,-0.0017393414384414751,Combined,Minimum-variance,1.0145135691502316
2021-01-14,0.0040040651589425035,Combined,Minimum-variance,1.0185757475857404
2021-01-15,-0.005382620627591034,Combined,Minimum-variance,1.0130931407560215
2021-01-19,0.010193916600324975,Combined,Minimum-variance,1.0234205277412496
2021-01-20,0.015019951045162057,Combined,Minimum-variance,1.038792253966537
2021-01-21,-0.009557839100675201,Combined,Minimum-variance,1.028863644744097
2021-01-22,-0.0005133563222068625,Combined,Minimum-variance,1.0283354710873789
2021-01-25,0.0034756828824708667,Combined,Minimum-variance,1.0319096390816749
2021-01-26,-0.0023697253593664815,Combined,Minimum-variance,1.0294642966413683
2021-01-27,-0.021792107790076745,Combined,Minimum-variance,1.007030099722924
2021-01-28,0.0005413007788443175,Combined,Minimum-variance,1.0075752059002239
2021-01-29,-0.010213974805687184,Combined,Minimum-variance,0.9972838581323239
2021-02-01,0.0009397127175688393,Combined,Minimum-variance,0.9982210184568369
2021-02-02,0.006267637684105499,Combined,Minimum-variance,1.004477506129183
2021-02-03,-0.0026550414655376934,Combined,Minimum-variance,1.0018105766992103
2021-02-04,0.002424922528837147,Combined,Minimum-variance,1.0042398897362754
2021-02-05,0.014545021267901822,Combined,Minimum-variance,1.018846580290565
2021-02-08,0.0030756551283390113,Combined,Minimum-variance,1.0219802010002266
2021-02-09,-0.0007547885622019657,Combined,Minimum-variance,1.0212088220337148
2021-02-10,-0.007160011856876255,Combined,Minimum-variance,1.0138969547596068
2021-02-11,-0.004816143997057063,Combined,Minimum-variance,1.0090138810273068
2021-02-12,0.004131604348751918,Combined,Minimum-variance,1.0131827271661102
2021-02-16,-0.009103731948476853,Combined,Minimum-variance,1.0039589832031632
2021-02-17,0.006817071375790371,Combined,Minimum-variance,1.0108030432500252
2021-02-18,-0.011526153548008799,Combined,Minimum-variance,0.9991523721667309
2021-02-19,-0.0072475479913011506,Combined,Minimum-variance,0.9919109673988302
2021-02-22,0.0015910667537195654,Combined,Minimum-variance,0.9934891639617083
2021-02-23,-0.006750645438703484,Combined,Minimum-variance,0.9867824708686088
2021-02-24,-0.0007599704905980951,Combined,Minimum-variance,0.9860325453101092
2021-02-25,-0.008903250773859162,Combined,Minimum-variance,0.9772536502880267
2021-02-26,-0.017571292539551597,Combined,Minimum-variance,0.9600820405134711
2021-03-01,0.00880948844375533,Combined,Minimum-variance,0.9685398721544315
2021-03-02,0.004820031361209518,Combined,Minimum-variance,0.9732082647127976
2021-03-03,-0.01265164463681424,Combined,Minimum-variance,0.9608955795900407
2021-03-04,-0.0036634110155964773,Combined,Minimum-variance,0.9573754241389325
2021-03-05,0.014848734596719183,Combined,Minimum-variance,0.971591237721393
2021-03-08,-0.004733415811096801,Combined,Minimum-variance,0.9669922923948395
2021-03-09,0.006615536998791312,Combined,Minimum-variance,0.9733894656827236
2021-03-10,0.009891944192083299,Combined,Minimum-variance,0.9830181799544189
2021-03-11,7.35391562832761e-05,Combined,Minimum-variance,0.9830904702819839
2021-03-12,0.005272804698273584,Combined,Minimum-variance,0.9882741143325147
2021-03-15,0.014348065797793828,Combined,Minimum-variance,1.0024539363512142
2021-03-16,0.004559464643793731,Combined,Minimum-variance,1.0070245896310392
2021-03-17,-0.007751523171554616,Combined,Minimum-variance,0.999218615190189
2021-03-18,-0.007131974048490478,Combined,Minimum-variance,0.9920922139578838
2021-03-19,-0.0014878994285522518,Combined,Minimum-variance,0.9906160805196648
2021-03-22,0.008120929526480058,Combined,Minimum-variance,0.9986608038973629
2021-03-23,-0.000531981457542486,Combined,Minimum-variance,0.998129534867315
2021-03-24,-0.005508721742414072,Combined,Minimum-variance,0.9926311169968458
2021-03-25,0.0023553306753714975,Combined,Minimum-variance,0.9949690915160366
2021-03-26,0.01686369052539019,Combined,Minimum-variance,1.0117479423576918
2021-03-29,0.010880258593685913,Combined,Minimum-variance,1.0227560216021732
2021-03-30,-0.009978359708699739,Combined,Minimum-variance,1.012550594124388
2021-03-31,0.0008983643204271382,Combined,Minimum-variance,1.0134602334507767
2021-04-01,0.010683622351894004,Combined,Minimum-variance,1.0242876598536272
2021-04-05,0.009620100708823189,Combined,Minimum-variance,1.034141410296224
2021-04-06,-0.0007006028753850619,Combined,Minimum-variance,1.0334168878506158
2021-04-07,-0.002488315858373109,Combined,Minimum-variance,1.0308454202202666
2021-04-08,-0.0005412592880419989,Combined,Minimum-variance,1.0302874655620369
2021-04-09,0.0034844354886245923,Combined,Minimum-variance,1.0338774357705263
2021-04-12,-0.00020245762272193193,Combined,Minimum-variance,1.0336681194026942
2021-04-13,0.005073079049469903,Combined,Minimum-variance,1.0389119994833411
2021-04-14,-0.0031481766515696064,Combined,Minimum-variance,1.0356413209835322
2021-04-15,0.012464510364612748,Combined,Minimum-variance,1.0485500829629528
2021-04-16,0.004522032944656838,Combined,Minimum-variance,1.053291660982234
2021-04-19,-0.0028927762528493167,Combined,Minimum-variance,1.0502447238780204
2021-04-20,0.00754632092653229,Combined,Minimum-variance,1.0581702076158013
2021-04-21,0.007365001410611954,Combined,Minimum-variance,1.0659636326875592
2021-04-22,-0.007182033621959999,Combined,Minimum-variance,1.0583078460378106
2021-04-23,0.0033903766745066273,Combined,Minimum-variance,1.0618959082734647
2021-04-26,-0.005482813823816942,Combined,Minimum-variance,1.0560737307081283
2021-04-27,-0.005794547702897304,Combined,Minimum-variance,1.0499542610977632
2021-04-28,-0.00010988837150958464,Combined,Minimum-variance,1.0498388833338517
2021-04-29,-0.0005391335973887943,Combined,Minimum-variance,1.0492728799200013
2021-04-30,-0.001779309696972297,Combined,Minimum-variance,1.0474058985099897
2021-05-03,0.015956444352350403,Combined,Minimum-variance,1.0641187724438879
2021-05-04,-0.006220972528666163,Combined,Minimum-variance,1.0574989187932764
2021-05-05,0.007050217740812851,Combined,Minimum-variance,1.0649545164314433
2021-05-06,0.008903320984253308,Combined,Minimum-variance,1.0744361483248628
2021-05-07,0.0017712398156392044,Combined,Minimum-variance,1.076339232410138
2021-05-10,0.005771585498330933,Combined,Minimum-variance,1.082551416315201
2021-05-11,-0.006627077994016217,Combined,Minimum-variance,1.0753772636467476
2021-05-12,-0.012131606239793463,Combined,Minimum-variance,1.0623312101249587
2021-05-13,0.014413054321438126,Combined,Minimum-variance,1.0776426475638488
2021-05-14,0.004910141732395982,Combined,Minimum-variance,1.0829340257002618
2021-05-17,0.008948410152600225,Combined,Minimum-variance,1.0926245635304344
2021-05-18,0.003438115101534897,Combined,Minimum-variance,1.0963811325426163
2021-05-19,-0.0009905661704758427,Combined,Minimum-variance,1.0952950944827715
2021-05-20,0.008160359136730232,Combined,Minimum-variance,1.10423309581445
2021-05-21,-0.006033729703172228,Combined,Minimum-variance,1.0975704517850084
2021-05-24,0.0005825806976780245,Combined,Minimum-variance,1.0982098751445601
2021-05-25,-0.00576193755932333,Combined,Minimum-variance,1.0918820584169449
2021-05-26,0.0007739972291202735,Combined,Minimum-variance,1.0927271721046858
2021-05-27,-0.005349862464337472,Combined,Minimum-variance,1.0868812320228813
2021-05-28,0.003252264071102473,Combined,Minimum-variance,1.090416056803345
2021-06-01,-0.0020398149779791807,Combined,Minimum-variance,1.0881918097984484
2021-06-02,-0.002240360401064306,Combined,Minimum-variance,1.0857538679590135
2021-06-03,0.002300808501197584,Combined,Minimum-variance,1.0882519796886216
2021-06-04,0.007565297440260601,Combined,Minimum-variance,1.0964849296049186
2021-06-07,-0.002079900199577327,Combined,Minimum-variance,1.0942043503809997
2021-06-08,-0.004705778398380925,Combined,Minimum-variance,1.0890552671855624
2021-06-09,0.003898222616453533,Combined,Minimum-variance,1.093300647058673
2021-06-10,0.009962693821126294,Combined,Minimum-variance,1.104192866659758
2021-06-11,-0.0007791843553537148,Combined,Minimum-variance,1.1033324968527636
2021-06-14,-0.000280619392858403,Combined,Minimum-variance,1.1030228803573758
2021-06-15,-0.006019399481907823,Combined,Minimum-variance,1.0963833450028202
2021-06-16,-0.011117922597003334,Combined,Minimum-variance,1.0841938398364352
2021-06-17,-0.007197187028945862,Combined,Minimum-variance,1.0763906939955015
2021-06-18,-0.011023544376097124,Combined,Minimum-variance,1.064525053414224
2021-06-21,0.011016679852910839,Combined,Minimum-variance,1.0762525851230913
2021-06-22,-0.0011999697090592316,Combined,Minimum-variance,1.074961114621647
2021-06-23,-0.007335216949756806,Combined,Minimum-variance,1.0670760416333447
2021-06-24,0.0042302553150899876,Combined,Minimum-variance,1.0715900457300693
2021-06-25,0.004656090108512394,Combined,Minimum-variance,1.0765794655423735
2021-06-28,0.0030353193315991846,Combined,Minimum-variance,1.079847228006137
2021-06-29,-0.00125482700741463,Combined,Minimum-variance,1.0784922065405531
2021-06-30,0.009749929647656612,Combined,Minimum-variance,1.0890074296798695
2021-07-01,-0.0014817266068501852,Combined,Minimum-variance,1.0873938183962553
2021-07-02,0.0059576427122582515,Combined,Minimum-variance,1.0938721222537784
2021-07-06,-0.0012271907661979323,Combined,Minimum-variance,1.0925297324859473
2021-07-07,0.002515490058743847,Combined,Minimum-variance,1.0952779801668977
2021-07-08,-0.0071153456029393915,Combined,Minimum-variance,1.0874846988067208
2021-07-09,0.0075851462214920375,Combined,Minimum-variance,1.095733429260805
2021-07-12,-0.0004993814646534482,Combined,Minimum-variance,1.095186240296031
2021-07-13,0.0014194263313155185,Combined,Minimum-variance,1.0967407764832016
2021-07-14,0.0046169491471649724,Combined,Minimum-variance,1.1018043728758469
2021-07-15,0.0003249375124637546,Combined,Minimum-variance,1.1021623904479907
2021-07-16,-0.0030054973612360482,Combined,Minimum-variance,1.0988498442918457
2021-07-19,-0.010700355789051832,Combined,Minimum-variance,1.0870917599991787
2021-07-20,0.004926957941093014,Combined,Minimum-variance,1.0924478153788035
2021-07-21,-0.0024359489410826457,Combined,Minimum-variance,1.0897866682797435
2021-07-22,0.0016785555770549056,Combined,Minimum-variance,1.0916159357695845
2021-07-23,0.008462822994644579,Combined,Minimum-variance,1.1008540882121358
2021-07-26,0.00011003518711096222,Combined,Minimum-variance,1.1009752208977142
2021-07-27,-0.0015614552835386043,Combined,Minimum-variance,1.0992560973219985
2021-07-28,0.0031280888418062157,Combined,Minimum-variance,1.1026946680543188
2021-07-29,-0.000581594129958716,Combined,Minimum-variance,1.1020533473082417
2021-07-30,-0.0038489519262834386,Combined,Minimum-variance,1.0978115969542526
2021-08-02,-0.004214594499708676,Combined,Minimum-variance,1.0931847662360128
2021-08-03,0.003409855434088377,Combined,Minimum-variance,1.0969123682516253
2021-08-04,-0.009437873589821113,Combined,Minimum-variance,1.0865598479809553
2021-08-05,0.0019970517563668868,Combined,Minimum-variance,1.0887297642337634
2021-08-06,-0.005778896221987084,Combined,Minimum-variance,1.082438107912468
2021-08-09,-0.0007121244985872077,Combined,Minimum-variance,1.0816672772176192
2021-08-10,0.007123447549732255,Combined,Minimum-variance,1.0893724773331406
2021-08-11,0.006329884045730618,Combined,Minimum-variance,1.0962680787972696
2021-08-12,0.00415894543267155,Combined,Minimum-variance,1.1008273979165673
2021-08-13,0.003091588092477092,Combined,Minimum-variance,1.1042307027918388
2021-08-16,0.009370756957779214,Combined,Minimum-variance,1.1145781803330188
2021-08-17,0.004718150459401963,Combined,Minimum-variance,1.1198369278865965
2021-08-18,-0.013692843277804236,Combined,Minimum-variance,1.1045031763363475
2021-08-19,0.0025660562011025185,Combined,Minimum-variance,1.1073373935611228
2021-08-20,0.0044139596633104294,Combined,Minimum-variance,1.1122251361499769
2021-08-23,0.002624484763227165,Combined,Minimum-variance,1.1151441540730807
2021-08-24,-0.0049177722973639,Combined,Minimum-variance,1.1096601290446129
2021-08-25,-0.0038727561973439656,Combined,Minimum-variance,1.1053626859029098
2021-08-26,-0.0037066255574967175,Combined,Minimum-variance,1.1012655203210389
2021-08-27,0.0014881411540927012,Combined,Minimum-variance,1.102904358863412
2021-08-30,0.004663923017719366,Combined,Minimum-variance,1.1080482198890582
2021-08-31,0.004951318138676589,Combined,Minimum-variance,1.1135345191387234
2021-09-01,-0.008867692301789102,Combined,Minimum-variance,1.1036600376555805
2021-09-02,0.00487084333231891,Combined,Minimum-variance,1.109035792791142
2021-09-03,0.0019610786174645858,Combined,Minimum-variance,1.1112106991703876
2021-09-07,-0.018136732100968795,Combined,Minimum-variance,1.091056968411804
2021-09-08,0.003689211717815074,Combined,Minimum-variance,1.0950821085644729
2021-09-09,-0.014406587962315847,Combined,Minimum-variance,1.0793057118414804
2021-09-10,-0.0015005907879239984,Combined,Minimum-variance,1.0776861156329374
2021-09-13,-0.0010012535353094315,Combined,Minimum-variance,1.076607078599706
2021-09-14,-0.004411898452819979,Combined,Minimum-variance,1.0718571974953368
2021-09-15,0.002196860664061793,Combined,Minimum-variance,1.0742119184100059
2021-09-16,-0.00751382637282741,Combined,Minimum-variance,1.0661404765674511
2021-09-17,-0.005750221602646545,Combined,Minimum-variance,1.060009932567637
2021-09-20,-0.011007737015808126,Combined,Minimum-variance,1.048341621995788
2021-09-21,-0.0005663138551265295,Combined,Minimum-variance,1.047747931610346
2021-09-22,-0.0023361751030479953,Combined,Minimum-variance,1.045300208978248
2021-09-23,0.0027565532543240494,Combined,Minimum-variance,1.0481816346710526
2021-09-24,0.0005484393689254292,Combined,Minimum-variance,1.0487564987452909
2021-09-27,-0.0027243107685350904,Combined,Minimum-variance,1.045899360122188
2021-09-28,-0.0014931781757703045,Combined,Minimum-variance,1.0443376460236014
2021-09-29,0.00838385396666755,Combined,Minimum-variance,1.0530932203397567
2021-09-30,-0.0048933700047744146,Combined,Minimum-variance,1.047940045563115
2021-10-01,0.004632153985189809,Combined,Minimum-variance,1.0527942652214102
2021-10-04,-0.0006079270717114834,Combined,Minimum-variance,1.0521542430866395
2021-10-05,0.0003082046663448834,Combined,Minimum-variance,1.0524785219340735
2021-10-06,-0.0015063926880772975,Combined,Minimum-variance,1.0508930759842736
2021-10-07,0.010397970803871573,Combined,Minimum-variance,1.0618202315063487
2021-10-08,-4.5611173348617234e-05,Combined,Minimum-variance,1.0617718006397043
2021-10-11,-0.0028299349196774454,Combined,Minimum-variance,1.0587670555443454
2021-10-12,-0.0014569976252208601,Combined,Minimum-variance,1.0572244344587551
2021-10-13,0.003818311787740017,Combined,Minimum-variance,1.0612612469791356
2021-10-14,0.011360564552129629,Combined,Minimum-variance,1.0733177738821156
2021-10-15,-0.0023645546306341743,Combined,Minimum-variance,1.0707798553697407
2021-10-18,-0.004757763003617683,Combined,Minimum-variance,1.0656853385888436
2021-10-19,0.011583853861773357,Combined,Minimum-variance,1.0780300818136912
2021-10-20,0.007910111240901928,Combined,Minimum-variance,1.0865574196818761
2021-10-21,0.004686529720424789,Combined,Minimum-variance,1.0916496033221634
2021-10-22,0.0047735096752356525,Combined,Minimum-variance,1.096860603265589
2021-10-25,0.006371792873023866,Combined,Minimum-variance,1.1038495718401773
2021-10-26,-0.00028729981069908824,Combined,Minimum-variance,1.1035324360671472
2021-10-27,-0.010601054398195166,Combined,Minimum-variance,1.0918338286822267
2021-10-28,0.00888154886251478,Combined,Minimum-variance,1.1015310041814144
2021-10-29,0.0026730226437441575,Combined,Minimum-variance,1.1044754214983774
2021-11-01,0.0039630973572822034,Combined,Minimum-variance,1.1088525651225007
2021-11-02,0.00595586603768178,Combined,Minimum-variance,1.11545674245591
2021-11-03,0.003375042271065325,Combined,Minimum-variance,1.1192214561132434
2021-11-04,0.0033949768514644546,Combined,Minimum-variance,1.1230211870484104
2021-11-05,-0.011719567850024796,Combined,Minimum-variance,1.1098598640497812
2021-11-08,-0.0041595379748813905,Combined,Minimum-variance,1.1052433597984694
2021-11-09,0.0036590342735819533,Combined,Minimum-variance,1.109287483132621
2021-11-10,0.005359390197073005,Combined,Minimum-variance,1.1152325875954576
2021-11-11,0.004934974863007799,Combined,Minimum-variance,1.1207362323816483
2021-11-12,0.0018438201888010255,Combined,Minimum-variance,1.1228026684732342
2021-11-15,-0.005673488685231786,Combined,Minimum-variance,1.1164324602379032
2021-11-16,-0.00963050717176262,Combined,Minimum-variance,1.1056806494227935
2021-11-17,-0.0016876085956159914,Combined,Minimum-variance,1.1038146932548214
2021-11-18,-0.0013084600003868882,Combined,Minimum-variance,1.1023703958808582
2021-11-19,-0.008709684875689749,Combined,Minimum-variance,1.0927690971164465
2021-11-22,-0.000860708520251934,Combined,Minimum-variance,1.0918285414438904
2021-11-23,0.00845899800237286,Combined,Minimum-variance,1.101064316894898
2021-11-24,-0.0017851478132868978,Combined,Minimum-variance,1.0990987543373048
2021-11-26,-0.010375982730636097,Combined,Minimum-variance,1.0876945246430372
2021-11-29,-0.005573594792773178,Combined,Minimum-variance,1.081632156104359
2021-11-30,-0.015785038068238447,Combined,Minimum-variance,1.0645585513444207
2021-12-01,-0.011895914434169364,Combined,Minimum-variance,1.051894653907464
2021-12-02,0.0036544669279596764,Combined,Minimum-variance,1.0557387681318664
2021-12-03,0.012167221388613467,Combined,Minimum-variance,1.068584175452269
2021-12-06,0.012268481177042294,Combined,Minimum-variance,1.0816940802948904
2021-12-07,0.0009752662012221721,Combined,Minimum-variance,1.082749019971464
2021-12-08,0.0013855923101633177,Combined,Minimum-variance,1.0842492686873733
2021-12-09,0.003502255230535242,Combined,Minimum-variance,1.0880465863598376
2021-12-10,0.008496156853766548,Combined,Minimum-variance,1.097290800821756
2021-12-13,0.010710410236036562,Combined,Minimum-variance,1.1090432354467858
2021-12-14,0.0026547342095980054,Combined,Minimum-variance,1.1119874504638496
2021-12-15,0.008476121899508103,Combined,Minimum-variance,1.1214127916447045
2021-12-16,0.012088425115342048,Combined,Minimum-variance,1.1349689061998882
2021-12-17,-0.012402804177963401,Combined,Minimum-variance,1.1208921091082138
2021-12-20,0.003778121798326874,Combined,Minimum-variance,1.125126976019208
2021-12-21,-0.0014614408267622748,Combined,Minimum-variance,1.123482669521162
2021-12-22,0.004837397527832772,Combined,Minimum-variance,1.1289174018092667
2021-12-23,0.0035793044575775064,Combined,Minimum-variance,1.1329581408977996
2021-12-27,0.009624519101325711,Combined,Minimum-variance,1.143862318165873
2021-12-28,0.00477471103700517,Combined,Minimum-variance,1.1493239302012337
2021-12-29,0.003782226935817042,Combined,Minimum-variance,1.1536709341280198
2021-12-30,0.003082670986625933,Combined,Minimum-variance,1.1572273220447697
2021-12-31,-0.0005067858902431161,Combined,Minimum-variance,1.1566408555661536
2022-01-03,-0.002286694274907282,Combined,Minimum-variance,1.1539959715436066
2022-01-04,-0.0025333227160742426,Combined,Minimum-variance,1.151072527334637
2022-01-05,-0.00025129637455004465,Combined,Minimum-variance,1.1507832669816735
2022-01-06,-0.009161200590877305,Combined,Minimum-variance,1.1402407106362293
2022-01-07,0.0030289682477165998,Combined,Minimum-variance,1.1436944635435005
2022-01-10,-0.0019624834253540915,Combined,Minimum-variance,1.1414499821151272
2022-01-11,0.004658823366913855,Combined,Minimum-variance,1.1467677959639684
2022-01-12,0.004078276677943299,Combined,Minimum-variance,1.1514446323212646
2022-01-13,-0.0015262979954317208,Combined,Minimum-variance,1.149687184687102
2022-01-14,-0.0016387310529764319,Combined,Minimum-variance,1.1478031565963462
2022-01-18,-0.0037945900493658205,Combined,Minimum-variance,1.143447714159695
2022-01-19,0.007627021494609754,Combined,Minimum-variance,1.1521688144535533
2022-01-20,-0.013317910001788273,Combined,Minimum-variance,1.1368243338757937
2022-01-21,-0.003584282829393678,Combined,Minimum-variance,1.1327496339358458
2022-01-24,-0.0031061368106450366,Combined,Minimum-variance,1.129231158600633
2022-01-25,-0.006296177036090264,Combined,Minimum-variance,1.122121319311414
2022-01-26,-0.011612035387227949,Combined,Minimum-variance,1.1090912068428067
2022-01-27,0.0013846591203261036,Combined,Minimum-variance,1.110626920097635
2022-01-28,0.008315213198587931,Combined,Minimum-variance,1.1198620197223381
2022-01-31,0.008129713504801454,Combined,Minimum-variance,1.1289661771075892
2022-02-01,0.00103903046093538,Combined,Minimum-variance,1.1301392073549696
2022-02-02,0.008025786140373147,Combined,Minimum-variance,1.1392094629420515
2022-02-03,-0.004449994429080436,Combined,Minimum-variance,1.1341399871784037
2022-02-04,-0.008260356671824145,Combined,Minimum-variance,1.1247715863685321
2022-02-07,0.002321065986940781,Combined,Minimum-variance,1.1273822554407296
2022-02-08,-0.0007597408784535008,Combined,Minimum-variance,1.126525737055628
2022-02-09,0.0011201359526526132,Combined,Minimum-variance,1.1277875990352926
2022-02-10,-0.015844612676822273,Combined,Minimum-variance,1.1099182413468551
2022-02-11,0.0017115542867194977,Combined,Minimum-variance,1.1118179266707404
2022-02-14,-0.004792239360040083,Combined,Minimum-variance,1.1064898290413507
2022-02-15,0.0023175206014590193,Combined,Minimum-variance,1.109054142015459
2022-02-16,-0.0002814552059619762,Combined,Minimum-variance,1.108741992953495
2022-02-17,0.004203798153784603,Combined,Minimum-variance,1.1134029204964964
2022-02-18,-0.005285083748545385,Combined,Minimum-variance,1.1075184928157973
2022-02-22,-0.005485933023961195,Combined,Minimum-variance,1.1014427205414115
2022-02-23,0.002210183749000626,Combined,Minimum-variance,1.1038771113428072
2022-02-24,-0.007745654015488604,Combined,Minimum-variance,1.0953268611627287
2022-02-25,0.021965336331957387,Combined,Minimum-variance,1.1193860840615952
2022-02-28,-0.01097101715991667,Combined,Minimum-variance,1.1071052801247836
2022-03-01,0.0010643931428083952,Combined,Minimum-variance,1.1082836753933154
2022-03-02,0.01052061626151253,Combined,Minimum-variance,1.1199435026510272
2022-03-03,0.00919946873499608,Combined,Minimum-variance,1.1302463878886273
2022-03-04,0.010636754546244697,Combined,Minimum-variance,1.1422685412933784
2022-03-07,-0.005570976772448416,Combined,Minimum-variance,1.1359049897819344
2022-03-08,-0.014353302375460248,Combined,Minimum-variance,1.1196010019938003
2022-03-09,0.005402187669610158,Combined,Minimum-variance,1.1256492967216545
2022-03-10,0.0019187090686427844,Combined,Minimum-variance,1.1278090902353857
2022-03-11,-0.006276224198437066,Combined,Minimum-variance,1.120730707532033
2022-03-14,-0.002327308794269202,Combined,Minimum-variance,1.1181224211003862
2022-03-15,0.008870615287205794,Combined,Minimum-variance,1.1280408549419667
2022-03-16,0.0031337049650335376,Combined,Minimum-variance,1.131575802169859
2022-03-17,0.011997714328647392,Combined,Minimum-variance,1.145152125385503
2022-03-18,0.004540502965671021,Combined,Minimum-variance,1.1503516920069605
2022-03-21,0.0027392532830710797,Combined,Minimum-variance,1.1535027966559768
2022-03-22,0.0034847061984693726,Combined,Minimum-variance,1.1575224150014356
2022-03-23,-0.0068597830134459,Combined,Minimum-variance,1.1495820624013258
2022-03-24,0.00604202697385197,Combined,Minimum-variance,1.156527868231011
2022-03-25,0.00712735487173124,Combined,Minimum-variance,1.1647708527669403
2022-03-28,0.006518878190233166,Combined,Minimum-variance,1.172363852075662
2022-03-29,0.012247763478564832,Combined,Minimum-variance,1.186722687246704
2022-03-30,0.004259996508556743,Combined,Minimum-variance,1.1917781217510002
2022-03-31,-0.00920849032149821,Combined,Minimum-variance,1.180803644451483
2022-04-01,0.009982358093125013,Combined,Minimum-variance,1.1925908492680648
2022-04-04,0.00124887546491566,Combined,Minimum-variance,1.1940802467193985
2022-04-05,-0.00462397911106414,Combined,Minimum-variance,1.1885588446016337
2022-04-06,0.013701097646015018,Combined,Minimum-variance,1.2048434053895556
2022-04-07,0.007554069660723389,Combined,Minimum-variance,1.2139448764041316
2022-04-08,0.006715033040368517,Combined,Minimum-variance,1.2220965563583714
2022-04-11,-0.01343282204301223,Combined,Minimum-variance,1.2056803507974314
2022-04-12,-0.002684368717601021,Combined,Minimum-variance,1.2024438601803245
2022-04-13,0.004408757300938228,Combined,Minimum-variance,1.2077451433278628
2022-04-14,0.0026813322874700216,Combined,Minimum-variance,1.2109835093757026
2022-04-18,-0.006158803420192177,Combined,Minimum-variance,1.2035252999963633
2022-04-19,0.005677904193356787,Combined,Minimum-variance,1.2103588013440236
2022-04-20,0.005484149980540399,Combined,Minimum-variance,1.2169965905408615
2022-04-21,-0.007415759303328046,Combined,Minimum-variance,1.2079716367524396
2022-04-22,-0.015713315091027778,Combined,Minimum-variance,1.188990397803124
2022-04-25,-0.0011504789124004871,Combined,Minimum-variance,1.1876224894234049
2022-04-26,-0.015271266001682555,Combined,Minimum-variance,1.1694859904778396
2022-04-27,-0.004145644538943101,Combined,Minimum-variance,1.1646377172680447
2022-04-28,0.013442776350706547,Combined,Minimum-variance,1.1802936816308764
2022-04-29,-0.03142000816643917,Combined,Minimum-variance,1.1432088445152377
2022-05-02,-2.1736487189677987e-05,Combined,Minimum-variance,1.1431839951708338
2022-05-03,0.0035549081653633305,Combined,Minimum-variance,1.1472479092897794
2022-05-04,0.018595897803911344,Combined,Minimum-variance,1.1685820141666832
2022-05-05,-0.014514944560721346,Combined,Minimum-variance,1.1516201110163977
2022-05-06,-0.010901980200028635,Combined,Minimum-variance,1.1390651713681421
2022-05-09,-0.012541923687551967,Combined,Minimum-variance,1.1247791029136947
2022-05-10,-0.0066260105071379305,Combined,Minimum-variance,1.1173263047595794
2022-05-11,0.001990944904042781,Combined,Minimum-variance,1.1195508398721934
2022-05-12,0.005885943513769977,Combined,Minimum-variance,1.126140452876475
2022-05-13,0.005804988731470095,Combined,Minimum-variance,1.1326776855154757
2022-05-16,0.006504452427482807,Combined,Minimum-variance,1.1400451336365824
2022-05-17,-0.015611684155308942,Combined,Minimum-variance,1.1222471090874513
2022-05-18,-0.026238060179519407,Combined,Minimum-variance,1.0928015219029232
2022-05-19,-0.0036012796030808363,Combined,Minimum-variance,1.0888660380718784
2022-05-20,0.002882910752735295,Combined,Minimum-variance,1.0920051416813241
2022-05-23,0.011423439894786816,Combined,Minimum-variance,1.1044795967821188
2022-05-24,0.012225028050912317,Combined,Minimum-variance,1.1179818908344406
2022-05-25,0.0028398168576952688,Combined,Minimum-variance,1.1211567546546302
2022-05-26,0.0023436704750025308,Combined,Minimum-variance,1.123784376638364
2022-05-27,0.009734382318766437,Combined,Minimum-variance,1.1347237234044183
2022-05-31,-0.006134231410777868,Combined,Minimum-variance,1.1277630654977562
2022-06-01,-0.00852199015584002,Combined,Minimum-variance,1.1181522797554644
2022-06-02,0.007278427106255281,Combined,Minimum-variance,1.1262906696173578
2022-06-03,-0.007729698158334016,Combined,Minimum-variance,1.1175847827026677
2022-06-06,-0.006002317070059745,Combined,Minimum-variance,1.1108766844842124
2022-06-07,0.006826113023096166,Combined,Minimum-variance,1.118459654287224
2022-06-08,-0.010672404616075628,Combined,Minimum-variance,1.1065230003099147
2022-06-09,-0.020007993434437876,Combined,Minimum-variance,1.0843836953846593
2022-06-10,-0.006766387298751481,Combined,Minimum-variance,1.0770463353212354
2022-06-13,-0.025652762741484196,Combined,Minimum-variance,1.0494171212196548
2022-06-14,-0.008463500045123983,Combined,Minimum-variance,1.0405353793668584
2022-06-15,0.005328039892258047,Combined,Minimum-variance,1.0460793933774308
2022-06-16,-0.0002830967901876658,Combined,Minimum-variance,1.0457832516588843
2022-06-17,-0.005285641997237246,Combined,Minimum-variance,1.0402556157839087
2022-06-21,0.02562129704726564,Combined,Minimum-variance,1.0669083139209943
2022-06-22,0.004385188032751977,Combined,Minimum-variance,1.071586907491244
2022-06-23,0.010348931669730388,Combined,Minimum-variance,1.0826766871750486
2022-06-24,0.014632027033401964,Combined,Minimum-variance,1.098518441730228
2022-06-27,-0.004059409192557975,Combined,Minimum-variance,1.0940591058696738
2022-06-28,-0.013788839063356166,Combined,Minimum-variance,1.0789733009330376
2022-06-29,-2.5849694672727967e-05,Combined,Minimum-variance,1.0789454098026485
2022-06-30,-0.009635233463035082,Combined,Minimum-variance,1.06854951888533
2022-07-01,0.010284939595712417,Combined,Minimum-variance,1.079539486142093
2022-07-05,0.001191820779213619,Combined,Minimum-variance,1.0808261037336588
2022-07-06,0.0015559725160396872,Combined,Minimum-variance,1.0825078394456866
2022-07-07,0.0013913931065376115,Combined,Minimum-variance,1.0840140333912645
2022-07-08,-0.0015181387742150545,Combined,Minimum-variance,1.08236834965538
2022-07-11,-0.0019535487715785557,Combined,Minimum-variance,1.0802538902955152
2022-07-12,-0.006674621192519748,Combined,Minimum-variance,1.073043604786047
2022-07-13,-0.0014907582250271879,Combined,Minimum-variance,1.0714439562063993
2022-07-14,-0.0024524352959232098,Combined,Minimum-variance,1.0688163092305951
2022-07-15,0.011564751595441092,Combined,Minimum-variance,1.081176904348003
2022-07-18,-0.012082861102843847,Combined,Minimum-variance,1.0681131939851634
2022-07-19,0.0123781369696819,Combined,Minimum-variance,1.081334445399436
2022-07-20,-0.005884584432245534,Combined,Minimum-variance,1.0749712415559878
2022-07-21,0.005970297243863117,Combined,Minimum-variance,1.0813891393966817
2022-07-22,-0.001726108677400064,Combined,Minimum-variance,1.0795225442195229
2022-07-25,-0.009043406863608147,Combined,Minimum-variance,1.0697599826337083
2022-07-26,-0.0057047485542837595,Combined,Minimum-variance,1.0636572709193481
2022-07-27,0.006816124887305721,Combined,Minimum-variance,1.0709072917152251
2022-07-28,0.0070852659924587925,Combined,Minimum-variance,1.0784949547302911
2022-07-29,-0.0014423458779292356,Combined,Minimum-variance,1.0769393919779684
2022-08-01,-0.005757822985846492,Combined,Minimum-variance,1.0707385655924742
2022-08-02,-0.005159685611858622,Combined,Minimum-variance,1.0652138912215245
2022-08-03,0.009968619979354935,Combined,Minimum-variance,1.0758326036998418
2022-08-04,-0.005524566483456334,Combined,Minimum-variance,1.0698890949556321
2022-08-05,-0.0028256376673741366,Combined,Minimum-variance,1.0668659760290127
2022-08-08,0.005797478780107069,Combined,Minimum-variance,1.073051108886259
2022-08-09,0.0032836762301952345,Combined,Minimum-variance,1.0765746613062936
2022-08-10,0.009069974345991706,Combined,Minimum-variance,1.0863391658658863
2022-08-11,-0.0015520824466164968,Combined,Minimum-variance,1.0846530779154737
2022-08-12,0.015603265285875845,Combined,Minimum-variance,1.1015772076333306
2022-08-15,0.007723616483084431,Combined,Minimum-variance,1.1100853675115976
2022-08-16,0.014218552942458804,Combined,Minimum-variance,1.1258691750802101
2022-08-17,-0.007642818367299665,Combined,Minimum-variance,1.1172643614697306
2022-08-18,-0.004552655375966781,Combined,Minimum-variance,1.1121778418681094
2022-08-19,-0.006175160438287836,Combined,Minimum-variance,1.105309965258665
2022-08-22,-0.013977116627922987,Combined,Minimum-variance,1.0898609189642392
2022-08-23,-0.005050915740940546,Combined,Minimum-variance,1.0843561232932069
2022-08-24,-0.0006692061644670234,Combined,Minimum-variance,1.0836304654910216
2022-08-25,0.0085514738167069,Combined,Minimum-variance,1.092897103043654
2022-08-26,-0.025552747617377056,Combined,Minimum-variance,1.064970579197817
2022-08-29,-0.007124528103046781,Combined,Minimum-variance,1.0573831663774043
2022-08-30,-0.00830943193048624,Combined,Minimum-variance,1.0485969129319492
2022-08-31,-0.0031796092178891957,Combined,Minimum-variance,1.0452627845217406
2022-09-01,0.01339591577892324,Combined,Minimum-variance,1.0592650367500365
2022-09-02,-0.012601525445353314,Combined,Minimum-variance,1.0459166814360579
2022-09-06,-0.0032513601195233834,Combined,Minimum-variance,1.0425160296496925
2022-09-07,0.017956871609515562,Combined,Minimum-variance,1.0612363561449738
2022-09-08,0.0033347353081836905,Combined,Minimum-variance,1.0647752984921386
2022-09-09,0.010214934879517336,Combined,Minimum-variance,1.0756519088275545
2022-09-12,0.013881306955894053,Combined,Minimum-variance,1.090583363151683
2022-09-13,-0.027085569650826903,Combined,Minimum-variance,1.061044291509005
2022-09-14,0.0007042590989442479,Combined,Minimum-variance,1.0617915416056831
2022-09-15,-0.007420140600546309,Combined,Minimum-variance,1.053912899078498
2022-09-16,0.0026786544817067864,Combined,Minimum-variance,1.0567359675889432
2022-09-19,0.002741641788052186,Combined,Minimum-variance,1.0596331590766228
2022-09-20,-0.013397232391421796,Combined,Minimum-variance,1.045437007394817
2022-09-21,-0.010823974076038434,Combined,Minimum-variance,1.0341212243286442
2022-09-22,0.0021570503929881314,Combined,Minimum-variance,1.0363518759219796
2022-09-23,-0.015656985157558527,Combined,Minimum-variance,1.0201257299826612
2022-09-26,-0.006375571274686071,Combined,Minimum-variance,1.0136218456820156
2022-09-27,-0.0025813519144431154,Combined,Minimum-variance,1.011005330990143
2022-09-28,0.02155844525288058,Combined,Minimum-variance,1.0328010340686644
2022-09-29,-0.012198348441888711,Combined,Minimum-variance,1.0202025671839519
2022-09-30,-0.01764457154157917,Combined,Minimum-variance,1.002201530000372
2022-10-03,0.023213862249578734,Combined,Minimum-variance,1.0254664982641177
2022-10-04,0.021545459638112,Combined,Minimum-variance,1.0475606453127033
2022-10-05,-0.004038421401052357,Combined,Minimum-variance,1.0433301539837723
2022-10-06,-0.008326256314422707,Combined,Minimum-variance,1.0346431197011372
2022-10-07,-0.01856980647173495,Combined,Minimum-variance,1.0154299972009748
2022-10-10,0.003142642916915373,Combined,Minimum-variance,1.0186211310893019
2022-10-11,0.008384279888006042,Combined,Minimum-variance,1.027161535752192
2022-10-12,-0.004830034434285939,Combined,Minimum-variance,1.0222003101649348
2022-10-13,0.0181418606891805,Combined,Minimum-variance,1.0407449257883843
2022-10-14,-0.009691546910168802,Combined,Minimum-variance,1.030658497518586
2022-10-17,0.010746071595038173,Combined,Minimum-variance,1.0417340275229552
2022-10-18,0.013227385544016057,Combined,Minimum-variance,1.055513445139322
2022-10-19,-0.010122089763511775,Combined,Minimum-variance,1.0448294433010281
2022-10-20,0.0009646044377058392,Combined,Minimum-variance,1.0458372904186821
2022-10-21,0.022315913801541198,Combined,Minimum-variance,1.069176105242103
2022-10-24,0.01299900759538039,Combined,Minimum-variance,1.0830743335549442
2022-10-25,0.008205650026248304,Combined,Minimum-variance,1.0919616624885082
2022-10-26,0.011714709265509342,Combined,Minimum-variance,1.1047536758936434
2022-10-27,-0.0010199838037416118,Combined,Minimum-variance,1.1036268450371078
2022-10-28,0.022318058002483793,Combined,Minimum-variance,1.1282576529777442
2022-10-31,-0.00826495352736142,Combined,Minimum-variance,1.1189326559089932
2022-11-01,-0.0035392356103461503,Combined,Minimum-variance,1.1149724896076207
2022-11-02,-0.017662251518729844,Combined,Minimum-variance,1.0952795650597067
2022-11-03,-0.006681768147670752,Combined,Minimum-variance,1.087961160949096
2022-11-04,0.014645050086956893,Combined,Minimum-variance,1.1038944066438592
2022-11-07,0.009704798744063025,Combined,Minimum-variance,1.1146074796950347
2022-11-08,0.0056331891595558774,Combined,Minimum-variance,1.1208862744668127
2022-11-09,-0.010925124881768392,Combined,Minimum-variance,1.1086404519400026
2022-11-10,0.028925960972862187,Combined,Minimum-variance,1.1407089423857555
2022-11-11,-0.0008057309467862611,Combined,Minimum-variance,1.1397898378895994
2022-11-14,-0.005555534078738597,Combined,Minimum-variance,1.133457696602604
2022-11-15,0.010895132862509123,Combined,Minimum-variance,1.145806868801123
2022-11-16,-0.0010852672885245415,Combined,Minimum-variance,1.1445633620874462
2022-11-17,6.451787698958256e-05,Combined,Minimum-variance,1.144637206885648
2022-11-18,0.01067412301892754,Combined,Minimum-variance,1.156855205243987
2022-11-21,0.005476956975939789,Combined,Minimum-variance,1.1631912514305005
2022-11-22,0.011508496029806442,Combined,Minimum-variance,1.176577833329494
2022-11-23,0.0024347767453659843,Combined,Minimum-variance,1.179442537677198
2022-11-25,0.0016234512027096595,Combined,Minimum-variance,1.1813573050835169
2022-11-28,-0.010337554335683681,Combined,Minimum-variance,1.169144959752359
2022-11-29,0.004678344319604673,Combined,Minimum-variance,1.174614622433611
2022-11-30,0.016815052379266955,Combined,Minimum-variance,1.194365828835285
2022-12-01,0.004012113995422023,Combined,Minimum-variance,1.199157760692809
2022-12-02,0.00568267130654704,Combined,Minimum-variance,1.205972180091521
2022-12-05,-0.011409907222577157,Combined,Minimum-variance,1.1922121494036677
2022-12-06,-0.008796826987481951,Combined,Minimum-variance,1.1817244653929897
2022-12-07,0.0034068259141917367,Combined,Minimum-variance,1.185750394925125
2022-12-08,0.005401535467783883,Combined,Minimum-variance,1.1921552677392517
2022-12-09,-0.014898240150711395,Combined,Minimum-variance,1.1743942522635367
2022-12-12,0.009803513934128618,Combined,Minimum-variance,1.1859074426797627
2022-12-13,0.0041845444722227315,Combined,Minimum-variance,1.1908699251135961
2022-12-14,-0.0008757088401925718,Combined,Minimum-variance,1.1898270697926547
2022-12-15,-0.017740429136167,Combined,Minimum-variance,1.168719026976705
2022-12-16,-0.008046663346711759,Combined,Minimum-variance,1.1593147384197269
2022-12-19,-0.0022677692639265883,Combined,Minimum-variance,1.1566856800887215
2022-12-20,0.0011818230954677039,Combined,Minimum-variance,1.1580526779396472
2022-12-21,0.010036231735055866,Combined,Minimum-variance,1.1696751629768516
2022-12-22,-0.004259720183879599,Combined,Minimum-variance,1.1646926740765364
2022-12-23,0.0015365342298864183,Combined,Minimum-variance,1.1664822642375527
2022-12-27,0.002206977776811385,Combined,Minimum-variance,1.1690566646717697
2022-12-28,-0.012383804473185118,Combined,Minimum-variance,1.1545792955184007
2022-12-29,0.007639117388715455,Combined,Minimum-variance,1.163399262291446
2022-12-30,-0.0009587526094773564,Combined,Minimum-variance,1.16228385021286
2023-01-03,0.007392851695009495,Combined,Minimum-variance,1.1708764423449884
2023-01-04,0.01171471317899922,Combined,Minimum-variance,1.184592924035107
2023-01-05,-0.0030162263153479655,Combined,Minimum-variance,1.1810199236846572
2023-01-06,0.01794128683321734,Combined,Minimum-variance,1.2022089408912282
2023-01-09,-0.01548575886221298,Combined,Minimum-variance,1.1835918231305902
2023-01-10,0.003761675869238577,Combined,Minimum-variance,1.1880441119306886
2023-01-11,0.0031195412952337884,Combined,Minimum-variance,1.1917502645984157
2023-01-12,-0.004269199172192223,Combined,Minimum-variance,1.1866624453553323
2023-01-13,0.0037279814197847447,Combined,Minimum-variance,1.1910863009031734
2023-01-17,-0.011463274841607083,Combined,Minimum-variance,1.1774325512758472
2023-01-18,-0.01961695880328771,Combined,Minimum-variance,1.154334905423819
2023-01-19,-0.0031730688875070425,Combined,Minimum-variance,1.1506721212496553
2023-01-20,0.009736137500917697,Combined,Minimum-variance,1.1618752232406147
2023-01-23,0.007067657795690685,Combined,Minimum-variance,1.1700869597197712
2023-01-24,-0.004448907900566809,Combined,Minimum-variance,1.1648813506003237
2023-01-25,0.0023256694156026632,Combined,Minimum-variance,1.1675904795302208
2023-01-26,-0.0022888654408416307,Combined,Minimum-variance,1.1649180220325683
2023-01-27,-0.0007858634365468834,Combined,Minimum-variance,1.1640025555524784
2023-01-30,-0.004785526800420336,Combined,Minimum-variance,1.1584321901271244
2023-01-31,0.010253049705178636,Combined,Minimum-variance,1.170309652952577
2023-02-01,-0.0079951071385963,Combined,Minimum-variance,1.1609529018918876
2023-02-02,-0.010996199281873925,Combined,Minimum-variance,1.1481868324258147
2023-02-03,-0.009399114988689745,Combined,Minimum-variance,1.137394892359345
2023-02-06,-0.004584895478416807,Combined,Minimum-variance,1.1321800556601924
2023-02-07,0.007028290646685216,Combined,Minimum-variance,1.1401373461557525
2023-02-08,-0.005392574578431087,Combined,Minimum-variance,1.133989070486953
2023-02-09,0.0009894774839447544,Combined,Minimum-variance,1.1351111271392393
2023-02-10,0.011427414693938025,Combined,Minimum-variance,1.1480825127127627
2023-02-13,0.011233865032812748,Combined,Minimum-variance,1.1609799167071104
2023-02-14,-0.009912020360094557,Combined,Minimum-variance,1.1494722601350487
2023-02-15,-0.0005364795993328211,Combined,Minimum-variance,1.1488555917174872
2023-02-16,-0.012795773795741271,Combined,Minimum-variance,1.1341550954418977
2023-02-17,0.01140887045673482,Combined,Minimum-variance,1.14709452400364
2023-02-21,-0.0023496349029543838,Combined,Minimum-variance,1.1443992706730532
2023-02-22,-0.009902789132410217,Combined,Minimum-variance,1.133066526012294
2023-02-23,-0.0019841311453158094,Combined,Minimum-variance,1.1308183734283184
2023-02-24,-0.006016334631618806,Combined,Minimum-variance,1.1240149916861908
2023-02-27,0.0011344910850675477,Combined,Minimum-variance,1.1252901766737409
2023-02-28,-0.003492131886299587,Combined,Minimum-variance,1.1213605149664387
2023-03-01,-0.002548075660732748,Combined,Minimum-variance,1.118503203531346
2023-03-02,0.005815465449982338,Combined,Minimum-variance,1.125007820267177
2023-03-03,0.007496333902472785,Combined,Minimum-variance,1.1334412545307928
2023-03-06,0.003582346237562364,Combined,Minimum-variance,1.1375016335444592
2023-03-07,-0.011484384528329974,Combined,Minimum-variance,1.1244381273832311
2023-03-08,-0.007927864310656044,Combined,Minimum-variance,1.1155237344836086
2023-03-09,-0.01233154650548373,Combined,Minimum-variance,1.1017676016738531
2023-03-10,-0.002558245218380112,Combined,Minimum-variance,1.098949009975105
2023-03-13,0.008957846326546297,Combined,Minimum-variance,1.108793226327172
2023-03-14,0.008280092804778623,Combined,Minimum-variance,1.117974137142471
2023-03-15,0.005518169049777866,Combined,Minimum-variance,1.1241433074245026
2023-03-16,0.004700083844325081,Combined,Minimum-variance,1.1294268752224348
2023-03-17,-0.0032638616144697414,Combined,Minimum-variance,1.1257405821980457
2023-03-20,0.01038913875822118,Combined,Minimum-variance,1.137436057312262
2023-03-21,-0.00245227105116277,Combined,Minimum-variance,1.1346467557963664
2023-03-22,-0.013662627155362931,Combined,Minimum-variance,1.1191445002188785
2023-03-23,0.009207898632406501,Combined,Minimum-variance,1.129449469331909
2023-03-24,0.01296966202324577,Combined,Minimum-variance,1.1440980472214781
2023-03-27,0.004310980108059631,Combined,Minimum-variance,1.1490302311447198
2023-03-28,-0.0007202870143907282,Combined,Minimum-variance,1.1482025995900838
2023-03-29,0.004640390475483041,Combined,Minimum-variance,1.1535307079971464
2023-03-30,0.004670886114568257,Combined,Minimum-variance,1.1589187185638585
2023-03-31,0.01175286329080707,Combined,Minimum-variance,1.1725393318282968
2023-04-03,0.00833706058461578,Combined,Minimum-variance,1.1823148632755942
2023-04-04,0.0019434636560036985,Combined,Minimum-variance,1.1846126492423232
2023-04-05,0.012204720320786653,Combined,Minimum-variance,1.199070515314792
2023-04-06,0.000955748687121237,Combined,Minimum-variance,1.2002165253855699
2023-04-10,-0.0013217007371969206,Combined,Minimum-variance,1.1986301983191718
2023-04-11,-0.0011819451521059995,Combined,Minimum-variance,1.1972134831671006
2023-04-12,0.00039098357914097814,Combined,Minimum-variance,1.197681573979745
2023-04-13,0.010188242926650923,Combined,Minimum-variance,1.2098838448042244
2023-04-14,-0.00790787502103494,Combined,Minimum-variance,1.2003162345695433
2023-04-17,0.0019691303641508886,Combined,Minimum-variance,1.2026798137136174
2023-04-18,-4.81134087537932e-05,Combined,Minimum-variance,1.2026219486881404
2023-04-19,-0.0011472869223489546,Combined,Minimum-variance,1.2012421962538806
2023-04-20,-0.00021634511556173981,Combined,Minimum-variance,1.2009823133721145
2023-04-21,0.0058759197394145,Combined,Minimum-variance,1.2080391890539453
2023-04-24,0.004471490994365869,Combined,Minimum-variance,1.2134409254086411
2023-04-25,-0.002943779977070465,Combined,Minimum-variance,1.2098688223090652
2023-04-26,-0.01787022920908001,Combined,Minimum-variance,1.1882481891414827
2023-04-27,-0.0006648818040991722,Combined,Minimum-variance,1.1874581445417687
2023-04-28,0.0007490596094439857,Combined,Minimum-variance,1.1883476214757502
2023-05-01,0.0015050922400283054,Combined,Minimum-variance,1.1901361942592896
2023-05-02,-0.005526050313071294,Combined,Minimum-variance,1.1835594417704056
2023-05-03,-0.006867727247202211,Combined,Minimum-variance,1.1754310783434756
2023-05-04,-0.0005472484577334504,Combined,Minimum-variance,1.17478782549868
2023-05-05,0.008054663495042061,Combined,Minimum-variance,1.1842503461111442
2023-05-08,-0.000806745108919558,Combined,Minimum-variance,1.1832949579366827
2023-05-09,-0.0031642755328323297,Combined,Minimum-variance,1.1795506866531598
2023-05-10,-0.002176409901812308,Combined,Minimum-variance,1.1769835008590384
2023-05-11,-0.002034005737134454,Combined,Minimum-variance,1.1745895096657786
2023-05-12,-0.0003323673412368074,Combined,Minimum-variance,1.1741991144734063
2023-05-15,-0.001635813107129644,Combined,Minimum-variance,1.1722783441715707
2023-05-16,-0.013384431445700474,Combined,Minimum-variance,1.156588065038727
2023-05-17,-0.00023049063788926948,Combined,Minimum-variance,1.1563214823178412
2023-05-18,0.002831593498831372,Combined,Minimum-variance,1.1595957147097316
2023-05-19,0.0008008030508008701,Combined,Minimum-variance,1.1605243224957666
2023-05-22,-0.0045059166874383706,Combined,Minimum-variance,1.1552950965848547
2023-05-23,-0.006106572619666419,Combined,Minimum-variance,1.1482402031804149
2023-05-24,-0.006280737236115457,Combined,Minimum-variance,1.1410284081802948
2023-05-25,-0.010766557239401996,Combined,Minimum-variance,1.1287434605118378
2023-05-26,4.659241953847376e-05,Combined,Minimum-variance,1.1287960514007014
2023-05-30,-0.006178322166081465,Combined,Minimum-variance,1.121821985735347
2023-05-31,0.0037558931698717848,Combined,Minimum-variance,1.1260354292693824
2023-06-01,0.001316631626304547,Combined,Minimum-variance,1.1275180031278977
2023-06-02,0.015994659773110435,Combined,Minimum-variance,1.1455522699759852
2023-06-05,-0.003945606831656347,Combined,Minimum-variance,1.1410323711135486
2023-06-06,-0.007547133092442421,Combined,Minimum-variance,1.1324208479459696
2023-06-07,0.0024537100938303953,Combined,Minimum-variance,1.1351994804110388
2023-06-08,0.009970172308756839,Combined,Minimum-variance,1.146517614835548
2023-06-09,-0.001466617378628439,Combined,Minimum-variance,1.1448361121767265
2023-06-12,0.0018007994394156337,Combined,Minimum-variance,1.1468977324057572
2023-06-13,0.006588901837628812,Combined,Minimum-variance,1.1544545289823778
2023-06-14,-5.569949939237406e-05,Combined,Minimum-variance,1.1543902264430423
2023-06-15,0.008920610437854361,Combined,Minimum-variance,1.164688091946407
2023-06-16,0.0023435850763808374,Combined,Minimum-variance,1.1674176375773313
2023-06-20,-0.009031157350327581,Combined,Minimum-variance,1.1568745051988227
2023-06-21,-0.0019446354098044691,Combined,Minimum-variance,1.1546248060713131
2023-06-22,0.004596710494770288,Combined,Minimum-variance,1.1599322820349034
2023-06-23,-0.0036473041716713816,Combined,Minimum-variance,1.1557016561837812
2023-06-26,0.0007147378487274399,Combined,Minimum-variance,1.1565276798992925
2023-06-27,-0.00045513596928020293,Combined,Minimum-variance,1.1560013025527023
2023-06-28,-0.003541376882996333,Combined,Minimum-variance,1.1519074662631283
2023-06-29,0.0012581941297093954,Combined,Minimum-variance,1.153356789475149
2023-06-30,0.011366044676155748,Combined,Minimum-variance,1.166465894271871
2023-07-03,0.0036017254866010876,Combined,Minimum-variance,1.170667184212521
2023-07-05,-0.002090828891595342,Combined,Minimum-variance,1.168219519441327
2023-07-06,-0.008500127503624626,Combined,Minimum-variance,1.1582895045738526
2023-07-07,-0.012797771890264901,Combined,Minimum-variance,1.1434659797114286
2023-07-10,0.005285756149505748,Combined,Minimum-variance,1.1495100620454388
2023-07-11,0.012052528309087956,Combined,Minimum-variance,1.163364564609823
2023-07-12,0.0015610922409726225,Combined,Minimum-variance,1.1651806840050578
2023-07-13,0.0013922402995893543,Combined,Minimum-variance,1.1668028955096328
2023-07-14,0.004268584464624186,Combined,Minimum-variance,1.1717834922226837
2023-07-17,-0.004063953231940962,Combined,Minimum-variance,1.1670214189123302
2023-07-18,0.0031889059170478644,Combined,Minimum-variance,1.1707429404204213
2023-07-19,0.004016163340823671,Combined,Minimum-variance,1.175444835299266
2023-07-20,0.007526372453593546,Combined,Minimum-variance,1.184291670928381
2023-07-21,0.007216919898208419,Combined,Minimum-variance,1.1928386090535865
2023-07-24,-0.0033544151132104245,Combined,Minimum-variance,1.1888373331957562
2023-07-25,0.000713002054246843,Combined,Minimum-variance,1.18968497665649
2023-07-26,0.002521192614825781,Combined,Minimum-variance,1.1926844016336058
2023-07-27,-0.004727370018065023,Combined,Minimum-variance,1.1870461411523092
2023-07-28,0.0046451965316623494,Combined,Minimum-variance,1.192560203770113
2023-07-31,-0.0027096475148875704,Combined,Minimum-variance,1.1893287859776136
2023-08-01,-0.008334001139567792,Combined,Minimum-variance,1.1794169185199552
2023-08-02,-0.009988861991650467,Combined,Minimum-variance,1.1676358856902418
2023-08-03,-0.003336979457817456,Combined,Minimum-variance,1.163739508725483
2023-08-04,-0.004100008541938838,Combined,Minimum-variance,1.1589681667991167
2023-08-07,0.011332855128458505,Combined,Minimum-variance,1.1721025851319464
2023-08-08,-0.004381535328009926,Combined,Minimum-variance,1.166966976247139
2023-08-09,0.0014692010456595272,Combined,Minimum-variance,1.1686814853488916
2023-08-10,-0.0010360872286584238,Combined,Minimum-variance,1.167470629387552
2023-08-11,0.006275553379288293,Combined,Minimum-variance,1.1747971536410249
2023-08-14,-0.0024017787680462657,Combined,Minimum-variance,1.1719755507806486
2023-08-15,-0.008136920280756847,Combined,Minimum-variance,1.1624392791529503
2023-08-16,-0.004009884225887531,Combined,Minimum-variance,1.1577780322239228
2023-08-17,-0.009811130560022847,Combined,Minimum-variance,1.1464189207902475
2023-08-18,0.0017456543069947197,Combined,Minimum-variance,1.1484201719169453
2023-08-21,-0.0005020848736441931,Combined,Minimum-variance,1.147843567520038
2023-08-22,-0.0034143122476902113,Combined,Minimum-variance,1.143924471169022
2023-08-23,0.010891054371223927,Combined,Minimum-variance,1.1563830147810974
2023-08-24,-0.008775420666650728,Combined,Minimum-variance,1.1462352673746234
2023-08-25,0.0028534408085654703,Combined,Minimum-variance,1.149505981862767
2023-08-28,0.005638100311118862,Combined,Minimum-variance,1.1559870118967404
2023-08-29,0.008545431646951275,Combined,Minimum-variance,1.1658654198916674
2023-08-30,0.0015317665259813765,Combined,Minimum-variance,1.1676512535156565
2023-08-31,-0.004349751701704729,Combined,Minimum-variance,1.162572260488679
2023-09-01,-8.793593000303837e-05,Combined,Minimum-variance,1.1624700286157572
2023-09-05,-0.010627464524295643,Combined,Minimum-variance,1.1501159196260864
2023-09-06,-0.002430262785157662,Combined,Minimum-variance,1.1473208357080018
2023-09-07,0.006355803344914913,Combined,Minimum-variance,1.1546129813132853
2023-09-08,0.0059243263121823465,Combined,Minimum-variance,1.161453285378867
2023-09-11,0.005735884138314981,Combined,Minimum-variance,1.1681152468558655
2023-09-12,-0.003009304950714248,Combined,Minimum-variance,1.1646000318604974
2023-09-13,0.00015464042470776738,Combined,Minimum-variance,1.164780126104039
2023-09-14,0.010174702549777828,Combined,Minimum-variance,1.1766314174230401
2023-09-15,-0.0074067005327501205,Combined,Minimum-variance,1.1679164608767623
2023-09-18,-0.0003580336204054351,Combined,Minimum-variance,1.1674983075179435
2023-09-19,-0.00043257974649561786,Combined,Minimum-variance,1.1669932713960434
2023-09-20,0.0014912122643452473,Combined,Minimum-variance,1.1687335060747577
2023-09-21,-0.01156814775201669,Combined,Minimum-variance,1.1552134241937524
2023-09-22,-0.00011245037743363954,Combined,Minimum-variance,1.1550835200081853
2023-09-25,-0.0002989665029232446,Combined,Minimum-variance,1.154738188727624
2023-09-26,-0.005967688709307559,Combined,Minimum-variance,1.147847070676548
2023-09-27,-0.009124544747794186,Combined,Minimum-variance,1.1373734887165354
2023-09-28,0.001625315112855212,Combined,Minimum-variance,1.1392220790367071
2023-09-29,-0.006866413073974529,Combined,Minimum-variance,1.1313997096590491
2023-10-02,-0.009658577693011537,Combined,Minimum-variance,1.1204719976614566
2023-10-03,-0.008328537637606676,Combined,Minimum-variance,1.1111401044570488
2023-10-04,0.007518468914524177,Combined,Minimum-variance,1.1194941767920903
2023-10-05,-0.0032833356638577666,Combined,Minimum-variance,1.1158185016359476
2023-10-06,0.005460390138220934,Combined,Minimum-variance,1.121911305978325
2023-10-09,0.004416921855176674,Combined,Minimum-variance,1.1268667005452704
2023-10-10,0.011179206540186292,Combined,Minimum-variance,1.1394641761339244
2023-10-11,0.004867348041157789,Combined,Minimum-variance,1.1450103448595994
2023-10-12,-0.0021271945904465447,Combined,Minimum-variance,1.1425746850480087
2023-10-13,0.0035981723502050388,Combined,Minimum-variance,1.1466858656877927
2023-10-16,0.007329108108301436,Combined,Minimum-variance,1.1550900503636796
2023-10-17,0.005975547599936446,Combined,Minimum-variance,1.1619923459418406
2023-10-18,-0.008769548046363184,Combined,Minimum-variance,1.1518021982345974
2023-10-19,-0.010764003136594537,Combined,Minimum-variance,1.1394041957600638
2023-10-20,-0.003403416547499963,Combined,Minimum-variance,1.1355263286659232
2023-10-23,-0.0024651584777867805,Combined,Minimum-variance,1.1327270763100623
2023-10-24,0.011083723375230604,Combined,Minimum-variance,1.1452819098835167
2023-10-25,-0.008306831490133924,Combined,Minimum-variance,1.1357682460494156
2023-10-26,-0.001700229258376906,Combined,Minimum-variance,1.133837179646747
2023-10-27,-0.01132676816398036,Combined,Minimum-variance,1.120994468777187
2023-10-30,0.008159026264047247,Combined,Minimum-variance,1.1301406920897916
2023-10-31,0.0023241612027506226,Combined,Minimum-variance,1.1327673212399965
2023-11-01,0.005636492003680895,Combined,Minimum-variance,1.1391521551881967
2023-11-02,0.012547647056055787,Combined,Minimum-variance,1.1534458343746434
2023-11-03,0.0037345426836741264,Combined,Minimum-variance,1.1577534270764216
2023-11-06,-0.00426406512799613,Combined,Minimum-variance,1.152816691061207
2023-11-07,-0.0008107529456956214,Combined,Minimum-variance,1.151882041533082
2023-11-08,-0.006661431645492248,Combined,Minimum-variance,1.1442088580497392
2023-11-09,-0.012748810544585803,Combined,Minimum-variance,1.1296215560950262
2023-11-10,0.005759751560611237,Combined,Minimum-variance,1.1361278956156446
2023-11-13,0.00284166777950893,Combined,Minimum-variance,1.1393563936500168
2023-11-14,0.00996550184561092,Combined,Minimum-variance,1.1507106518937447
2023-11-15,0.004182716633362961,Combined,Minimum-variance,1.1555237484776086
2023-11-16,-0.01629873650721311,Combined,Minimum-variance,1.1366901713733448
2023-11-17,-0.0004650463400119911,Combined,Minimum-variance,1.13616155776942
2023-11-20,0.004714670363092624,Combined,Minimum-variance,1.1415181849935208
2023-11-21,0.001679954081802433,Combined,Minimum-variance,1.1434358831278524
2023-11-22,0.0005232528308909913,Combined,Minimum-variance,1.1440341891906414
2023-11-24,0.0027624733789894376,Combined,Minimum-variance,1.1471945531829344
2023-11-27,0.002265959357207862,Combined,Minimum-variance,1.1497940494152572
2023-11-28,0.005140855254095346,Combined,Minimum-variance,1.1557049741953211
2023-11-29,0.0005647588039982302,Combined,Minimum-variance,1.1563576687543227
2023-11-30,0.008610319685997386,Combined,Minimum-variance,1.1663142779536522
2023-12-01,0.006133260256141631,Combined,Minimum-variance,1.173467586960796
2023-12-04,0.004089000683663754,Combined,Minimum-variance,1.178265896726136
2023-12-05,0.003024371553269444,Combined,Minimum-variance,1.1818294105863818
2023-12-06,-0.0013319114727670884,Combined,Minimum-variance,1.1802553184355682
2023-12-07,-0.004130967678386797,Combined,Minimum-variance,1.1753797218628668
2023-12-08,-9.382240261620559e-05,Combined,Minimum-variance,1.1752694449133751
2023-12-11,0.004906136459775585,Combined,Minimum-variance,1.1810354771871248
2023-12-12,0.0027107472800065894,Combined,Minimum-variance,1.184236965894501
2023-12-13,0.021237633860759064,Combined,Minimum-variance,1.2093873569805447
2023-12-14,0.0001497589407679474,Combined,Minimum-variance,1.2095684735501042
2023-12-15,-0.0066769043796588825,Combined,Minimum-variance,1.2014923005115603
2023-12-18,0.0017052928289603233,Combined,Minimum-variance,1.2035411967156737
2023-12-19,0.00437071476669401,Combined,Minimum-variance,1.2088015319964835
2023-12-20,-0.013477649085267005,Combined,Minimum-variance,1.1925097291345017
2023-12-21,0.008266049651662912,Combined,Minimum-variance,1.2023670737656185
2023-12-22,0.009352898364394301,Combined,Minimum-variance,1.2136126908032423
2023-12-26,0.0010022335799213867,Combined,Minimum-variance,1.214829014194984
2023-12-27,0.004381693284965579,Combined,Minimum-variance,1.2201520223288636
2023-12-28,0.0015648587601055576,Combined,Minimum-variance,1.2220613879096653
2023-12-29,-0.0005356510544191103,Combined,Minimum-variance,1.2214067894386667
2021-01-04,-0.0031303046524384873,Combined,Max-Sharpe (tangency),0.9968696953475615
2021-01-05,0.05021963311634181,Combined,Max-Sharpe (tangency),1.0469321257127155
2021-01-06,0.10372255386265854,Combined,Max-Sharpe (tangency),1.1555225995125002
2021-01-07,0.03423513716355173,Combined,Max-Sharpe (tangency),1.1950820742023944
2021-01-08,0.013914377837361987,Combined,Max-Sharpe (tangency),1.2117108977295048
2021-01-11,-0.04738041261607847,Combined,Max-Sharpe (tangency),1.154299535423682
2021-01-12,-0.024280304139987153,Combined,Max-Sharpe (tangency),1.126272791634949
2021-01-13,0.06471652370471723,Combined,Max-Sharpe (tangency),1.1991612514527703
2021-01-14,0.026995433639276263,Combined,Max-Sharpe (tangency),1.2315331294391552
2021-01-15,-0.04810969059350573,Combined,Max-Sharpe (tangency),1.1722844516261857
2021-01-19,-0.01042461509606962,Combined,Max-Sharpe (tangency),1.1600638374348757
2021-01-20,-0.0015349332163601213,Combined,Max-Sharpe (tangency),1.1582832169176989
2021-01-21,-0.09079041568680869,Combined,Max-Sharpe (tangency),1.053122202170687
2021-01-22,0.043423991182055005,Combined,Max-Sharpe (tangency),1.0988529713913733
2021-01-25,-0.0011470151569984127,Combined,Max-Sharpe (tangency),1.0975925703778746
2021-01-26,0.00011561040631161102,Combined,Max-Sharpe (tangency),1.0977194635009007
2021-01-27,-0.05619223255459213,Combined,Max-Sharpe (tangency),1.036036156128156
2021-01-28,0.08151216551592842,Combined,Max-Sharpe (tangency),1.1204857067669602
2021-01-29,0.01355404426107003,Combined,Max-Sharpe (tangency),1.1356728196303758
2021-02-01,0.018732686764585445,Combined,Max-Sharpe (tangency),1.1569470228275651
2021-02-02,0.04263723227206736,Combined,Max-Sharpe (tangency),1.206276041766341
2021-02-03,0.031105702128037833,Combined,Max-Sharpe (tangency),1.2437981050057134
2021-02-04,-0.014249936774387283,Combined,Max-Sharpe (tangency),1.2260740606492793
2021-02-05,0.0304928746297656,Combined,Max-Sharpe (tangency),1.2634605832674655
2021-02-08,0.12208266081083194,Combined,Max-Sharpe (tangency),1.4177072131023631
2021-02-09,0.0012807887730647382,Combined,Max-Sharpe (tangency),1.4195229965843976
2021-02-10,-0.00711664808087135,Combined,Max-Sharpe (tangency),1.4094207509750025
2021-02-11,0.058922735398922524,Combined,Max-Sharpe (tangency),1.4924676769504532
2021-02-12,0.01721555952351706,Combined,Max-Sharpe (tangency),1.518161343079919
2021-02-16,0.01626311634996583,Combined,Max-Sharpe (tangency),1.542851377640448
2021-02-17,0.031225205364578748,Combined,Max-Sharpe (tangency),1.5910272287542941
2021-02-18,-0.006350205714965666,Combined,Max-Sharpe (tangency),1.5809238785535926
2021-02-19,0.05267755561994781,Combined,Max-Sharpe (tangency),1.6642030840970032
2021-02-22,-0.051619831250293256,Combined,Max-Sharpe (tangency),1.5782972017296983
2021-02-23,-0.09022456490981562,Combined,Max-Sharpe (tangency),1.4358960234052567
2021-02-24,0.024118604043022997,Combined,Max-Sharpe (tangency),1.4705278310407195
2021-02-25,-0.057245994581273704,Combined,Max-Sharpe (tangency),1.3863460027933503
2021-02-26,0.0027730334928613553,Combined,Max-Sharpe (tangency),1.3901903866917906
2021-03-01,0.050850647612526716,Combined,Max-Sharpe (tangency),1.4608824681597772
2021-03-02,-0.03129144255404236,Combined,Max-Sharpe (tangency),1.4151693483291479
2021-03-03,0.01176281338643279,Combined,Max-Sharpe (tangency),1.4318157212837432
2021-03-04,-0.044750328375373634,Combined,Max-Sharpe (tangency),1.3677414975832733
2021-03-05,0.014060450937343913,Combined,Max-Sharpe (tangency),1.3869725598050122
2021-03-08,-0.005446626667707434,Combined,Max-Sharpe (tangency),1.3794182380733997
2021-03-09,0.05676569830370646,Combined,Max-Sharpe (tangency),1.4577218776105045
2021-03-10,-0.002907679384057167,Combined,Max-Sharpe (tangency),1.4534832897592875
2021-03-11,0.02254727074750518,Combined,Max-Sharpe (tangency),1.4862553710204647
2021-03-12,-0.023199091014426156,Combined,Max-Sharpe (tangency),1.451775597397481
2021-03-15,-0.032292673579421574,Combined,Max-Sharpe (tangency),1.4048938819201544
2021-03-16,0.04717184011478203,Combined,Max-Sharpe (tangency),1.4711653114963275
2021-03-17,0.042437553236074205,Combined,Max-Sharpe (tangency),1.5335979677220184
2021-03-18,-0.040178963677433524,Combined,Max-Sharpe (tangency),1.4719795906811295
2021-03-19,0.01633683535155696,Combined,Max-Sharpe (tangency),1.4960270788949392
2021-03-22,-0.036996492700331826,Combined,Max-Sharpe (tangency),1.440679323991104
2021-03-23,0.0027203070949859457,Combined,Max-Sharpe (tangency),1.4445984141777566
2021-03-24,-0.03828265683040691,Combined,Max-Sharpe (tangency),1.3892953488300395
2021-03-25,-0.006988596761049036,Combined,Max-Sharpe (tangency),1.3795861238550653
2021-03-26,0.06407758494451626,Combined,Max-Sharpe (tangency),1.4679866708946643
2021-03-29,0.02135213494330142,Combined,Max-Sharpe (tangency),1.499331320386575
2021-03-30,0.010965400658644766,Combined,Max-Sharpe (tangency),1.5157720890346689
2021-03-31,0.004187350341335674,Combined,Max-Sharpe (tangency),1.5221191578090754
2021-04-01,0.004242764716732239,Combined,Max-Sharpe (tangency),1.5285771512664899
2021-04-05,0.018509412260270936,Combined,Max-Sharpe (tangency),1.5568702159309118
2021-04-06,-0.004990666053655819,Combined,Max-Sharpe (tangency),1.5491003965943175
2021-04-07,-0.0384823791688339,Combined,Max-Sharpe (tangency),1.489487327761984
2021-04-08,0.033756635807238956,Combined,Max-Sharpe (tangency),1.5397674090247429
2021-04-09,-0.004412376945174662,Combined,Max-Sharpe (tangency),1.5329733748082306
2021-04-12,0.01144618817953539,Combined,Max-Sharpe (tangency),1.550520076530503
2021-04-13,0.05419466837957011,Combined,Max-Sharpe (tangency),1.6345499978939393
2021-04-14,-0.0058734381845290595,Combined,Max-Sharpe (tangency),1.6249495695217873
2021-04-15,0.023345297723456084,Combined,Max-Sharpe (tangency),1.6628845010078752
2021-04-16,-0.022264142153986092,Combined,Max-Sharpe (tangency),1.6258618040917756
2021-04-19,-0.02647140569039691,Combined,Max-Sharpe (tangency),1.5828229566791414
2021-04-20,0.019850184495553643,Combined,Max-Sharpe (tangency),1.61424228439302
2021-04-21,-0.03342399765763166,Combined,Max-Sharpe (tangency),1.5602878540606175
2021-04-22,-0.03858676882752636,Combined,Max-Sharpe (tangency),1.5000813873315835
2021-04-23,-0.0015089161592278773,Combined,Max-Sharpe (tangency),1.497817890286082
2021-04-26,0.07664848637075183,Combined,Max-Sharpe (tangency),1.6126233644355428
2021-04-27,0.03813992775339885,Combined,Max-Sharpe (tangency),1.6741287030485574
2021-04-28,0.0030602131765682305,Combined,Max-Sharpe (tangency),1.6792518937648977
2021-04-29,-0.012111949191300419,Combined,Max-Sharpe (tangency),1.6589128801482222
2021-04-30,0.04574383753849216,Combined,Max-Sharpe (tangency),1.7347979214282347
2021-05-03,0.021284933658086244,Combined,Max-Sharpe (tangency),1.7717229800960206
2021-05-04,-0.04047197350953824,Combined,Max-Sharpe (tangency),1.7000178545793343
2021-05-05,0.06550580068894249,Combined,Max-Sharpe (tangency),1.8113788853290516
2021-05-06,0.019392802896237925,Combined,Max-Sharpe (tangency),1.8465065990226452
2021-05-07,0.009587519132751243,Combined,Max-Sharpe (tangency),1.8642100163695263
2021-05-10,-0.03142401035498444,Combined,Max-Sharpe (tangency),1.8056290615112647
2021-05-11,0.02249718398943583,Combined,Max-Sharpe (tangency),1.8462506307247561
2021-05-12,-0.08854693450624539,Combined,Max-Sharpe (tangency),1.6827707970438568
2021-05-13,0.05892600686334367,Combined,Max-Sharpe (tangency),1.7819297605798974
2021-05-14,0.015657997050643073,Combined,Max-Sharpe (tangency),1.8098312115155104
2021-05-17,-0.04745806213294774,Combined,Max-Sharpe (tangency),1.7239401294292591
2021-05-18,-0.009785332803051662,Combined,Max-Sharpe (tangency),1.7070708015302578
2021-05-19,-0.11274611564339423,Combined,Max-Sharpe (tangency),1.5146051995294658
2021-05-20,0.07446296677453813,Combined,Max-Sharpe (tangency),1.6273871961785713
2021-05-21,-0.06064210621090833,Combined,Max-Sharpe (tangency),1.528699008981638
2021-05-24,0.07771171673766387,Combined,Max-Sharpe (tangency),1.6474968333447666
2021-05-25,-0.006024668800557746,Combined,Max-Sharpe (tangency),1.6375712105738967
2021-05-26,0.040477157005063755,Combined,Max-Sharpe (tangency),1.7038554375712684
2021-05-27,-0.02737041625273231,Combined,Max-Sharpe (tangency),1.6572202050104614
2021-05-28,-0.035174041897472294,Combined,Max-Sharpe (tangency),1.5989290720860858
2021-06-01,-0.0070510734171455374,Combined,Max-Sharpe (tangency),1.5876549058099985
2021-06-02,0.0058612319543061234,Combined,Max-Sharpe (tangency),1.5969605194763428
2021-06-03,0.014431488464290354,Combined,Max-Sharpe (tangency),1.6200070367910928
2021-06-04,-0.025201339206455783,Combined,Max-Sharpe (tangency),1.5791806899400753
2021-06-07,-0.025491329285100197,Combined,Max-Sharpe (tangency),1.5389252749721412
2021-06-08,-0.009295023448344647,Combined,Max-Sharpe (tangency),1.5246209284560248
2021-06-09,0.014672484137128053,Combined,Max-Sharpe (tangency),1.5469909048439292
2021-06-10,-0.011290118524026399,Combined,Max-Sharpe (tangency),1.5295251941726504
2021-06-11,-0.008182083160506823,Combined,Max-Sharpe (tangency),1.5170104918378395
2021-06-14,0.00350309197945847,Combined,Max-Sharpe (tangency),1.522324719124551
2021-06-15,0.0018011195317012587,Combined,Max-Sharpe (tangency),1.5250666079097581
2021-06-16,-0.029903406676798465,Combined,Max-Sharpe (tangency),1.479461920924227
2021-06-17,-0.012539229558793188,Combined,Max-Sharpe (tangency),1.460910608274265
2021-06-18,-0.024547623694277904,Combined,Max-Sharpe (tangency),1.4250487244113699
2021-06-21,-0.05075241823259478,Combined,Max-Sharpe (tangency),1.3527240555482183
2021-06-22,0.0025786109593016883,Combined,Max-Sharpe (tangency),1.356212204622766
2021-06-23,0.020518720275906725,Combined,Max-Sharpe (tangency),1.3840399434841915
2021-06-24,0.02166064749148372,Combined,Max-Sharpe (tangency),1.4140191448141357
2021-06-25,-0.030175896472156113,Combined,Max-Sharpe (tangency),1.3713498494905776
2021-06-28,0.005767060834030239,Combined,Max-Sharpe (tangency),1.379258507497328
2021-06-29,0.03076580966124444,Combined,Max-Sharpe (tangency),1.421692512212643
2021-06-30,0.0027738177596228417,Combined,Max-Sharpe (tangency),1.425636028151741
2021-07-01,-0.012465233437167503,Combined,Max-Sharpe (tangency),1.4078651422643933
2021-07-02,0.015016997844069936,Combined,Max-Sharpe (tangency),1.429007050070519
2021-07-06,0.008997611040552494,Combined,Max-Sharpe (tangency),1.441864699681261
2021-07-07,-0.007573519601302346,Combined,Max-Sharpe (tangency),1.430944709115799
2021-07-08,-0.026513435508751314,Combined,Max-Sharpe (tangency),1.3930054488540684
2021-07-09,0.012870602821349768,Combined,Max-Sharpe (tangency),1.410934268714245
2021-07-12,-0.005122323598314765,Combined,Max-Sharpe (tangency),1.403707006813939
2021-07-13,-0.01698720610783839,Combined,Max-Sharpe (tangency),1.3798619465741737
2021-07-14,-0.0050671493420579245,Combined,Max-Sharpe (tangency),1.3728699800194597
2021-07-15,-0.02354887291380118,Combined,Max-Sharpe (tangency),1.3405404393328086
2021-07-16,-0.027320748670255024,Combined,Max-Sharpe (tangency),1.3039158709074836
2021-07-19,-0.003823812800495931,Combined,Max-Sharpe (tangency),1.2989299407095378
2021-07-20,-0.01629940304248546,Combined,Max-Sharpe (tangency),1.2777581580819612
2021-07-21,0.040486640493269985,Combined,Max-Sharpe (tangency),1.3294902932655686
2021-07-22,0.007415664803487442,Combined,Max-Sharpe (tangency),1.3393493476399163
2021-07-23,0.009162428231812882,Combined,Max-Sharpe (tangency),1.3516210399149924
2021-07-26,0.005074353713516349,Combined,Max-Sharpe (tangency),1.3584796431581518
2021-07-27,-0.005247659271411935,Combined,Max-Sharpe (tangency),1.3513508048637086
2021-07-28,0.0038464768117817114,Combined,Max-Sharpe (tangency),1.3565487443991993
2021-07-29,0.0032903344490448775,Combined,Max-Sharpe (tangency),1.3610122434647045
2021-07-30,0.010743687086297518,Combined,Max-Sharpe (tangency),1.375634533129109
2021-08-02,-0.0013255477354239572,Combined,Max-Sharpe (tangency),1.373811063888949
2021-08-03,0.0011840692828498627,Combined,Max-Sharpe (tangency),1.375437751370139
2021-08-04,0.01316199030767275,Combined,Max-Sharpe (tangency),1.39354124972248
2021-08-05,0.012088399432608062,Combined,Max-Sharpe (tangency),1.410386932974941
2021-08-06,0.00624369756007897,Combined,Max-Sharpe (tangency),1.419192962427124
2021-08-09,0.018182405186352415,Combined,Max-Sharpe (tangency),1.4449973039075938
2021-08-10,0.010474402539239576,Combined,Max-Sharpe (tangency),1.460132787336838
2021-08-11,0.013946310436899692,Combined,Max-Sharpe (tangency),1.480496252468133
2021-08-12,0.0003687476419300009,Combined,Max-Sharpe (tangency),1.481042181970117
2021-08-13,0.05226944742911144,Combined,Max-Sharpe (tangency),1.5584554384409004
2021-08-16,-0.016423820561061255,Combined,Max-Sharpe (tangency),1.532859645967537
2021-08-17,-0.02992246513802881,Combined,Max-Sharpe (tangency),1.4869927066495823
2021-08-18,0.009243379462584259,Combined,Max-Sharpe (tangency),1.5007375444952398
2021-08-19,0.04909901845615285,Combined,Max-Sharpe (tangency),1.574422284890253
2021-08-20,0.028881551364877682,Combined,Max-Sharpe (tangency),1.619894042981319
2021-08-23,0.030596636269284713,Combined,Max-Sharpe (tangency),1.6694573518091993
2021-08-24,-0.028748094868196187,Combined,Max-Sharpe (tangency),1.6214636334809809
2021-08-25,0.010392611739167461,Combined,Max-Sharpe (tangency),1.6383148754729284
2021-08-26,-0.0287975995908895,Combined,Max-Sharpe (tangency),1.5911353396852612
2021-08-27,0.05326777717007304,Combined,Max-Sharpe (tangency),1.6758915824070444
2021-08-30,-0.016092196005799888,Combined,Max-Sharpe (tangency),1.64892280657848
2021-08-31,0.0038695184620686903,Combined,Max-Sharpe (tangency),1.6553033438210616
2021-09-01,0.018120797551340505,Combined,Max-Sharpe (tangency),1.6852987606004999
2021-09-02,0.008590623741268708,Combined,Max-Sharpe (tangency),1.6997765281444452
2021-09-03,0.008272113611404884,Combined,Max-Sharpe (tangency),1.7138372726992552
2021-09-07,-0.05244524940964911,Combined,Max-Sharpe (tangency),1.62395464948499
2021-09-08,-0.009242218218271665,Combined,Max-Sharpe (tangency),1.6089457062378727
2021-09-09,-0.003403898910824539,Combined,Max-Sharpe (tangency),1.603469017700834
2021-09-10,-0.01076678751709298,Combined,Max-Sharpe (tangency),1.5862048074970074
2021-09-13,-0.024634412405470537,Combined,Max-Sharpe (tangency),1.5471295841095862
2021-09-14,0.004619233583491279,Combined,Max-Sharpe (tangency),1.5542761370425182
2021-09-15,0.01793348246396744,Combined,Max-Sharpe (tangency),1.5821497208903332
2021-09-16,-0.0103469617954557,Combined,Max-Sharpe (tangency),1.56577927817359
2021-09-17,-0.01987768158888207,Combined,Max-Sharpe (tangency),1.5346552162435858
2021-09-20,-0.0503964096403224,Combined,Max-Sharpe (tangency),1.4573141033091164
2021-09-21,-0.013674304404856584,Combined,Max-Sharpe (tangency),1.437386346646977
2021-09-22,0.04407703572450495,Combined,Max-Sharpe (tangency),1.5007420759980517
2021-09-23,0.018314017324228583,Combined,Max-Sharpe (tangency),1.5282266923770789
2021-09-24,-0.01770939265974608,Combined,Max-Sharpe (tangency),1.5011627258086684
2021-09-27,-0.01935336234148828,Combined,Max-Sharpe (tangency),1.4721101796425569
2021-09-28,-0.02685208253287369,Combined,Max-Sharpe (tangency),1.4325809556013114
2021-09-29,0.0005430578932094947,Combined,Max-Sharpe (tangency),1.4333589299969123
2021-09-30,0.011279540869408503,Combined,Max-Sharpe (tangency),1.449526560628344
2021-10-01,0.033311506925915835,Combined,Max-Sharpe (tangency),1.497812474692014
2021-10-04,-0.02169442218855102,Combined,Max-Sharpe (tangency),1.4653182985067672
2021-10-05,0.026016808990897193,Combined,Max-Sharpe (tangency),1.5034412047898842
2021-10-06,0.019404200783592302,Combined,Max-Sharpe (tangency),1.5326142797939533
2021-10-07,0.007776923923085305,Combined,Max-Sharpe (tangency),1.5445333044513452
2021-10-08,-0.007077630779208573,Combined,Max-Sharpe (tangency),1.5336016679962476
2021-10-11,0.004996247534039123,Combined,Max-Sharpe (tangency),1.541263921548172
2021-10-12,-0.007847657464937683,Combined,Max-Sharpe (tangency),1.5291686102287954
2021-10-13,0.020494283119107337,Combined,Max-Sharpe (tangency),1.560507824663676
2021-10-14,0.018065255732471523,Combined,Max-Sharpe (tangency),1.588698797588748
2021-10-15,0.020509040454235742,Combined,Max-Sharpe (tangency),1.6212814854980915
2021-10-18,0.0048890684004072715,Combined,Max-Sharpe (tangency),1.6292080415770056
2021-10-19,0.006911934007978955,Combined,Max-Sharpe (tangency),1.6404690200456544
2021-10-20,0.012081026903697925,Combined,Max-Sharpe (tangency),1.660287570411509
2021-10-21,-0.006773244170485476,Combined,Max-Sharpe (tangency),1.6490420373038897
2021-10-22,0.0009873664332022563,Combined,Max-Sharpe (tangency),1.650670246058463
2021-10-25,0.016715957394959517,Combined,Max-Sharpe (tangency),1.6782627795647038
2021-10-26,0.02059627006092631,Combined,Max-Sharpe (tangency),1.7128287330058194
2021-10-27,-0.03754403401026283,Combined,Max-Sharpe (tangency),1.6485222328000935
2021-10-28,0.02670990365590992,Combined,Max-Sharpe (tangency),1.6925541028128095
2021-10-29,0.0168476988598872,Combined,Max-Sharpe (tangency),1.721069744641066
2021-11-01,-0.0015506230524636195,Combined,Max-Sharpe (tangency),1.7184010142201278
2021-11-02,0.017993221187693517,Combined,Max-Sharpe (tangency),1.7493205837581474
2021-11-03,0.008877922588562057,Combined,Max-Sharpe (tangency),1.7648509164833304
2021-11-04,0.02416236946661047,Combined,Max-Sharpe (tangency),1.8074938963808866
2021-11-05,-0.007585252632722894,Combined,Max-Sharpe (tangency),1.793783598544733
2021-11-08,0.03503547276825976,Combined,Max-Sharpe (tangency),1.856629654963698
2021-11-09,0.007565180266551053,Combined,Max-Sharpe (tangency),1.8706753929917228
2021-11-10,-0.02908754414252752,Combined,Max-Sharpe (tangency),1.816262039921736
2021-11-11,0.011263723765787742,Combined,Max-Sharpe (tangency),1.8367199138257007
2021-11-12,-0.005429285865263999,Combined,Max-Sharpe (tangency),1.8267478363591179
2021-11-15,-0.012476732486257094,Combined,Max-Sharpe (tangency),1.8039559922850161
2021-11-16,-0.020357737528239193,Combined,Max-Sharpe (tangency),1.7672315296815835
2021-11-17,-0.011255925173497721,Combined,Max-Sharpe (tangency),1.7473397038192418
2021-11-18,0.010657343886962108,Combined,Max-Sharpe (tangency),1.765961703930186
2021-11-19,0.024595820776796395,Combined,Max-Sharpe (tangency),1.809396981498739
2021-11-22,-0.023428493007488987,Combined,Max-Sharpe (tangency),1.7670055369699242
2021-11-23,0.001337403604627933,Combined,Max-Sharpe (tangency),1.7693687365444652
2021-11-24,0.0009910621918026667,Combined,Max-Sharpe (tangency),1.7711222910026119
2021-11-26,-0.0409515564024032,Combined,Max-Sharpe (tangency),1.6985920766070648
2021-11-29,0.026695275611102118,Combined,Max-Sharpe (tangency),1.7439364602429246
2021-11-30,-0.021214365251430237,Combined,Max-Sharpe (tangency),1.7069399552000448
2021-12-01,-0.021013076292329916,Combined,Max-Sharpe (tangency),1.671071895695
2021-12-02,0.02644156833889284,Combined,Max-Sharpe (tangency),1.7152576574242224
2021-12-03,-0.04498332694962432,Combined,Max-Sharpe (tangency),1.6380996614174619
2021-12-06,0.00325487303376384,Combined,Max-Sharpe (tangency),1.6434314678320272
2021-12-07,0.0321642773317584,Combined,Max-Sharpe (tangency),1.6962912533391152
2021-12-08,-0.003630814247799984,Combined,Max-Sharpe (tangency),1.690132334888073
2021-12-09,-0.042504147127428164,Combined,Max-Sharpe (tangency),1.6182947014611668
2021-12-10,-0.014999782887394992,Combined,Max-Sharpe (tangency),1.5940206322914277
2021-12-13,-0.054966947055802656,Combined,Max-Sharpe (tangency),1.5064021845904076
2021-12-14,0.0001298051892139791,Combined,Max-Sharpe (tangency),1.5065977234110108
2021-12-15,0.05965134797650848,Combined,Max-Sharpe (tangency),1.5964683084708164
2021-12-16,-0.040666584503095335,Combined,Max-Sharpe (tangency),1.5315453950978744
2021-12-17,-0.017407508010313287,Combined,Max-Sharpe (tangency),1.5048850063645496
2021-12-20,-0.000669438190667445,Combined,Max-Sharpe (tangency),1.5038775788687264
2021-12-21,0.03209483289321617,Combined,Max-Sharpe (tangency),1.5521442784543729
2021-12-22,0.009860914416742247,Combined,Max-Sharpe (tangency),1.5674498403466477
2021-12-23,0.023795306246016813,Combined,Max-Sharpe (tangency),1.6047477893229662
2021-12-27,0.027600802786063743,Combined,Max-Sharpe (tangency),1.649040116577441
2021-12-28,-0.029246891707173095,Combined,Max-Sharpe (tangency),1.6008108188671166
2021-12-29,-0.016655701647780588,Combined,Max-Sharpe (tangency),1.5741481914735265
2021-12-30,-0.0006387408523352294,Combined,Max-Sharpe (tangency),1.5731427187160025
2021-12-31,-0.008589982818493809,Combined,Max-Sharpe (tangency),1.5596294497911936
2022-01-03,-0.007919769737221569,Combined,Max-Sharpe (tangency),1.5472775436734578
2022-01-04,-0.007730084588864575,Combined,Max-Sharpe (tangency),1.5353169573784113
2022-01-05,-0.033117608334265275,Combined,Max-Sharpe (tangency),1.4844709317149973
2022-01-06,0.006950835107554176,Combined,Max-Sharpe (tangency),1.4947892443833057
2022-01-07,-0.028289322464410436,Combined,Max-Sharpe (tangency),1.452502669432614
2022-01-10,-0.003266416963335224,Combined,Max-Sharpe (tangency),1.4477581900738896
2022-01-11,0.01626387039421303,Combined,Max-Sharpe (tangency),1.4713043416394118
2022-01-12,0.02199874258701573,Combined,Max-Sharpe (tangency),1.503671187118296
2022-01-13,-0.02904393283282661,Combined,Max-Sharpe (tangency),1.4599986621569756
2022-01-14,0.006969841857688434,Combined,Max-Sharpe (tangency),1.4701746219446465
2022-01-18,-0.02415377031471419,Combined,Max-Sharpe (tangency),1.4346643618036738
2022-01-19,-0.020682868879345548,Combined,Max-Sharpe (tangency),1.4049913869226185
2022-01-20,-0.0271544565480335,Combined,Max-Sharpe (tangency),1.3668396093560669
2022-01-21,-0.03807177380648771,Combined,Max-Sharpe (tangency),1.3148016009189145
2022-01-24,-0.004911517109164518,Combined,Max-Sharpe (tangency),1.3083439303608444
2022-01-25,-0.014483458071475943,Combined,Max-Sharpe (tangency),1.289394585902393
2022-01-26,0.0012916223077993963,Combined,Max-Sharpe (tangency),1.2910599967131002
2022-01-27,-0.016797219592749962,Combined,Max-Sharpe (tangency),1.2693737784408954
2022-01-28,0.03017365763804995,Combined,Max-Sharpe (tangency),1.307675428246289
2022-01-31,0.025999010536443583,Combined,Max-Sharpe (tangency),1.3416736954835127
2022-02-01,0.018139002157885935,Combined,Max-Sharpe (tangency),1.366010317541067
2022-02-02,0.007543547172643361,Combined,Max-Sharpe (tangency),1.3763148808097554
2022-02-03,-0.011300373262894327,Combined,Max-Sharpe (tangency),1.3607620089293293
2022-02-04,0.01929565736217176,Combined,Max-Sharpe (tangency),1.3870188064050903
2022-02-07,0.01767089753303237,Combined,Max-Sharpe (tangency),1.4115286736094637
2022-02-08,0.0033364687583601928,Combined,Max-Sharpe (tangency),1.4162381949304912
2022-02-09,0.0210395387927897,Combined,Max-Sharpe (tangency),1.4460351933725617
2022-02-10,-0.026763212708847718,Combined,Max-Sharpe (tangency),1.407334645907852
2022-02-11,-0.02754956369912366,Combined,Max-Sharpe (tangency),1.36856319043443
2022-02-14,0.005120978013392818,Combined,Max-Sharpe (tangency),1.3755715724425832
2022-02-15,0.032752303121348456,Combined,Max-Sharpe (tangency),1.4206247095483324
2022-02-16,-0.0023662755708311048,Combined,Max-Sharpe (tangency),1.4172631200028092
2022-02-17,-0.03663018709563354,Combined,Max-Sharpe (tangency),1.3653485067533648
2022-02-18,-0.015077018002033975,Combined,Max-Sharpe (tangency),1.3447631227379941
2022-02-22,0.00474070887502368,Combined,Max-Sharpe (tangency),1.3511382532087628
2022-02-23,-0.007178062242156034,Combined,Max-Sharpe (tangency),1.3414396987294723
2022-02-24,0.010920354401639838,Combined,Max-Sharpe (tangency),1.3560886956480271
2022-02-25,0.027102916007711877,Combined,Max-Sharpe (tangency),1.3928426536651832
2022-02-28,0.02344747044132903,Combined,Max-Sharpe (tangency),1.42550129061642
2022-03-01,0.0024759856393313648,Combined,Max-Sharpe (tangency),1.4290308113408343
2022-03-02,0.014402128680775825,Combined,Max-Sharpe (tangency),1.4496118969745586
2022-03-03,-0.004723624904482087,Combined,Max-Sharpe (tangency),1.442764474116176
2022-03-04,-0.012811241264198789,Combined,Max-Sharpe (tangency),1.424280870350859
2022-03-07,-0.016998012809665664,Combined,Max-Sharpe (tangency),1.4000709258720734
2022-03-08,-0.0053959753473569756,Combined,Max-Sharpe (tangency),1.3925161776715163
2022-03-09,0.03016147659671712,Combined,Max-Sharpe (tangency),1.4345165217749056
2022-03-10,-0.009413686265069636,Combined,Max-Sharpe (tangency),1.4210124332968577
2022-03-11,-0.010210920091778364,Combined,Max-Sharpe (tangency),1.4065025888910399
2022-03-14,-0.004608833293894617,Combined,Max-Sharpe (tangency),1.4000202529314099
2022-03-15,0.01720257269429322,Combined,Max-Sharpe (tangency),1.4241042031059452
2022-03-16,0.022971701472398996,Combined,Max-Sharpe (tangency),1.4568182997252834
2022-03-17,0.010795342799110843,Combined,Max-Sharpe (tangency),1.4725451526668356
2022-03-18,0.017527198935340244,Combined,Max-Sharpe (tangency),1.4983547444988983
2022-03-21,0.01314905670642428,Combined,Max-Sharpe (tangency),1.518056696000654
2022-03-22,0.009675239548038814,Combined,Max-Sharpe (tangency),1.5327442581819648
2022-03-23,0.0071547678161009865,Combined,Max-Sharpe (tangency),1.5437106874707187
2022-03-24,0.02764276248566208,Combined,Max-Sharpe (tangency),1.58638311535105
2022-03-25,0.001960348417514634,Combined,Max-Sharpe (tangency),1.5894929789808
2022-03-28,0.005456188542509723,Combined,Max-Sharpe (tangency),1.598165552361115
2022-03-29,0.011154285785748813,Combined,Max-Sharpe (tangency),1.6159919476650897
2022-03-30,-0.004138508979895558,Combined,Max-Sharpe (tangency),1.6093041504782388
2022-03-31,-0.017679075255483852,Combined,Max-Sharpe (tangency),1.5808531412929716
2022-04-01,0.011172315971197532,Combined,Max-Sharpe (tangency),1.598514932091557
2022-04-04,-0.0007261457066210708,Combined,Max-Sharpe (tangency),1.597354177336649
2022-04-05,-0.015321286298954599,Combined,Max-Sharpe (tangency),1.5728806566648432
2022-04-06,-0.01215926945243163,Combined,Max-Sharpe (tangency),1.5537555769439377
2022-04-07,0.015127576774367386,Combined,Max-Sharpe (tangency),1.5772601337227588
2022-04-08,-0.008450720961926906,Combined,Max-Sharpe (tangency),1.5639311484482963
2022-04-11,-0.030474732694540894,Combined,Max-Sharpe (tangency),1.516270764746668
2022-04-12,0.005281459313586959,Combined,Max-Sharpe (tangency),1.5242788870990591
2022-04-13,0.005836038316421158,Combined,Max-Sharpe (tangency),1.5331746370890809
2022-04-14,-0.0032596881847504248,Combined,Max-Sharpe (tangency),1.5281769658394027
2022-04-18,0.007403895660093165,Combined,Max-Sharpe (tangency),1.5394914286446355
2022-04-19,-0.0016141653512817943,Combined,Max-Sharpe (tangency),1.5370064349219221
2022-04-20,-0.003983267195615765,Combined,Max-Sharpe (tangency),1.5308841276102472
2022-04-21,-0.022402136891895706,Combined,Max-Sharpe (tangency),1.496589051817892
2022-04-22,-0.02910313798886131,Combined,Max-Sharpe (tangency),1.4530336141302167
2022-04-25,0.00025277620591088006,Combined,Max-Sharpe (tangency),1.4534009064542575
2022-04-26,-0.024046574561403446,Combined,Max-Sharpe (tangency),1.4184515931895938
2022-04-27,0.004460039931170389,Combined,Max-Sharpe (tangency),1.4247779439356514
2022-04-28,0.016108579185648713,Combined,Max-Sharpe (tangency),1.4477290922675048
2022-04-29,-0.046164861517005246,Combined,Max-Sharpe (tangency),1.3808948792088356
2022-05-02,-0.006864770812255348,Combined,Max-Sharpe (tangency),1.3714153523472499
2022-05-03,-0.0016088630458206742,Combined,Max-Sharpe (tangency),1.3692089328663872
2022-05-04,0.02539533553958403,Combined,Max-Sharpe (tangency),1.4039804531403248
2022-05-05,-0.04245917630040029,Combined,Max-Sharpe (tangency),1.3443685995581238
2022-05-06,-0.013233906542586943,Combined,Max-Sharpe (tangency),1.3265773511527832
2022-05-09,-0.06505215836879585,Combined,Max-Sharpe (tangency),1.2402806312171346
2022-05-10,0.007711729328870038,Combined,Max-Sharpe (tangency),1.2498453397369211
2022-05-11,-0.029583453256179025,Combined,Max-Sharpe (tangency),1.2128705985513606
2022-05-12,-0.013498720824685728,Combined,Max-Sharpe (tangency),1.1964983969450462
2022-05-13,0.013285044250563002,Combined,Max-Sharpe (tangency),1.212393931094189
2022-05-16,-0.012994812898164407,Combined,Max-Sharpe (tangency),1.1966390988007498
2022-05-17,0.012736522087886348,Combined,Max-Sharpe (tangency),1.211880119113854
2022-05-18,-0.04017263773479511,Combined,Max-Sharpe (tangency),1.1631956981106928
2022-05-19,0.01920809529429307,Combined,Max-Sharpe (tangency),1.1855384719259148
2022-05-20,-0.004712189400209379,Combined,Max-Sharpe (tangency),1.179951990104965
2022-05-23,0.0022544213175881033,Combined,Max-Sharpe (tangency),1.1826120990251883
2022-05-24,0.0060035306048179925,Combined,Max-Sharpe (tangency),1.1897119469553141
2022-05-25,0.012143662842736854,Combined,Max-Sharpe (tangency),1.2041594077191156
2022-05-26,-0.0013315980624122098,Combined,Max-Sharpe (tangency),1.2025559513849613
2022-05-27,0.00966824911233423,Combined,Max-Sharpe (tangency),1.2141825618944713
2022-05-31,-0.014811785948773217,Combined,Max-Sharpe (tangency),1.1961983496849573
2022-06-01,-0.015622409296916379,Combined,Max-Sharpe (tangency),1.177510849465883
2022-06-02,0.018093266066318784,Combined,Max-Sharpe (tangency),1.1988158665612465
2022-06-03,-0.014464428734490019,Combined,Max-Sharpe (tangency),1.1814756798935955
2022-06-06,0.003518665969797998,Combined,Max-Sharpe (tangency),1.1856328981625812
2022-06-07,0.012670554392290907,Combined,Max-Sharpe (tangency),1.2006555242880397
2022-06-08,-0.01617358763754686,Combined,Max-Sharpe (tangency),1.1812366169434623
2022-06-09,-0.026423843764100438,Combined,Max-Sharpe (tangency),1.1500238051289136
2022-06-10,-0.016513645755047986,Combined,Max-Sharpe (tangency),1.1310327194011423
2022-06-13,-0.05890707621216994,Combined,Max-Sharpe (tangency),1.0644068888009213
2022-06-14,-0.010635775725382277,Combined,Max-Sharpe (tangency),1.0530860958510828
2022-06-15,0.018529407334519674,Combined,Max-Sharpe (tangency),1.0725991570794267
2022-06-16,-0.01826704296311203,Combined,Max-Sharpe (tangency),1.053005942194859
2022-06-17,-0.0011531104445250751,Combined,Max-Sharpe (tangency),1.0517917100447671
2022-06-21,0.02349664352384479,Combined,Max-Sharpe (tangency),1.0765052849170242
2022-06-22,-0.0017665889004259082,Combined,Max-Sharpe (tangency),1.07460354262944
2022-06-23,0.003856409710332056,Combined,Max-Sharpe (tangency),1.0787476541659933
2022-06-24,0.02654756606421803,Combined,Max-Sharpe (tangency),1.1073857787815853
2022-06-27,-0.0013766597898010402,Combined,Max-Sharpe (tangency),1.105861285308139
2022-06-28,-0.014786972730695345,Combined,Max-Sharpe (tangency),1.089508944638356
2022-06-29,-0.005231399924015643,Combined,Max-Sharpe (tangency),1.0838092876281604
2022-06-30,-0.013318040386208568,Combined,Max-Sharpe (tangency),1.0693750717645807
2022-07-01,0.00446968855109176,Combined,Max-Sharpe (tangency),1.0741548452796699
2022-07-05,-0.003387137676804772,Combined,Max-Sharpe (tangency),1.0705165349325008
2022-07-06,-0.002391826386929292,Combined,Max-Sharpe (tangency),1.067956045236605
2022-07-07,0.008093888245647895,Combined,Max-Sharpe (tangency),1.0765999621180142
2022-07-08,-0.0004032261807171083,Combined,Max-Sharpe (tangency),1.0761658488271293
2022-07-11,-0.012275963654178821,Combined,Max-Sharpe (tangency),1.062954875981059
2022-07-12,-0.01247973338407904,Combined,Max-Sharpe (tangency),1.0496894825295087
2022-07-13,0.004543126539028751,Combined,Max-Sharpe (tangency),1.054458354675328
2022-07-14,-0.00650363900886923,Combined,Max-Sharpe (tangency),1.0476005381866333
2022-07-15,0.015781397181305588,Combined,Max-Sharpe (tangency),1.0641331383671062
2022-07-18,-0.0019367312697403383,Combined,Max-Sharpe (tangency),1.0620721984428636
2022-07-19,0.014115117560613328,Combined,Max-Sharpe (tangency),1.0770634723817436
2022-07-20,-0.012017509863627472,Combined,Max-Sharpe (tangency),1.0641198514786432
2022-07-21,0.004561219869052695,Combined,Max-Sharpe (tangency),1.068973536088261
2022-07-22,-0.007505394903062539,Combined,Max-Sharpe (tangency),1.0609504675589954
2022-07-25,-0.01894212056626977,Combined,Max-Sharpe (tangency),1.0408538158876526
2022-07-26,0.0010315311118770604,Combined,Max-Sharpe (tangency),1.0419274889816568
2022-07-27,0.0174757181064022,Combined,Max-Sharpe (tangency),1.0601359200664118
2022-07-28,0.005742329846297571,Combined,Max-Sharpe (tangency),1.0662235702013412
2022-07-29,-0.011032789525795955,Combined,Max-Sharpe (tangency),1.054460149963867
2022-08-01,-0.009637507430433968,Combined,Max-Sharpe (tangency),1.0442977824334938
2022-08-02,-0.0037884675991479906,Combined,Max-Sharpe (tangency),1.0403414941208824
2022-08-03,0.004465070230215464,Combined,Max-Sharpe (tangency),1.0449866919555393
2022-08-04,-0.0019098687561879667,Combined,Max-Sharpe (tangency),1.0429909045219412
2022-08-05,0.009963900047652586,Combined,Max-Sharpe (tangency),1.0533831616452085
2022-08-08,0.0027113923305038456,Combined,Max-Sharpe (tangency),1.0562392966707752
2022-08-09,-0.0031880800277537765,Combined,Max-Sharpe (tangency),1.0528719212645306
2022-08-10,0.022144729124152135,Combined,Max-Sharpe (tangency),1.0761874847633592
2022-08-11,0.010579322982010359,Combined,Max-Sharpe (tangency),1.087572819753868
2022-08-12,0.0133983825974104,Combined,Max-Sharpe (tangency),1.102144536495475
2022-08-15,0.0011113403355769097,Combined,Max-Sharpe (tangency),1.1033693941745182
2022-08-16,-0.0046183164741412245,Combined,Max-Sharpe (tangency),1.0982736851243389
2022-08-17,-0.008855187754820377,Combined,Max-Sharpe (tangency),1.0885482654363843
2022-08-18,0.001895102302682299,Combined,Max-Sharpe (tangency),1.0906111757607937
2022-08-19,-0.02759464610250516,Combined,Max-Sharpe (tangency),1.0605161463302375
2022-08-22,-0.014822876765755784,Combined,Max-Sharpe (tangency),1.0447962461850901
2022-08-23,-0.000360582338056809,Combined,Max-Sharpe (tangency),1.0444195111118477
2022-08-24,-0.00012460993672809865,Combined,Max-Sharpe (tangency),1.0442893660626504
2022-08-25,0.02250883320682122,Combined,Max-Sharpe (tangency),1.0677951012230118
2022-08-26,-0.03728045829101742,Combined,Max-Sharpe (tangency),1.0279872104885146
2022-08-29,0.001820004476665765,Combined,Max-Sharpe (tangency),1.029858151813559
2022-08-30,-0.01631651289376075,Combined,Max-Sharpe (tangency),1.0130544580007483
2022-08-31,-0.008907711789671428,Combined,Max-Sharpe (tangency),1.004030460861636
2022-09-01,0.007136998995275445,Combined,Max-Sharpe (tangency),1.0111962252520315
2022-09-02,-0.009976607546954938,Combined,Max-Sharpe (tangency),1.0011079173597297
2022-09-06,-0.005351298447769634,Combined,Max-Sharpe (tangency),0.9957506901155128
2022-09-07,0.0137830997539453,Combined,Max-Sharpe (tangency),1.0094752212074347
2022-09-08,0.004384654559643337,Combined,Max-Sharpe (tangency),1.0139014213389488
2022-09-09,0.017260612958647635,Combined,Max-Sharpe (tangency),1.0314019813509032
2022-09-12,0.00045698150375881545,Combined,Max-Sharpe (tangency),1.0318733129793207
2022-09-13,-0.0387183638406684,Combined,Max-Sharpe (tangency),0.9919208666099115
2022-09-14,-0.005783655854307868,Combined,Max-Sharpe (tangency),0.986183937682733
2022-09-15,-0.025160311693053064,Combined,Max-Sharpe (tangency),0.961371242423953
2022-09-16,-0.006888423704006278,Combined,Max-Sharpe (tangency),0.9547489099692898
2022-09-19,0.004776259378179106,Combined,Max-Sharpe (tangency),0.9593090384043369
2022-09-20,-0.020834020357908448,Combined,Max-Sharpe (tangency),0.9393227743686954
2022-09-21,-0.017483495397073813,Combined,Max-Sharpe (tangency),0.9229001289666536
2022-09-22,-0.0008668386892283937,Combined,Max-Sharpe (tangency),0.9221001234285714
2022-09-23,-0.009998888428825138,Combined,Max-Sharpe (tangency),0.9128801471742032
2022-09-26,-0.011691524135841309,Combined,Max-Sharpe (tangency),0.9022071869003856
2022-09-27,0.0023042512020912597,Combined,Max-Sharpe (tangency),0.9042860988953362
2022-09-28,0.015674585064892936,Combined,Max-Sharpe (tangency),0.9184604082754713
2022-09-29,-0.010203993374716207,Combined,Max-Sharpe (tangency),0.9090884443544892
2022-09-30,-0.014339200378366683,Combined,Max-Sharpe (tangency),0.8960528429892326
2022-10-03,0.02637813301065966,Combined,Max-Sharpe (tangency),0.9196890440661822
2022-10-04,0.02514971256170622,Combined,Max-Sharpe (tangency),0.942818959170597
2022-10-05,0.0004980684028554091,Combined,Max-Sharpe (tangency),0.943288547503773
2022-10-06,-0.009242093760106162,Combined,Max-Sharpe (tangency),0.9345705863049087
2022-10-07,-0.01567833606904634,Combined,Max-Sharpe (tangency),0.9199180745725747
2022-10-10,-0.011767605898095319,Combined,Max-Sharpe (tangency),0.9090928412124699
2022-10-11,0.005355646464010154,Combined,Max-Sharpe (tangency),0.9139616210729664
2022-10-12,-0.004255018158226233,Combined,Max-Sharpe (tangency),0.910072697779379
2022-10-13,0.0185019808440439,Combined,Max-Sharpe (tangency),0.9269108454003805
2022-10-14,-0.009535583110750877,Combined,Max-Sharpe (tangency),0.9180722099978088
2022-10-17,0.02064916654540949,Combined,Max-Sharpe (tangency),0.9370296359627657
2022-10-18,0.0041629698416688335,Combined,Max-Sharpe (tangency),0.9409304620780286
2022-10-19,-0.014158650041747874,Combined,Max-Sharpe (tangency),0.9276081569518456
2022-10-20,0.0012949687715852242,Combined,Max-Sharpe (tangency),0.9288093805473661
2022-10-21,0.024397783818220494,Combined,Max-Sharpe (tangency),0.9514702710222961
2022-10-24,0.005474470390413795,Combined,Max-Sharpe (tangency),0.9566790668483666
2022-10-25,0.01697844012999901,Combined,Max-Sharpe (tangency),0.9729219851084749
2022-10-26,0.012902831193256366,Combined,Max-Sharpe (tangency),0.9854754332465375
2022-10-27,-0.0031816601370333285,Combined,Max-Sharpe (tangency),0.9823399853445514
2022-10-28,-0.0016366489855551107,Combined,Max-Sharpe (tangency),0.980732239604067
2022-10-31,-0.007392086305882388,Combined,Max-Sharpe (tangency),0.9734825822459524
2022-11-01,0.004054542832696311,Combined,Max-Sharpe (tangency),0.9774296090725525
2022-11-02,-0.03463392525278339,Combined,Max-Sharpe (tangency),0.9435773850520764
2022-11-03,0.00021811086515144667,Combined,Max-Sharpe (tangency),0.9437831895318676
2022-11-04,0.021413895356648317,Combined,Max-Sharpe (tangency),0.9639932639918667
2022-11-07,0.008881628245061808,Combined,Max-Sharpe (tangency),0.9725550937933862
2022-11-08,-0.013625136174457764,Combined,Max-Sharpe (tangency),0.9593038982032889
2022-11-09,-0.03774043445181856,Combined,Max-Sharpe (tangency),0.9230993523137737
2022-11-10,0.052936100935222205,Combined,Max-Sharpe (tangency),0.9719646328010939
2022-11-11,-0.004717958368436222,Combined,Max-Sharpe (tangency),0.9673789441279459
2022-11-14,0.00550355959483885,Combined,Max-Sharpe (tangency),0.9727029717977465
2022-11-15,0.007137200034507562,Combined,Max-Sharpe (tangency),0.9796453474816269
2022-11-16,-0.011232906976593808,Combined,Max-Sharpe (tangency),0.9686410824233128
2022-11-17,-0.0006924147222500004,Combined,Max-Sharpe (tangency),0.9679703810772667
2022-11-18,0.010128922777749308,Combined,Max-Sharpe (tangency),0.9777748783183469
2022-11-21,0.013245693944170966,Combined,Max-Sharpe (tangency),0.9907261851028507
2022-11-22,0.016581055698219646,Combined,Max-Sharpe (tangency),1.0071534711597256
2022-11-23,0.0030762532511225097,Combined,Max-Sharpe (tangency),1.0102517302997602
2022-11-25,-0.00020191869677163696,Combined,Max-Sharpe (tangency),1.0100477415869669
2022-11-28,-0.015085097585286571,Combined,Max-Sharpe (tangency),0.9948110728393292
2022-11-29,0.002857317117632023,Combined,Max-Sharpe (tangency),0.997653563546563
2022-11-30,0.025119946700101793,Combined,Max-Sharpe (tangency),1.0227145678880192
2022-12-01,-0.001629285353390808,Combined,Max-Sharpe (tangency),1.0210482740218598
2022-12-02,0.012072984467263598,Combined,Max-Sharpe (tangency),1.033375373974452
2022-12-05,-0.008316674080997347,Combined,Max-Sharpe (tangency),1.0247811277857777
2022-12-06,-0.0017036952615108324,Combined,Max-Sharpe (tangency),1.0230352130342832
2022-12-07,-0.0022908074743049713,Combined,Max-Sharpe (tangency),1.020691636321787
2022-12-08,0.014207540963187148,Combined,Max-Sharpe (tangency),1.0351931545556115
2022-12-09,-0.015808699617314678,Combined,Max-Sharpe (tangency),1.0188280969293413
2022-12-12,0.010411225438327634,Combined,Max-Sharpe (tangency),1.029435345929375
2022-12-13,0.007360919693554492,Combined,Max-Sharpe (tangency),1.0370129368404677
2022-12-14,-0.0033586634886995886,Combined,Max-Sharpe (tangency),1.0335299593521925
2022-12-15,-0.028906834768408145,Combined,Max-Sharpe (tangency),1.003653879588999
2022-12-16,-0.023408861944659312,Combined,Max-Sharpe (tangency),0.9801594844814785
2022-12-19,-0.004476758394446645,Combined,Max-Sharpe (tangency),0.9757715472814296
2022-12-20,0.0016496264213548186,Combined,Max-Sharpe (tangency),0.9773812058070313
2022-12-21,0.014024918503282744,Combined,Max-Sharpe (tangency),0.9910888975651151
2022-12-22,-0.0033785764252775964,Combined,Max-Sharpe (tangency),0.9877404279804473
2022-12-23,-0.0029473319216264593,Combined,Max-Sharpe (tangency),0.9848292290867795
2022-12-27,-0.006107545824748895,Combined,Max-Sharpe (tangency),0.9788143394405798
2022-12-28,-0.010556763528742802,Combined,Max-Sharpe (tangency),0.968481227920563
2022-12-29,0.00712195687232953,Combined,Max-Sharpe (tangency),0.975378709457474
2022-12-30,-0.0046618960086534334,Combined,Max-Sharpe (tangency),0.9708315953449287
2023-01-03,-0.0017243612963428537,Combined,Max-Sharpe (tangency),0.969157530916649
2023-01-04,0.022602701621349024,Combined,Max-Sharpe (tangency),0.9910631094120413
2023-01-05,-0.005873386764975483,Combined,Max-Sharpe (tangency),0.9852422124619652
2023-01-06,0.027307132395322255,Combined,Max-Sharpe (tangency),1.0121463519991243
2023-01-09,-0.016250588024727244,Combined,Max-Sharpe (tangency),0.995698378612056
2023-01-10,0.009166012083084481,Combined,Max-Sharpe (tangency),1.0048249619815217
2023-01-11,0.0015651466236722934,Combined,Max-Sharpe (tangency),1.0063976603781488
2023-01-12,-0.005529886080699552,Combined,Max-Sharpe (tangency),1.000832395964375
2023-01-13,0.0146251031014571,Combined,Max-Sharpe (tangency),1.0154696729426322
2023-01-17,-0.0046757186571273895,Combined,Max-Sharpe (tangency),1.0107216224471074
2023-01-18,-0.025797811711311257,Combined,Max-Sharpe (tangency),0.9846472163386659
2023-01-19,-0.0015533362910153579,Combined,Max-Sharpe (tangency),0.9831177280836798
2023-01-20,0.020697557435880767,Combined,Max-Sharpe (tangency),1.0034658637269245
2023-01-23,0.004258654456275589,Combined,Max-Sharpe (tangency),1.0077392780992054
2023-01-24,-0.01140616001522015,Combined,Max-Sharpe (tangency),0.9962448426395835
2023-01-25,0.008975391480027309,Combined,Max-Sharpe (tangency),1.0051865301122318
2023-01-26,0.015013641598963134,Combined,Max-Sharpe (tangency),1.0202780404154423
2023-01-27,-0.0023148180075265104,Combined,Max-Sharpe (tangency),1.0179162824348047
2023-01-30,-0.015729526468337644,Combined,Max-Sharpe (tangency),1.0019049413276946
2023-01-31,0.013240020392628052,Combined,Max-Sharpe (tangency),1.0151701831823479
2023-02-01,0.0184030374900165,Combined,Max-Sharpe (tangency),1.0338523981221996
2023-02-02,0.000898695144306373,Combined,Max-Sharpe (tangency),1.0347815162523215
2023-02-03,0.00041478533098521795,Combined,Max-Sharpe (tangency),1.0352107284460377
2023-02-06,-0.012294950148683887,Combined,Max-Sharpe (tangency),1.022482864146411
2023-02-07,0.00928384242279006,Combined,Max-Sharpe (tangency),1.0319754339371494
2023-02-08,-0.003617772020897619,Combined,Max-Sharpe (tangency),1.0282419820859978
2023-02-09,-0.005520740102371812,Combined,Max-Sharpe (tangency),1.0225653253405533
2023-02-10,0.004200941406285928,Combined,Max-Sharpe (tangency),1.0268610623564087
2023-02-13,0.013508360428547576,Combined,Max-Sharpe (tangency),1.0407322716967604
2023-02-14,0.01056620077390386,Combined,Max-Sharpe (tangency),1.0517288578313895
2023-02-15,0.002618897529724335,Combined,Max-Sharpe (tangency),1.0544832279391039
2023-02-16,-0.016997029452094237,Combined,Max-Sharpe (tangency),1.0365601454570834
2023-02-17,0.00629727567341894,Combined,Max-Sharpe (tangency),1.0430876504451059
2023-02-21,-0.013349295472066106,Combined,Max-Sharpe (tangency),1.0291631651960509
2023-02-22,-0.006310692964490284,Combined,Max-Sharpe (tangency),1.0226684324501356
2023-02-23,0.019054540552024313,Combined,Max-Sharpe (tangency),1.042154909567532
2023-02-24,-0.008766007358046135,Combined,Max-Sharpe (tangency),1.033019371962039
2023-02-27,0.007114191810193921,Combined,Max-Sharpe (tangency),1.0403684699178233
2023-02-28,-0.00026872892096688715,Combined,Max-Sharpe (tangency),1.0400888928214944
2023-03-01,0.007566820120087691,Combined,Max-Sharpe (tangency),1.0479590583823757
2023-03-02,0.008129683002300471,Combined,Max-Sharpe (tangency),1.0564786333264138
2023-03-03,0.006573737850320489,Combined,Max-Sharpe (tangency),1.0634236469063665
2023-03-06,-0.008117479469701894,Combined,Max-Sharpe (tangency),1.0547913272850085
2023-03-07,-0.016482609446578363,Combined,Max-Sharpe (tangency),1.0374056137897316
2023-03-08,-0.0034724086469005502,Combined,Max-Sharpe (tangency),1.033803317566065
2023-03-09,-0.03170725250068124,Combined,Max-Sharpe (tangency),1.001024254739956
2023-03-10,-0.011001534496424903,Combined,Max-Sharpe (tangency),0.9900114518696762
2023-03-13,0.008114661141511322,Combined,Max-Sharpe (tangency),0.9980450593278142
2023-03-14,0.016585505642554305,Combined,Max-Sharpe (tangency),1.0145981412908192
2023-03-15,-0.020318004408716967,Combined,Max-Sharpe (tangency),0.9939835317829963
2023-03-16,0.01579523623447674,Combined,Max-Sharpe (tangency),1.009683736480688
2023-03-17,0.0038954985966349037,Combined,Max-Sharpe (tangency),1.0136169580591936
2023-03-20,0.00698427948310133,Combined,Max-Sharpe (tangency),1.0206963421830901
2023-03-21,0.01565879937968665,Combined,Max-Sharpe (tangency),1.036679221432915
2023-03-22,-0.023822520964290543,Combined,Max-Sharpe (tangency),1.011982908947085
2023-03-23,0.019148482640293826,Combined,Max-Sharpe (tangency),1.0313608461113324
2023-03-24,0.0015116355617111714,Combined,Max-Sharpe (tangency),1.0329198878432706
2023-03-27,-0.005437928152868057,Combined,Max-Sharpe (tangency),1.0273029437055103
2023-03-28,0.002470811943760547,Combined,Max-Sharpe (tangency),1.0298412160886783
2023-03-29,0.007689204988159719,Combined,Max-Sharpe (tangency),1.0377598763044398
2023-03-30,0.005447577769792228,Combined,Max-Sharpe (tangency),1.0434131539369782
2023-03-31,0.013929137138157821,Combined,Max-Sharpe (tangency),1.0579469988499242
2023-04-03,0.00414599725982801,Combined,Max-Sharpe (tangency),1.0623332442081994
2023-04-04,-0.015061505883068493,Combined,Max-Sharpe (tangency),1.0463329058007784
2023-04-05,-0.00031780577852082983,Combined,Max-Sharpe (tangency),1.0460003751570586
2023-04-06,0.0038692761285037875,Combined,Max-Sharpe (tangency),1.0500476394390597
2023-04-10,0.00826814019554488,Combined,Max-Sharpe (tangency),1.0587295805339427
2023-04-11,-0.0003088813135603283,Combined,Max-Sharpe (tangency),1.0584025587504022
2023-04-12,-0.004085315918278472,Combined,Max-Sharpe (tangency),1.0540786499291925
2023-04-13,0.007008793065796684,Combined,Max-Sharpe (tangency),1.0614664690616207
2023-04-14,0.0005287565092958052,Combined,Max-Sharpe (tangency),1.062027726366536
2023-04-17,-0.0005132772541898303,Combined,Max-Sharpe (tangency),1.0614826116912732
2023-04-18,0.00742923215790302,Combined,Max-Sharpe (tangency),1.069368612445105
2023-04-19,-0.006560870411037902,Combined,Max-Sharpe (tangency),1.0623526235572212
2023-04-20,0.002411100592208841,Combined,Max-Sharpe (tangency),1.0649140625970146
2023-04-21,-0.004809355778481916,Combined,Max-Sharpe (tangency),1.0597925119964768
2023-04-24,0.0044272731387053725,Combined,Max-Sharpe (tangency),1.06448450291744
2023-04-25,-0.009990269106795811,Combined,Max-Sharpe (tangency),1.053850016273281
2023-04-26,-0.00885185493225497,Combined,Max-Sharpe (tangency),1.0445214888088754
2023-04-27,-0.025771490378191982,Combined,Max-Sharpe (tangency),1.0176026133102227
2023-04-28,0.010423337716382208,Combined,Max-Sharpe (tangency),1.0282094290098283
2023-05-01,0.011149905930540549,Combined,Max-Sharpe (tangency),1.0396738674201826
2023-05-02,-0.01228992471551487,Combined,Max-Sharpe (tangency),1.0268963538609004
2023-05-03,-0.009328908368841437,Combined,Max-Sharpe (tangency),1.0173165318714346
2023-05-04,-0.015398364358795782,Combined,Max-Sharpe (tangency),1.0016515212454518
2023-05-05,0.02110546219556761,Combined,Max-Sharpe (tangency),1.0227918395602305
2023-05-08,-0.0019742608573644254,Combined,Max-Sharpe (tangency),1.020772581666155
2023-05-09,-0.0066586676262642966,Combined,Max-Sharpe (tangency),1.0139755963228363
2023-05-10,-0.001941013162405298,Combined,Max-Sharpe (tangency),1.012007456344016
2023-05-11,-0.006971288468559654,Combined,Max-Sharpe (tangency),1.0049524604335085
2023-05-12,0.0021428894689452696,Combined,Max-Sharpe (tangency),1.007105962477762
2023-05-15,0.006679356444112837,Combined,Max-Sharpe (tangency),1.0138327821781423
2023-05-16,-0.010664102107719696,Combined,Max-Sharpe (tangency),1.003021165868841
2023-05-17,0.01319616663582646,Combined,Max-Sharpe (tangency),1.0162572003129071
2023-05-18,0.01130738851544241,Combined,Max-Sharpe (tangency),1.027748415308461
2023-05-19,0.0005494413756015467,Combined,Max-Sharpe (tangency),1.0283131028115404
2023-05-22,0.0019314876209686437,Combined,Max-Sharpe (tangency),1.0302992768401007
2023-05-23,-0.010224548978382153,Combined,Max-Sharpe (tangency),1.0197649314216575
2023-05-24,-0.01226029252206291,Combined,Max-Sharpe (tangency),1.0072623150586866
2023-05-25,0.0540464611787782,Combined,Max-Sharpe (tangency),1.061701278666352
2023-05-26,0.0070218158046607875,Combined,Max-Sharpe (tangency),1.06915634948472
2023-05-30,0.0033908255150333867,Combined,Max-Sharpe (tangency),1.0727816721141128
2023-05-31,-0.017405542561623133,Combined,Max-Sharpe (tangency),1.0541093250608013
2023-06-01,0.006012649156759045,Combined,Max-Sharpe (tangency),1.0604473146052602
2023-06-02,0.020568567088005443,Combined,Max-Sharpe (tangency),1.0822591963390136
2023-06-05,-0.009125813323137296,Combined,Max-Sharpe (tangency),1.0723827009459752
2023-06-06,-0.0014813458325411118,Combined,Max-Sharpe (tangency),1.0707941313010396
2023-06-07,-0.007869980527659949,Combined,Max-Sharpe (tangency),1.0623670023385678
2023-06-08,0.01287885416317416,Combined,Max-Sharpe (tangency),1.0760490720294547
2023-06-09,-0.0005951278934227379,Combined,Max-Sharpe (tangency),1.0754086852119982
2023-06-12,0.008208128884203735,Combined,Max-Sharpe (tangency),1.0842357783034104
2023-06-13,0.020549669925736667,Combined,Max-Sharpe (tangency),1.1065164656692197
2023-06-14,0.002078332819540507,Combined,Max-Sharpe (tangency),1.108816175155182
2023-06-15,-0.0021699436035056367,Combined,Max-Sharpe (tangency),1.1064101065884404
2023-06-16,0.008686572100116332,Combined,Max-Sharpe (tangency),1.1160210177516183
2023-06-20,0.00852999734214456,Combined,Max-Sharpe (tangency),1.1255406740668172
2023-06-21,-0.00017493999794374634,Combined,Max-Sharpe (tangency),1.1253437719836104
2023-06-22,0.0008100519307277663,Combined,Max-Sharpe (tangency),1.126255358878838
2023-06-23,-0.006847281029679936,Combined,Max-Sharpe (tangency),1.1185435719254115
2023-06-26,-0.015952400084172595,Combined,Max-Sharpe (tangency),1.100700117354478
2023-06-27,0.012060244543443472,Combined,Max-Sharpe (tangency),1.1139748299387697
2023-06-28,-0.011166430213990818,Combined,Max-Sharpe (tangency),1.1015357077401162
2023-06-29,0.004133297427186008,Combined,Max-Sharpe (tangency),1.1060886824468719
2023-06-30,0.023981677354759676,Combined,Max-Sharpe (tangency),1.132614544355064
2023-07-03,0.004205649550763392,Combined,Max-Sharpe (tangency),1.1373779242047188
2023-07-05,-0.003399716206660951,Combined,Max-Sharpe (tangency),1.1335111620427016
2023-07-06,-0.006666850605316012,Combined,Max-Sharpe (tangency),1.1259542124659048
2023-07-07,0.00445855308149641,Combined,Max-Sharpe (tangency),1.1309743390895186
2023-07-10,-0.00011944585016122173,Combined,Max-Sharpe (tangency),1.1308392488980756
2023-07-11,0.009214421640407588,Combined,Max-Sharpe (tangency),1.1412592785449442
2023-07-12,0.012626309611346417,Combined,Max-Sharpe (tangency),1.1556691715426746
2023-07-13,0.026776801915153615,Combined,Max-Sharpe (tangency),1.1866142960285224
2023-07-14,-0.008181936332293305,Combined,Max-Sharpe (tangency),1.1769054934074281
2023-07-17,0.006707373452482532,Combined,Max-Sharpe (tangency),1.18479943806999
2023-07-18,0.015095508192442035,Combined,Max-Sharpe (tangency),1.2026845876937762
2023-07-19,-0.005952746358878121,Combined,Max-Sharpe (tangency),1.1955253113935032
2023-07-20,-0.00472874378104962,Combined,Max-Sharpe (tangency),1.1898719785121636
2023-07-21,-0.008987358023045296,Combined,Max-Sharpe (tangency),1.1791781730396855
2023-07-24,0.00041101440240496603,Combined,Max-Sharpe (tangency),1.1796628322518063
2023-07-25,0.01351017444192,Combined,Max-Sharpe (tangency),1.1956002828981775
2023-07-26,-0.004921356547310359,Combined,Max-Sharpe (tangency),1.1897163076179704
2023-07-27,0.015721145738881066,Combined,Max-Sharpe (tangency),1.208420011077956
2023-07-28,0.013108473239527796,Combined,Max-Sharpe (tangency),1.2242605524552814
2023-07-31,-0.0009430014079701849,Combined,Max-Sharpe (tangency),1.2231060730305936
2023-08-01,-0.0017375649464142794,Combined,Max-Sharpe (tangency),1.220980846792349
2023-08-02,-0.02137859935998201,Combined,Max-Sharpe (tangency),1.1948779864425638
2023-08-03,0.0018652472142473273,Combined,Max-Sharpe (tangency),1.1971067292781412
2023-08-04,-0.008665575383302275,Combined,Max-Sharpe (tangency),1.1867331106737231
2023-08-07,0.01309984331393492,Combined,Max-Sharpe (tangency),1.2022791284790075
2023-08-08,-0.004184046286297588,Combined,Max-Sharpe (tangency),1.197248736956402
2023-08-09,-0.013165587902488923,Combined,Max-Sharpe (tangency),1.1814862534688586
2023-08-10,-0.0038760555552698537,Combined,Max-Sharpe (tangency),1.1769067471126258
2023-08-11,-0.009326801501956195,Combined,Max-Sharpe (tangency),1.1659299714959934
2023-08-14,0.028346788269055512,Combined,Max-Sharpe (tangency),1.1989803415345364
2023-08-15,-0.005956830269290014,Combined,Max-Sharpe (tangency),1.1918382191437997
2023-08-16,-0.008852938304015047,Combined,Max-Sharpe (tangency),1.1812869489213524
2023-08-17,-0.015901824403124425,Combined,Max-Sharpe (tangency),1.1625023312899025
2023-08-18,0.0010028905263285773,Combined,Max-Sharpe (tangency),1.1636681938647881
2023-08-21,0.02474727971912473,Combined,Max-Sharpe (tangency),1.1924658161586088
2023-08-22,-0.014248767130985177,Combined,Max-Sharpe (tangency),1.1754746484325045
2023-08-23,0.009717006786038236,Combined,Max-Sharpe (tangency),1.186896743568139
2023-08-24,-0.004801212166723451,Combined,Max-Sharpe (tangency),1.1811982004822752
2023-08-25,-0.0070985495191785535,Combined,Max-Sharpe (tangency),1.172813406564187
2023-08-28,0.008641156030692907,Combined,Max-Sharpe (tangency),1.1829478702051968
2023-08-29,0.02403859638544998,Combined,Max-Sharpe (tangency),1.211384276602087
2023-08-30,0.0002649043629483394,Combined,Max-Sharpe (tangency),1.211705177582166
2023-08-31,-0.002970467832491581,Combined,Max-Sharpe (tangency),1.2081058463296945
2023-09-01,-0.003991913254526644,Combined,Max-Sharpe (tangency),1.2032831925888599
2023-09-05,-0.007223655955581397,Combined,Max-Sharpe (tangency),1.1945910887884643
2023-09-06,-0.01242088773251785,Combined,Max-Sharpe (tangency),1.1797532069883565
2023-09-07,0.0027554445904836118,Combined,Max-Sharpe (tangency),1.1830039515806583
2023-09-08,-0.009360246104749378,Combined,Max-Sharpe (tangency),1.1719307434509723
2023-09-11,-0.008207459156490087,Combined,Max-Sharpe (tangency),1.1623121697398633
2023-09-12,0.0019540916279148727,Combined,Max-Sharpe (tangency),1.1645834342197754
2023-09-13,0.007721900214892514,Combined,Max-Sharpe (tangency),1.1735762312907374
2023-09-14,0.014109626674652712,Combined,Max-Sharpe (tangency),1.1901349537884958
2023-09-15,-0.025226571789296805,Combined,Max-Sharpe (tangency),1.1601119289377988
2023-09-18,0.005634340548614824,Combined,Max-Sharpe (tangency),1.1666483946199449
2023-09-19,0.000888386799788806,Combined,Max-Sharpe (tangency),1.1676848296537201
2023-09-20,-0.012535252657687568,Combined,Max-Sharpe (tangency),1.1530476052894618
2023-09-21,-0.016881542809013363,Combined,Max-Sharpe (tangency),1.1335823827799374
2023-09-22,0.00522923886516947,Combined,Max-Sharpe (tangency),1.1395101558328418
2023-09-25,0.01294085477046425,Combined,Max-Sharpe (tangency),1.1542563912689436
2023-09-26,-0.008414720688917963,Combined,Max-Sharpe (tangency),1.1445436461330172
2023-09-27,0.007856829633988593,Combined,Max-Sharpe (tangency),1.1535361305693483
2023-09-28,0.008537162388673775,Combined,Max-Sharpe (tangency),1.1633840558372213
2023-09-29,-0.0035014337390453266,Combined,Max-Sharpe (tangency),1.1593105436526454
2023-10-02,0.0009067467071649281,Combined,Max-Sharpe (tangency),1.160361744670684
2023-10-03,-0.006985171637423476,Combined,Max-Sharpe (tangency),1.1522564187226592
2023-10-04,0.0013804388580206375,Combined,Max-Sharpe (tangency),1.1538470382574675
2023-10-05,0.0007989857517366964,Combined,Max-Sharpe (tangency),1.1547689456007189
2023-10-06,0.009664974886257706,Combined,Max-Sharpe (tangency),1.16592975845938
2023-10-09,-0.004599849400239779,Combined,Max-Sharpe (tangency),1.1605666571592088
2023-10-10,0.002801779424335511,Combined,Max-Sharpe (tangency),1.1638183089398073
2023-10-11,0.0050045339071821205,Combined,Max-Sharpe (tangency),1.1696426771286959
2023-10-12,-0.006037554279101322,Combined,Max-Sharpe (tangency),1.1625808959783779
2023-10-13,-0.009526566266815053,Combined,Max-Sharpe (tangency),1.1515054920323067
2023-10-16,0.007844954675264863,Combined,Max-Sharpe (tangency),1.1605390004256186
2023-10-17,-0.011194804252986879,Combined,Max-Sharpe (tangency),1.1475469934878968
2023-10-18,-0.015530803436348545,Combined,Max-Sharpe (tangency),1.1297246666980636
2023-10-19,-0.009106041172313895,Combined,Max-Sharpe (tangency),1.1194373473697325
2023-10-20,-0.004951097717293378,Combined,Max-Sharpe (tangency),1.1138949036745174
2023-10-23,0.011702814549964864,Combined,Max-Sharpe (tangency),1.1269306091603712
2023-10-24,0.015121128592318771,Combined,Max-Sharpe (tangency),1.1439710718161054
2023-10-25,-0.017798589295836737,Combined,Max-Sharpe (tangency),1.1236100005425322
2023-10-26,-0.00823581310330073,Combined,Max-Sharpe (tangency),1.1143561585770643
2023-10-27,-0.016170998543385152,Combined,Max-Sharpe (tangency),1.0963359067599023
2023-10-30,0.015454157150775874,Combined,Max-Sharpe (tangency),1.113278854153008
2023-10-31,-0.0024410789924280973,Combined,Max-Sharpe (tangency),1.1105612525294208
2023-11-01,0.01978914407068546,Combined,Max-Sharpe (tangency),1.1325383091550465
2023-11-02,0.01228708691533564,Combined,Max-Sharpe (tangency),1.1464539057945817
2023-11-03,0.006271422552573591,Combined,Max-Sharpe (tangency),1.1536438026748679
2023-11-06,0.007611738671934748,Combined,Max-Sharpe (tangency),1.1624250378213261
2023-11-07,-0.00024511495359336405,Combined,Max-Sharpe (tangency),1.1621401100621247
2023-11-08,0.0065403625627215205,Combined,Max-Sharpe (tangency),1.1697409277306121
2023-11-09,-0.006027450355473146,Combined,Max-Sharpe (tangency),1.1626903723599507
2023-11-10,0.019120249792222932,Combined,Max-Sharpe (tangency),1.1849213027104857
2023-11-13,0.0008766662715076459,Combined,Max-Sharpe (tangency),1.185960083250963
2023-11-14,0.00019906179140942643,Combined,Max-Sharpe (tangency),1.1861961625896749
2023-11-15,0.0013981963146733585,Combined,Max-Sharpe (tangency),1.1878546976926876
2023-11-16,-0.002157374121560449,Combined,Max-Sharpe (tangency),1.1852920507077114
2023-11-17,0.0025674514093465333,Combined,Max-Sharpe (tangency),1.1883352304537882
2023-11-20,0.0060473314030915605,Combined,Max-Sharpe (tangency),1.1955214874103115
2023-11-21,-0.01065391718178963,Combined,Max-Sharpe (tangency),1.182784500494392
2023-11-22,-0.0013003445025798399,Combined,Max-Sharpe (tangency),1.1812464731714374
2023-11-24,-0.0037413247397026965,Combined,Max-Sharpe (tangency),1.1768270465176744
2023-11-27,0.002240524706846199,Combined,Max-Sharpe (tangency),1.1794637565910822
2023-11-28,-0.0033108767854934883,Combined,Max-Sharpe (tangency),1.1755586974200538
2023-11-29,0.006049711787497631,Combined,Max-Sharpe (tangency),1.1826704887287312
2023-11-30,0.004030982127630336,Combined,Max-Sharpe (tangency),1.1874378123316724
2023-12-01,0.004851550673394618,Combined,Max-Sharpe (tangency),1.1931987270497044
2023-12-04,-0.005990438938158683,Combined,Max-Sharpe (tangency),1.1860509429342245
2023-12-05,0.010358475528096734,Combined,Max-Sharpe (tangency),1.1983366226016847
2023-12-06,-0.0065041386914111085,Combined,Max-Sharpe (tangency),1.1905424750092861
2023-12-07,0.012802640483809188,Combined,Max-Sharpe (tangency),1.2057845622975343
2023-12-08,0.0119612943020693,Combined,Max-Sharpe (tangency),1.2202073063120669
2023-12-11,-0.008749506877311498,Combined,Max-Sharpe (tangency),1.2095310940937438
2023-12-12,0.010836951986305255,Combined,Max-Sharpe (tangency),1.222638724486381
2023-12-13,0.011941254964314172,Combined,Max-Sharpe (tangency),1.2372385652247166
2023-12-14,0.008891188460932318,Combined,Max-Sharpe (tangency),1.2482390864792632
2023-12-15,-0.0022190163344003523,Combined,Max-Sharpe (tangency),1.2454692235571287
2023-12-18,0.009350809622578886,Combined,Max-Sharpe (tangency),1.2571153691573926
2023-12-19,-0.00021992345490397507,Combined,Max-Sharpe (tangency),1.2568389000021947
2023-12-20,-0.011567785734259402,Combined,Max-Sharpe (tangency),1.2423000569044869
2023-12-21,0.010908921964631484,Combined,Max-Sharpe (tangency),1.255852211281915
2023-12-22,0.00721160187546831,Combined,Max-Sharpe (tangency),1.2649089174441066
2023-12-26,-0.002364845217399354,Combined,Max-Sharpe (tangency),1.261917603640243
2023-12-27,0.0062265283741885155,Combined,Max-Sharpe (tangency),1.269774969405197
2023-12-28,-0.003277846940245006,Combined,Max-Sharpe (tangency),1.2656128414069325
2023-12-29,-0.0019654382341157297,Combined,Max-Sharpe (tangency),1.2631253575388435
2021-01-04,-0.005491313227053571,Combined,Risk parity,0.9945086867729465
2021-01-05,0.013481293577843504,Combined,Risk parity,1.007915950345048
2021-01-06,0.03363032550839167,Combined,Risk parity,1.041812491840252
2021-01-07,0.007758897773512349,Combined,Risk parity,1.0498958084636087
2021-01-08,0.0009595187512022188,Combined,Risk parity,1.050903203178638
2021-01-11,-0.01796344042973876,Combined,Risk parity,1.0320253660909169
2021-01-12,-0.0012322912048364945,Combined,Risk parity,1.0307536103091148
2021-01-13,0.010376545535349824,Combined,Risk parity,1.0414492720822135
2021-01-14,0.004581158183440853,Combined,Risk parity,1.0462203159376515
2021-01-15,-0.013073306102253886,Combined,Risk parity,1.0325427574970019
2021-01-19,0.0074257127756602506,Combined,Risk parity,1.0402101234427628
2021-01-20,0.007457459495133614,Combined,Risk parity,1.047967448304765
2021-01-21,-0.02355187984946623,Combined,Risk parity,1.0232858448761393
2021-01-22,0.004918695468680093,Combined,Risk parity,1.028319076324496
2021-01-25,-0.00013287655455911681,Combined,Risk parity,1.0281824368286467
2021-01-26,-0.0038316119399688436,Combined,Risk parity,1.024242840727228
2021-01-27,-0.031148614216397662,Combined,Risk parity,0.9923390956175082
2021-01-28,0.020037118227480215,Combined,Risk parity,1.012222711398147
2021-01-29,-0.007360457841442197,Combined,Risk parity,1.0047722888047506
2021-02-01,0.008629875783021051,Combined,Risk parity,1.0134433488473573
2021-02-02,0.0183155346940719,Combined,Risk parity,1.0320051056636477
2021-02-03,0.003995793876305066,Combined,Risk parity,1.0361287853451742
2021-02-04,0.0039003855932020935,Combined,Risk parity,1.0401700871322364
2021-02-05,0.016886912724021846,Combined,Risk parity,1.0577353486117766
2021-02-08,0.019424773002532182,Combined,Risk parity,1.0782816176553145
2021-02-09,0.006315945645893502,Combined,Risk parity,1.0850919857433916
2021-02-10,0.006183802458503466,Combined,Risk parity,1.091801980232534
2021-02-11,0.010392448539620968,Combined,Risk parity,1.103148476127557
2021-02-12,0.010109498005069004,Combined,Risk parity,1.1143007534462634
2021-02-16,-0.001942178849961648,Combined,Risk parity,1.1121365820904239
2021-02-17,0.009065033440282848,Combined,Risk parity,1.1222181373972355
2021-02-18,-0.0034164837626020654,Combined,Risk parity,1.1183840973527204
2021-02-19,0.007437705056858869,Combined,Risk parity,1.1267023084091112
2021-02-22,-0.010338512176286323,Combined,Risk parity,1.1150538828745737
2021-02-23,-0.02633637391490813,Combined,Risk parity,1.0856874068799187
2021-02-24,0.015443703950309568,Combined,Risk parity,1.1024544417743514
2021-02-25,-0.02154746653246546,Combined,Risk parity,1.0786993415866506
2021-02-26,-0.01045115750111838,Combined,Risk parity,1.067425684871376
2021-03-01,0.023358024818849542,Combined,Risk parity,1.0923586405108792
2021-03-02,-0.0031553064074434627,Combined,Risk parity,1.088911914293249
2021-03-03,-0.004330967396738493,Combined,Risk parity,1.084195872294525
2021-03-04,-0.008486607770381557,Combined,Risk parity,1.0749947271800948
2021-03-05,0.014091484162548212,Combined,Risk parity,1.0901429983529758
2021-03-08,0.0031795323795254524,Combined,Risk parity,1.093609143314552
2021-03-09,0.011152682342170945,Combined,Risk parity,1.105805818696433
2021-03-10,0.004420252229685186,Combined,Risk parity,1.1106937593321249
2021-03-11,0.004034337735899056,Combined,Risk parity,1.1151746730784262
2021-03-12,0.0037336137873820773,Combined,Risk parity,1.119338304613171
2021-03-15,0.0024519839677136224,Combined,Risk parity,1.1220829041905305
2021-03-16,0.005767682748813535,Combined,Risk parity,1.1285547223997687
2021-03-17,0.00357097332064158,Combined,Risk parity,1.1325847612043423
2021-03-18,-0.012496762115160095,Combined,Risk parity,1.1184311188683163
2021-03-19,-0.001596702851513725,Combined,Risk parity,1.1166453167115975
2021-03-22,0.00227506751987776,Combined,Risk parity,1.1191857602028716
2021-03-23,-0.004547835332783572,Combined,Risk parity,1.1140958876586728
2021-03-24,-0.01126173645705573,Combined,Risk parity,1.1015492333839714
2021-03-25,0.005224958668148544,Combined,Risk parity,1.1073047825993334
2021-03-26,0.026778497306156286,Combined,Risk parity,1.1369567407372636
2021-03-29,0.007331934860744955,Combined,Risk parity,1.1452928334998342
2021-03-30,-0.0030341472124886587,Combined,Risk parity,1.1418178464415876
2021-03-31,0.008427570859703866,Combined,Risk parity,1.1514405972513486
2021-04-01,0.013295597884568983,Combined,Risk parity,1.1667496884203705
2021-04-05,0.01845153574825221,Combined,Risk parity,1.1882780120055212
2021-04-06,0.005138643913273152,Combined,Risk parity,1.1943841495791898
2021-04-07,-0.011086497538064722,Combined,Risk parity,1.1811426126453766
2021-04-08,0.006645279873086711,Combined,Risk parity,1.1889916358764339
2021-04-09,-0.0009506204665042145,Combined,Risk parity,1.1878613560928675
2021-04-12,0.00014516507167916916,Combined,Risk parity,1.1880337920717698
2021-04-13,0.016352959356405353,Combined,Risk parity,1.2074616603875556
2021-04-14,0.004110103971577683,Combined,Risk parity,1.2124244533534423
2021-04-15,0.01736480018015063,Combined,Risk parity,1.2334779617194533
2021-04-16,0.011416857747461314,Combined,Risk parity,1.247560404143033
2021-04-19,-0.013000843809349693,Combined,Risk parity,1.2313410661860402
2021-04-20,0.00042713740809696417,Combined,Risk parity,1.2318670180175342
2021-04-21,0.0014927963464001458,Combined,Risk parity,1.2337059446012817
2021-04-22,-0.01314094854492167,Combined,Risk parity,1.2174938782637124
2021-04-23,0.003865913824415145,Combined,Risk parity,1.2222006046788327
2021-04-26,0.0191412791919204,Combined,Risk parity,1.245595087681524
2021-04-27,0.005911777647505749,Combined,Risk parity,1.2529587688787227
2021-04-28,-6.281954559815388e-05,Combined,Risk parity,1.2528800585782085
2021-04-29,0.005097409151733543,Combined,Risk parity,1.2592665008548294
2021-04-30,0.007575162419503668,Combined,Risk parity,1.268805649128245
2021-05-03,0.012648435384604011,Combined,Risk parity,1.284854055396864
2021-05-04,-0.004559279511642226,Combined,Risk parity,1.2789960466266426
2021-05-05,0.030072519321269066,Combined,Risk parity,1.317458679950649
2021-05-06,0.022998288350507365,Combined,Risk parity,1.3477579745620327
2021-05-07,5.951359339520274e-05,Combined,Risk parity,1.347838184482126
2021-05-10,-0.011796838495109385,Combined,Risk parity,1.3319379551022488
2021-05-11,0.009378021142141476,Combined,Risk parity,1.3444288974052183
2021-05-12,-0.04110109750301291,Combined,Risk parity,1.2891713942070984
2021-05-13,0.015715988148018615,Combined,Risk parity,1.3094319965592218
2021-05-14,0.01819916663921454,Combined,Risk parity,1.3332625676673224
2021-05-17,-0.00612100224946893,Combined,Risk parity,1.3251016644914981
2021-05-18,-0.004767463211037751,Combined,Risk parity,1.3187842910551502
2021-05-19,-0.042052691973747704,Combined,Risk parity,1.2633258614835907
2021-05-20,0.022175071562417558,Combined,Risk parity,1.2913402028686423
2021-05-21,-0.013559073577050188,Combined,Risk parity,1.2738308260449434
2021-05-24,0.028165413137600945,Combined,Risk parity,1.3097087975279107
2021-05-25,-0.0036420231769623617,Combined,Risk parity,1.3049388077322426
2021-05-26,0.010062016521143377,Combined,Risk parity,1.3180691235747255
2021-05-27,-0.003549887238107032,Combined,Risk parity,1.3133901268140047
2021-05-28,-0.007147893479161702,Combined,Risk parity,1.3040021540909554
2021-06-01,0.00014750014507938737,Combined,Risk parity,1.3041944945978678
2021-06-02,0.0038664036031329594,Combined,Risk parity,1.3092370368909674
2021-06-03,0.004658896535509074,Combined,Risk parity,1.3153366367862989
2021-06-04,-0.00036625340648863586,Combined,Risk parity,1.3148548902623964
2021-06-07,-0.008797008480781918,Combined,Risk parity,1.3032881006417605
2021-06-08,-0.0032374631106687306,Combined,Risk parity,1.2990687534933592
2021-06-09,0.003918810129862562,Combined,Risk parity,1.3041595572839368
2021-06-10,0.0007709829907325604,Combined,Risk parity,1.305165042119804
2021-06-11,-0.0031891629934868207,Combined,Risk parity,1.3010026580670828
2021-06-14,0.0004366194469013314,Combined,Risk parity,1.3015707011280653
2021-06-15,-0.0017215138938461937,Combined,Risk parity,1.29933002908225
2021-06-16,-0.013749706285110517,Combined,Risk parity,1.2814646228149449
2021-06-17,-0.005283309199143568,Combined,Risk parity,1.2746942489848496
2021-06-18,-0.01730172966887236,Combined,Risk parity,1.2526398336784474
2021-06-21,-0.000519353084811039,Combined,Risk parity,1.2519892713166694
2021-06-22,-0.0009934680714727476,Combined,Risk parity,1.2507454599497898
2021-06-23,0.0006320341076501612,Combined,Risk parity,1.2515359737404668
2021-06-24,0.010527568964000051,Combined,Risk parity,1.2647116050149465
2021-06-25,0.0016588198527172284,Combined,Risk parity,1.2668095337333072
2021-06-28,0.0012520916698955651,Combined,Risk parity,1.2683956953978388
2021-06-29,0.004245819054584735,Combined,Risk parity,1.273781074010112
2021-06-30,0.004338185594830854,Combined,Risk parity,1.2793069727163509
2021-07-01,-3.954564761480986e-05,Combined,Risk parity,1.2792563816936167
2021-07-02,0.004605448985608883,Combined,Risk parity,1.2851479316990213
2021-07-06,-0.004230969468336249,Combined,Risk parity,1.2797105100377073
2021-07-07,-8.858904559340159e-05,Combined,Risk parity,1.2795971417049872
2021-07-08,-0.010674300439718051,Combined,Risk parity,1.2659383373726236
2021-07-09,0.012074976698097569,Combined,Risk parity,1.2812245132976265
2021-07-12,0.0013779245603726096,Combined,Risk parity,1.2829899440218508
2021-07-13,-0.0058228921282142965,Combined,Risk parity,1.2755192319762279
2021-07-14,0.0008454780612921437,Combined,Risk parity,1.2765976555036198
2021-07-15,-0.002963408891813308,Combined,Risk parity,1.2728145746600323
2021-07-16,-0.007923837645061178,Combined,Risk parity,1.2627289986181587
2021-07-19,-0.017644253076840234,Combined,Risk parity,1.2404490885990749
2021-07-20,0.005143735358317636,Combined,Risk parity,1.246829630436295
2021-07-21,0.01168939677670676,Combined,Risk parity,1.2614043166994193
2021-07-22,0.0021489750315079005,Combined,Risk parity,1.2641150430806425
2021-07-23,0.008449565038870168,Combined,Risk parity,1.2747962653537663
2021-07-26,0.005315249327829717,Combined,Risk parity,1.2815721253463077
2021-07-27,0.0009845627340577606,Combined,Risk parity,1.2828339135019309
2021-07-28,0.0037847998780054016,Combined,Risk parity,1.2876891831412542
2021-07-29,0.006076314210436889,Combined,Risk parity,1.2955135872234014
2021-07-30,-0.0012460114536588822,Combined,Risk parity,1.2938993624553503
2021-08-02,-0.0011933048575903998,Combined,Risk parity,1.2923553460608992
2021-08-03,0.0028984411936437467,Combined,Risk parity,1.2961011620327478
2021-08-04,-0.0038064966613075265,Combined,Risk parity,1.2911675572867534
2021-08-05,0.005089133454391713,Combined,Risk parity,1.2977384812977666
2021-08-06,0.003486791491304189,Combined,Risk parity,1.3022634247922935
2021-08-09,0.0033847963829600008,Combined,Risk parity,1.3066713213221917
2021-08-10,0.006219751452096328,Combined,Risk parity,1.314798492170398
2021-08-11,0.013500373000828465,Combined,Risk parity,1.3325487622356251
2021-08-12,-0.00033463297644465865,Combined,Risk parity,1.3321028474770606
2021-08-13,0.012736877096986718,Combined,Risk parity,1.349069677725922
2021-08-16,-0.00414851201498247,Combined,Risk parity,1.3434730459588273
2021-08-17,-0.009618809699851886,Combined,Risk parity,1.3305504343928691
2021-08-18,-0.009822140208935445,Combined,Risk parity,1.3174815814712024
2021-08-19,0.004770431476501519,Combined,Risk parity,1.3237665370771636
2021-08-20,0.00888762180018313,Combined,Risk parity,1.3355316734104437
2021-08-23,0.009026551975698644,Combined,Risk parity,1.3475869194756749
2021-08-24,-0.007928155442810132,Combined,Risk parity,1.3369030409053742
2021-08-25,0.001429847620311152,Combined,Risk parity,1.3388146085369994
2021-08-26,-0.01246361292121383,Combined,Risk parity,1.3221281414829278
2021-08-27,0.01595775927791756,Combined,Risk parity,1.343226344099273
2021-08-30,-0.0033542725852504034,Combined,Risk parity,1.3387207967974748
2021-08-31,0.004358843726199185,Combined,Risk parity,1.344556071543728
2021-09-01,0.003807515509020836,Combined,Risk parity,1.349675489638879
2021-09-02,0.006477570004068706,Combined,Risk parity,1.3584181071057904
2021-09-03,0.002218194072680114,Combined,Risk parity,1.361431342099194
2021-09-07,-0.026734483774254247,Combined,Risk parity,1.3250341779740817
2021-09-08,6.749026217349094e-05,Combined,Risk parity,1.325123604878142
2021-09-09,-0.007100545808031826,Combined,Risk parity,1.3157145040204006
2021-09-10,-0.006951843121953841,Combined,Risk parity,1.3065678631951714
2021-09-13,-0.0006685602377812518,Combined,Risk parity,1.3056943438738762
2021-09-14,-0.004350352739839638,Combined,Risk parity,1.3000141129076113
2021-09-15,0.008604892061105643,Combined,Risk parity,1.3112005940270954
2021-09-16,-0.006705260327789469,Combined,Risk parity,1.3024086527021914
2021-09-17,-0.012264529613300063,Combined,Risk parity,1.2864352232125071
2021-09-20,-0.02355197259936517,Combined,Risk parity,1.256137136084548
2021-09-21,-0.0059081467961808465,Combined,Risk parity,1.2487156934884263
2021-09-22,0.013107483757696546,Combined,Risk parity,1.2650832141588066
2021-09-23,0.009490896572825503,Combined,Risk parity,1.2770899881004056
2021-09-24,-0.007202681829988136,Combined,Risk parity,1.267891515247855
2021-09-27,-0.0016998012415937608,Combined,Risk parity,1.2657363516760305
2021-09-28,-0.011376544488083638,Combined,Risk parity,1.2513366457610033
2021-09-29,0.006351456005475056,Combined,Risk parity,1.2592844554145932
2021-09-30,-0.005220142409463639,Combined,Risk parity,1.2527108112233052
2021-10-01,0.017112195678691395,Combined,Risk parity,1.2741474437537708
2021-10-04,-0.0034458761885765438,Combined,Risk parity,1.269756889416604
2021-10-05,0.007695794188569099,Combined,Risk parity,1.279528677107072
2021-10-06,0.00406299594868058,Combined,Risk parity,1.2847273969383788
2021-10-07,0.006400056534487513,Combined,Risk parity,1.2929497249101893
2021-10-08,-0.0023397151251536106,Combined,Risk parity,1.2899245908827537
2021-10-11,-0.0062419155702460845,Combined,Risk parity,1.2818729904944792
2021-10-12,-0.002957024664808133,Combined,Risk parity,1.2780824604444356
2021-10-13,0.006589655039792825,Combined,Risk parity,1.286504582971174
2021-10-14,0.012241153275036332,Combined,Risk parity,1.302252882760361
2021-10-15,0.005280960977812845,Combined,Risk parity,1.3091300294174628
2021-10-18,-0.0016079525446364082,Combined,Risk parity,1.307025010455401
2021-10-19,0.010705409977609773,Combined,Risk parity,1.3210172490433159
2021-10-20,0.013364145275117667,Combined,Risk parity,1.338671515470467
2021-10-21,-0.001539752527605408,Combined,Risk parity,1.3366102926208878
2021-10-22,0.00035702927641845933,Combined,Risk parity,1.3370875016265158
2021-10-25,0.006864515056823577,Combined,Risk parity,1.3462659589137216
2021-10-26,0.002945039146802081,Combined,Risk parity,1.3502307648647294
2021-10-27,-0.02138710333400498,Combined,Risk parity,1.3213532399718149
2021-10-28,0.012140991623099173,Combined,Risk parity,1.3373957785894677
2021-10-29,0.0005470383839509825,Combined,Risk parity,1.33812738541489
2021-11-01,0.005296912206878846,Combined,Risk parity,1.3452153286970532
2021-11-02,0.007229707237070833,Combined,Risk parity,1.354940841694353
2021-11-03,0.006353053236555786,Combined,Risk parity,1.363548852994021
2021-11-04,0.0018062879069339237,Combined,Risk parity,1.3660118147976976
2021-11-05,0.00046749704876257697,Combined,Risk parity,1.3666504212896904
2021-11-08,0.007082080438424666,Combined,Risk parity,1.376329149504471
2021-11-09,0.005267902414586955,Combined,Risk parity,1.383579517154412
2021-11-10,-0.008928603828109052,Combined,Risk parity,1.371226083781054
2021-11-11,0.0021996814912534175,Combined,Risk parity,1.374242344417871
2021-11-12,-5.818782933326037e-05,Combined,Risk parity,1.3741623802388714
2021-11-15,-0.0034537861568609126,Combined,Risk parity,1.3694163172327234
2021-11-16,-0.008112262796161847,Combined,Risk parity,1.3583072521899795
2021-11-17,-0.004213107968645465,Combined,Risk parity,1.3525845570819088
2021-11-18,-0.0072124536625675665,Combined,Risk parity,1.342829103639251
2021-11-19,-0.002027669985314357,Combined,Risk parity,1.3401062893703952
2021-11-22,-0.0032026775186943914,Combined,Risk parity,1.3358143610847677
2021-11-23,0.007589680224718301,Combined,Risk parity,1.3459527649249876
2021-11-24,-0.0011147753881453775,Combined,Risk parity,1.344452329909043
2021-11-26,-0.022262286095081324,Combined,Risk parity,1.3145217474994093
2021-11-29,0.007458757819356569,Combined,Risk parity,1.3243264468622848
2021-11-30,-0.020150919115854333,Combined,Risk parity,1.2976400517485762
2021-12-01,-0.011784712172270236,Combined,Risk parity,1.2823477372355094
2021-12-02,0.017268133214991134,Combined,Risk parity,1.3044914887900345
2021-12-03,-0.0030159843859091573,Combined,Risk parity,1.3005571628282924
2021-12-06,0.015072010460812142,Combined,Risk parity,1.3201591739913245
2021-12-07,0.010475031865225531,Combined,Risk parity,1.3339878834060535
2021-12-08,0.003011285978564818,Combined,Risk parity,1.3380049024149296
2021-12-09,-0.010912850084463226,Combined,Risk parity,1.3234034555025986
2021-12-10,0.002272299373582444,Combined,Risk parity,1.326410624345534
2021-12-13,-0.007780860187032681,Combined,Risk parity,1.3160900087269067
2021-12-14,-0.0008162476631771523,Combined,Risk parity,1.3150157533327527
2021-12-15,0.01169121696650768,Combined,Risk parity,1.3303898878193416
2021-12-16,0.004310123457309127,Combined,Risk parity,1.3361240324821986
2021-12-17,-0.012158462467340439,Combined,Risk parity,1.3198788185815522
2021-12-20,-0.004898738218596135,Combined,Risk parity,1.3134130777690514
2021-12-21,0.011843327173402288,Combined,Risk parity,1.3289682585628955
2021-12-22,0.0056120034730722124,Combined,Risk parity,1.336426433045553
2021-12-23,0.008063595543765107,Combined,Risk parity,1.3472028352756291
2021-12-27,0.01114672503418534,Combined,Risk parity,1.3622197348457212
2021-12-28,-0.0029667758681363138,Combined,Risk parity,1.358178334209282
2021-12-29,-0.000698612721246433,Combined,Risk parity,1.3572294935472822
2021-12-30,0.0007504063880695912,Combined,Risk parity,1.3582479672293166
2021-12-31,-0.0022655200472839,Combined,Risk parity,1.3551708292303761
2022-01-03,0.0023779073952139465,Combined,Risk parity,1.3583932999669812
2022-01-04,0.003801805733313012,Combined,Risk parity,1.3635576474028894
2022-01-05,-0.013063803107989583,Combined,Risk parity,1.3457443987708246
2022-01-06,-0.001804095917699219,Combined,Risk parity,1.3433165467947354
2022-01-07,-0.0016843071137446837,Combined,Risk parity,1.3410539891789581
2022-01-10,-0.008203797489188876,Combined,Risk parity,1.330052253829665
2022-01-11,0.010121723880118975,Combined,Risk parity,1.343514675489059
2022-01-12,0.006896170944364932,Combined,Risk parity,1.3527797823574945
2022-01-13,-0.00681725509610514,Combined,Risk parity,1.3435575374923099
2022-01-14,0.0027711813820450286,Combined,Risk parity,1.347280779125915
2022-01-18,-0.00965146212429192,Combined,Risk parity,1.3342775497153947
2022-01-19,-0.005749681944472925,Combined,Risk parity,1.3266058781788805
2022-01-20,-0.013526304252747715,Combined,Risk parity,1.3086618034471496
2022-01-21,-0.01846794060170258,Combined,Risk parity,1.2844935149933707
2022-01-24,-0.0009827272180744006,Combined,Risk parity,1.2832312082547468
2022-01-25,-0.003908297985243997,Combined,Risk parity,1.2782159583089225
2022-01-26,-0.009310066740135601,Combined,Risk parity,1.26631568242876
2022-01-27,-0.002793448843547218,Combined,Risk parity,1.2627782943501136
2022-01-28,0.01650383710487425,Combined,Risk parity,1.2836189816196388
2022-01-31,0.012126742992775979,Combined,Risk parity,1.299185099110389
2022-02-01,0.00919755926664527,Combined,Risk parity,1.3111344310577993
2022-02-02,0.005677806507961514,Combined,Risk parity,1.3185787986632715
2022-02-03,-0.006550702066059351,Combined,Risk parity,1.309941181802606
2022-02-04,0.005453628465635201,Combined,Risk parity,1.3170851143199926
2022-02-07,0.008088531310030914,Combined,Risk parity,1.3277383985051456
2022-02-08,0.0033622760115285875,Combined,Risk parity,1.3322026214720248
2022-02-09,0.01130144809435438,Combined,Risk parity,1.3472584402497536
2022-02-10,-0.018486042407498713,Combined,Risk parity,1.322352963589436
2022-02-11,-0.013992919867224075,Combined,Risk parity,1.3038493845337427
2022-02-14,-0.005761622721179576,Combined,Risk parity,1.296337096294817
2022-02-15,0.013204641662263178,Combined,Risk parity,1.3134547631248887
2022-02-16,-0.0021118060043347274,Combined,Risk parity,1.3106810014696997
2022-02-17,-0.018795859860903208,Combined,Risk parity,1.2860456250437269
2022-02-18,-0.0074636496344113925,Combined,Risk parity,1.2764470310845328
2022-02-22,-0.0018118904106316338,Combined,Risk parity,1.2741342489492316
2022-02-23,-0.010944368504406821,Combined,Risk parity,1.2601896542046456
2022-02-24,0.004870440550593526,Combined,Risk parity,1.2663273329979223
2022-02-25,0.026469565058967234,Combined,Risk parity,1.2998464667246594
2022-02-28,0.005660516873210866,Combined,Risk parity,1.307204269582138
2022-03-01,-0.009209286154267759,Combined,Risk parity,1.2951658514014754
2022-03-02,0.0145453030645516,Combined,Risk parity,1.314004431228968
2022-03-03,-0.00011098114557668917,Combined,Risk parity,1.3138586015118974
2022-03-04,-0.002440330497427901,Combined,Risk parity,1.31065235229732
2022-03-07,-0.014101347988194998,Combined,Risk parity,1.292170387386029
2022-03-08,-0.0054243348016818635,Combined,Risk parity,1.2851612225840283
2022-03-09,0.015253428839752276,Combined,Risk parity,1.3047643378403229
2022-03-10,-0.004104568367891233,Combined,Risk parity,1.299408843411671
2022-03-11,-0.006584055773471341,Combined,Risk parity,1.2908534631141069
2022-03-14,-0.006054076572809267,Combined,Risk parity,1.283038537404138
2022-03-15,0.008714878360960885,Combined,Risk parity,1.2942200621900404
2022-03-16,0.014945384580127242,Combined,Risk parity,1.3135626787507868
2022-03-17,0.01218917648347772,Combined,Risk parity,1.3295739260641897
2022-03-18,0.0056188759992760445,Combined,Risk parity,1.3370446370866151
2022-03-21,0.0048700180184356075,Combined,Risk parity,1.3435560685606796
2022-03-22,0.009506427598111974,Combined,Risk parity,1.3563284870504557
2022-03-23,-0.0069790872173528164,Combined,Risk parity,1.3468625522439504
2022-03-24,0.010852287223574118,Combined,Risk parity,1.3614790915115778
2022-03-25,0.007052875608841397,Combined,Risk parity,1.3710814341880475
2022-03-28,0.0027117387208573287,Combined,Risk parity,1.3747994488025839
2022-03-29,0.012352347194198154,Combined,Risk parity,1.3917814489165856
2022-03-30,-0.0014374059791926927,Combined,Risk parity,1.3897808939401834
2022-03-31,-0.014408969498013548,Combined,Risk parity,1.3697555834304773
2022-04-01,0.007756425280733687,Combined,Risk parity,1.3803799902662235
2022-04-04,0.0013631401729438729,Combined,Risk parity,1.3822616416848834
2022-04-05,-0.010341719168653823,Combined,Risk parity,1.367966679968976
2022-04-06,-0.00572983287731792,Combined,Risk parity,1.3601284595110144
2022-04-07,0.004301997436911246,Combined,Risk parity,1.3659797286577007
2022-04-08,-0.0002163715165209725,Combined,Risk parity,1.3656841695522741
2022-04-11,-0.01617165839760607,Combined,Risk parity,1.3435987916832564
2022-04-12,0.0008425079281292431,Combined,Risk parity,1.3447307843174745
2022-04-13,0.00996200585181014,Combined,Risk parity,1.3581270002599544
2022-04-14,-0.0029797721467319425,Combined,Risk parity,1.3540800912528552
2022-04-18,0.0004174194260840082,Combined,Risk parity,1.3546453105874177
2022-04-19,0.012028362862166127,Combined,Risk parity,1.3709394759326947
2022-04-20,0.001380933012531534,Combined,Risk parity,1.372832651513193
2022-04-21,-0.011295708453346737,Combined,Risk parity,1.357325534126465
2022-04-22,-0.021205547665079382,Combined,Risk parity,1.3285427028155168
2022-04-25,-0.001235267479077941,Combined,Risk parity,1.3269015972201623
2022-04-26,-0.02258760084410551,Combined,Risk parity,1.2969300735827471
2022-04-27,0.0022402545965214556,Combined,Risk parity,1.299835527141458
2022-04-28,0.01511566470298929,Combined,Risk parity,1.3194834051387616
2022-04-29,-0.03424050355823116,Combined,Risk parity,1.2743036289100809
2022-05-02,0.0019413539141650252,Combined,Risk parity,1.2767775032479003
2022-05-03,0.003716555339603661,Combined,Risk parity,1.281522717495082
2022-05-04,0.034269257789796254,Combined,Risk parity,1.3254395498644014
2022-05-05,-0.02917802522278003,Combined,Risk parity,1.2867658412471876
2022-05-06,-0.0033599224141489395,Combined,Risk parity,1.28244240785542
2022-05-09,-0.03948137764076898,Combined,Risk parity,1.231809814848343
2022-05-10,-0.002143972664414422,Combined,Risk parity,1.2291688482775507
2022-05-11,-0.01249311429522,Combined,Risk parity,1.2138127013678952
2022-05-12,-0.00014542376431706363,Combined,Risk parity,1.2136361841556864
2022-05-13,0.021485053858347078,Combined,Risk parity,1.2397112229367102
2022-05-16,-0.0017297661835932415,Combined,Risk parity,1.2375668123858532
2022-05-17,0.017068751171712408,Combined,Risk parity,1.2586905323648367
2022-05-18,-0.028832931037563486,Combined,Risk parity,1.2223987950475275
2022-05-19,0.0011303903809372845,Combined,Risk parity,1.2237805828871184
2022-05-20,-3.897843406372274e-05,Combined,Risk parity,1.22373288183636
2022-05-23,0.014292020294117788,Combined,Risk parity,1.2412224970181445
2022-05-24,0.005609883577209493,Combined,Risk parity,1.2481856107198297
2022-05-25,0.006453789918281818,Combined,Risk parity,1.2562411384304377
2022-05-26,0.007686813561833398,Combined,Risk parity,1.2658976298502578
2022-05-27,0.014519042972494503,Combined,Risk parity,1.2842772519368324
2022-05-31,-0.006566584340704462,Combined,Risk parity,1.275843937045141
2022-06-01,-0.011050456049621824,Combined,Risk parity,1.2617452796926472
2022-06-02,0.013831655398025637,Combined,Risk parity,1.2791973056014412
2022-06-03,-0.009619466026419214,Combined,Risk parity,1.266892110579121
2022-06-06,0.0013095502366682649,Combined,Risk parity,1.268551169442363
2022-06-07,0.007717795573634721,Combined,Risk parity,1.2783415880428144
2022-06-08,-0.012822427048287266,Combined,Risk parity,1.2619501462873437
2022-06-09,-0.021085923976137736,Combined,Risk parity,1.235340761441053
2022-06-10,-0.02400724745831232,Combined,Risk parity,1.2056836300857976
2022-06-13,-0.04472521730068315,Combined,Risk parity,1.151759167734334
2022-06-14,-0.007235484173976575,Combined,Risk parity,1.1434256325039598
2022-06-15,0.014013253645269081,Combined,Risk parity,1.15944874591674
2022-06-16,-0.029965433397809077,Combined,Risk parity,1.1247053617427987
2022-06-17,-0.0003906646002972374,Combined,Risk parity,1.1242659791722012
2022-06-21,0.02045617369868268,Combined,Risk parity,1.1472641593256672
2022-06-22,-0.002745245574321772,Combined,Risk parity,1.1441146374697004
2022-06-23,0.009038038334554096,Combined,Risk parity,1.154455189422276
2022-06-24,0.02576610928610603,Combined,Risk parity,1.1842010079988428
2022-06-27,-0.00404818045854039,Combined,Risk parity,1.179407148619278
2022-06-28,-0.013595829164286458,Combined,Risk parity,1.1633721305115121
2022-06-29,-0.0035035085796108634,Combined,Risk parity,1.1592962462709848
2022-06-30,-0.0068767895006577795,Combined,Risk parity,1.1513240100164766
2022-07-01,0.009084143387443181,Combined,Risk parity,1.1617828024088723
2022-07-05,-0.006422233218008325,Combined,Risk parity,1.1543215623031313
2022-07-06,0.001705113831106316,Combined,Risk parity,1.1562898119645588
2022-07-07,0.012745480748835934,Combined,Risk parity,1.171027281503028
2022-07-08,-0.003523615342240009,Combined,Risk parity,1.1669010318077424
2022-07-11,-0.010045567705486522,Combined,Risk parity,1.1551788484871157
2022-07-12,-0.006138834977157606,Combined,Risk parity,1.1480873961671503
2022-07-13,0.00044852486084193436,Combined,Risk parity,1.1486023419067506
2022-07-14,-0.0016839646985231187,Combined,Risk parity,1.1466681361103386
2022-07-15,0.016232728285116148,Combined,Risk parity,1.1652816883970183
2022-07-18,0.003236569110374456,Combined,Risk parity,1.169053203114569
2022-07-19,0.02332826330552485,Combined,Risk parity,1.196325184054993
2022-07-20,-0.002909162342428268,Combined,Risk parity,1.1928448798802418
2022-07-21,0.0069942548303993535,Combined,Risk parity,1.2011879409432613
2022-07-22,-0.004737161209039923,Combined,Risk parity,1.1954977200246584
2022-07-25,-0.005579887239582382,Combined,Risk parity,1.188826977551743
2022-07-26,-0.003467263060371422,Combined,Risk parity,1.1847050016873049
2022-07-27,0.01823351578260049,Combined,Risk parity,1.2063063390332962
2022-07-28,0.016967815049207323,Combined,Risk parity,1.2267747218866996
2022-07-29,0.00609818932102949,Combined,Risk parity,1.2342558263950179
2022-08-01,-0.003282185064264772,Combined,Risk parity,1.2302047703561423
2022-08-02,-0.00994439125807581,Combined,Risk parity,1.2179711327921696
2022-08-03,0.006707712246923226,Combined,Risk parity,1.2261409326759987
2022-08-04,-0.0009431019825540952,Combined,Risk parity,1.2249845567315012
2022-08-05,0.003535699919254567,Combined,Risk parity,1.229315734529825
2022-08-08,0.0023597871495459016,Combined,Risk parity,1.232216658002903
2022-08-09,-0.003995097983027527,Combined,Risk parity,1.2272938317178628
2022-08-10,0.017951479756877053,Combined,Risk parity,1.249325572093686
2022-08-11,0.003962750572425681,Combined,Risk parity,1.2542763377196464
2022-08-12,0.015012908538897895,Combined,Risk parity,1.2731066736603354
2022-08-15,0.0040286680201799836,Combined,Risk parity,1.2782355978027884
2022-08-16,0.004244667496505157,Combined,Risk parity,1.2836612828976577
2022-08-17,-0.00790590701194032,Combined,Risk parity,1.273512776160241
2022-08-18,0.0001689495873330669,Combined,Risk parity,1.2737279356182367
2022-08-19,-0.01661539451093723,Combined,Risk parity,1.252564443468338
2022-08-22,-0.015003365072175074,Combined,Risk parity,1.233771761846557
2022-08-23,0.00034274920470181035,Combined,Risk parity,1.2341946361367135
2022-08-24,0.0008749868088963596,Combined,Risk parity,1.235274540162944
2022-08-25,0.012097085970356993,Combined,Risk parity,1.2502177624722883
2022-08-26,-0.03007648380793396,Combined,Risk parity,1.2126156081828992
2022-08-29,-0.00021448393161221696,Combined,Risk parity,1.2123555216197217
2022-08-30,-0.013301448262069014,Combined,Risk parity,1.1962294373736633
2022-08-31,-0.005608200992173993,Combined,Risk parity,1.1895207422561167
2022-09-01,0.004719123613297066,Combined,Risk parity,1.1951342376794043
2022-09-02,-0.009148073011813323,Combined,Risk parity,1.1842010624141952
2022-09-06,-0.008852912495476829,Combined,Risk parity,1.1737174340315917
2022-09-07,0.020109593342896234,Combined,Risk parity,1.1973204143294347
2022-09-08,0.004684033734921702,Combined,Risk parity,1.2029287035416643
2022-09-09,0.017262840042459628,Combined,Risk parity,1.2236946693333874
2022-09-12,0.007555116362999608,Combined,Risk parity,1.2329398249529835
2022-09-13,-0.04031054271949596,Combined,Risk parity,1.1832393514686483
2022-09-14,0.004211394343160465,Combined,Risk parity,1.1882224389800284
2022-09-15,-0.018285794277743395,Combined,Risk parity,1.166494847904641
2022-09-16,-0.0037261701278069057,Combined,Risk parity,1.162148289648138
2022-09-19,0.007125216263977839,Combined,Risk parity,1.1704288475426932
2022-09-20,-0.014330664697807173,Combined,Risk parity,1.1536558241759178
2022-09-21,-0.01832667633427167,Combined,Risk parity,1.1325131472850984
2022-09-22,-6.28905487351809e-06,Combined,Risk parity,1.13250602484777
2022-09-23,-0.016957880333378174,Combined,Risk parity,1.1133011232015717
2022-09-26,-0.013251004717552365,Combined,Risk parity,1.0985487647659713
2022-09-27,-0.005831120510358261,Combined,Risk parity,1.0921429945321157
2022-09-28,0.01867624472923729,Combined,Risk parity,1.1125401243773194
2022-09-29,-0.014875098423085547,Combined,Risk parity,1.095990980527575
2022-09-30,-0.0143653126166325,Combined,Risk parity,1.0802467274672867
2022-10-03,0.029560031166821505,Combined,Risk parity,1.1121788543990767
2022-10-04,0.027262360925423335,Combined,Risk parity,1.142499475741328
2022-10-05,-0.004442753200163272,Combined,Risk parity,1.1374236325392935
2022-10-06,-0.011220841614842384,Combined,Risk parity,1.1246607821095913
2022-10-07,-0.02085112183446888,Combined,Risk parity,1.1012103431193752
2022-10-10,-0.007314972510905932,Combined,Risk parity,1.0931550197307316
2022-10-11,-0.002422089534820121,Combined,Risk parity,1.0905073003975057
2022-10-12,-0.005710849901695998,Combined,Risk parity,1.0842795768882318
2022-10-13,0.02372172026970388,Combined,Risk parity,1.1100005537053275
2022-10-14,-0.015089881854088511,Combined,Risk parity,1.0932507764919412
2022-10-17,0.018020204794750597,Combined,Risk parity,1.1129513793763461
2022-10-18,0.009903039571556242,Combined,Risk parity,1.1239729809275283
2022-10-19,-0.009984419213245596,Combined,Risk parity,1.1127507635015865
2022-10-20,-0.003649274255640711,Combined,Risk parity,1.1086900307873957
2022-10-21,0.021978128248956008,Combined,Risk parity,1.13305696247238
2022-10-24,0.00696202442196203,Combined,Risk parity,1.1409453327165868
2022-10-25,0.01770807368883238,Combined,Risk parity,1.1611492767432616
2022-10-26,0.007940233292243176,Combined,Risk parity,1.1703690728877225
2022-10-27,-0.0019303139221117614,Combined,Risk parity,1.1681098931723184
2022-10-28,0.02387828290908097,Combined,Risk parity,1.1960023516703833
2022-10-31,-0.0072881758294691835,Combined,Risk parity,1.187285676238951
2022-11-01,0.0007266285090972541,Combined,Risk parity,1.188148391859749
2022-11-02,-0.01721882044598682,Combined,Risk parity,1.167689878037128
2022-11-03,-0.0023030171529131215,Combined,Risk parity,1.1650006682187255
2022-11-04,0.02148122320635937,Combined,Risk parity,1.19002630760829
2022-11-07,0.00588838161417976,Combined,Risk parity,1.197033636638401
2022-11-08,-0.0041774608888462145,Combined,Risk parity,1.1920330754387107
2022-11-09,-0.028452584753501695,Combined,Risk parity,1.1581166533308136
2022-11-10,0.053651989282106516,Combined,Risk parity,1.2202519156027476
2022-11-11,0.006293058974869417,Combined,Risk parity,1.227931032871833
2022-11-14,-0.006144800930263914,Combined,Risk parity,1.2203856411187421
2022-11-15,0.009688172257422495,Combined,Risk parity,1.2322089474303854
2022-11-16,-0.008803533460788996,Combined,Risk parity,1.2213611547309984
2022-11-17,-0.0015396825180693722,Combined,Risk parity,1.21948064631281
2022-11-18,0.005888616514253079,Combined,Risk parity,1.2266617001854998
2022-11-21,0.0006506453123400853,Combined,Risk parity,1.2274598218705526
2022-11-22,0.015649576886181682,Combined,Risk parity,1.2466690487276146
2022-11-23,0.007330539479500136,Combined,Risk parity,1.2558078054071835
2022-11-25,0.00020240860758152378,Combined,Risk parity,1.2560619917164662
2022-11-28,-0.01688903757965567,Combined,Risk parity,1.2348483135359896
2022-11-29,0.004901469351299477,Combined,Risk parity,1.24090088469829
2022-11-30,0.02421103697121143,Combined,Risk parity,1.2709443818953292
2022-12-01,-0.0011464982347380733,Combined,Risk parity,1.269487246405036
2022-12-02,0.0023742955643199443,Combined,Risk parity,1.2725013843431363
2022-12-05,-0.014977766734527187,Combined,Risk parity,1.2534421554390818
2022-12-06,-0.009285001323616359,Combined,Risk parity,1.2418039433667534
2022-12-07,-0.0017489051002411342,Combined,Risk parity,1.2396321461166997
2022-12-08,0.008020758302275086,Combined,Risk parity,1.2495749359444324
2022-12-09,-0.009792356326955364,Combined,Risk parity,1.237338652914432
2022-12-12,0.01366480337867191,Combined,Risk parity,1.2542466423193384
2022-12-13,0.009046786352594805,Combined,Risk parity,1.2655935437258607
2022-12-14,-0.007639252676590819,Combined,Risk parity,1.2559253548594769
2022-12-15,-0.020806468565041147,Combined,Risk parity,1.2297939834435552
2022-12-16,-0.01508658603330435,Combined,Risk parity,1.211240590709094
2022-12-19,-0.00830992678394276,Combined,Risk parity,1.201175270082562
2022-12-20,0.005183110732924313,Combined,Risk parity,1.2074010945170501
2022-12-21,0.014392610209583498,Combined,Risk parity,1.2247787478370584
2022-12-22,-0.007745747959057293,Combined,Risk parity,1.2152919203507029
2022-12-23,0.005966669897633182,Combined,Risk parity,1.2225431660686963
2022-12-27,0.00036712481897171816,Combined,Risk parity,1.2229919920072243
2022-12-28,-0.013447855519804548,Combined,Risk parity,1.2065453723968331
2022-12-29,0.011383746313971262,Combined,Risk parity,1.2202803788324945
2022-12-30,-0.0020848658510455357,Combined,Risk parity,1.2177362579419657
2023-01-03,0.00313053739369147,Combined,Risk parity,1.221548426833107
2023-01-04,0.018840070979802385,Combined,Risk parity,1.2445624858999087
2023-01-05,-0.007729307024648647,Combined,Risk parity,1.2349428803350282
2023-01-06,0.02232383180035799,Combined,Risk parity,1.262511537478677
2023-01-09,0.00011531651732138632,Combined,Risk parity,1.2626571259122572
2023-01-10,0.00701610910463339,Combined,Risk parity,1.2715160660694005
2023-01-11,0.010624693595262729,Combined,Risk parity,1.2850255346728416
2023-01-12,0.006656423427186899,Combined,Risk parity,1.2935792087463713
2023-01-13,0.006027999548958501,Combined,Risk parity,1.3013769036332365
2023-01-17,-0.00544291113162235,Combined,Risk parity,1.294293624798015
2023-01-18,-0.018976317252499555,Combined,Risk parity,1.2697326983559603
2023-01-19,-0.003963003756576038,Combined,Risk parity,1.2647007429025283
2023-01-20,0.019025314140320437,Combined,Risk parity,1.2887620718297457
2023-01-23,0.011084709541333485,Combined,Risk parity,1.3030476250638656
2023-01-24,-0.006225954281200225,Combined,Risk parity,1.2949349101239915
2023-01-25,0.0046284834585377434,Combined,Risk parity,1.3009284949353834
2023-01-26,0.005309839124483084,Combined,Risk parity,1.3078362159559462
2023-01-27,-5.7819234086535986e-05,Combined,Risk parity,1.307760597867629
2023-01-30,-0.012687869227173887,Combined,Risk parity,1.2911679024214338
2023-01-31,0.012200395033953502,Combined,Risk parity,1.3069206608861363
2023-02-01,0.005657633750403604,Combined,Risk parity,1.3143147393262653
2023-02-02,-0.0010843467121323378,Combined,Risk parity,1.3128895664599698
2023-02-03,-0.010719923814396482,Combined,Risk parity,1.298815490330803
2023-02-06,-0.005739421199915783,Combined,Risk parity,1.2913610411708194
2023-02-07,0.011460558460500828,Combined,Risk parity,1.3061607598767706
2023-02-08,-0.010082445758347883,Combined,Risk parity,1.2929914648636305
2023-02-09,-0.013152953461519195,Combined,Risk parity,1.2759848083001375
2023-02-10,0.007286816131431392,Combined,Risk parity,1.2852826749847204
2023-02-13,0.00786704461305246,Combined,Risk parity,1.2953940511292086
2023-02-14,-0.00016316712753387125,Combined,Risk parity,1.2951826854028614
2023-02-15,0.006507928662893837,Combined,Risk parity,1.3036116419248784
2023-02-16,-0.01614024206186853,Combined,Risk parity,1.2825710344695411
2023-02-17,0.004635326962781247,Combined,Risk parity,1.2885161705673
2023-02-21,-0.01608446711639152,Combined,Risk parity,1.2677910745928715
2023-02-22,-0.00611722503384363,Combined,Risk parity,1.2600357112936886
2023-02-23,0.001948863224072723,Combined,Risk parity,1.2624913485524472
2023-02-24,-0.01142134569781933,Combined,Risk parity,1.2480719984201234
2023-02-27,0.0008851062867111973,Combined,Risk parity,1.2491766747921933
2023-02-28,-0.005215831591926815,Combined,Risk parity,1.2426611796279141
2023-03-01,0.00023139721043510244,Combined,Risk parity,1.242948727958396
2023-03-02,0.009424994967241515,Combined,Risk parity,1.2546635134639432
2023-03-03,0.0092731675516948,Combined,Risk parity,1.2662982184452924
2023-03-06,-0.0011849773725216353,Combined,Risk parity,1.2647976837095702
2023-03-07,-0.015824871319967612,Combined,Risk parity,1.2447824231190732
2023-03-08,-0.0006994518453689946,Combined,Risk parity,1.2439117577561396
2023-03-09,-0.01964094077415163,Combined,Risk parity,1.2194801605937804
2023-03-10,-0.010919839581613803,Combined,Risk parity,1.2061636328671357
2023-03-13,0.0041474561752025164,Combined,Risk parity,1.2111661436745753
2023-03-14,0.013366701618084148,Combined,Risk parity,1.2273554401269988
2023-03-15,-0.008054998941463718,Combined,Risk parity,1.2174690933559762
2023-03-16,0.012079165695143168,Combined,Risk parity,1.2321751042633386
2023-03-17,-0.003981530680327907,Combined,Risk parity,1.227269161282178
2023-03-20,0.006828276152403384,Combined,Risk parity,1.2356492940287414
2023-03-21,0.009764935101283824,Combined,Risk parity,1.2477153291928793
2023-03-22,-0.021675766103126586,Combined,Risk parity,1.2206701435540088
2023-03-23,0.0065797547606640345,Combined,Risk parity,1.2287018537422587
2023-03-24,0.006959455892565702,Combined,Risk parity,1.2372529500984917
2023-03-27,0.0011817535352034976,Combined,Risk parity,1.2387150781462115
2023-03-28,0.0032076651947430842,Combined,Risk parity,1.2426884613885845
2023-03-29,0.015418099017158193,Combined,Risk parity,1.2618483551337536
2023-03-30,0.004346295923989009,Combined,Risk parity,1.2673327214963637
2023-03-31,0.013076268399444126,Combined,Risk parity,1.2839047043140481
2023-04-03,0.005353987700487734,Combined,Risk parity,1.290778714309544
2023-04-04,-0.0015387663771091883,Combined,Risk parity,1.2887925074236763
2023-04-05,0.006119213466201236,Combined,Risk parity,1.2966789038902424
2023-04-06,-0.0005878965879764361,Combined,Risk parity,1.2959165907869443
2023-04-10,0.003813180459903377,Combined,Risk parity,1.3008581546085975
2023-04-11,0.002008838586344313,Combined,Risk parity,1.303471368664936
2023-04-12,-0.0022279608951339194,Combined,Risk parity,1.3005672854276238
2023-04-13,0.00885924804284273,Combined,Risk parity,1.3120893336056336
2023-04-14,-0.004467039720331518,Combined,Risk parity,1.306228178435794
2023-04-17,0.002031340217697475,Combined,Risk parity,1.3088815722681404
2023-04-18,0.0015104715453955085,Combined,Risk parity,1.310858600639344
2023-04-19,-0.0041126139140697845,Combined,Risk parity,1.3054675453189764
2023-04-20,-0.007541033707962431,Combined,Risk parity,1.295622970555075
2023-04-21,-0.0021912894266765117,Combined,Risk parity,1.2927838856387386
2023-04-24,0.0013544869784643423,Combined,Risk parity,1.2945349445778047
2023-04-25,-0.009790238369341009,Combined,Risk parity,1.2818611388929464
2023-04-26,-0.014284559486253722,Combined,Risk parity,1.2635503172013132
2023-04-27,0.013251259391693627,Combined,Risk parity,1.2802939502090045
2023-04-28,0.006679723435183872,Combined,Risk parity,1.2888459597121398
2023-05-01,-0.0041418611306431865,Combined,Risk parity,1.2835077387282217
2023-05-02,-0.012386571103647877,Combined,Risk parity,1.2676094788603822
2023-05-03,-0.009241046984816276,Combined,Risk parity,1.2558954401078348
2023-05-04,-0.004381938379323035,Combined,Risk parity,1.2503921836784095
2023-05-05,0.01567457208635174,Combined,Risk parity,1.2699915460976876
2023-05-08,-0.0039508154386810185,Combined,Risk parity,1.2649740438903705
2023-05-09,-0.0026955147796486187,Combined,Risk parity,1.2615642876591922
2023-05-10,-0.0011128070481839609,Combined,Risk parity,1.2601604100281478
2023-05-11,-0.009375098962090708,Combined,Risk parity,1.248346281476025
2023-05-12,0.00023658600697928163,Combined,Risk parity,1.248641622738087
2023-05-15,0.002946585867838778,Combined,Risk parity,1.2523208524976424
2023-05-16,-0.014016569962063026,Combined,Risk parity,1.2347676096536588
2023-05-17,0.009584966837706625,Combined,Risk parity,1.2466028162444633
2023-05-18,0.0035167799691358482,Combined,Risk parity,1.2509868440581002
2023-05-19,-0.0015642762730450428,Combined,Risk parity,1.2490299550200488
2023-05-22,0.0006598987989672313,Combined,Risk parity,1.2498541883872405
2023-05-23,-0.005950971411891531,Combined,Risk parity,1.2424163418431151
2023-05-24,-0.010692105269413686,Combined,Risk parity,1.2291322955276887
2023-05-25,-0.0026274579118447427,Combined,Risk parity,1.2259028021531007
2023-05-26,0.007749365000382556,Combined,Risk parity,1.2354027704219768
2023-05-30,-0.0014030625292984758,Combined,Risk parity,1.2336694230862062
2023-05-31,-0.0034727053111315988,Combined,Risk parity,1.229385252728474
2023-06-01,0.0026687124813961583,Combined,Risk parity,1.232666128496875
2023-06-02,0.01881681878959868,Combined,Risk parity,1.2558609836648769
2023-06-05,-0.00913696550702959,Combined,Risk parity,1.2443862251755067
2023-06-06,0.004639708759656741,Combined,Risk parity,1.2501598148448498
2023-06-07,0.004351317002116966,Combined,Risk parity,1.2555996565025476
2023-06-08,0.004684938129358938,Combined,Risk parity,1.2614820632085064
2023-06-09,-0.003775888109082232,Combined,Risk parity,1.2567188480862168
2023-06-12,0.00401866618076085,Combined,Risk parity,1.2617691816197456
2023-06-13,0.0064968332773941125,Combined,Risk parity,1.269966685627283
2023-06-14,-0.0032850536668714296,Combined,Risk parity,1.2657947769098585
2023-06-15,0.010249974557298657,Combined,Risk parity,1.278769141167946
2023-06-16,0.002001836932701655,Combined,Risk parity,1.2813290284631353
2023-06-20,-0.00877938792982108,Combined,Risk parity,1.2700797438565168
2023-06-21,0.0031285970711900585,Combined,Risk parity,1.2740533116233241
2023-06-22,-0.0037857334465808555,Combined,Risk parity,1.2692300853887846
2023-06-23,0.0003180313031160636,Combined,Risk parity,1.269633740286795
2023-06-26,0.007139996030210374,Combined,Risk parity,1.2786989201522638
2023-06-27,0.007218015125479503,Combined,Risk parity,1.2879285882988571
2023-06-28,-0.005763012188281998,Combined,Risk parity,1.2805062401468539
2023-06-29,0.008295401102586634,Combined,Risk parity,1.2911285530232373
2023-06-30,0.01749895268901007,Combined,Risk parity,1.313721950488021
2023-07-03,0.004697103589975075,Combined,Risk parity,1.3198926385778873
2023-07-05,-0.004394174296307268,Combined,Risk parity,1.314092800271563
2023-07-06,-0.012557950758750951,Combined,Risk parity,1.2975904875933235
2023-07-07,-0.00046356965708110545,Combined,Risk parity,1.2969889640159582
2023-07-10,0.005318218911544399,Combined,Risk parity,1.3038866352524523
2023-07-11,0.012552275988170016,Combined,Risk parity,1.3202533801554275
2023-07-12,0.0063706119899334945,Combined,Risk parity,1.3286642021687958
2023-07-13,0.019850890598696058,Combined,Risk parity,1.3550393698884522
2023-07-14,-0.010707069202499208,Combined,Risk parity,1.3405308695829457
2023-07-17,-0.004663997811274444,Combined,Risk parity,1.3342786365412649
2023-07-18,0.004753084538880297,Combined,Risk parity,1.3406205756991676
2023-07-19,0.008501787864973846,Combined,Risk parity,1.352018247441181
2023-07-20,0.002299857395416727,Combined,Risk parity,1.355127696606297
2023-07-21,0.004502443402944789,Combined,Risk parity,1.3612290823640298
2023-07-24,-0.00021511966998904466,Combined,Risk parity,1.3609362552130522
2023-07-25,0.0021592472553113124,Combined,Risk parity,1.3638748530867746
2023-07-26,0.0031970496987940335,Combined,Risk parity,1.3682352287750286
2023-07-27,-0.004572877654482684,Combined,Risk parity,1.3619784564712873
2023-07-28,0.004028689933539409,Combined,Risk parity,1.3674654453685706
2023-07-31,0.0007620894185186689,Combined,Risk parity,1.3685075763146761
2023-08-01,-0.003501881832119429,Combined,Risk parity,1.363715224496062
2023-08-02,-0.014392751039190037,Combined,Risk parity,1.344087610781537
2023-08-03,-0.0068794755663716045,Combined,Risk parity,1.3348409929041025
2023-08-04,-0.0027765013171667592,Combined,Risk parity,1.331134805129096
2023-08-07,0.008314692270074336,Combined,Risk parity,1.3422027814037298
2023-08-08,-0.0014203586955622801,Combined,Risk parity,1.3402963720119552
2023-08-09,-0.0009130649632121548,Combined,Risk parity,1.3390725943543507
2023-08-10,4.1231592399465784e-05,Combined,Risk parity,1.3391278064497543
2023-08-11,0.00206862918140281,Combined,Risk parity,1.341897965307804
2023-08-14,0.00038933159638725786,Combined,Risk parity,1.3424204085848261
2023-08-15,-0.013121921641302261,Combined,Risk parity,1.3248052731736912
2023-08-16,-0.009776652684155725,Combined,Risk parity,1.311853112143734
2023-08-17,-0.011550001025648638,Combined,Risk parity,1.2967012073529736
2023-08-18,0.001490296934643746,Combined,Risk parity,1.2986336771874405
2023-08-21,-0.0019337209408446937,Combined,Risk parity,1.296122482051377
2023-08-22,-0.0047280746899690616,Combined,Risk parity,1.28999431814889
2023-08-23,0.00921226887336141,Combined,Risk parity,1.301878092652786
2023-08-24,-0.011244671596561798,Combined,Risk parity,1.287238901042147
2023-08-25,0.004082707039386425,Combined,Risk parity,1.2924943203648038
2023-08-28,0.006175134488114535,Combined,Risk parity,1.3004756466181806
2023-08-29,0.014486302040781954,Combined,Risk parity,1.3193147296317729
2023-08-30,-0.0004203088629942049,Combined,Risk parity,1.31876020995783
2023-08-31,-0.006244892977326063,Combined,Risk parity,1.3105246935838872
2023-09-01,0.0012985882332639822,Combined,Risk parity,1.312226525530377
2023-09-05,-0.009140022014955812,Combined,Risk parity,1.3002327461984204
2023-09-06,-0.0034422506469942533,Combined,Risk parity,1.295757019186576
2023-09-07,0.0023455654800845346,Combined,Risk parity,1.2987963021213573
2023-09-08,0.0029947362601728325,Combined,Risk parity,1.3026858545018984
2023-09-11,0.0007234904044161442,Combined,Risk parity,1.3036283352175992
2023-09-12,0.0024630981185145167,Combined,Risk parity,1.306839299717316
2023-09-13,0.0007041078497679642,Combined,Risk parity,1.3077594555266323
2023-09-14,0.012553383871298653,Combined,Risk parity,1.3241762619831785
2023-09-15,-0.007073589013458874,Combined,Risk parity,1.3148095833245312
2023-09-18,0.0012910859144323475,Combined,Risk parity,1.3165071154577224
2023-09-19,-0.002079975583269277,Combined,Risk parity,1.3137688128023701
2023-09-20,-0.0037553480178655276,Combined,Risk parity,1.3088351536952794
2023-09-21,-0.017369584439487114,Combined,Risk parity,1.2861012309758002
2023-09-22,-0.0026455514144563064,Combined,Risk parity,1.282698784045058
2023-09-25,0.001783936752765706,Combined,Risk parity,1.2849870375486439
2023-09-26,-0.010752257256593858,Combined,Risk parity,1.2711705263495323
2023-09-27,-0.0026689050889386287,Combined,Risk parity,1.2677778928628494
2023-09-28,0.005176284889645473,Combined,Risk parity,1.2743402724131019
2023-09-29,-0.0011636481826255668,Combined,Risk parity,1.2728573886710617
2023-10-02,-0.015386213425302322,Combined,Risk parity,1.2532729332289958
2023-10-03,-0.0075989230182639264,Combined,Risk parity,1.2437494086885148
2023-10-04,0.0020879630187653504,Combined,Risk parity,1.2463463114584676
2023-10-05,-0.0027617993357320495,Combined,Risk parity,1.2429041530433895
2023-10-06,0.00984295752532657,Combined,Risk parity,1.2551380058298476
2023-10-09,0.004999857090238929,Combined,Risk parity,1.2614135164875244
2023-10-10,0.0072974672636494185,Combined,Risk parity,1.270618640330017
2023-10-11,0.0032468631981678988,Combined,Risk parity,1.2747441652322107
2023-10-12,-0.008004873187378745,Combined,Risk parity,1.2645399998431759
2023-10-13,0.0023831031079845693,Combined,Risk parity,1.267553529046973
2023-10-16,0.011480976436040043,Combined,Risk parity,1.2821062812453807
2023-10-17,0.0010999961426432987,Combined,Risk parity,1.2835165932092092
2023-10-18,-0.012902164420589217,Combined,Risk parity,1.2669564510870694
2023-10-19,-0.0075571932625588,Combined,Risk parity,1.257381816330959
2023-10-20,-0.0053515753060562376,Combined,Risk parity,1.250652842852398
2023-10-23,-0.0008622244382409822,Combined,Risk parity,1.249574499407535
2023-10-24,0.010213111904766113,Combined,Risk parity,1.2623365436033263
2023-10-25,-0.009723886829964244,Combined,Risk parity,1.2500617259119993
2023-10-26,-0.0017679364444669918,Combined,Risk parity,1.247851696228926
2023-10-27,-0.010866800919011429,Combined,Risk parity,1.2342915402695558
2023-10-30,0.00940544994002509,Combined,Risk parity,1.2459006075629575
2023-10-31,0.005731956703018317,Combined,Risk parity,1.2530420559017725
2023-11-01,0.0063386228527450555,Combined,Risk parity,1.2609846169127623
2023-11-02,0.02092223415043358,Combined,Risk parity,1.287367232327906
2023-11-03,0.011227112827692001,Combined,Risk parity,1.3018206494959248
2023-11-06,-0.0017560666500581715,Combined,Risk parity,1.299534565668988
2023-11-07,-0.0041002522346440615,Combined,Risk parity,1.2942061461621066
2023-11-08,-0.001046314854680559,Combined,Risk parity,1.2928519990463583
2023-11-09,-0.007634429834193409,Combined,Risk parity,1.2829818111736422
2023-11-10,0.010135037290793774,Combined,Risk parity,1.2959848796732971
2023-11-13,-0.0027529520011325137,Combined,Risk parity,1.292417095505363
2023-11-14,0.018686017471114025,Combined,Risk parity,1.3165672239319428
2023-11-15,0.008472698770446867,Combined,Risk parity,1.3277221014313616
2023-11-16,-0.0028359342555770626,Combined,Risk parity,1.3239567688420257
2023-11-17,0.0017881335858018336,Combined,Risk parity,1.326324180406542
2023-11-20,0.0029321243042710623,Combined,Risk parity,1.3302131277712543
2023-11-21,-0.00581078608097262,Combined,Risk parity,1.3224835438436742
2023-11-22,0.005470548885953573,Combined,Risk parity,1.3297182547211401
2023-11-24,0.003261956854088215,Combined,Risk parity,1.3340557382961338
2023-11-27,-0.0012234539935157638,Combined,Risk parity,1.3324235824755428
2023-11-28,0.0034374078402144175,Combined,Risk parity,1.3370036657444309
2023-11-29,0.0039456949626766455,Combined,Risk parity,1.3422790743734387
2023-11-30,0.005905114803239761,Combined,Risk parity,1.3502053864056005
2023-12-01,0.010012415298537462,Combined,Risk parity,1.3637242034726156
2023-12-04,0.0015491357617937818,Combined,Risk parity,1.3658367974054388
2023-12-05,-0.0020914592732949244,Combined,Risk parity,1.3629802053696978
2023-12-06,0.00038845755182738786,Combined,Risk parity,1.3635096653234648
2023-12-07,0.0046445423924972385,Combined,Risk parity,1.3698425437666395
2023-12-08,0.006039907168533932,Combined,Risk parity,1.3781162655664985
2023-12-11,-0.00046778593776965064,Combined,Risk parity,1.377471602156855
2023-12-12,0.0015825335828832058,Combined,Risk parity,1.379651497226736
2023-12-13,0.02282544649844516,Combined,Risk parity,1.4111426586631846
2023-12-14,0.010658469414494757,Combined,Risk parity,1.4261832795300349
2023-12-15,-0.007651005032549767,Combined,Risk parity,1.4152715440810122
2023-12-18,-0.0008804333503698835,Combined,Risk parity,1.4140254918137738
2023-12-19,0.005413083342639008,Combined,Risk parity,1.4216797296495778
2023-12-20,-0.011617767281403825,Combined,Risk parity,1.40516298540182
2023-12-21,0.009580339491057403,Combined,Risk parity,1.418624923842237
2023-12-22,0.0040455964158742416,Combined,Risk parity,1.4243641077496032
2023-12-26,0.0029000296052382954,Combined,Risk parity,1.428494805830716
2023-12-27,0.006340137743981875,Combined,Risk parity,1.4375516596662454
2023-12-28,0.0008440597797441142,Combined,Risk parity,1.438765039203474
2023-12-29,-0.004165044374036631,Combined,Risk parity,1.4327725189713791
2021-01-04,0.0036317710599863638,Equity,MinVar + sentiment,1.0036317710599865
2021-01-05,-0.00010741866861348009,Equity,MinVar + sentiment,1.003523962271361
2021-01-06,0.006069105925108209,Equity,MinVar + sentiment,1.00961445549677
2021-01-07,0.006239247177764114,Equity,MinVar + sentiment,1.015913689638858
2021-01-08,-0.00013352554481759166,Equity,MinVar + sentiment,1.0157780392099613
2021-01-11,0.0020423308412010344,Equity,MinVar + sentiment,1.0178525940272545
2021-01-12,0.0025691463675392863,Equity,MinVar + sentiment,1.02046760632189
2021-01-13,-0.0017172280163783925,Equity,MinVar + sentiment,1.0187152307585075
2021-01-14,0.0021908719299481836,Equity,MinVar + sentiment,1.020947105362187
2021-01-15,-0.005269438105673337,Equity,MinVar + sentiment,1.0155672877813147
2021-01-19,0.008511726140475554,Equity,MinVar + sentiment,1.0242115184121345
2021-01-20,0.013718783666773614,Equity,MinVar + sentiment,1.0382624546622483
2021-01-21,-0.009323857556080341,Equity,MinVar + sentiment,1.0285818434291512
2021-01-22,0.0013303753879946281,Equity,MinVar + sentiment,1.0299502433981873
2021-01-25,0.0033549097876329455,Equity,MinVar + sentiment,1.0334056335505388
2021-01-26,-0.0021647187734797875,Equity,MinVar + sentiment,1.031168600974972
2021-01-27,-0.023901127695421864,Equity,MinVar + sentiment,1.0065225085675598
2021-01-28,0.0005803250846113015,Equity,MinVar + sentiment,1.0071066188275073
2021-01-29,-0.01119330142087591,Equity,MinVar + sentiment,0.9958337708800118
2021-02-01,0.0005945214705500336,Equity,MinVar + sentiment,0.9964258154378988
2021-02-02,0.006810387520715758,Equity,MinVar + sentiment,1.003211861376676
2021-02-03,-0.0021894800996222962,Equity,MinVar + sentiment,1.0010153489704867
2021-02-04,0.0033460605779587716,Equity,MinVar + sentiment,1.0043648069676085
2021-02-05,0.014155319129699279,Equity,MinVar + sentiment,1.0185819113328738
2021-02-08,0.002346227156419123,Equity,MinVar + sentiment,1.0209717358742803
2021-02-09,-0.0005696947962481872,Equity,MinVar + sentiment,1.0203900935892363
2021-02-10,-0.007440124949636216,Equity,MinVar + sentiment,1.0127982637955615
2021-02-11,-0.003973431281441044,Equity,MinVar + sentiment,1.008773979492407
2021-02-12,0.0038736116873683553,Equity,MinVar + sentiment,1.012681578169282
2021-02-16,-0.008356558255706008,Equity,MinVar + sentiment,1.00421904556683
2021-02-17,0.007744330756944213,Equity,MinVar + sentiment,1.0119960500081224
2021-02-18,-0.01377472913835613,Equity,MinVar + sentiment,0.9980560785301743
2021-02-19,-0.006735078937983379,Equity,MinVar + sentiment,0.9913340920567394
2021-02-22,0.0011101764440657452,Equity,MinVar + sentiment,0.9924346478139401
2021-02-23,-0.006985974008672269,Equity,MinVar + sentiment,0.985501525159006
2021-02-24,-0.0013349736050630103,Equity,MinVar + sentiment,0.9841859066351695
2021-02-25,-0.008925735343827625,Equity,MinVar + sentiment,0.9754013237034188
2021-02-26,-0.0169519245096602,Equity,MinVar + sentiment,0.9588663940973758
2021-03-01,0.009054968929839563,Equity,MinVar + sentiment,0.9675488995037949
2021-03-02,0.005747264826459682,Equity,MinVar + sentiment,0.9731096592617927
2021-03-03,-0.01306466234281807,Equity,MinVar + sentiment,0.9603963101410026
2021-03-04,-0.003326805431314679,Equity,MinVar + sentiment,0.9572012584802109
2021-03-05,0.015229823471710657,Equity,MinVar + sentiment,0.9717792646737639
2021-03-08,-0.00515918228137119,Equity,MinVar + sentiment,0.966765678310055
2021-03-09,0.006938410483227481,Equity,MinVar + sentiment,0.973473495427266
2021-03-10,0.0115396076176545,Equity,MinVar + sentiment,0.9847069975906834
2021-03-11,0.0008079534287877268,Equity,MinVar + sentiment,0.985502594985738
2021-03-12,0.006003831437170053,Equity,MinVar + sentiment,0.991419386446926
2021-03-15,0.014520282450727298,Equity,MinVar + sentiment,1.0058150759652622
2021-03-16,0.0034622852833355363,Equity,MinVar + sentiment,1.0092974947005338
2021-03-17,-0.0051634670259496085,Equity,MinVar + sentiment,1.004086020367274
2021-03-18,-0.006998655068513377,Equity,MinVar + sentiment,0.997058768651607
2021-03-19,-0.0011835672804458791,Equity,MinVar + sentiment,0.9958786825163494
2021-03-22,0.006098929216749935,Equity,MinVar + sentiment,1.0019524761094867
2021-03-23,-0.00019049105616955348,Equity,MinVar + sentiment,1.001761613124081
2021-03-24,-0.004352043145596513,Equity,MinVar + sentiment,0.9974019033621625
2021-03-25,0.0025621014591255637,Equity,MinVar + sentiment,0.9999573482341012
2021-03-26,0.01665275399022854,Equity,MinVar + sentiment,1.016609391954965
2021-03-29,0.010635406809362476,Equity,MinVar + sentiment,1.0274214464046245
2021-03-30,-0.011140689470792144,Equity,MinVar + sentiment,1.0159752631145984
2021-03-31,0.0008175850853343997,Equity,MinVar + sentiment,1.0168059093367896
2021-04-01,0.009746068498717607,Equity,MinVar + sentiment,1.0267157693790867
2021-04-05,0.008806401558256351,Equity,MinVar + sentiment,1.035757440730433
2021-04-06,-0.0005859669327764293,Equity,MinVar + sentiment,1.0351505211197878
2021-04-07,-0.0030692703318460977,Equity,MinVar + sentiment,1.0319733643363198
2021-04-08,-0.0004397378210374608,Equity,MinVar + sentiment,1.031519566617718
2021-04-09,0.004153274681700483,Equity,MinVar + sentiment,1.03580375071743
2021-04-12,-0.0010979837859260767,Equity,MinVar + sentiment,1.0346664549937408
2021-04-13,0.004510922566485315,Equity,MinVar + sentiment,1.0393337552543573
2021-04-14,-0.002707410752885179,Equity,MinVar + sentiment,1.036519851869545
2021-04-15,0.013044494967205106,Equity,MinVar + sentiment,1.0500407298606655
2021-04-16,0.005975899137974609,Equity,MinVar + sentiment,1.056315667353078
2021-04-19,-0.0031513367479338037,Equity,MinVar + sentiment,1.05298686097313
2021-04-20,0.0072825674426264895,Equity,MinVar + sentiment,1.0606553088043664
2021-04-21,0.00838928172684515,Equity,MinVar + sentiment,1.0695534450050002
2021-04-22,-0.008313828634539652,Equity,MinVar + sentiment,1.060661360947747
2021-04-23,0.003332214254591225,Equity,MinVar + sentiment,1.0641957118539913
2021-04-26,-0.006341160527544142,Equity,MinVar + sentiment,1.057447476012401
2021-04-27,-0.006726065600713577,Equity,MinVar + sentiment,1.0503350149194328
2021-04-28,0.0003318886593349831,Equity,MinVar + sentiment,1.0506836091993872
2021-04-29,-0.002109771621230847,Equity,MinVar + sentiment,1.0484669067378058
2021-04-30,-0.0010328457461567383,Equity,MinVar + sentiment,1.0473840021531957
2021-05-03,0.015720577407042604,Equity,MinVar + sentiment,1.0638494834339431
2021-05-04,-0.006059269644435702,Equity,MinVar + sentiment,1.0574033325527232
2021-05-05,0.006299249108341641,Equity,MinVar + sentiment,1.0640641795524635
2021-05-06,0.009828355649986298,Equity,MinVar + sentiment,1.074522180743516
2021-05-07,0.001941058066775924,Equity,MinVar + sentiment,1.0766078906903778
2021-05-10,0.006099821500516816,Equity,MinVar + sentiment,1.083175006649637
2021-05-11,-0.006218923049315292,Equity,MinVar + sentiment,1.0764388246343415
2021-05-12,-0.013064706388332938,Equity,MinVar + sentiment,1.0623754674454917
2021-05-13,0.014604987363988414,Equity,MinVar + sentiment,1.0778914477233443
2021-05-14,0.0060669302537279274,Equity,MinVar + sentiment,1.0844309399577716
2021-05-17,0.010364809726676263,Equity,MinVar + sentiment,1.0956708603121545
2021-05-18,0.00386649811033833,Equity,MinVar + sentiment,1.0999072696231043
2021-05-19,-0.0011864527382056834,Equity,MinVar + sentiment,1.0986022816312875
2021-05-20,0.007719625532940179,Equity,MinVar + sentiment,1.1070830798551146
2021-05-21,-0.0059026614909680735,Equity,MinVar + sentiment,1.1005483431923515
2021-05-24,0.0012342611233933504,Equity,MinVar + sentiment,1.1019067072267688
2021-05-25,-0.005424181534621471,Equity,MinVar + sentiment,1.095929765212554
2021-05-26,0.0007326546801417011,Equity,MinVar + sentiment,1.0967327032841434
2021-05-27,-0.004670305875708684,Equity,MinVar + sentiment,1.0916106260959135
2021-05-28,0.003433276449600154,Equity,MinVar + sentiment,1.0953584271506218
2021-06-01,-0.0025363676380277,Equity,MinVar + sentiment,1.092580195483956
2021-06-02,-0.0022549094388286594,Equity,MinVar + sentiment,1.090116526088482
2021-06-03,0.002860290269407877,Equity,MinVar + sentiment,1.0932345757805737
2021-06-04,0.007055713258316618,Equity,MinVar + sentiment,1.100948125471359
2021-06-07,-0.003060724143246492,Equity,MinVar + sentiment,1.0975784269632667
2021-06-08,-0.004884557114520654,Equity,MinVar + sentiment,1.092217242449099
2021-06-09,0.0025523163738491337,Equity,MinVar + sentiment,1.0950049264008024
2021-06-10,0.009214197229226397,Equity,MinVar + sentiment,1.1050945177596339
2021-06-11,0.0004761128362954168,Equity,MinVar + sentiment,1.1056206674448588
2021-06-14,-0.000353123232352294,Equity,MinVar + sentiment,1.1052302471010151
2021-06-15,-0.005694811290517913,Equity,MinVar + sentiment,1.0989361694112023
2021-06-16,-0.012730763598391205,Equity,MinVar + sentiment,1.0849458728287067
2021-06-17,-0.0043436125912859475,Equity,MinVar + sentiment,1.0802332882746242
2021-06-18,-0.012440111486390173,Equity,MinVar + sentiment,1.066795065737178
2021-06-21,0.010598722862620327,Equity,MinVar + sentiment,1.0781017309901373
2021-06-22,-0.00012041286996872919,Equity,MinVar + sentiment,1.0779719136665904
2021-06-23,-0.007789201233949948,Equity,MinVar + sentiment,1.0695753735064952
2021-06-24,0.005075830974329145,Equity,MinVar + sentiment,1.0750043573167192
2021-06-25,0.005482943886391843,Equity,MinVar + sentiment,1.0808985458855136
2021-06-28,0.002429523004892904,Equity,MinVar + sentiment,1.0835246137686978
2021-06-29,-0.0018761834353733498,Equity,MinVar + sentiment,1.0814917228365257
2021-06-30,0.012435066941817664,Equity,MinVar + sentiment,1.0949401448070195
2021-07-01,4.612134394509884e-05,Equity,MinVar + sentiment,1.0949906449180375
2021-07-02,0.005957235669711522,Equity,MinVar + sentiment,1.1015137622459437
2021-07-06,-0.0009461335194621855,Equity,MinVar + sentiment,1.1004715831533338
2021-07-07,0.003051349869680943,Equity,MinVar + sentiment,1.1038295069751762
2021-07-08,-0.006902467374003084,Equity,MinVar + sentiment,1.096210359816818
2021-07-09,0.006936331558062413,Equity,MinVar + sentiment,1.1038140383298904
2021-07-12,0.0010096218541485221,Equity,MinVar + sentiment,1.1049284731059041
2021-07-13,0.0006132195885225115,Equity,MinVar + sentiment,1.1056060368895289
2021-07-14,0.004637477229424206,Equity,MinVar + sentiment,1.1107332597103179
2021-07-15,0.0002565435725866414,Equity,MinVar + sentiment,1.1110182111889546
2021-07-16,-0.000631587391594068,Equity,MinVar + sentiment,1.1103165060949363
2021-07-19,-0.011309860907543826,Equity,MinVar + sentiment,1.0977589808476524
2021-07-20,0.0057011910077131205,Equity,MinVar + sentiment,1.1040175144778974
2021-07-21,-0.0028035955768450907,Equity,MinVar + sentiment,1.1009222958575478
2021-07-22,0.002400471024656031,Equity,MinVar + sentiment,1.1035650279291518
2021-07-23,0.00955624912284933,Equity,MinVar + sentiment,1.114110970259307
2021-07-26,-0.0005479151317631813,Equity,MinVar + sentiment,1.1135005320002387
2021-07-27,-0.002514647113179121,Equity,MinVar + sentiment,1.1107004711019208
2021-07-28,0.0035148663639795108,Equity,MinVar + sentiment,1.114604434828253
2021-07-29,-0.0020661186384302033,Equity,MinVar + sentiment,1.1123015298309775
2021-07-30,-0.00486164771745887,Equity,MinVar + sentiment,1.1068939116373486
2021-08-02,-0.004763890616004489,Equity,MinVar + sentiment,1.1016207901187869
2021-08-03,0.004184348604384191,Equity,MinVar + sentiment,1.106230355534481
2021-08-04,-0.009713517098254711,Equity,MinVar + sentiment,1.0954849680613885
2021-08-05,0.0013148985022389012,Equity,MinVar + sentiment,1.0969254196051177
2021-08-06,-0.006700677544479948,Equity,MinVar + sentiment,1.0895752760780004
2021-08-09,-0.0019049084214364585,Equity,MinVar + sentiment,1.0874997349588105
2021-08-10,0.00601557641406833,Equity,MinVar + sentiment,1.0940416727147342
2021-08-11,0.007404101509279859,Equity,MinVar + sentiment,1.1021420683148964
2021-08-12,0.002668384806511827,Equity,MinVar + sentiment,1.1050830074646054
2021-08-13,0.003365725918986388,Equity,MinVar + sentiment,1.1088024139854604
2021-08-16,0.00876957501898164,Equity,MinVar + sentiment,1.1185261399361337
2021-08-17,0.004088224554189756,Equity,MinVar + sentiment,1.1230989259659236
2021-08-18,-0.015037701511072022,Equity,MinVar + sentiment,1.1062100995498425
2021-08-19,0.0018909370925958928,Equity,MinVar + sentiment,1.1083018732592855
2021-08-20,0.0039425326811274196,Equity,MinVar + sentiment,1.112671389615165
2021-08-23,0.004019496193671148,Equity,MinVar + sentiment,1.11714376803053
2021-08-24,-0.004881648349062169,Equity,MinVar + sentiment,1.1116902649996587
2021-08-25,-0.00416369853457911,Equity,MinVar + sentiment,1.1070615218723738
2021-08-26,-0.00381698108188154,Equity,MinVar + sentiment,1.1028358889869079
2021-08-27,0.002967589716887787,Equity,MinVar + sentiment,1.10610865343048
2021-08-30,0.003631794304926688,Equity,MinVar + sentiment,1.1101258125386388
2021-08-31,0.004962723099352688,Equity,MinVar + sentiment,1.1156350595517122
2021-09-01,-0.005431114085808294,Equity,MinVar + sentiment,1.1095759182651592
2021-09-02,0.005040838055437731,Equity,MinVar + sentiment,1.1151691107793473
2021-09-03,0.0018157867183445744,Equity,MinVar + sentiment,1.1171940200394086
2021-09-07,-0.019809854222658886,Equity,MinVar + sentiment,1.0950625693640017
2021-09-08,0.004468253476764569,Equity,MinVar + sentiment,1.0999555864968371
2021-09-09,-0.014257575891483326,Equity,MinVar + sentiment,1.0842728862450974
2021-09-10,-0.001579019829984553,Equity,MinVar + sentiment,1.0825607978566019
2021-09-13,-0.0010346994225684236,Equity,MinVar + sentiment,1.0814406728241646
2021-09-14,-0.005103751809785571,Equity,MinVar + sentiment,1.0759212680330625
2021-09-15,0.0019251202044722917,Equity,MinVar + sentiment,1.0779925458045745
2021-09-16,-0.0084796216984472,Equity,MinVar + sentiment,1.0688515768224056
2021-09-17,-0.007215292412003617,Equity,MinVar + sentiment,1.0611395001506008
2021-09-20,-0.010131876719901444,Equity,MinVar + sentiment,1.050388165552457
2021-09-21,-0.002018444020954328,Equity,MinVar + sentiment,1.0482680158400164
2021-09-22,-0.002050085281637195,Equity,MinVar + sentiment,1.0461189770095318
2021-09-23,0.001965483273396096,Equity,MinVar + sentiment,1.0481751063608264
2021-09-24,0.00016441611401874466,Equity,MinVar + sentiment,1.0483474432386255
2021-09-27,-0.0031755322032495734,Equity,MinVar + sentiment,1.0450183821724268
2021-09-28,-0.0005120197607340147,Equity,MinVar + sentiment,1.0444833121104242
2021-09-29,0.007722766406998203,Equity,MinVar + sentiment,1.0525496127458607
2021-09-30,-0.006538678860378766,Equity,MinVar + sentiment,1.0456673288434994
2021-10-01,0.0030458984622323756,Equity,MinVar + sentiment,1.0488523253524304
2021-10-04,-0.0006605296122296827,Equity,MinVar + sentiment,1.0481595273326791
2021-10-05,-1.3278214787624133e-05,Equity,MinVar + sentiment,1.0481456096453436
2021-10-06,0.0015437502422304729,Equity,MinVar + sentiment,1.0497636846841263
2021-10-07,0.009013415874629054,Equity,MinVar + sentiment,1.0592256413442673
2021-10-08,-0.0008913415259417937,Equity,MinVar + sentiment,1.0582815095447948
2021-10-11,-0.0023822012209636662,Equity,MinVar + sentiment,1.055760470040634
2021-10-12,-0.0003818177718487867,Equity,MinVar + sentiment,1.0553573619303571
2021-10-13,0.004305102690037314,Equity,MinVar + sentiment,1.0599007837481542
2021-10-14,0.012728320710598666,Equity,MinVar + sentiment,1.0733915408451156
2021-10-15,-0.0020243926295219782,Equity,MinVar + sentiment,1.0712185749212375
2021-10-18,-0.004301898558611848,Equity,MinVar + sentiment,1.0666103012778256
2021-10-19,0.011520677529920817,Equity,MinVar + sentiment,1.0788983746089391
2021-10-20,0.007326899681702198,Equity,MinVar + sentiment,1.0868033547664504
2021-10-21,0.003743698131444799,Equity,MinVar + sentiment,1.0908720184549374
2021-10-22,0.005112197593848296,Equity,MinVar + sentiment,1.0964487717628792
2021-10-25,0.006470614190569391,Equity,MinVar + sentiment,1.1035434687446806
2021-10-26,-0.0005213346785632949,Equity,MinVar + sentiment,1.1029681532651219
2021-10-27,-0.010592959035444478,Equity,MinVar + sentiment,1.0912844568001847
2021-10-28,0.008744753651077686,Equity,MinVar + sentiment,1.1008274705381524
2021-10-29,0.002505005792465559,Equity,MinVar + sentiment,1.1035850497283557
2021-11-01,0.003995206292456706,Equity,MinVar + sentiment,1.1079940996632915
2021-11-02,0.0063227790215954986,Equity,MinVar + sentiment,1.114999701512694
2021-11-03,0.003331833883436934,Equity,MinVar + sentiment,1.118714695298216
2021-11-04,0.002913629885135084,Equity,MinVar + sentiment,1.121974215867377
2021-11-05,-0.011740366884080169,Equity,MinVar + sentiment,1.1088018269386157
2021-11-08,-0.0039630660471010725,Equity,MinVar + sentiment,1.1044075720653117
2021-11-09,0.003426884547332967,Equity,MinVar + sentiment,1.1081922493079797
2021-11-10,0.005574112673932063,Equity,MinVar + sentiment,1.1143694377700006
2021-11-11,0.004433253536621917,Equity,MinVar + sentiment,1.1193097200210977
2021-11-12,0.002623781536802999,Equity,MinVar + sentiment,1.1222465441984533
2021-11-15,-0.005684953587109998,Equity,MinVar + sentiment,1.1158666246813904
2021-11-16,-0.008823671463078955,Equity,MinVar + sentiment,1.106020584188587
2021-11-17,-0.0014973151843144918,Equity,MinVar + sentiment,1.104364522773717
2021-11-18,-0.0019088155227762987,Equity,MinVar + sentiment,1.1022564946298432
2021-11-19,-0.008346992011538927,Equity,MinVar + sentiment,1.0930559684745011
2021-11-22,-0.0010149688234701937,Equity,MinVar + sentiment,1.0919465507441914
2021-11-23,0.0083397866186298,Equity,MinVar + sentiment,1.101053151976347
2021-11-24,-0.0022870368661164213,Equity,MinVar + sentiment,1.0985350028262233
2021-11-26,-0.010550270185179476,Equity,MinVar + sentiment,1.0869451617385297
2021-11-29,-0.005044855062752953,Equity,MinVar + sentiment,1.0814616809363982
2021-11-30,-0.01654624797953907,Equity,MinVar + sentiment,1.0635675477832554
2021-12-01,-0.011546251110542928,Equity,MinVar + sentiment,1.0512873298035255
2021-12-02,0.0033845253349053857,Equity,MinVar + sentiment,1.0548454384055106
2021-12-03,0.011749052457817018,Equity,MinVar + sentiment,1.0672388727962259
2021-12-06,0.011588985137250566,Equity,MinVar + sentiment,1.0796070882309574
2021-12-07,0.0006392040853088203,Equity,MinVar + sentiment,1.0802971774922832
2021-12-08,0.0011346869447888621,Equity,MinVar + sentiment,1.0815229765960759
2021-12-09,0.004412326002781116,Equity,MinVar + sentiment,1.0862950085483158
2021-12-10,0.008365834480020427,Equity,MinVar + sentiment,1.0953827727863035
2021-12-13,0.010743697485144168,Equity,MinVar + sentiment,1.107151233927558
2021-12-14,0.003703952427551797,Equity,MinVar + sentiment,1.111252069428131
2021-12-15,0.009425951911379037,Equity,MinVar + sentiment,1.121726677995981
2021-12-16,0.010523100403131366,Equity,MinVar + sentiment,1.1335307204534038
2021-12-17,-0.012818235584303266,Equity,MinVar + sentiment,1.119000856636587
2021-12-20,0.004395580416274181,Equity,MinVar + sentiment,1.1239195148878127
2021-12-21,-0.001507645882959633,Equity,MinVar + sentiment,1.1222250422584141
2021-12-22,0.005201042448778073,Equity,MinVar + sentiment,1.1280617823402819
2021-12-23,0.0032644393859969246,Equity,MinVar + sentiment,1.1317442716523913
2021-12-27,0.009288705578295222,Equity,MinVar + sentiment,1.1422567109816926
2021-12-28,0.004693293410455036,Equity,MinVar + sentiment,1.1476176568763912
2021-12-29,0.0038620978817550194,Equity,MinVar + sentiment,1.152049868598078
2021-12-30,0.002914909012154968,Equity,MinVar + sentiment,1.1554079891425064
2021-12-31,-0.0010997163460253491,Equity,MinVar + sentiment,1.154137368090518
2022-01-03,-0.003987376084733148,Equity,MinVar + sentiment,1.149535388350497
2022-01-04,-0.0009675852115848661,Equity,MinVar + sentiment,1.1484231149085355
2022-01-05,-0.0011747774720099226,Equity,MinVar + sentiment,1.1470739733048056
2022-01-06,-0.008294977624110798,Equity,MinVar + sentiment,1.1375590203630424
2022-01-07,0.0016550919365149377,Equity,MinVar + sentiment,1.1394417851249552
2022-01-10,-0.0002252256993206318,Equity,MinVar + sentiment,1.1391851535520654
2022-01-11,0.005298996759658626,Equity,MinVar + sentiment,1.145221691989389
2022-01-12,0.004685314390484565,Equity,MinVar + sentiment,1.150587415663162
2022-01-13,-0.002476134979872544,Equity,MinVar + sentiment,1.1477384059158373
2022-01-14,-0.0022072065060615943,Equity,MinVar + sentiment,1.1452051102390433
2022-01-18,-0.003189956498783043,Equity,MinVar + sentiment,1.1415519557551967
2022-01-19,0.0063974330878664235,Equity,MinVar + sentiment,1.1488549580084637
2022-01-20,-0.014164772262251117,Equity,MinVar + sentiment,1.1325816891659157
2022-01-21,-0.0032352329559469594,Equity,MinVar + sentiment,1.128917523559824
2022-01-24,-0.002799495683190216,Equity,MinVar + sentiment,1.1257571238259405
2022-01-25,-0.0033932862902375,Equity,MinVar + sentiment,1.1219371076115248
2022-01-26,-0.012681252007930225,Equity,MinVar + sentiment,1.1077095404128547
2022-01-27,0.000914305625650144,Equity,MinVar + sentiment,1.1087223254772407
2022-01-28,0.007131745960435889,Equity,MinVar + sentiment,1.116629451443208
2022-01-31,0.007212973347336929,Equity,MinVar + sentiment,1.1246836699153193
2022-02-01,0.00037387247051288747,Equity,MinVar + sentiment,1.125104158177536
2022-02-02,0.009266946317814988,Equity,MinVar + sentiment,1.1355304380133178
2022-02-03,-0.004342550674982711,Equity,MinVar + sentiment,1.1305993395432596
2022-02-04,-0.008160618930831169,Equity,MinVar + sentiment,1.1213729491697977
2022-02-07,-0.00071466508408432,Equity,MinVar + sentiment,1.1205715430767893
2022-02-08,-0.001017909599493324,Equity,MinVar + sentiment,1.1194309025461724
2022-02-09,0.002416983240832865,Equity,MinVar + sentiment,1.122136548276897
2022-02-10,-0.01443307972331534,Equity,MinVar + sentiment,1.1059406620151706
2022-02-11,-0.002448263264323483,Equity,MinVar + sentiment,1.1032330281198373
2022-02-14,-0.005839297019870853,Equity,MinVar + sentiment,1.096790922786514
2022-02-15,0.003049103027100807,Equity,MinVar + sentiment,1.100135151309279
2022-02-16,-0.001395576316657379,Equity,MinVar + sentiment,1.0985998287469894
2022-02-17,0.0011574995168731513,Equity,MinVar + sentiment,1.0998714575180009
2022-02-18,-0.005637015377563641,Equity,MinVar + sentiment,1.0936714651986286
2022-02-22,-0.0054557993735773955,Equity,MinVar + sentiment,1.0877046131038983
2022-02-23,0.0025336209070894924,Equity,MinVar + sentiment,1.090460444252396
2022-02-24,-0.006501804006764973,Equity,MinVar + sentiment,1.083370484166737
2022-02-25,0.02242653015883138,Equity,MinVar + sentiment,1.10766672500309
2022-02-28,-0.010489270968763603,Equity,MinVar + sentiment,1.0960481085814497
2022-03-01,-0.0022738715169163884,Equity,MinVar + sentiment,1.0935558360061763
2022-03-02,0.010386375770834125,Equity,MinVar + sentiment,1.1049139178453253
2022-03-03,0.00819936567518558,Equity,MinVar + sentiment,1.113973511097341
2022-03-04,0.006866973897300595,Equity,MinVar + sentiment,1.1216231381203308
2022-03-07,-0.010160231230995201,Equity,MinVar + sentiment,1.1102271876829937
2022-03-08,-0.015543897795316732,Equity,MinVar + sentiment,1.0929699297480673
2022-03-09,0.00712880049295085,Equity,MinVar + sentiment,1.1007614943220358
2022-03-10,1.6081542018337586e-05,Equity,MinVar + sentiment,1.1007791962642588
2022-03-11,-0.00582314503081768,Equity,MinVar + sentiment,1.094369199357505
2022-03-14,0.0015014831793272966,Equity,MinVar + sentiment,1.0960123763023142
2022-03-15,0.010596957693866654,Equity,MinVar + sentiment,1.1076267730859441
2022-03-16,0.004047269042465957,Equity,MinVar + sentiment,1.1121096366352614
2022-03-17,0.012352857687854206,Equity,MinVar + sentiment,1.125847368709908
2022-03-18,0.004296611015665327,Equity,MinVar + sentiment,1.1306846969162647
2022-03-21,0.0003861881178911351,Equity,MinVar + sentiment,1.131121353911295
2022-03-22,0.004115886550292399,Equity,MinVar + sentiment,1.135776921078607
2022-03-23,-0.010961340033127903,Equity,MinVar + sentiment,1.1233272840448854
2022-03-24,0.007394282841819015,Equity,MinVar + sentiment,1.1316334837070456
2022-03-25,0.0068486209175885986,Equity,MinVar + sentiment,1.1393836124546055
2022-03-28,0.007628615033291052,Equity,MinVar + sentiment,1.1480755314092623
2022-03-29,0.012281110746514178,Equity,MinVar + sentiment,1.1621751741558626
2022-03-30,0.002747455442330959,Equity,MinVar + sentiment,1.165368198663039
2022-03-31,-0.009091703871242945,Equity,MinVar + sentiment,1.1547730160998309
2022-04-01,0.010564101884010798,Equity,MinVar + sentiment,1.1669721558948158
2022-04-04,0.0005391166115511256,Equity,MinVar + sentiment,1.1676012899692765
2022-04-05,-0.005188958632497479,Equity,MinVar + sentiment,1.1615426551763752
2022-04-06,0.013461935166349786,Equity,MinVar + sentiment,1.1771792670933094
2022-04-07,0.008297882736133792,Equity,MinVar + sentiment,1.1869473626110576
2022-04-08,0.007365796902397953,Equity,MinVar + sentiment,1.1956901758178875
2022-04-11,-0.012846668801551801,Equity,MinVar + sentiment,1.180329540139886
2022-04-12,-0.0028977145736171863,Equity,MinVar + sentiment,1.1769092820297518
2022-04-13,0.0029927601548537697,Equity,MinVar + sentiment,1.180431489234888
2022-04-14,0.002937413479611117,Equity,MinVar + sentiment,1.183898904603124
2022-04-18,-0.005927113013365806,Equity,MinVar + sentiment,1.1768818019991414
2022-04-19,0.004180638356072637,Equity,MinVar + sentiment,1.181801919201143
2022-04-20,0.005123334787902618,Equity,MinVar + sentiment,1.1878566860861965
2022-04-21,-0.008594441763336898,Equity,MinVar + sentiment,1.1776477209744383
2022-04-22,-0.016952463508396114,Equity,MinVar + sentiment,1.1576836909588732
2022-04-25,-0.0014096006875279896,Equity,MinVar + sentiment,1.1560518192321578
2022-04-26,-0.014974814100656991,Equity,MinVar + sentiment,1.13874015814843
2022-04-27,-0.0031225911423774116,Equity,MinVar + sentiment,1.1351843382171263
2022-04-28,0.013329286648756733,Equity,MinVar + sentiment,1.1503155356604016
2022-04-29,-0.030948860981755727,Equity,MinVar + sentiment,1.114714580062094
2022-05-02,-0.0002550409215823996,Equity,MinVar + sentiment,1.1144302822282937
2022-05-03,0.0031331466711878517,Equity,MinVar + sentiment,1.1179219557573283
2022-05-04,0.019272211174550857,Equity,MinVar + sentiment,1.1394667837653505
2022-05-05,-0.013347426569545193,Equity,MinVar + sentiment,1.1242578345406067
2022-05-06,-0.007329112218628543,Equity,MinVar + sentiment,1.1160180227085863
2022-05-09,-0.012643813554122856,Equity,MinVar + sentiment,1.101907298906418
2022-05-10,-0.006140669848298671,Equity,MinVar + sentiment,1.0951408499804032
2022-05-11,-0.0008616748095958456,Equity,MinVar + sentiment,1.0941971946970157
2022-05-12,0.004284361746877199,Equity,MinVar + sentiment,1.098885131301516
2022-05-13,0.0034440111895731977,Equity,MinVar + sentiment,1.1026697039897742
2022-05-16,0.006275874074958564,Equity,MinVar + sentiment,1.109589920198286
2022-05-17,-0.014235510105042287,Equity,MinVar + sentiment,1.09379434167685
2022-05-18,-0.025699721864386897,Equity,MinVar + sentiment,1.065684131318915
2022-05-19,-0.001282104509664643,Equity,MinVar + sentiment,1.0643178128882729
2022-05-20,0.003808530087371439,Equity,MinVar + sentiment,1.0683712993011831
2022-05-23,0.008275397368373554,Equity,MinVar + sentiment,1.077212496339866
2022-05-24,0.012501720483553747,Equity,MinVar + sentiment,1.0906795058704981
2022-05-25,0.003608489389679172,Equity,MinVar + sentiment,1.0946152112949725
2022-05-26,0.0002483320656248652,Equity,MinVar + sentiment,1.0948870393514578
2022-05-27,0.008763990896542513,Equity,MinVar + sentiment,1.1044826193970763
2022-05-31,-0.006740812073581298,Equity,MinVar + sentiment,1.0970375096211837
2022-06-01,-0.008393840058366398,Equity,MinVar + sentiment,1.0878291522273948
2022-06-02,0.003973338223953092,Equity,MinVar + sentiment,1.0921514653790705
2022-06-03,-0.006197847551857965,Equity,MinVar + sentiment,1.0853824770931129
2022-06-06,-0.007216336316257798,Equity,MinVar + sentiment,1.077549992106636
2022-06-07,0.007925368535788221,Equity,MinVar + sentiment,1.0860899729098168
2022-06-08,-0.010178510423011962,Equity,MinVar + sentiment,1.0750351948002255
2022-06-09,-0.01992307345779091,Equity,MinVar + sentiment,1.0536171896445101
2022-06-10,-0.008233552724166253,Equity,MinVar + sentiment,1.0449421769624843
2022-06-13,-0.025199979416377426,Equity,MinVar + sentiment,1.018609655611725
2022-06-14,-0.007796358059355275,Equity,MinVar + sentiment,1.0106682100138593
2022-06-15,0.005223734096485945,Equity,MinVar + sentiment,1.0159476720027432
2022-06-16,-0.0009411120894585235,Equity,MinVar + sentiment,1.014991551366364
2022-06-17,-0.004199524015921339,Equity,MinVar + sentiment,1.0107290699704436
2022-06-21,0.027191214168405205,Equity,MinVar + sentiment,1.038212020578243
2022-06-22,0.00791382798110199,Equity,MinVar + sentiment,1.0464282519170116
2022-06-23,0.011979776658293776,Equity,MinVar + sentiment,1.0589642286639063
2022-06-24,0.014790230675776814,Equity,MinVar + sentiment,1.0746265538832416
2022-06-27,-0.0019661824159419835,Equity,MinVar + sentiment,1.072513642049292
2022-06-28,-0.013245342592757418,Equity,MinVar + sentiment,1.058307831424943
2022-06-29,0.001420863466858538,Equity,MinVar + sentiment,1.0598115423593049
2022-06-30,-0.009085750094721911,Equity,MinVar + sentiment,1.0501823595379265
2022-07-01,0.010218606820787856,Equity,MinVar + sentiment,1.060913760160172
2022-07-05,0.0006870231279976223,Equity,MinVar + sentiment,1.0616426324502128
2022-07-06,0.001620972705504277,Equity,MinVar + sentiment,1.0633635261804144
2022-07-07,0.0015237474346700558,Equity,MinVar + sentiment,1.0649838236255535
2022-07-08,-0.001921637616655016,Equity,MinVar + sentiment,1.0629373106489457
2022-07-11,-0.001914427165889958,Equity,MinVar + sentiment,1.0609023945858014
2022-07-12,-0.006369924771254421,Equity,MinVar + sentiment,1.054144526142646
2022-07-13,-0.0016164629563710374,Equity,MinVar + sentiment,1.052440540565475
2022-07-14,-0.003508525393994079,Equity,MinVar + sentiment,1.0487480262032323
2022-07-15,0.01121621021785807,Equity,MinVar + sentiment,1.0605110045306916
2022-07-18,-0.011550554818691702,Equity,MinVar + sentiment,1.048261514037034
2022-07-19,0.012162030290401554,Equity,MinVar + sentiment,1.0610105023230145
2022-07-20,-0.006302710713389358,Equity,MinVar + sentiment,1.0543232600630046
2022-07-21,0.00575189949375712,Equity,MinVar + sentiment,1.0603876214888173
2022-07-22,-0.0019076154237588267,Equity,MinVar + sentiment,1.0583648097069023
2022-07-25,-0.011735841598729813,Equity,MinVar + sentiment,1.045944007946512
2022-07-26,-0.004998005286535048,Equity,MinVar + sentiment,1.0407163742653758
2022-07-27,0.006467621358149654,Equity,MinVar + sentiment,1.0474473337153505
2022-07-28,0.0075461536874377125,Equity,MinVar + sentiment,1.0553515322750633
2022-07-29,-0.00040016079245709234,Equity,MinVar + sentiment,1.0549292219695874
2022-08-01,-0.00679004199412019,Equity,MinVar + sentiment,1.0477662082515895
2022-08-02,-0.0049781548678887125,Equity,MinVar + sentiment,1.0425502658015726
2022-08-03,0.012197304697850141,Equity,MinVar + sentiment,1.055266569056379
2022-08-04,-0.007710602338415999,Equity,MinVar + sentiment,1.0471298281813606
2022-08-05,-0.0029947260464550504,Equity,MinVar + sentiment,1.043993961210886
2022-08-08,0.006191538644373365,Equity,MinVar + sentiment,1.0504578901662156
2022-08-09,0.002837906740424328,Equity,MinVar + sentiment,1.0534389916932503
2022-08-10,0.009071361804507957,Equity,MinVar + sentiment,1.0629951179258759
2022-08-11,-0.0019235516911913068,Equity,MinVar + sentiment,1.0609503918690615
2022-08-12,0.014647607736893149,Equity,MinVar + sentiment,1.0764907770374625
2022-08-15,0.00997371255915085,Equity,MinVar + sentiment,1.0872273866202111
2022-08-16,0.01428227483823207,Equity,MinVar + sentiment,1.1027554669675739
2022-08-17,-0.00671887321395569,Equity,MinVar + sentiment,1.0953461927990222
2022-08-18,-0.004700023391077218,Equity,MinVar + sentiment,1.0901980400715394
2022-08-19,-0.004942464445269516,Equity,MinVar + sentiment,1.0848097750201833
2022-08-22,-0.014131013988926189,Equity,MinVar + sentiment,1.0694803129140493
2022-08-23,-0.006465441457351775,Equity,MinVar + sentiment,1.0625656505611134
2022-08-24,-0.001263119102788581,Equity,MinVar + sentiment,1.0612235035899227
2022-08-25,0.008147667285271793,Equity,MinVar + sentiment,1.0698699996124839
2022-08-26,-0.021026321711388615,Equity,MinVar + sentiment,1.0473745688112686
2022-08-29,-0.007055298238841092,Equity,MinVar + sentiment,1.0399850288605275
2022-08-30,-0.007522863614498102,Equity,MinVar + sentiment,1.03216136332729
2022-08-31,-0.0023537231386752512,Equity,MinVar + sentiment,1.02973194124358
2022-09-01,0.011801430019196063,Equity,MinVar + sentiment,1.0418842506866968
2022-09-02,-0.014573771088681395,Equity,MinVar + sentiment,1.0267000681162866
2022-09-06,-0.005231267149533045,Equity,MinVar + sentiment,1.0213291257775265
2022-09-07,0.018285038732477634,Equity,MinVar + sentiment,1.040004168400976
2022-09-08,0.0021224370958910065,Equity,MinVar + sentiment,1.0422115118278714
2022-09-09,0.012287331436792977,Equity,MinVar + sentiment,1.0550175101009416
2022-09-12,0.011971112291266489,Equity,MinVar + sentiment,1.0676472431836124
2022-09-13,-0.02655274468241025,Equity,MinVar + sentiment,1.0392982785244789
2022-09-14,-0.0023236640023382507,Equity,MinVar + sentiment,1.0368832985269794
2022-09-15,-0.010851928332126733,Equity,MinVar + sentiment,1.0256311152825854
2022-09-16,-0.0021919026574983725,Equity,MinVar + sentiment,1.0233830317153845
2022-09-19,0.004217127870620182,Equity,MinVar + sentiment,1.0276987688207513
2022-09-20,-0.012700365297734875,Equity,MinVar + sentiment,1.0146466190406953
2022-09-21,-0.010821409331631653,Equity,MinVar + sentiment,1.0036667126491
2022-09-22,-0.0022431997482206187,Equity,MinVar + sentiment,1.001415287731988
2022-09-23,-0.01677704068279776,Equity,MinVar + sentiment,0.9846145027093328
2022-09-26,-0.005038851031209764,Equity,MinVar + sentiment,0.9796531769070118
2022-09-27,-0.0032424155966100086,Equity,MinVar + sentiment,0.97647673416694
2022-09-28,0.020834099862668043,Equity,MinVar + sentiment,0.9968207479601461
2022-09-29,-0.013264920592156972,Equity,MinVar + sentiment,0.9835979998938402
2022-09-30,-0.015265847186731981,Equity,MinVar + sentiment,0.9685825431342857
2022-10-03,0.022397383955470945,Equity,MinVar + sentiment,0.9902762582454309
2022-10-04,0.020370354640495757,Equity,MinVar + sentiment,1.0104485368179537
2022-10-05,-0.00488189808480133,Equity,MinVar + sentiment,1.0055156300412718
2022-10-06,-0.009084024380172357,Equity,MinVar + sentiment,0.9963815015433325
2022-10-07,-0.019716668703262528,Equity,MinVar + sentiment,0.9767361775753434
2022-10-10,0.0035655939140732083,Equity,MinVar + sentiment,0.9802188221457612
2022-10-11,0.008380081524881745,Equity,MinVar + sentiment,0.9884331357875662
2022-10-12,-0.004825299440037357,Equity,MinVar + sentiment,0.983663649930936
2022-10-13,0.017430552698421947,Equity,MinVar + sentiment,1.0008094510185792
2022-10-14,-0.01088668777736357,Equity,MinVar + sentiment,0.9899139510007053
2022-10-17,0.011662097795425798,Equity,MinVar + sentiment,1.001458424306332
2022-10-18,0.013941644389946242,Equity,MinVar + sentiment,1.0154204015293269
2022-10-19,-0.010865459024750605,Equity,MinVar + sentiment,1.0043873927636142
2022-10-20,0.0011562354581829855,Equity,MinVar + sentiment,1.0055487010808795
2022-10-21,0.0213948228637568,Equity,MinVar + sentiment,1.0270622374213856
2022-10-24,0.012138032144740381,Equity,MinVar + sentiment,1.0395287518738554
2022-10-25,0.00919572070328253,Equity,MinVar + sentiment,1.0490879679391192
2022-10-26,0.011439879636612513,Equity,MinVar + sentiment,1.061089408020561
2022-10-27,-0.0013917383334882808,Equity,MinVar + sentiment,1.0596126492161604
2022-10-28,0.022530606535874128,Equity,MinVar + sentiment,1.0834863648960849
2022-10-31,-0.007928743785729483,Equity,MinVar + sentiment,1.0748956791134925
2022-11-01,-0.0033361055125218676,Equity,MinVar + sentiment,1.071309713713016
2022-11-02,-0.016658513173534485,Equity,MinVar + sentiment,1.0534632867341924
2022-11-03,-0.006611864900220555,Equity,MinVar + sentiment,1.0464979298049637
2022-11-04,0.012927838593482649,Equity,MinVar + sentiment,1.0600268861298958
2022-11-07,0.009282784357499092,Equity,MinVar + sentiment,1.069866887126991
2022-11-08,0.0018412700532717484,Equity,MinVar + sentiment,1.071836800987245
2022-11-09,-0.011563133371934067,Equity,MinVar + sentiment,1.0594430091044824
2022-11-10,0.02994679244630232,Equity,MinVar + sentiment,1.0911699290068204
2022-11-11,0.0010602558853352127,Equity,MinVar + sentiment,1.0923268483459507
2022-11-14,-0.0069739111253762365,Equity,MinVar + sentiment,1.0847090579857237
2022-11-15,0.010518172672815828,Equity,MinVar + sentiment,1.096118215157385
2022-11-16,-0.0014544200439057422,Equity,MinVar + sentiment,1.09452399885477
2022-11-17,-0.0002164205031685803,Equity,MinVar + sentiment,1.0942871214202077
2022-11-18,0.010061499974928168,Equity,MinVar + sentiment,1.1052972912649415
2022-11-21,0.0046280732041870335,Equity,MinVar + sentiment,1.1104126880413052
2022-11-22,0.011118576603080903,Equity,MinVar + sentiment,1.1227588965743254
2022-11-23,0.0026932069196817406,Equity,MinVar + sentiment,1.1257827186037135
2022-11-25,0.0014707086288200484,Equity,MinVar + sentiment,1.1274384169621405
2022-11-28,-0.011107929060561048,Equity,MinVar + sentiment,1.1149149110063739
2022-11-29,0.004094941386475681,Equity,MinVar + sentiment,1.1194804222178527
2022-11-30,0.016446789276777573,Equity,MinVar + sentiment,1.137892280821548
2022-12-01,0.0038565566243436334,Equity,MinVar + sentiment,1.1422806268349397
2022-12-02,0.005892341790233913,Equity,MinVar + sentiment,1.1490113347086137
2022-12-05,-0.011010666768345393,Equity,MinVar + sentiment,1.1363599537890854
2022-12-06,-0.009584689583404322,Equity,MinVar + sentiment,1.1254682963770053
2022-12-07,0.0019526913285229787,Equity,MinVar + sentiment,1.1276659885598683
2022-12-08,0.004969548052992207,Equity,MinVar + sentiment,1.1332699788777414
2022-12-09,-0.014462228732394548,Equity,MinVar + sentiment,1.1168803692276557
2022-12-12,0.010101220059935927,Equity,MinVar + sentiment,1.1281622236178468
2022-12-13,0.003559093642309796,Equity,MinVar + sentiment,1.1321774586154192
2022-12-14,-0.00109194491332029,Equity,MinVar + sentiment,1.1309411831985081
2022-12-15,-0.017876235237428772,Equity,MinVar + sentiment,1.1107242125679555
2022-12-16,-0.00763952449579113,Equity,MinVar + sentiment,1.1022388077379743
2022-12-19,-0.0020926450772921017,Equity,MinVar + sentiment,1.0999322131229612
2022-12-20,4.7577438952630844e-05,Equity,MinVar + sentiment,1.099984545080683
2022-12-21,0.011010050640624422,Equity,MinVar + sentiment,1.1120954306259256
2022-12-22,-0.004645703735833576,Equity,MinVar + sentiment,1.1069289647292633
2022-12-23,0.001027065502116618,Equity,MinVar + sentiment,1.1080658532822303
2022-12-27,0.0015537798201260323,Equity,MinVar + sentiment,1.1097875436444309
2022-12-28,-0.011739948652100958,Equity,MinVar + sentiment,1.096758694867304
2022-12-29,0.008149208131867992,Equity,MinVar + sentiment,1.1056964097422135
2022-12-30,-0.0005694734942910301,Equity,MinVar + sentiment,1.1050667449441325
2023-01-03,0.005872481559676639,Equity,MinVar + sentiment,1.1115562290260288
2023-01-04,0.010283716743904712,Equity,MinVar + sentiment,1.1229871584302553
2023-01-05,-0.0028417803476078847,Equity,MinVar + sentiment,1.1197958755928121
2023-01-06,0.01768865967301782,Equity,MinVar + sentiment,1.1396035637394224
2023-01-09,-0.016006022227870776,Equity,MinVar + sentiment,1.1213630437672486
2023-01-10,0.003085494092295896,Equity,MinVar + sentiment,1.1248230028141115
2023-01-11,0.003546651017727504,Equity,MinVar + sentiment,1.1288123574618056
2023-01-12,-0.005572124346839012,Equity,MinVar + sentiment,1.1225224746417801
2023-01-13,0.003235551207873696,Equity,MinVar + sentiment,1.1261544535904726
2023-01-17,-0.010451550545160317,Equity,MinVar + sentiment,1.1143843933971143
2023-01-18,-0.019980127678338715,Equity,MinVar + sentiment,1.0921188509342918
2023-01-19,-0.00492159707690872,Equity,MinVar + sentiment,1.0867438819898967
2023-01-20,0.009478631319677456,Equity,MinVar + sentiment,1.097044726586194
2023-01-23,0.007298789247605604,Equity,MinVar + sentiment,1.1050518248407437
2023-01-24,-0.005316175589121869,Equity,MinVar + sentiment,1.0991771753048107
2023-01-25,0.0004937196081127445,Equity,MinVar + sentiment,1.0997198606290486
2023-01-26,-0.001628403292770408,Equity,MinVar + sentiment,1.0979290731868754
2023-01-27,0.0001344324570290707,Equity,MinVar + sentiment,1.0980766704898277
2023-01-30,-0.00476241355211936,Equity,MinVar + sentiment,1.0928471752730209
2023-01-31,0.010746121382836177,Equity,MinVar + sentiment,1.1045910436713944
2023-02-01,-0.00687472413130846,Equity,MinVar + sentiment,1.0969972849682395
2023-02-02,-0.008850579603593079,Equity,MinVar + sentiment,1.0872882231727026
2023-02-03,-0.007853659467721886,Equity,MinVar + sentiment,1.0787490317246398
2023-02-06,-0.0028259860789851396,Equity,MinVar + sentiment,1.0757005019782673
2023-02-07,0.00581892614072891,Equity,MinVar + sentiment,1.0819599237488238
2023-02-08,-0.00534287903764292,Equity,MinVar + sentiment,1.0761791427526564
2023-02-09,0.0011259666193993135,Equity,MinVar + sentiment,1.0773908845438895
2023-02-10,0.011743623836422506,Equity,MinVar + sentiment,1.0900433578167636
2023-02-13,0.011514179960287047,Equity,MinVar + sentiment,1.1025943132031815
2023-02-14,-0.009449338465175844,Equity,MinVar + sentiment,1.0921755263479465
2023-02-15,-0.0002703944675665419,Equity,MinVar + sentiment,1.0918802081280103
2023-02-16,-0.01278627643020774,Equity,MinVar + sentiment,1.0779191259582128
2023-02-17,0.012341940528020276,Equity,MinVar + sentiment,1.0912227397048047
2023-02-21,-0.0033551573374807873,Equity,MinVar + sentiment,1.0875615157228582
2023-02-22,-0.00948228447062911,Equity,MinVar + sentiment,1.0772489480514655
2023-02-23,-0.0018780872005224112,Equity,MinVar + sentiment,1.0752257805903538
2023-02-24,-0.005707403119954745,Equity,MinVar + sentiment,1.0690890336155565
2023-02-27,0.001185394865844784,Equity,MinVar + sentiment,1.0703563262671352
2023-02-28,-0.0039553924933688625,Equity,MinVar + sentiment,1.0661226468889884
2023-03-01,-0.0021118900151609957,Equity,MinVar + sentiment,1.0638711131160865
2023-03-02,0.006223297317535628,Equity,MinVar + sentiment,1.0704918993605455
2023-03-03,0.007423042015367419,Equity,MinVar + sentiment,1.078438205706609
2023-03-06,0.0025139773207877693,Equity,MinVar + sentiment,1.0811493748976266
2023-03-07,-0.012043212535545723,Equity,MinVar + sentiment,1.068128863193062
2023-03-08,-0.006858753152344271,Equity,MinVar + sentiment,1.0608028309855269
2023-03-09,-0.012481190355589346,Equity,MinVar + sentiment,1.0475627489222483
2023-03-10,-0.005064042970297715,Equity,MinVar + sentiment,1.0422578461476228
2023-03-13,0.00852465144965892,Equity,MinVar + sentiment,1.0511427310067034
2023-03-14,0.007184303915958646,Equity,MinVar + sentiment,1.0586944598453063
2023-03-15,0.0051930557347464445,Equity,MinVar + sentiment,1.0641923191813503
2023-03-16,0.005731254877818101,Equity,MinVar + sentiment,1.070291476601595
2023-03-17,-0.002845067998132532,Equity,MinVar + sentiment,1.0672464245728417
2023-03-20,0.010027263265421846,Equity,MinVar + sentiment,1.0779479854411138
2023-03-21,-0.0024699052280073627,Equity,MinVar + sentiment,1.0752855560763528
2023-03-22,-0.014397513835590778,Equity,MinVar + sentiment,1.0598041174055326
2023-03-23,0.007818346989717501,Equity,MinVar + sentiment,1.0680900337365404
2023-03-24,0.012346182263241271,Equity,MinVar + sentiment,1.0812768679666034
2023-03-27,0.0045797924419070865,Equity,MinVar + sentiment,1.0862288915941258
2023-03-28,-0.0012768890801629648,Equity,MinVar + sentiment,1.0848418977838918
2023-03-29,0.0062640853344808805,Equity,MinVar + sentiment,1.0916374400060302
2023-03-30,0.004548255428651556,Equity,MinVar + sentiment,1.096602485918657
2023-03-31,0.012718023632915125,Equity,MinVar + sentiment,1.1105491022504839
2023-04-03,0.007613264181206173,Equity,MinVar + sentiment,1.119004005952118
2023-04-04,0.003401334656837227,Equity,MinVar + sentiment,1.1228101130587025
2023-04-05,0.01090951369376719,Equity,MinVar + sentiment,1.1350594253626167
2023-04-06,-0.0001903330495098153,Equity,MinVar + sentiment,1.1348433860408127
2023-04-10,0.00028997717433283383,Equity,MinVar + sentiment,1.135172464719207
2023-04-11,6.333063241620357e-05,Equity,MinVar + sentiment,1.135244355909299
2023-04-12,0.0005141376575764605,Equity,MinVar + sentiment,1.1358280277832231
2023-04-13,0.010314362770293463,Equity,MinVar + sentiment,1.1475433701064464
2023-04-14,-0.006468627839555846,Equity,MinVar + sentiment,1.1401203391154782
2023-04-17,0.0029235155122181783,Equity,MinVar + sentiment,1.1434534986126779
2023-04-18,0.0002490460350756356,Equity,MinVar + sentiment,1.1437382711728008
2023-04-19,-0.0015269951618097877,Equity,MinVar + sentiment,1.1419917883663433
2023-04-20,-0.001233253084425936,Equity,MinVar + sentiment,1.1405834234709515
2023-04-21,0.005853096698885686,Equity,MinVar + sentiment,1.147259368541673
2023-04-24,0.004001582878728093,Equity,MinVar + sentiment,1.1518502219882898
2023-04-25,-0.003363760329511041,Equity,MinVar + sentiment,1.1479756739060272
2023-04-26,-0.019385509483526298,Equity,MinVar + sentiment,1.1257215805926644
2023-04-27,0.0013184116626706079,Equity,MinVar + sentiment,1.1272057450534376
2023-04-28,0.002024949084959699,Equity,MinVar + sentiment,1.129488279295445
2023-05-01,0.001069145709074265,Equity,MinVar + sentiment,1.1306958668427036
2023-05-02,-0.0062140102976340076,Equity,MinVar + sentiment,1.1236697110826508
2023-05-03,-0.007220223786362143,Equity,MinVar + sentiment,1.1155565643066772
2023-05-04,0.0006424468583649183,Equity,MinVar + sentiment,1.1162732501167445
2023-05-05,0.008721750961309144,Equity,MinVar + sentiment,1.126009107409034
2023-05-08,-0.00032479174525053473,Equity,MinVar + sentiment,1.1256433889458706
2023-05-09,-0.002636609031021864,Equity,MinVar + sentiment,1.1226755074208659
2023-05-10,-0.001978128031416289,Equity,MinVar + sentiment,1.120454711529452
2023-05-11,-0.0025259215977745633,Equity,MinVar + sentiment,1.1176245307742716
2023-05-12,-8.93241743538385e-05,Equity,MinVar + sentiment,1.1175246998858226
2023-05-15,-0.002024960536323509,Equity,MinVar + sentiment,1.115261756470187
2023-05-16,-0.013283628135697834,Equity,MinVar + sentiment,1.100447034023272
2023-05-17,-0.0006455129207421492,Equity,MinVar + sentiment,1.0997366812442175
2023-05-18,0.002987869864861631,Equity,MinVar + sentiment,1.10302255133339
2023-05-19,0.000518932509223392,Equity,MinVar + sentiment,1.1035949455936835
2023-05-22,-0.004597020911163229,Equity,MinVar + sentiment,1.0985216965513354
2023-05-23,-0.005197560964425542,Equity,MinVar + sentiment,1.0928120630627656
2023-05-24,-0.00633253343246481,Equity,MinVar + sentiment,1.0858917941380197
2023-05-25,-0.01024247756166703,Equity,MinVar + sentiment,1.0747695718021626
2023-05-26,0.0009738714439379974,Equity,MinVar + sentiment,1.0758162591969542
2023-05-30,-0.005338616952216771,Equity,MinVar + sentiment,1.070072888278135
2023-05-31,0.0029206236285576927,Equity,MinVar + sentiment,1.073198168439919
2023-06-01,0.003277024131815795,Equity,MinVar + sentiment,1.0767150647361172
2023-06-02,0.01749964866393065,Equity,MinVar + sentiment,1.0955572000801608
2023-06-05,-0.005113970677149839,Equity,MinVar + sentiment,1.0899545526838106
2023-06-06,-0.007584645816815085,Equity,MinVar + sentiment,1.0816876334452787
2023-06-07,0.0048665104106383975,Equity,MinVar + sentiment,1.0869516775744992
2023-06-08,0.009138036717946737,Equity,MinVar + sentiment,1.0968842819148088
2023-06-09,-0.002013334361066458,Equity,MinVar + sentiment,1.094675887099916
2023-06-12,0.00252037290089543,Equity,MinVar + sentiment,1.0974348785410262
2023-06-13,0.006499287919345655,Equity,MinVar + sentiment,1.1045674237893965
2023-06-14,-0.0005582977858979432,Equity,MinVar + sentiment,1.10395074624232
2023-06-15,0.009475707313698975,Equity,MinVar + sentiment,1.1144114604024518
2023-06-16,0.002973813528914684,Equity,MinVar + sentiment,1.1177255122801744
2023-06-20,-0.009143602858171746,Equity,MinVar + sentiment,1.1075054740914378
2023-06-21,-0.0014680006732500778,Equity,MinVar + sentiment,1.1058796553098436
2023-06-22,0.002989276557693787,Equity,MinVar + sentiment,1.1091854354390918
2023-06-23,-0.003910037267022668,Equity,MinVar + sentiment,1.1048484790504862
2023-06-26,0.0016390010722656082,Equity,MinVar + sentiment,1.106659326892341
2023-06-27,-0.0029044812245862315,Equity,MinVar + sentiment,1.103445055655369
2023-06-28,-0.004077460587524193,Equity,MinVar + sentiment,1.0989458019304357
2023-06-29,0.0017371185343644697,Equity,MinVar + sentiment,1.100854801051231
2023-06-30,0.01244755060254335,Equity,MinVar + sentiment,1.114557746893369
2023-07-03,0.0031238280932343533,Equity,MinVar + sentiment,1.1180394336946464
2023-07-05,-0.0007635393125570056,Equity,MinVar + sentiment,1.1171857666340317
2023-07-06,-0.008483878640517467,Equity,MinVar + sentiment,1.107707698170995
2023-07-07,-0.01479268314608987,Equity,MinVar + sentiment,1.091321729173467
2023-07-10,0.004975460377691538,Equity,MinVar + sentiment,1.0967515571962834
2023-07-11,0.01118591377915042,Equity,MinVar + sentiment,1.1090197255522298
2023-07-12,-0.0012184045810850097,Equity,MinVar + sentiment,1.1076684908381034
2023-07-13,0.0009697095666608307,Equity,MinVar + sentiment,1.1087426075703577
2023-07-14,0.005496774787711817,Equity,MinVar + sentiment,1.114837115981712
2023-07-17,-0.0039250771622406895,Equity,MinVar + sentiment,1.110461294278154
2023-07-18,0.0031815701705887227,Equity,MinVar + sentiment,1.1139943048076226
2023-07-19,0.004198510306635044,Equity,MinVar + sentiment,1.1186714213778903
2023-07-20,0.012924114567158215,Equity,MinVar + sentiment,1.1331292589907838
2023-07-21,0.00670618116223514,Equity,MinVar + sentiment,1.1407282290818053
2023-07-24,-0.0041069220284095315,Equity,MinVar + sentiment,1.1360433471893605
2023-07-25,0.00033063592950484735,Equity,MinVar + sentiment,1.1364189639374163
2023-07-26,0.0032512123269806013,Equity,MinVar + sentiment,1.140113703281584
2023-07-27,-0.0025349651106641954,Equity,MinVar + sentiment,1.137223554821575
2023-07-28,0.0047721003236478165,Equity,MinVar + sentiment,1.142650499715599
2023-07-31,-0.003679135641740634,Equity,MinVar + sentiment,1.1384465335360427
2023-08-01,-0.00964910720776778,Equity,MinVar + sentiment,1.127461540883642
2023-08-02,-0.009763895214100217,Equity,MinVar + sentiment,1.116453124540526
2023-08-03,-0.003868028331890461,Equity,MinVar + sentiment,1.1121346522235755
2023-08-04,-0.0020175090825776338,Equity,MinVar + sentiment,1.1098909104616652
2023-08-07,0.009853918418210452,Equity,MinVar + sentiment,1.1208276849464678
2023-08-08,-0.004976862726257721,Equity,MinVar + sentiment,1.1152494794187
2023-08-09,0.001257875864121476,Equity,MinVar + sentiment,1.116652324821335
2023-08-10,-0.0009671486019469014,Equity,MinVar + sentiment,1.1155723560865232
2023-08-11,0.006436728928087683,Equity,MinVar + sentiment,1.1227529929423203
2023-08-14,-0.003264868556310049,Equity,MinVar + sentiment,1.11908735199916
2023-08-15,-0.008826627810102275,Equity,MinVar + sentiment,1.1092095844560705
2023-08-16,-0.004079622221821341,Equity,MinVar + sentiment,1.1046844283866664
2023-08-17,-0.008269381053315941,Equity,MinVar + sentiment,1.0955493719046725
2023-08-18,0.0010481282104336613,Equity,MinVar + sentiment,1.0966976481072888
2023-08-21,-0.0005430930457552768,Equity,MinVar + sentiment,1.0961020392413054
2023-08-22,-0.0031670100867058266,Equity,MinVar + sentiment,1.0926306730269695
2023-08-23,0.011179075855733314,Equity,MinVar + sentiment,1.1048452742030388
2023-08-24,-0.00837272660290048,Equity,MinVar + sentiment,1.0955947067836302
2023-08-25,0.0014611578224474763,Equity,MinVar + sentiment,1.0971955435596792
2023-08-28,0.006428162927428706,Equity,MinVar + sentiment,1.1042484952769296
2023-08-29,0.008741548751497828,Equity,MinVar + sentiment,1.1139013373321611
2023-08-30,0.0017650895696098624,Equity,MinVar + sentiment,1.1158674729642608
2023-08-31,-0.004372360887662402,Equity,MinVar + sentiment,1.1109884976696573
2023-09-01,0.00039896594228394124,Equity,MinVar + sentiment,1.1114317442424966
2023-09-05,-0.011932180880093964,Equity,MinVar + sentiment,1.0981699396343167
2023-09-06,-0.003282844662907608,Equity,MinVar + sentiment,1.0945648183090226
2023-09-07,0.007038930474356506,Equity,MinVar + sentiment,1.1022693839647766
2023-09-08,0.00643789612057643,Equity,MinVar + sentiment,1.1093656797556335
2023-09-11,0.005662197249344676,Equity,MinVar + sentiment,1.1156471270560633
2023-09-12,-0.002617197795144773,Equity,MinVar + sentiment,1.1127272578549725
2023-09-13,-0.0003895531236663356,Equity,MinVar + sentiment,1.1122937914758866
2023-09-14,0.01057649976184379,Equity,MinVar + sentiment,1.1240579664965316
2023-09-15,-0.007271909389514606,Equity,MinVar + sentiment,1.1158839188156067
2023-09-18,-0.00036567957407550875,Equity,MinVar + sentiment,1.1154758628594565
2023-09-19,-0.0008756363910664676,Equity,MinVar + sentiment,1.1144991116005805
2023-09-20,0.00159300220170448,Equity,MinVar + sentiment,1.1162745111391579
2023-09-21,-0.011419129634356893,Equity,MinVar + sentiment,1.1035276277889314
2023-09-22,-0.0004066935467627438,Equity,MinVar + sentiment,1.1030788302240353
2023-09-25,-0.0005914572213736396,Equity,MinVar + sentiment,1.102426406284155
2023-09-26,-0.005505521155676455,Equity,MinVar + sentiment,1.0963569743817811
2023-09-27,-0.00919085895951701,Equity,MinVar + sentiment,1.0862805120609553
2023-09-28,0.0007229934394195688,Equity,MinVar + sentiment,1.0870658857445448
2023-09-29,-0.00752194924149005,Equity,MinVar + sentiment,1.078889031329819
2023-10-02,-0.009028456354704827,Equity,MinVar + sentiment,1.0691483287988879
2023-10-03,-0.008109676259670712,Equity,MinVar + sentiment,1.0604778819787608
2023-10-04,0.0072280120709954845,Equity,MinVar + sentiment,1.068143028910727
2023-10-05,-0.004540843725854905,Equity,MinVar + sentiment,1.063292758339582
2023-10-06,0.0041952097521614,Equity,MinVar + sentiment,1.0677534944887708
2023-10-09,0.004479900563891812,Equity,MinVar + sentiment,1.0725369239708284
2023-10-10,0.01171354413238803,Equity,MinVar + sentiment,1.0851001325633765
2023-10-11,0.004107304850431379,Equity,MinVar + sentiment,1.0895569696010579
2023-10-12,-0.0019268835692656202,Equity,MinVar + sentiment,1.0874575201785548
2023-10-13,0.00305805048548405,Equity,MinVar + sentiment,1.09078302017608
2023-10-16,0.006977828262718998,Equity,MinVar + sentiment,1.0983943167627588
2023-10-17,0.005907224256494781,Equity,MinVar + sentiment,1.1048827783139359
2023-10-18,-0.008452416569777342,Equity,MinVar + sentiment,1.0955438488108535
2023-10-19,-0.00988992058399186,Equity,MinVar + sentiment,1.0847090071498333
2023-10-20,-0.002880654037248012,Equity,MinVar + sentiment,1.081584335769148
2023-10-23,-0.0022731444905564387,Equity,MinVar + sentiment,1.0791257382952222
2023-10-24,0.012821395115135968,Equity,MinVar + sentiment,1.092961635764818
2023-10-25,-0.007449719717074318,Equity,MinVar + sentiment,1.0848193779168551
2023-10-26,-0.003373547389991381,Equity,MinVar + sentiment,1.0811596883358716
2023-10-27,-0.012392856059103383,Equity,MinVar + sentiment,1.0677610319414201
2023-10-30,0.008730840808041936,Equity,MinVar + sentiment,1.0770834835323313
2023-10-31,0.004051633058910775,Equity,MinVar + sentiment,1.0814474305814177
2023-11-01,0.006379536539070447,Equity,MinVar + sentiment,1.0883465639798957
2023-11-02,0.011615672573473604,Equity,MinVar + sentiment,1.1009884413135511
2023-11-03,0.0022631030125438035,Equity,MinVar + sentiment,1.1034800915718637
2023-11-06,-0.0026406453548665845,Equity,MinVar + sentiment,1.1005661919938665
2023-11-07,0.00048823421432378034,Equity,MinVar + sentiment,1.101103526063926
2023-11-08,-0.005179159335984487,Equity,MinVar + sentiment,1.0954007354570265
2023-11-09,-0.013535465323981727,Equity,MinVar + sentiment,1.0805739767863838
2023-11-10,0.005409672860974195,Equity,MinVar + sentiment,1.0864195285028801
2023-11-13,0.002752552621248721,Equity,MinVar + sentiment,1.0894099554238363
2023-11-14,0.007207961900220519,Equity,MinVar + sentiment,1.0972623808762523
2023-11-15,0.003725927260512583,Equity,MinVar + sentiment,1.101350700693094
2023-11-16,-0.01610549314204121,Equity,MinVar + sentiment,1.0836129045360992
2023-11-17,-2.5945531940637463e-05,Equity,MinVar + sentiment,1.0835847896228732
2023-11-20,0.004574246888344832,Equity,MinVar + sentiment,1.0885413739750633
2023-11-21,0.00012702432266603863,Equity,MinVar + sentiment,1.0886796452057865
2023-11-22,0.0004007169352251451,Equity,MinVar + sentiment,1.0891158975766553
2023-11-24,0.0028438267129887165,Equity,MinVar + sentiment,1.0922131544597244
2023-11-27,0.0013733770963162747,Equity,MinVar + sentiment,1.0937131749903548
2023-11-28,0.0017794406855470377,Equity,MinVar + sentiment,1.0956593727122517
2023-11-29,0.0007064814534636925,Equity,MinVar + sentiment,1.0964334357383865
2023-11-30,0.009993337090240575,Equity,MinVar + sentiment,1.1073904646587307
2023-12-01,0.006597308385251421,Equity,MinVar + sentiment,1.1146962610569713
2023-12-04,0.006026336695097379,Equity,MinVar + sentiment,1.1214137960388668
2023-12-05,0.0030576722268159605,Equity,MinVar + sentiment,1.124842711857783
2023-12-06,-0.00023604894698545553,Equity,MinVar + sentiment,1.1245771939201248
2023-12-07,-0.004267734668598202,Equity,MinVar + sentiment,1.119777796842117
2023-12-08,0.0013780013696678738,Equity,MinVar + sentiment,1.121320852179889
2023-12-11,0.005283393492670339,Equity,MinVar + sentiment,1.1272452314734918
2023-12-12,0.003752313895415294,Equity,MinVar + sentiment,1.1314750094190902
2023-12-13,0.02034203549344709,Equity,MinVar + sentiment,1.1544915142206418
2023-12-14,0.0008985709471627241,Equity,MinVar + sentiment,1.1555289067540664
2023-12-15,-0.007188961064697557,Equity,MinVar + sentiment,1.147221854434279
2023-12-18,0.00026218181259466235,Equity,MinVar + sentiment,1.147522635139523
2023-12-19,0.004071150153385609,Equity,MinVar + sentiment,1.1521943720915846
2023-12-20,-0.013537844396003088,Equity,MinVar + sentiment,1.1365961439682581
2023-12-21,0.008523473079428594,Equity,MinVar + sentiment,1.146283890603554
2023-12-22,0.009125353798146104,Equity,MinVar + sentiment,1.1567441366584268
2023-12-26,0.0014638261513163296,Equity,MinVar + sentiment,1.1584374089760492
2023-12-27,0.0037898289198720603,Equity,MinVar + sentiment,1.1628276885704483
2023-12-28,0.0026888596242870843,Equity,MinVar + sentiment,1.1659543689922485
2023-12-29,-0.00045486499545115675,Equity,MinVar + sentiment,1.1654240171635006
