date,sector,sentiment,fear_greed,sentiment_lagged
2020-01-02,Comm,0.11544833333333333,55.77,
2020-01-03,Comm,0.016425,50.82,0.11544833333333333
2020-01-06,Comm,0.09601111111111112,54.8,0.016425
2020-01-07,Comm,0.15553333333333333,57.78,0.09601111111111112
2020-01-08,Comm,0.05927,52.96,0.15553333333333333
2020-01-09,Comm,-0.027080000000000003,48.65,0.05927
2020-01-10,Comm,-0.12117916666666667,43.94,-0.027080000000000003
2020-01-13,Comm,0.027043750000000002,51.35,-0.12117916666666667
2020-01-14,Comm,0.05148333333333334,52.57,0.027043750000000002
2020-01-15,Comm,0.018138888888888885,50.91,0.05148333333333334
2020-01-16,Comm,0.07806458333333333,53.9,0.018138888888888885
2020-01-17,Comm,0.0322,51.61,0.07806458333333333
2020-01-21,Comm,0.065725,53.29,0.0322
2020-01-22,Comm,-0.1181,44.1,0.065725
2020-01-23,Comm,0.17371285714285714,58.69,-0.1181
2020-01-24,Comm,0.010221363636363638,50.51,0.17371285714285714
2020-01-27,Comm,-0.013028030303030305,49.35,0.010221363636363638
2020-01-28,Comm,0.03169374999999999,51.58,-0.013028030303030305
2020-01-29,Comm,0.14114375,57.06,0.03169374999999999
2020-01-30,Comm,-0.04478333333333333,47.76,0.14114375
2020-01-31,Comm,-0.2285340909090909,38.57,-0.04478333333333333
2020-02-03,Comm,0.1078225,55.39,-0.2285340909090909
2020-02-04,Comm,0.209289,60.46,0.1078225
2020-02-05,Comm,0.029875000000000002,51.49,0.209289
2020-02-06,Comm,0.02554595238095239,51.28,0.029875000000000002
2020-02-07,Comm,0.06522375000000001,53.26,0.02554595238095239
2020-02-10,Comm,0.073825,53.69,0.06522375000000001
2020-02-11,Comm,-0.04024323529411764,47.99,0.073825
2020-02-12,Comm,0.06683833333333333,53.34,-0.04024323529411764
2020-02-13,Comm,0.06233452380952381,53.12,0.06683833333333333
2020-02-14,Comm,0.5859,79.3,0.06233452380952381
2020-02-18,Comm,0.02304457142857143,51.15,0.5859
2020-02-19,Comm,0.12560416666666668,56.28,0.02304457142857143
2020-02-20,Comm,0.09202361111111113,54.6,0.12560416666666668
2020-02-21,Comm,0.09415,54.71,0.09202361111111113
2020-02-24,Comm,0.055855555555555554,52.79,0.09415
2020-02-25,Comm,-0.029966666666666666,48.5,0.055855555555555554
2020-02-26,Comm,0.029808333333333336,51.49,-0.029966666666666666
2020-02-27,Comm,-0.013849999999999987,49.31,0.029808333333333336
2020-02-28,Comm,-0.14993357142857142,42.5,-0.013849999999999987
2020-03-02,Comm,0.1177375,55.89,-0.14993357142857142
2020-03-03,Comm,0.0600275,53.0,0.1177375
2020-03-04,Comm,0.026870833333333333,51.34,0.0600275
2020-03-05,Comm,0.08521666666666666,54.26,0.026870833333333333
2020-03-06,Comm,-0.030774999999999997,48.46,0.08521666666666666
2020-03-09,Comm,-0.010830952380952379,49.46,-0.030774999999999997
2020-03-10,Comm,-0.040745333333333335,47.96,-0.010830952380952379
2020-03-11,Comm,0.0414,52.07,-0.040745333333333335
2020-03-12,Comm,-0.05520333333333333,47.24,0.0414
2020-03-13,Comm,0.08346166666666666,54.17,-0.05520333333333333
2020-03-16,Comm,0.016510277777777776,50.83,0.08346166666666666
2020-03-17,Comm,0.026663333333333334,51.33,0.016510277777777776
2020-03-18,Comm,-0.0035575000000000016,49.82,0.026663333333333334
2020-03-19,Comm,0.03406000000000001,51.7,-0.0035575000000000016
2020-03-20,Comm,-0.08100833333333333,45.95,0.03406000000000001
2020-03-23,Comm,0.09480590909090908,54.74,-0.08100833333333333
2020-03-24,Comm,0.10560404761904763,55.28,0.09480590909090908
2020-03-25,Comm,0.12598066666666669,56.3,0.10560404761904763
2020-03-26,Comm,0.10835166666666667,55.42,0.12598066666666669
2020-03-27,Comm,0.10031777777777777,55.02,0.10835166666666667
2020-03-30,Comm,0.065705,53.29,0.10031777777777777
2020-03-31,Comm,0.16271666666666665,58.14,0.065705
2020-04-01,Comm,0.10243750000000001,55.12,0.16271666666666665
2020-04-02,Comm,0.007093333333333336,50.35,0.10243750000000001
2020-04-03,Comm,0.16031285714285715,58.02,0.007093333333333336
2020-04-06,Comm,0.10018333333333333,55.01,0.16031285714285715
2020-04-07,Comm,0.056828409090909096,52.84,0.10018333333333333
2020-04-08,Comm,0.03324916666666666,51.66,0.056828409090909096
2020-04-09,Comm,-0.01694,49.15,0.03324916666666666
2020-04-13,Comm,-0.11158333333333334,44.42,-0.01694
2020-04-14,Comm,0.1356607142857143,56.78,-0.11158333333333334
2020-04-15,Comm,0.002928750000000001,50.15,0.1356607142857143
2020-04-16,Comm,0.22121375,61.06,0.002928750000000001
2020-04-17,Comm,0.14001666666666668,57.0,0.22121375
2020-04-20,Comm,0.09098750000000001,54.55,0.14001666666666668
2020-04-21,Comm,0.04266833333333334,52.13,0.09098750000000001
2020-04-22,Comm,0.0800002380952381,54.0,0.04266833333333334
2020-04-23,Comm,0.001167361111111112,50.06,0.0800002380952381
2020-04-24,Comm,0.027957575757575757,51.4,0.001167361111111112
2020-04-27,Comm,0.11120727272727274,55.56,0.027957575757575757
2020-04-28,Comm,0.034295707070707074,51.71,0.11120727272727274
2020-04-29,Comm,0.11555714285714286,55.78,0.034295707070707074
2020-04-30,Comm,0.04805,52.4,0.11555714285714286
2020-05-01,Comm,-0.04241458333333333,47.88,0.04805
2020-05-04,Comm,0.05846074074074074,52.92,-0.04241458333333333
2020-05-05,Comm,0.19058285714285716,59.53,0.05846074074074074
2020-05-06,Comm,-0.0011770833333333425,49.94,0.19058285714285716
2020-05-07,Comm,0.1305325,56.53,-0.0011770833333333425
2020-05-08,Comm,0.17955000000000002,58.98,0.1305325
2020-05-11,Comm,0.10609952380952381,55.3,0.17955000000000002
2020-05-12,Comm,0.06129833333333333,53.06,0.10609952380952381
2020-05-13,Comm,0.0013333333333333346,50.07,0.06129833333333333
2020-05-14,Comm,0.02447333333333333,51.22,0.0013333333333333346
2020-05-15,Comm,0.03297166666666666,51.65,0.02447333333333333
2020-05-18,Comm,0.018767499999999996,50.94,0.03297166666666666
2020-05-19,Comm,0.109237,55.46,0.018767499999999996
2020-05-20,Comm,0.11520819047619049,55.76,0.109237
2020-05-21,Comm,0.02321333333333333,51.16,0.11520819047619049
2020-05-22,Comm,0.0079125,50.4,0.02321333333333333
2020-05-26,Comm,0.14381,57.19,0.0079125
2020-05-27,Comm,0.15689416666666667,57.84,0.14381
2020-05-28,Comm,0.051808,52.59,0.15689416666666667
2020-05-29,Comm,0.06067416666666667,53.03,0.051808
2020-06-01,Comm,0.052932,52.65,0.06067416666666667
2020-06-02,Comm,0.24737777777777778,62.37,0.052932
2020-06-03,Comm,-0.04811666666666667,47.59,0.24737777777777778
2020-06-04,Comm,0.06102,53.05,-0.04811666666666667
2020-06-05,Comm,0.08533125,54.27,0.06102
2020-06-08,Comm,0.0584725,52.92,0.08533125
2020-06-09,Comm,-0.20013333333333333,39.99,0.0584725
2020-06-10,Comm,-0.11927000000000001,44.04,-0.20013333333333333
2020-06-11,Comm,0.0155,50.78,-0.11927000000000001
2020-06-12,Comm,0.09533020833333333,54.77,0.0155
2020-06-15,Comm,0.0022104166666666657,50.11,0.09533020833333333
2020-06-16,Comm,-7.7777777777778e-05,50.0,0.0022104166666666657
2020-06-17,Comm,0.12914833333333334,56.46,-7.7777777777778e-05
2020-06-18,Comm,0.0746425,53.73,0.12914833333333334
2020-06-19,Comm,-0.01250833333333333,49.37,0.0746425
2020-06-22,Comm,0.0353,51.76,-0.01250833333333333
2020-06-23,Comm,0.09414444444444443,54.71,0.0353
2020-06-24,Comm,-0.0033732323232323197,49.83,0.09414444444444443
2020-06-25,Comm,0.05418,52.71,-0.0033732323232323197
2020-06-26,Comm,0.17455,58.73,0.05418
2020-06-29,Comm,0.07202628205128206,53.6,0.17455
2020-06-30,Comm,0.001542857142857143,50.08,0.07202628205128206
2020-07-01,Comm,0.0977875,54.89,0.001542857142857143
2020-07-02,Comm,0.009891666666666665,50.49,0.0977875
2020-07-06,Comm,0.06571,53.29,0.009891666666666665
2020-07-07,Comm,0.08569166666666668,54.28,0.06571
2020-07-08,Comm,0.04640624999999999,52.32,0.08569166666666668
2020-07-09,Comm,0.0859625,54.3,0.04640624999999999
2020-07-10,Comm,0.014216666666666667,50.71,0.0859625
2020-07-13,Comm,0.0413888888888889,52.07,0.014216666666666667
2020-07-14,Comm,0.04336071428571429,52.17,0.0413888888888889
2020-07-15,Comm,0.1621,58.1,0.04336071428571429
2020-07-16,Comm,0.06002916666666667,53.0,0.1621
2020-07-17,Comm,-0.53915,23.04,0.06002916666666667
2020-07-20,Comm,0.05641666666666667,52.82,-0.53915
2020-07-21,Comm,0.15707333333333334,57.85,0.05641666666666667
2020-07-22,Comm,0.06514166666666667,53.26,0.15707333333333334
2020-07-23,Comm,0.003679166666666671,50.18,0.06514166666666667
2020-07-24,Comm,-0.008712499999999998,49.56,0.003679166666666671
2020-07-27,Comm,0.077675,53.88,-0.008712499999999998
2020-07-28,Comm,0.12196000000000001,56.1,0.077675
2020-07-29,Comm,0.06004999999999999,53.0,0.12196000000000001
2020-07-30,Comm,0.06031500000000001,53.02,0.06004999999999999
2020-07-31,Comm,0.01035,50.52,0.06031500000000001
2020-08-03,Comm,0.045426,52.27,0.01035
2020-08-04,Comm,0.09231974358974358,54.62,0.045426
2020-08-05,Comm,0.14981875,57.49,0.09231974358974358
2020-08-06,Comm,0.15064761904761906,57.53,0.14981875
2020-08-07,Comm,0.01853589743589744,50.93,0.15064761904761906
2020-08-10,Comm,0.18227333333333334,59.11,0.01853589743589744
2020-08-11,Comm,0.12815555555555555,56.41,0.18227333333333334
2020-08-12,Comm,0.0086,50.43,0.12815555555555555
2020-08-13,Comm,0.14936875,57.47,0.0086
2020-08-14,Comm,-0.075525,46.22,0.14936875
2020-08-17,Comm,0.14206333333333332,57.1,-0.075525
2020-08-18,Comm,0.15536333333333335,57.77,0.14206333333333332
2020-08-19,Comm,-0.0077,49.61,0.15536333333333335
2020-08-20,Comm,0.103455,55.17,-0.0077
2020-08-21,Comm,0.14484444444444447,57.24,0.103455
2020-08-24,Comm,-0.18252500000000002,40.87,0.14484444444444447
2020-08-25,Comm,0.11716666666666667,55.86,-0.18252500000000002
2020-08-26,Comm,0.1429725,57.15,0.11716666666666667
2020-08-27,Comm,0.0019249999999999996,50.1,0.1429725
2020-08-28,Comm,0.021779166666666662,51.09,0.0019249999999999996
2020-08-31,Comm,0.05545555555555556,52.77,0.021779166666666662
2020-09-01,Comm,0.06508333333333333,53.25,0.05545555555555556
2020-09-02,Comm,0.17952222222222222,58.98,0.06508333333333333
2020-09-03,Comm,-0.020588095238095235,48.97,0.17952222222222222
2020-09-04,Comm,0.013958333333333333,50.7,-0.020588095238095235
2020-09-08,Comm,0.08745,54.37,0.013958333333333333
2020-09-09,Comm,0.23929999999999998,61.96,0.08745
2020-09-10,Comm,-0.076625,46.17,0.23929999999999998
2020-09-11,Comm,0.02363333333333333,51.18,-0.076625
2020-09-14,Comm,0.19844166666666666,59.92,0.02363333333333333
2020-09-15,Comm,0.02861666666666667,51.43,0.19844166666666666
2020-09-16,Comm,-0.04089444444444445,47.96,0.02861666666666667
2020-09-17,Comm,0.04615555555555556,52.31,-0.04089444444444445
2020-09-18,Comm,-0.0779625,46.1,0.04615555555555556
2020-09-21,Comm,0.12578375,56.29,-0.0779625
2020-09-22,Comm,0.05355000000000001,52.68,0.12578375
2020-09-23,Comm,0.0213,51.07,0.05355000000000001
2020-09-24,Comm,0.10736500000000002,55.37,0.0213
2020-09-25,Comm,0.009325,50.47,0.10736500000000002
2020-09-28,Comm,0.010724374999999998,50.54,0.009325
2020-09-29,Comm,0.06786666666666667,53.39,0.010724374999999998
2020-09-30,Comm,-0.027812499999999997,48.61,0.06786666666666667
2020-10-01,Comm,0.04750277777777778,52.38,-0.027812499999999997
2020-10-02,Comm,0.028975000000000008,51.45,0.04750277777777778
2020-10-05,Comm,0.047808333333333335,52.39,0.028975000000000008
2020-10-06,Comm,0.0430375,52.15,0.047808333333333335
2020-10-07,Comm,-0.07332500000000002,46.33,0.0430375
2020-10-08,Comm,0.002206666666666669,50.11,-0.07332500000000002
2020-10-09,Comm,0.08616696428571428,54.31,0.002206666666666669
2020-10-12,Comm,-0.04395606060606061,47.8,0.08616696428571428
2020-10-13,Comm,-0.06539523809523809,46.73,-0.04395606060606061
2020-10-14,Comm,0.2065846666666667,60.33,-0.06539523809523809
2020-10-15,Comm,0.012233333333333332,50.61,0.2065846666666667
2020-10-16,Comm,0.12573333333333334,56.29,0.012233333333333332
2020-10-19,Comm,0.2282433333333333,61.41,0.12573333333333334
2020-10-20,Comm,0.0051333333333333335,50.26,0.2282433333333333
2020-10-21,Comm,-0.058550000000000005,47.07,0.0051333333333333335
2020-10-22,Comm,0.029408333333333335,51.47,-0.058550000000000005
2020-10-23,Comm,-0.007518749999999999,49.62,0.029408333333333335
2020-10-26,Comm,0.07369400000000001,53.68,-0.007518749999999999
2020-10-27,Comm,0.009,50.45,0.07369400000000001
2020-10-28,Comm,0.10998999999999999,55.5,0.009
2020-10-29,Comm,0.174656,58.73,0.10998999999999999
2020-10-30,Comm,0.30638333333333334,65.32,0.174656
2020-11-02,Comm,0.04809000000000001,52.4,0.30638333333333334
2020-11-03,Comm,0.031172666666666664,51.56,0.04809000000000001
2020-11-04,Comm,-0.011595555555555553,49.42,0.031172666666666664
2020-11-05,Comm,-0.03838933333333334,48.08,-0.011595555555555553
2020-11-06,Comm,0.006842401960784313,50.34,-0.03838933333333334
2020-11-09,Comm,0.21002628571428575,60.5,0.006842401960784313
2020-11-10,Comm,0.05450166666666666,52.73,0.21002628571428575
2020-11-11,Comm,0.001775,50.09,0.05450166666666666
2020-11-12,Comm,-0.04253125,47.87,0.001775
2020-11-13,Comm,0.04451666666666667,52.23,-0.04253125
2020-11-16,Comm,0.08647600000000001,54.32,0.04451666666666667
2020-11-17,Comm,-0.055211249999999996,47.24,0.08647600000000001
2020-11-18,Comm,0.008654,50.43,-0.055211249999999996
2020-11-19,Comm,0.06098809523809524,53.05,0.008654
2020-11-20,Comm,0.0059700000000000005,50.3,0.06098809523809524
2020-11-23,Comm,0.004391111111111123,50.22,0.0059700000000000005
2020-11-24,Comm,0.013770833333333336,50.69,0.004391111111111123
2020-11-25,Comm,0.32593000000000005,66.3,0.013770833333333336
2020-11-27,Comm,0.13426666666666667,56.71,0.32593000000000005
2020-11-30,Comm,0.012611111111111113,50.63,0.13426666666666667
2020-12-01,Comm,0.10223750000000001,55.11,0.012611111111111113
2020-12-02,Comm,-0.24355,37.82,0.10223750000000001
2020-12-03,Comm,0.02452142857142857,51.23,-0.24355
2020-12-04,Comm,0.031188095238095237,51.56,0.02452142857142857
2020-12-07,Comm,0.15344444444444444,57.67,0.031188095238095237
2020-12-08,Comm,0.12810909090909092,56.41,0.15344444444444444
2020-12-09,Comm,0.10319062500000001,55.16,0.12810909090909092
2020-12-10,Comm,0.09418125,54.71,0.10319062500000001
2020-12-11,Comm,0.048246428571428565,52.41,0.09418125
2020-12-14,Comm,0.03759330357142858,51.88,0.048246428571428565
2020-12-15,Comm,0.14320714285714287,57.16,0.03759330357142858
2020-12-16,Comm,0.12441666666666668,56.22,0.14320714285714287
2020-12-17,Comm,0.0386625,51.93,0.12441666666666668
2020-12-18,Comm,0.223655,61.18,0.0386625
2020-12-21,Comm,0.07942333333333335,53.97,0.223655
2020-12-22,Comm,0.03746666666666667,51.87,0.07942333333333335
2020-12-23,Comm,0.1297625,56.49,0.03746666666666667
2020-12-24,Comm,0.008674999999999999,50.43,0.1297625
2020-12-28,Comm,0.1975875,59.88,0.008674999999999999
2020-12-29,Comm,0.012166666666666666,50.61,0.1975875
2020-12-30,Comm,0.24512499999999998,62.26,0.012166666666666666
2020-12-31,Comm,0.026333333333333334,51.32,0.24512499999999998
2021-01-04,Comm,0.025838888888888894,51.29,0.026333333333333334
2021-01-05,Comm,0.09782416666666668,54.89,0.025838888888888894
2021-01-06,Comm,0.1251847619047619,56.26,0.09782416666666668
2021-01-07,Comm,0.12009,56.0,0.1251847619047619
2021-01-08,Comm,-0.05441666666666667,47.28,0.12009
2021-01-11,Comm,0.07097500000000001,53.55,-0.05441666666666667
2021-01-12,Comm,-0.04706666666666667,47.65,0.07097500000000001
2021-01-13,Comm,-0.15038749999999998,42.48,-0.04706666666666667
2021-01-14,Comm,0.011871666666666666,50.59,-0.15038749999999998
2021-01-15,Comm,0.015916666666666666,50.8,0.011871666666666666
2021-01-19,Comm,-0.0427225,47.86,0.015916666666666666
2021-01-20,Comm,-0.1760125,41.2,-0.0427225
2021-01-21,Comm,0.050766666666666675,52.54,-0.1760125
2021-01-22,Comm,0.18289999999999998,59.14,0.050766666666666675
2021-01-25,Comm,0.05551380952380952,52.78,0.18289999999999998
2021-01-26,Comm,-0.05087857142857142,47.46,0.05551380952380952
2021-01-27,Comm,-0.0027599999999999964,49.86,-0.05087857142857142
2021-01-28,Comm,0.13053645833333333,56.53,-0.0027599999999999964
2021-01-29,Comm,0.05554999999999999,52.78,0.13053645833333333
2021-02-01,Comm,0.27318333333333333,63.66,0.05554999999999999
2021-02-02,Comm,0.07167666666666667,53.58,0.27318333333333333
2021-02-03,Comm,0.004394444444444445,50.22,0.07167666666666667
2021-02-04,Comm,0.09448541666666667,54.72,0.004394444444444445
2021-02-05,Comm,0.099341,54.97,0.09448541666666667
2021-02-08,Comm,-0.03685166666666667,48.16,0.099341
2021-02-09,Comm,0.07724047619047619,53.86,-0.03685166666666667
2021-02-10,Comm,0.051449999999999996,52.57,0.07724047619047619
2021-02-11,Comm,0.102065,55.1,0.051449999999999996
2021-02-12,Comm,0.02775,51.39,0.102065
2021-02-16,Comm,0.12924575757575757,56.46,0.02775
2021-02-17,Comm,0.04674444444444445,52.34,0.12924575757575757
2021-02-18,Comm,0.0016083333333333331,50.08,0.04674444444444445
2021-02-19,Comm,0.2365,61.82,0.0016083333333333331
2021-02-22,Comm,0.114985,55.75,0.2365
2021-02-23,Comm,0.18078888888888892,59.04,0.114985
2021-02-24,Comm,0.10263035714285713,55.13,0.18078888888888892
2021-02-25,Comm,-0.04490555555555556,47.75,0.10263035714285713
2021-02-26,Comm,0.05084166666666667,52.54,-0.04490555555555556
2021-03-01,Comm,0.023541666666666666,51.18,0.05084166666666667
2021-03-02,Comm,0.07625555555555555,53.81,0.023541666666666666
2021-03-03,Comm,-0.023147499999999998,48.84,0.07625555555555555
2021-03-04,Comm,0.16138750000000002,58.07,-0.023147499999999998
2021-03-05,Comm,0.08680266666666667,54.34,0.16138750000000002
2021-03-08,Comm,-0.059132,47.04,0.08680266666666667
2021-03-09,Comm,-0.046875,47.66,-0.059132
2021-03-10,Comm,0.12485520833333333,56.24,-0.046875
2021-03-11,Comm,0.006486666666666669,50.32,0.12485520833333333
2021-03-12,Comm,0.12916428571428573,56.46,0.006486666666666669
2021-03-15,Comm,0.177078125,58.85,0.12916428571428573
2021-03-16,Comm,0.05178,52.59,0.177078125
2021-03-17,Comm,0.02046,51.02,0.05178
2021-03-18,Comm,0.14285,57.14,0.02046
2021-03-19,Comm,0.3084966666666667,65.42,0.14285
2021-03-22,Comm,0.007941666666666666,50.4,0.3084966666666667
2021-03-23,Comm,0.03768,51.88,0.007941666666666666
2021-03-24,Comm,0.10001249999999999,55.0,0.03768
2021-03-25,Comm,0.0088525,50.44,0.10001249999999999
2021-03-26,Comm,0.08634999999999998,54.32,0.0088525
2021-03-29,Comm,0.08150486111111112,54.08,0.08634999999999998
2021-03-30,Comm,0.15387499999999998,57.69,0.08150486111111112
2021-03-31,Comm,-0.030111111111111116,48.49,0.15387499999999998
2021-04-01,Comm,0.14460250000000002,57.23,-0.030111111111111116
2021-04-05,Comm,0.04996799999999999,52.5,0.14460250000000002
2021-04-06,Comm,0.03430952380952381,51.72,0.04996799999999999
2021-04-07,Comm,0.008835,50.44,0.03430952380952381
2021-04-08,Comm,0.04880666666666667,52.44,0.008835
2021-04-09,Comm,0.05162875,52.58,0.04880666666666667
2021-04-12,Comm,0.025013333333333332,51.25,0.05162875
2021-04-13,Comm,0.18297333333333335,59.15,0.025013333333333332
2021-04-14,Comm,0.146795,57.34,0.18297333333333335
2021-04-15,Comm,-0.03760833333333333,48.12,0.146795
2021-04-16,Comm,0.100425,55.02,-0.03760833333333333
2021-04-19,Comm,-0.01608125,49.2,0.100425
2021-04-20,Comm,-0.10611904761904761,44.69,-0.01608125
2021-04-21,Comm,-0.13837222222222223,43.08,-0.10611904761904761
2021-04-22,Comm,0.18976666666666664,59.49,-0.13837222222222223
2021-04-23,Comm,-0.013686666666666666,49.32,0.18976666666666664
2021-04-26,Comm,-0.06704583333333333,46.65,-0.013686666666666666
2021-04-27,Comm,-0.09092592592592592,45.45,-0.06704583333333333
2021-04-28,Comm,0.08620833333333335,54.31,-0.09092592592592592
2021-04-29,Comm,0.24058375,62.03,0.08620833333333335
2021-04-30,Comm,0.04694444444444445,52.35,0.24058375
2021-05-03,Comm,0.14438666666666666,57.22,0.04694444444444445
2021-05-04,Comm,0.21406000000000003,60.7,0.14438666666666666
2021-05-05,Comm,0.20438583333333332,60.22,0.21406000000000003
2021-05-06,Comm,-0.07887499999999999,46.06,0.20438583333333332
2021-05-07,Comm,0.06613333333333334,53.31,-0.07887499999999999
2021-05-10,Comm,0.02085366666666667,51.04,0.06613333333333334
2021-05-11,Comm,0.09981333333333334,54.99,0.02085366666666667
2021-05-12,Comm,0.05911333333333333,52.96,0.09981333333333334
2021-05-13,Comm,0.0168,50.84,0.05911333333333333
2021-05-14,Comm,0.0,50.0,0.0168
2021-05-17,Comm,0.037216581196581194,51.86,0.0
2021-05-18,Comm,-0.05804,47.1,0.037216581196581194
2021-05-19,Comm,0.02938,51.47,-0.05804
2021-05-20,Comm,0.11903999999999999,55.95,0.02938
2021-05-21,Comm,0.07385428571428572,53.69,0.11903999999999999
2021-05-24,Comm,0.137566,56.88,0.07385428571428572
2021-05-25,Comm,0.10876249999999998,55.44,0.137566
2021-05-26,Comm,0.059771428571428566,52.99,0.10876249999999998
2021-05-27,Comm,0.105894,55.29,0.059771428571428566
2021-05-28,Comm,0.08505866666666667,54.25,0.105894
2021-06-01,Comm,0.150065,57.5,0.08505866666666667
2021-06-02,Comm,0.168595,58.43,0.150065
2021-06-03,Comm,0.24978333333333336,62.49,0.168595
2021-06-04,Comm,0.143315,57.17,0.24978333333333336
2021-06-07,Comm,0.11433333333333333,55.72,0.143315
2021-06-08,Comm,0.26595416666666666,63.3,0.11433333333333333
2021-06-09,Comm,-0.1732,41.34,0.26595416666666666
2021-06-10,Comm,-0.04465228571428572,47.77,-0.1732
2021-06-11,Comm,0.140775,57.04,-0.04465228571428572
2021-06-14,Comm,0.09441666666666666,54.72,0.140775
2021-06-15,Comm,0.013620000000000002,50.68,0.09441666666666666
2021-06-16,Comm,0.262,63.1,0.013620000000000002
2021-06-17,Comm,0.18220000000000003,59.11,0.262
2021-06-18,Comm,0.0027833333333333334,50.14,0.18220000000000003
2021-06-21,Comm,0.17255555555555557,58.63,0.0027833333333333334
2021-06-22,Comm,0.094775,54.74,0.17255555555555557
2021-06-23,Comm,0.026210833333333336,51.31,0.094775
2021-06-24,Comm,-0.06577500000000001,46.71,0.026210833333333336
2021-06-25,Comm,-0.01,49.5,-0.06577500000000001
2021-06-28,Comm,0.20274,60.14,-0.01
2021-06-29,Comm,0.14234999999999998,57.12,0.20274
2021-06-30,Comm,0.1266530303030303,56.33,0.14234999999999998
2021-07-01,Comm,-0.00664166666666667,49.67,0.1266530303030303
2021-07-02,Comm,0.16005999999999998,58.0,-0.00664166666666667
2021-07-06,Comm,0.1239875,56.2,0.16005999999999998
2021-07-07,Comm,0.01549,50.77,0.1239875
2021-07-08,Comm,-0.02700625,48.65,0.01549
2021-07-09,Comm,0.2197666666666667,60.99,-0.02700625
2021-07-12,Comm,0.04738833333333333,52.37,0.2197666666666667
2021-07-13,Comm,0.04914333333333333,52.46,0.04738833333333333
2021-07-14,Comm,0.004208333333333333,50.21,0.04914333333333333
2021-07-15,Comm,0.007499999999999997,50.38,0.004208333333333333
2021-07-16,Comm,-0.017632499999999995,49.12,0.007499999999999997
2021-07-19,Comm,0.15502,57.75,-0.017632499999999995
2021-07-20,Comm,0.30168666666666666,65.08,0.15502
2021-07-21,Comm,-0.0656875,46.72,0.30168666666666666
2021-07-22,Comm,0.12743125000000002,56.37,-0.0656875
2021-07-23,Comm,0.1215875,56.08,0.12743125000000002
2021-07-26,Comm,0.022809999999999997,51.14,0.1215875
2021-07-27,Comm,-0.08825555555555555,45.59,0.022809999999999997
2021-07-28,Comm,-0.08064583333333333,45.97,-0.08825555555555555
2021-07-29,Comm,0.1174107142857143,55.87,-0.08064583333333333
2021-07-30,Comm,0.04337777777777777,52.17,0.1174107142857143
2021-08-02,Comm,0.012432291666666668,50.62,0.04337777777777777
2021-08-03,Comm,0.0927275,54.64,0.012432291666666668
2021-08-04,Comm,0.011183333333333333,50.56,0.0927275
2021-08-05,Comm,0.07050208333333334,53.53,0.011183333333333333
2021-08-06,Comm,-0.2104125,39.48,0.07050208333333334
2021-08-09,Comm,-0.005094999999999994,49.75,-0.2104125
2021-08-10,Comm,0.17647083333333333,58.82,-0.005094999999999994
2021-08-11,Comm,-0.09093333333333331,45.45,0.17647083333333333
2021-08-12,Comm,0.22063666666666668,61.03,-0.09093333333333331
2021-08-13,Comm,0.024583333333333332,51.23,0.22063666666666668
2021-08-16,Comm,0.08243928571428571,54.12,0.024583333333333332
2021-08-17,Comm,0.0990125,54.95,0.08243928571428571
2021-08-18,Comm,-0.028871428571428576,48.56,0.0990125
2021-08-19,Comm,-0.09755,45.12,-0.028871428571428576
2021-08-20,Comm,0.027633333333333333,51.38,-0.09755
2021-08-23,Comm,0.08181333333333334,54.09,0.027633333333333333
2021-08-24,Comm,0.21593333333333334,60.8,0.08181333333333334
2021-08-25,Comm,0.19295,59.65,0.21593333333333334
2021-08-26,Comm,0.06698333333333333,53.35,0.19295
2021-08-27,Comm,0.3469125,67.35,0.06698333333333333
2021-08-30,Comm,0.058716250000000005,52.94,0.3469125
2021-08-31,Comm,0.012383333333333333,50.62,0.058716250000000005
2021-09-02,Comm,0.06666666666666667,53.33,0.012383333333333333
2021-09-03,Comm,0.020872222222222223,51.04,0.06666666666666667
2021-09-07,Comm,0.1273277777777778,56.37,0.020872222222222223
2021-09-08,Comm,0.040772916666666666,52.04,0.1273277777777778
2021-09-09,Comm,-0.12737885714285715,43.63,0.040772916666666666
2021-09-10,Comm,0.10086250000000001,55.04,-0.12737885714285715
2021-09-13,Comm,0.23813285714285715,61.91,0.10086250000000001
2021-09-14,Comm,0.054217916666666664,52.71,0.23813285714285715
2021-09-15,Comm,-0.06300833333333335,46.85,0.054217916666666664
2021-09-16,Comm,0.040912500000000004,52.05,-0.06300833333333335
2021-09-17,Comm,0.017853690476190474,50.89,0.040912500000000004
2021-09-20,Comm,0.19987575757575757,59.99,0.017853690476190474
2021-09-21,Comm,-0.02451666666666667,48.77,0.19987575757575757
2021-09-22,Comm,0.03403199999999999,51.7,-0.02451666666666667
2021-09-23,Comm,0.14879,57.44,0.03403199999999999
2021-09-24,Comm,-0.07267499999999999,46.37,0.14879
2021-09-27,Comm,0.15460416666666668,57.73,-0.07267499999999999
2021-09-28,Comm,0.010003999999999999,50.5,0.15460416666666668
2021-09-29,Comm,-0.078175,46.09,0.010003999999999999
2021-09-30,Comm,-0.0202,48.99,-0.078175
2021-10-01,Comm,0.0087125,50.44,-0.0202
2021-10-04,Comm,0.038895,51.94,0.0087125
2021-10-05,Comm,0.03812857142857143,51.91,0.038895
2021-10-06,Comm,0.025779761904761903,51.29,0.03812857142857143
2021-10-07,Comm,0.04882499999999999,52.44,0.025779761904761903
2021-10-08,Comm,0.0056812500000000005,50.28,0.04882499999999999
2021-10-11,Comm,0.09204,54.6,0.0056812500000000005
2021-10-12,Comm,0.12673333333333334,56.34,0.09204
2021-10-13,Comm,0.062355555555555546,53.12,0.12673333333333334
2021-10-14,Comm,-0.03571666666666667,48.21,0.062355555555555546
2021-10-15,Comm,0.15605,57.8,-0.03571666666666667
2021-10-18,Comm,0.18651666666666666,59.33,0.15605
2021-10-19,Comm,0.19281666666666666,59.64,0.18651666666666666
2021-10-20,Comm,-0.02668333333333333,48.67,0.19281666666666666
2021-10-21,Comm,0.034177142857142864,51.71,-0.02668333333333333
2021-10-22,Comm,0.07102499999999999,53.55,0.034177142857142864
2021-10-25,Comm,0.06265000000000001,53.13,0.07102499999999999
2021-10-26,Comm,0.18363142857142858,59.18,0.06265000000000001
2021-10-27,Comm,0.0529,52.64,0.18363142857142858
2021-10-28,Comm,0.035562500000000004,51.78,0.0529
2021-10-29,Comm,0.058177083333333324,52.91,0.035562500000000004
2021-11-01,Comm,0.08392500000000001,54.2,0.058177083333333324
2021-11-02,Comm,0.031338333333333336,51.57,0.08392500000000001
2021-11-03,Comm,0.0822885,54.11,0.031338333333333336
2021-11-04,Comm,0.1337637142857143,56.69,0.0822885
2021-11-05,Comm,0.026220833333333336,51.31,0.1337637142857143
2021-11-08,Comm,-0.04465999999999999,47.77,0.026220833333333336
2021-11-09,Comm,0.14565,57.28,-0.04465999999999999
2021-11-10,Comm,0.0742111111111111,53.71,0.14565
2021-11-11,Comm,0.06842500000000001,53.42,0.0742111111111111
2021-11-12,Comm,0.03751249999999999,51.88,0.06842500000000001
2021-11-15,Comm,0.10281,55.14,0.03751249999999999
2021-11-16,Comm,0.12970357142857142,56.49,0.10281
2021-11-17,Comm,0.004546666666666667,50.23,0.12970357142857142
2021-11-18,Comm,0.05434666666666667,52.72,0.004546666666666667
2021-11-19,Comm,0.0009875000000000023,50.05,0.05434666666666667
2021-11-22,Comm,0.11169166666666666,55.58,0.0009875000000000023
2021-11-23,Comm,0.0065120000000000065,50.33,0.11169166666666666
2021-11-24,Comm,0.033918750000000004,51.7,0.0065120000000000065
2021-11-26,Comm,-0.10455999999999999,44.77,0.033918750000000004
2021-11-29,Comm,-0.18366666666666664,40.82,-0.10455999999999999
2021-11-30,Comm,0.05798181818181817,52.9,-0.18366666666666664
2021-12-01,Comm,0.20207083333333334,60.1,0.05798181818181817
2021-12-02,Comm,0.0005299999999999999,50.03,0.20207083333333334
2021-12-03,Comm,-0.07116666666666666,46.44,0.0005299999999999999
2021-12-06,Comm,0.0402,52.01,-0.07116666666666666
2021-12-07,Comm,0.13025416666666667,56.51,0.0402
2021-12-08,Comm,0.273,63.65,0.13025416666666667
2021-12-09,Comm,0.008783333333333334,50.44,0.273
2021-12-10,Comm,0.08712333333333333,54.36,0.008783333333333334
2021-12-13,Comm,0.008395,50.42,0.08712333333333333
2021-12-14,Comm,0.01158888888888889,50.58,0.008395
2021-12-15,Comm,0.17711333333333334,58.86,0.01158888888888889
2021-12-16,Comm,0.0252075,51.26,0.17711333333333334
2021-12-17,Comm,0.04768571428571429,52.38,0.0252075
2021-12-20,Comm,-0.0549875,47.25,0.04768571428571429
2021-12-21,Comm,-0.01316875,49.34,-0.0549875
2021-12-22,Comm,0.10643333333333334,55.32,-0.01316875
2021-12-23,Comm,0.14427666666666666,57.21,0.10643333333333334
2021-12-27,Comm,0.03517499999999999,51.76,0.14427666666666666
2021-12-28,Comm,0.019293750000000002,50.96,0.03517499999999999
2021-12-29,Comm,-0.04471666666666667,47.76,0.019293750000000002
2021-12-30,Comm,0.02360166666666667,51.18,-0.04471666666666667
2021-12-31,Comm,0.07955555555555556,53.98,0.02360166666666667
2022-01-03,Comm,-0.08882692307692308,45.56,0.07955555555555556
2022-01-04,Comm,0.06340625000000001,53.17,-0.08882692307692308
2022-01-05,Comm,0.10681041666666666,55.34,0.06340625000000001
2022-01-06,Comm,0.012082666666666667,50.6,0.10681041666666666
2022-01-07,Comm,0.026385,51.32,0.012082666666666667
2022-01-10,Comm,0.016726964285714286,50.84,0.026385
2022-01-11,Comm,-0.05584,47.21,0.016726964285714286
2022-01-12,Comm,0.15532133333333334,57.77,-0.05584
2022-01-13,Comm,0.07606,53.8,0.15532133333333334
2022-01-14,Comm,0.036624000000000004,51.83,0.07606
2022-01-18,Comm,0.014068984593837552,50.7,0.036624000000000004
2022-01-19,Comm,0.05359600000000001,52.68,0.014068984593837552
2022-01-20,Comm,0.3358919191919192,66.79,0.05359600000000001
2022-01-21,Comm,0.21920416666666667,60.96,0.3358919191919192
2022-01-24,Comm,0.10914722222222221,55.46,0.21920416666666667
2022-01-25,Comm,0.051277083333333334,52.56,0.10914722222222221
2022-01-26,Comm,0.2770233333333333,63.85,0.051277083333333334
2022-01-27,Comm,0.07288720238095238,53.64,0.2770233333333333
2022-01-28,Comm,-0.13058,43.47,0.07288720238095238
2022-01-31,Comm,0.05922457142857144,52.96,-0.13058
2022-02-01,Comm,-0.09394857142857142,45.3,0.05922457142857144
2022-02-02,Comm,0.03468047619047619,51.73,-0.09394857142857142
2022-02-03,Comm,-0.026304285714285714,48.68,0.03468047619047619
2022-02-04,Comm,-0.026054666666666677,48.7,-0.026304285714285714
2022-02-07,Comm,0.08348533333333334,54.17,-0.026054666666666677
2022-02-08,Comm,0.10326666666666666,55.16,0.08348533333333334
2022-02-09,Comm,0.05007400000000001,52.5,0.10326666666666666
2022-02-10,Comm,0.2915375,64.58,0.05007400000000001
2022-02-11,Comm,0.03716,51.86,0.2915375
2022-02-14,Comm,0.05287666666666666,52.64,0.03716
2022-02-15,Comm,0.11481,55.74,0.05287666666666666
2022-02-16,Comm,0.014183333333333334,50.71,0.11481
2022-02-17,Comm,0.14301285714285714,57.15,0.014183333333333334
2022-02-18,Comm,0.3030333333333333,65.15,0.14301285714285714
2022-02-22,Comm,-0.06312857142857144,46.84,0.3030333333333333
2022-02-23,Comm,-0.04455,47.77,-0.06312857142857144
2022-02-24,Comm,-0.004166666666666652,49.79,-0.04455
2022-02-25,Comm,0.30551249999999996,65.28,-0.004166666666666652
2022-02-28,Comm,0.08921388888888888,54.46,0.30551249999999996
2022-03-01,Comm,0.012612500000000006,50.63,0.08921388888888888
2022-03-02,Comm,0.12372999999999999,56.19,0.012612500000000006
2022-03-03,Comm,-0.030522000000000004,48.47,0.12372999999999999
2022-03-04,Comm,0.0672375,53.36,-0.030522000000000004
2022-03-07,Comm,0.22679166666666667,61.34,0.0672375
2022-03-08,Comm,-0.07238888888888889,46.38,0.22679166666666667
2022-03-09,Comm,0.011992000000000003,50.6,-0.07238888888888889
2022-03-10,Comm,0.03969583333333333,51.98,0.011992000000000003
2022-03-11,Comm,0.0103375,50.52,0.03969583333333333
2022-03-14,Comm,0.12009761904761902,56.0,0.0103375
2022-03-15,Comm,0.07650750000000002,53.83,0.12009761904761902
2022-03-16,Comm,-0.022750000000000003,48.86,0.07650750000000002
2022-03-17,Comm,-0.021733333333333327,48.91,-0.022750000000000003
2022-03-18,Comm,0.10883000000000001,55.44,-0.021733333333333327
2022-03-21,Comm,0.016645,50.83,0.10883000000000001
2022-03-22,Comm,0.10538888888888888,55.27,0.016645
2022-03-23,Comm,0.24509999999999998,62.26,0.10538888888888888
2022-03-24,Comm,0.007131250000000004,50.36,0.24509999999999998
2022-03-25,Comm,0.0,50.0,0.007131250000000004
2022-03-28,Comm,0.036686666666666666,51.83,0.0
2022-03-29,Comm,0.07982291666666667,53.99,0.036686666666666666
2022-03-30,Comm,0.16483333333333333,58.24,0.07982291666666667
2022-03-31,Comm,0.08014583333333333,54.01,0.16483333333333333
2022-04-01,Comm,0.020416666666666677,51.02,0.08014583333333333
2022-04-04,Comm,0.16870375,58.44,0.020416666666666677
2022-04-05,Comm,-0.032884,48.36,0.16870375
2022-04-06,Comm,0.09175,54.59,-0.032884
2022-04-07,Comm,0.08826874999999999,54.41,0.09175
2022-04-08,Comm,0.06922500000000001,53.46,0.08826874999999999
2022-04-11,Comm,0.037146078431372555,51.86,0.06922500000000001
2022-04-12,Comm,0.0411952380952381,52.06,0.037146078431372555
2022-04-13,Comm,0.08364375,54.18,0.0411952380952381
2022-04-14,Comm,-0.0895,45.52,0.08364375
2022-04-18,Comm,0.09382142857142857,54.69,-0.0895
2022-04-19,Comm,-0.023722666666666666,48.81,0.09382142857142857
2022-04-20,Comm,0.16590277777777776,58.3,-0.023722666666666666
2022-04-21,Comm,0.1549542105263158,57.75,0.16590277777777776
2022-04-22,Comm,-0.0038214285714285763,49.81,0.1549542105263158
2022-04-25,Comm,0.1283133333333333,56.42,-0.0038214285714285763
2022-04-26,Comm,0.0697325,53.49,0.1283133333333333
2022-04-27,Comm,0.11930654761904763,55.97,0.0697325
2022-04-28,Comm,0.12100666666666667,56.05,0.11930654761904763
2022-04-29,Comm,-0.04437000000000001,47.78,0.12100666666666667
2022-05-02,Comm,-0.03816599999999999,48.09,-0.04437000000000001
2022-05-03,Comm,0.17306666666666667,58.65,-0.03816599999999999
2022-05-04,Comm,-0.1363625,43.18,0.17306666666666667
2022-05-05,Comm,0.12058333333333335,56.03,-0.1363625
2022-05-06,Comm,0.030067,51.5,0.12058333333333335
2022-05-09,Comm,-0.05826,47.09,0.030067
2022-05-10,Comm,0.13625357142857142,56.81,-0.05826
2022-05-11,Comm,-0.044430000000000004,47.78,0.13625357142857142
2022-05-12,Comm,0.01994083333333333,51.0,-0.044430000000000004
2022-05-13,Comm,0.2657944444444445,63.29,0.01994083333333333
2022-05-16,Comm,-0.17697777777777776,41.15,0.2657944444444445
2022-05-17,Comm,-0.01530133333333333,49.23,-0.17697777777777776
2022-05-18,Comm,0.00787,50.39,-0.01530133333333333
2022-05-19,Comm,0.06384444444444444,53.19,0.00787
2022-05-20,Comm,-0.00039,49.98,0.06384444444444444
2022-05-23,Comm,0.1033875,55.17,-0.00039
2022-05-24,Comm,0.14484000000000002,57.24,0.1033875
2022-05-25,Comm,0.08567142857142858,54.28,0.14484000000000002
2022-05-26,Comm,0.09483,54.74,0.08567142857142858
2022-05-27,Comm,0.22437291666666667,61.22,0.09483
2022-05-31,Comm,0.012334444444444445,50.62,0.22437291666666667
2022-06-01,Comm,-0.22923749999999998,38.54,0.012334444444444445
2022-06-02,Comm,0.0045333333333333215,50.23,-0.22923749999999998
2022-06-03,Comm,0.09719666666666667,54.86,0.0045333333333333215
2022-06-06,Comm,0.05440666666666667,52.72,0.09719666666666667
2022-06-07,Comm,0.253775,62.69,0.05440666666666667
2022-06-08,Comm,0.15027333333333334,57.51,0.253775
2022-06-09,Comm,0.06975866666666666,53.49,0.15027333333333334
2022-06-10,Comm,0.012904000000000002,50.65,0.06975866666666666
2022-06-13,Comm,0.10822000000000001,55.41,0.012904000000000002
2022-06-14,Comm,0.2575,62.88,0.10822000000000001
2022-06-15,Comm,0.022746666666666672,51.14,0.2575
2022-06-16,Comm,0.10038999999999998,55.02,0.022746666666666672
2022-06-17,Comm,0.04364,52.18,0.10038999999999998
2022-06-21,Comm,0.07168571428571428,53.58,0.04364
2022-06-22,Comm,0.046158333333333336,52.31,0.07168571428571428
2022-06-23,Comm,-0.0008733333333333324,49.96,0.046158333333333336
2022-06-24,Comm,-0.030339999999999995,48.48,-0.0008733333333333324
2022-06-27,Comm,0.06918125,53.46,-0.030339999999999995
2022-06-28,Comm,0.17531249999999998,58.77,0.06918125
2022-06-29,Comm,-0.0024958333333333343,49.88,0.17531249999999998
2022-06-30,Comm,0.09654333333333334,54.83,-0.0024958333333333343
2022-07-01,Comm,0.24518333333333334,62.26,0.09654333333333334
2022-07-05,Comm,0.21210625,60.61,0.24518333333333334
2022-07-06,Comm,-0.20989444444444447,39.51,0.21210625
2022-07-07,Comm,0.0077,50.39,-0.20989444444444447
2022-07-08,Comm,0.027958333333333335,51.4,0.0077
2022-07-11,Comm,0.033730666666666666,51.69,0.027958333333333335
2022-07-12,Comm,0.1997666666666667,59.99,0.033730666666666666
2022-07-13,Comm,0.016254166666666674,50.81,0.1997666666666667
2022-07-14,Comm,-0.05409666666666666,47.3,0.016254166666666674
2022-07-15,Comm,-0.23984999999999998,38.01,-0.05409666666666666
2022-07-18,Comm,0.03842901785714286,51.92,-0.23984999999999998
2022-07-19,Comm,0.1076125,55.38,0.03842901785714286
2022-07-20,Comm,-0.1192125,44.04,0.1076125
2022-07-21,Comm,0.11974066666666668,55.99,-0.1192125
2022-07-22,Comm,0.06941166666666668,53.47,0.11974066666666668
2022-07-25,Comm,-0.020140555555555557,48.99,0.06941166666666668
2022-07-26,Comm,0.06271666666666666,53.14,-0.020140555555555557
2022-07-27,Comm,0.06413777777777778,53.21,0.06271666666666666
2022-07-28,Comm,-0.02644537037037037,48.68,0.06413777777777778
2022-07-29,Comm,0.15857500000000002,57.93,-0.02644537037037037
2022-08-01,Comm,0.07074861111111111,53.54,0.15857500000000002
2022-08-02,Comm,-0.037878125,48.11,0.07074861111111111
2022-08-03,Comm,0.095746,54.79,-0.037878125
2022-08-04,Comm,0.07512083333333335,53.76,0.095746
2022-08-05,Comm,0.1257125,56.29,0.07512083333333335
2022-08-08,Comm,-0.12651133333333334,43.67,0.1257125
2022-08-09,Comm,0.140975,57.05,-0.12651133333333334
2022-08-10,Comm,0.10597133333333333,55.3,0.140975
2022-08-11,Comm,0.06110000000000001,53.06,0.10597133333333333
2022-08-12,Comm,0.07163333333333334,53.58,0.06110000000000001
2022-08-15,Comm,0.03379,51.69,0.07163333333333334
2022-08-16,Comm,0.005422222222222224,50.27,0.03379
2022-08-17,Comm,-0.04501666666666666,47.75,0.005422222222222224
2022-08-18,Comm,0.0075812499999999994,50.38,-0.04501666666666666
2022-08-19,Comm,-0.04441875000000001,47.78,0.0075812499999999994
2022-08-22,Comm,0.13275666666666666,56.64,-0.04441875000000001
2022-08-23,Comm,0.022275,51.11,0.13275666666666666
2022-08-24,Comm,0.10275666666666668,55.14,0.022275
2022-08-25,Comm,-0.1303638888888889,43.48,0.10275666666666668
2022-08-26,Comm,0.040844666666666675,52.04,-0.1303638888888889
2022-08-29,Comm,0.037845,51.89,0.040844666666666675
2022-08-30,Comm,-0.23815,38.09,0.037845
2022-08-31,Comm,0.13906666666666667,56.95,-0.23815
2022-09-01,Comm,-0.04186666666666668,47.91,0.13906666666666667
2022-09-02,Comm,0.006475,50.32,-0.04186666666666668
2022-09-06,Comm,0.10244375,55.12,0.006475
2022-09-07,Comm,-0.12683571428571427,43.66,0.10244375
2022-09-08,Comm,0.1218802857142857,56.09,-0.12683571428571427
2022-09-09,Comm,0.044725,52.24,0.1218802857142857
2022-09-12,Comm,0.0370327380952381,51.85,0.044725
2022-09-13,Comm,-0.10949666666666667,44.53,0.0370327380952381
2022-09-14,Comm,0.0959575,54.8,-0.10949666666666667
2022-09-15,Comm,0.09381166666666667,54.69,0.0959575
2022-09-16,Comm,0.08328333333333333,54.16,0.09381166666666667
2022-09-19,Comm,0.02510568181818182,51.26,0.08328333333333333
2022-09-20,Comm,-0.0077624999999999994,49.61,0.02510568181818182
2022-09-21,Comm,0.06454533333333333,53.23,-0.0077624999999999994
2022-09-22,Comm,0.040049999999999995,52.0,0.06454533333333333
2022-09-23,Comm,0.055682499999999996,52.78,0.040049999999999995
2022-09-26,Comm,0.06302333333333333,53.15,0.055682499999999996
2022-09-27,Comm,0.13495208333333333,56.75,0.06302333333333333
2022-09-28,Comm,-0.07595142857142857,46.2,0.13495208333333333
2022-09-29,Comm,-0.1187,44.06,-0.07595142857142857
2022-09-30,Comm,0.0194,50.97,-0.1187
2022-10-03,Comm,0.265322,63.27,0.0194
2022-10-04,Comm,-0.06743999999999999,46.63,0.265322
2022-10-05,Comm,0.20753333333333335,60.38,-0.06743999999999999
2022-10-06,Comm,0.1048375,55.24,0.20753333333333335
2022-10-07,Comm,0.09031666666666667,54.52,0.1048375
2022-10-10,Comm,0.0051625,50.26,0.09031666666666667
2022-10-11,Comm,0.11694,55.85,0.0051625
2022-10-12,Comm,-0.040490000000000005,47.98,0.11694
2022-10-13,Comm,0.0540125,52.7,-0.040490000000000005
2022-10-14,Comm,0.24351666666666666,62.18,0.0540125
2022-10-17,Comm,0.064325,53.22,0.24351666666666666
2022-10-18,Comm,0.143636,57.18,0.064325
2022-10-19,Comm,0.07618958333333332,53.81,0.143636
2022-10-20,Comm,0.05701481481481482,52.85,0.07618958333333332
2022-10-21,Comm,-0.13788333333333333,43.11,0.05701481481481482
2022-10-24,Comm,0.13731041666666668,56.87,-0.13788333333333333
2022-10-25,Comm,0.002082222222222224,50.1,0.13731041666666668
2022-10-26,Comm,0.004016666666666666,50.2,0.002082222222222224
2022-10-27,Comm,0.08354083333333334,54.18,0.004016666666666666
2022-10-28,Comm,0.047776785714285716,52.39,0.08354083333333334
2022-10-31,Comm,0.177025,58.85,0.047776785714285716
2022-11-01,Comm,0.046356249999999995,52.32,0.177025
2022-11-02,Comm,0.0018458333333333382,50.09,0.046356249999999995
2022-11-03,Comm,0.11202999999999999,55.6,0.0018458333333333382
2022-11-04,Comm,0.04725,52.36,0.11202999999999999
2022-11-07,Comm,0.04322133333333334,52.16,0.04725
2022-11-08,Comm,0.049910576923076926,52.5,0.04322133333333334
2022-11-09,Comm,0.07333333333333335,53.67,0.049910576923076926
2022-11-10,Comm,0.006840000000000001,50.34,0.07333333333333335
2022-11-11,Comm,0.0431,52.15,0.006840000000000001
2022-11-14,Comm,0.09302166666666667,54.65,0.0431
2022-11-15,Comm,-0.029570833333333324,48.52,0.09302166666666667
2022-11-16,Comm,0.3184888888888889,65.92,-0.029570833333333324
2022-11-17,Comm,-0.025533333333333335,48.72,0.3184888888888889
2022-11-18,Comm,0.0,50.0,-0.025533333333333335
2022-11-21,Comm,0.0080625,50.4,0.0
2022-11-22,Comm,0.36696666666666666,68.35,0.0080625
2022-11-23,Comm,0.0103,50.52,0.36696666666666666
2022-11-25,Comm,0.16245833333333334,58.12,0.0103
2022-11-28,Comm,0.3203333333333333,66.02,0.16245833333333334
2022-11-29,Comm,0.30206666666666665,65.1,0.3203333333333333
2022-11-30,Comm,0.19433333333333333,59.72,0.30206666666666665
2022-12-01,Comm,0.08274666666666666,54.14,0.19433333333333333
2022-12-02,Comm,0.20031,60.02,0.08274666666666666
2022-12-05,Comm,0.0024378571428571427,50.12,0.20031
2022-12-06,Comm,0.027124999999999993,51.36,0.0024378571428571427
2022-12-07,Comm,0.0934625,54.67,0.027124999999999993
2022-12-08,Comm,0.05577222222222222,52.79,0.0934625
2022-12-09,Comm,0.05537500000000001,52.77,0.05577222222222222
2022-12-12,Comm,-0.06173888888888889,46.91,0.05537500000000001
2022-12-13,Comm,0.04239999999999999,52.12,-0.06173888888888889
2022-12-14,Comm,0.15660277777777779,57.83,0.04239999999999999
2022-12-15,Comm,0.008995,50.45,0.15660277777777779
2022-12-16,Comm,-0.19075499999999998,40.46,0.008995
2022-12-19,Comm,0.1008125,55.04,-0.19075499999999998
2022-12-20,Comm,0.29696666666666666,64.85,0.1008125
2022-12-21,Comm,-0.11268888888888888,44.37,0.29696666666666666
2022-12-22,Comm,-0.10341666666666666,44.83,-0.11268888888888888
2022-12-23,Comm,0.08653333333333334,54.33,-0.10341666666666666
2022-12-27,Comm,0.22173333333333334,61.09,0.08653333333333334
2022-12-28,Comm,0.010498333333333332,50.52,0.22173333333333334
2022-12-29,Comm,-0.047349999999999996,47.63,0.010498333333333332
2022-12-30,Comm,0.05927666666666667,52.96,-0.047349999999999996
2023-01-03,Comm,0.05863952380952381,52.93,0.05927666666666667
2023-01-04,Comm,0.003849999999999983,50.19,0.05863952380952381
2023-01-05,Comm,0.16378,58.19,0.003849999999999983
2023-01-06,Comm,0.14131,57.07,0.16378
2023-01-09,Comm,0.1665275,58.33,0.14131
2023-01-10,Comm,0.1708388888888889,58.54,0.1665275
2023-01-11,Comm,0.12788750000000002,56.39,0.1708388888888889
2023-01-12,Comm,0.14055166666666666,57.03,0.12788750000000002
2023-01-13,Comm,0.08825000000000001,54.41,0.14055166666666666
2023-01-17,Comm,0.22717500000000002,61.36,0.08825000000000001
2023-01-18,Comm,0.015933333333333334,50.8,0.22717500000000002
2023-01-19,Comm,0.12091944444444445,56.05,0.015933333333333334
2023-01-20,Comm,0.10418571428571427,55.21,0.12091944444444445
2023-01-23,Comm,0.04909,52.45,0.10418571428571427
2023-01-24,Comm,0.027105,51.36,0.04909
2023-01-25,Comm,-0.06121428571428571,46.94,0.027105
2023-01-26,Comm,0.27855056818181817,63.93,-0.06121428571428571
2023-01-27,Comm,0.08385600000000001,54.19,0.27855056818181817
2023-01-30,Comm,0.0484,52.42,0.08385600000000001
2023-01-31,Comm,-0.0077333333333333325,49.61,0.0484
2023-02-01,Comm,-0.06240363636363637,46.88,-0.0077333333333333325
2023-02-02,Comm,0.031377333333333327,51.57,-0.06240363636363637
2023-02-03,Comm,0.12014999999999998,56.01,0.031377333333333327
2023-02-06,Comm,0.0401025,52.01,0.12014999999999998
2023-02-07,Comm,0.17452300000000004,58.73,0.0401025
2023-02-08,Comm,0.0330375,51.65,0.17452300000000004
2023-02-09,Comm,0.2987,64.94,0.0330375
2023-02-10,Comm,0.034149999999999986,51.71,0.2987
2023-02-13,Comm,0.11223999999999999,55.61,0.034149999999999986
2023-02-14,Comm,-0.04715,47.64,0.11223999999999999
2023-02-15,Comm,0.28818,64.41,-0.04715
2023-02-16,Comm,-0.0035133333333333314,49.82,0.28818
2023-02-17,Comm,0.26785,63.39,-0.0035133333333333314
2023-02-21,Comm,0.06343666666666667,53.17,0.26785
2023-02-22,Comm,0.11335833333333334,55.67,0.06343666666666667
2023-02-23,Comm,-0.006290000000000001,49.69,0.11335833333333334
2023-02-24,Comm,0.0724,53.62,-0.006290000000000001
2023-02-27,Comm,0.009311111111111119,50.47,0.0724
2023-02-28,Comm,0.053287499999999995,52.66,0.009311111111111119
2023-03-01,Comm,-0.07891666666666666,46.05,0.053287499999999995
2023-03-02,Comm,0.14133500000000002,57.07,-0.07891666666666666
2023-03-03,Comm,-0.36060000000000003,31.97,0.14133500000000002
2023-03-06,Comm,0.11872,55.94,-0.36060000000000003
2023-03-07,Comm,0.27165,63.58,0.11872
2023-03-08,Comm,-0.203325,39.83,0.27165
2023-03-09,Comm,-0.022883333333333335,48.86,-0.203325
2023-03-10,Comm,0.03317333333333334,51.66,-0.022883333333333335
2023-03-13,Comm,0.06689444444444444,53.34,0.03317333333333334
2023-03-14,Comm,0.0038666666666666663,50.19,0.06689444444444444
2023-03-15,Comm,0.12963611111111112,56.48,0.0038666666666666663
2023-03-16,Comm,0.08149785714285715,54.07,0.12963611111111112
2023-03-17,Comm,0.01825,50.91,0.08149785714285715
2023-03-20,Comm,0.074002,53.7,0.01825
2023-03-21,Comm,0.083756,54.19,0.074002
2023-03-22,Comm,0.12071666666666665,56.04,0.083756
2023-03-23,Comm,0.2638125,63.19,0.12071666666666665
2023-03-24,Comm,0.18610000000000002,59.3,0.2638125
2023-03-27,Comm,0.14463809523809526,57.23,0.18610000000000002
2023-03-28,Comm,0.08000416666666667,54.0,0.14463809523809526
2023-03-29,Comm,0.058850000000000006,52.94,0.08000416666666667
2023-03-30,Comm,0.15470833333333334,57.74,0.058850000000000006
2023-03-31,Comm,0.23312,61.66,0.15470833333333334
2023-04-03,Comm,0.09303779761904762,54.65,0.23312
2023-04-04,Comm,0.05649,52.82,0.09303779761904762
2023-04-05,Comm,0.0187125,50.94,0.05649
2023-04-06,Comm,0.02990666666666667,51.5,0.0187125
2023-04-10,Comm,0.06466333333333334,53.23,0.02990666666666667
2023-04-11,Comm,-0.01615625,49.19,0.06466333333333334
2023-04-12,Comm,0.13044833333333333,56.52,-0.01615625
2023-04-13,Comm,0.09497619047619048,54.75,0.13044833333333333
2023-04-14,Comm,0.033758333333333335,51.69,0.09497619047619048
2023-04-17,Comm,0.03247111111111111,51.62,0.033758333333333335
2023-04-18,Comm,0.11035357142857144,55.52,0.03247111111111111
2023-04-19,Comm,0.037948888888888886,51.9,0.11035357142857144
2023-04-20,Comm,-0.0867880341880342,45.66,0.037948888888888886
2023-04-21,Comm,0.21397045454545455,60.7,-0.0867880341880342
2023-04-24,Comm,0.004606385281385288,50.23,0.21397045454545455
2023-04-25,Comm,-0.00046666666666666384,49.98,0.004606385281385288
2023-04-26,Comm,0.05710611111111112,52.86,-0.00046666666666666384
2023-04-27,Comm,0.1643531746031746,58.22,0.05710611111111112
2023-04-28,Comm,0.12959944444444446,56.48,0.1643531746031746
2023-05-01,Comm,-0.10100250000000002,44.95,0.12959944444444446
2023-05-02,Comm,0.07537166666666668,53.77,-0.10100250000000002
2023-05-03,Comm,-0.0029124999999999984,49.85,0.07537166666666668
2023-05-04,Comm,0.00669,50.33,-0.0029124999999999984
2023-05-05,Comm,0.1562,57.81,0.00669
2023-05-08,Comm,0.05247166666666667,52.62,0.1562
2023-05-09,Comm,0.04017,52.01,0.05247166666666667
2023-05-10,Comm,0.13032000000000002,56.52,0.04017
2023-05-11,Comm,0.13987047619047618,56.99,0.13032000000000002
2023-05-12,Comm,0.11263125000000002,55.63,0.13987047619047618
2023-05-15,Comm,0.06770466666666668,53.39,0.11263125000000002
2023-05-16,Comm,-0.02275,48.86,0.06770466666666668
2023-05-17,Comm,0.08163229166666668,54.08,-0.02275
2023-05-18,Comm,0.016046666666666667,50.8,0.08163229166666668
2023-05-19,Comm,0.038775,51.94,0.016046666666666667
2023-05-22,Comm,0.007943571428571439,50.4,0.038775
2023-05-23,Comm,0.04157916666666667,52.08,0.007943571428571439
2023-05-24,Comm,0.040454166666666666,52.02,0.04157916666666667
2023-05-25,Comm,0.0817,54.09,0.040454166666666666
2023-05-26,Comm,0.09204333333333334,54.6,0.0817
2023-05-30,Comm,-0.016356249999999996,49.18,0.09204333333333334
2023-05-31,Comm,-0.015931249999999997,49.2,-0.016356249999999996
2023-06-01,Comm,0.04095625,52.05,-0.015931249999999997
2023-06-02,Comm,0.0024660256410256416,50.12,0.04095625
2023-06-05,Comm,0.10254166666666667,55.13,0.0024660256410256416
2023-06-06,Comm,0.0534525,52.67,0.10254166666666667
2023-06-07,Comm,0.2632633333333333,63.16,0.0534525
2023-06-08,Comm,-0.006269444444444443,49.69,0.2632633333333333
2023-06-09,Comm,0.16075,58.04,-0.006269444444444443
2023-06-12,Comm,0.03009444444444444,51.5,0.16075
2023-06-13,Comm,-0.007624999999999996,49.62,0.03009444444444444
2023-06-14,Comm,0.08841666666666666,54.42,-0.007624999999999996
2023-06-15,Comm,0.02218166666666667,51.11,0.08841666666666666
2023-06-16,Comm,0.08273,54.14,0.02218166666666667
2023-06-20,Comm,0.116693,55.83,0.08273
2023-06-21,Comm,0.012033333333333333,50.6,0.116693
2023-06-22,Comm,0.077565,53.88,0.012033333333333333
2023-06-23,Comm,0.0561875,52.81,0.077565
2023-06-26,Comm,0.011501111111111111,50.58,0.0561875
2023-06-27,Comm,0.105348,55.27,0.011501111111111111
2023-06-28,Comm,0.012418750000000006,50.62,0.105348
2023-06-29,Comm,0.04255119047619048,52.13,0.012418750000000006
2023-06-30,Comm,0.012744444444444445,50.64,0.04255119047619048
2023-07-03,Comm,0.09005111111111112,54.5,0.012744444444444445
2023-07-05,Comm,0.1787,58.94,0.09005111111111112
2023-07-06,Comm,0.10670666666666666,55.34,0.1787
2023-07-07,Comm,-0.01021416666666667,49.49,0.10670666666666666
2023-07-10,Comm,0.055460416666666665,52.77,-0.01021416666666667
2023-07-11,Comm,0.024679999999999997,51.23,0.055460416666666665
2023-07-12,Comm,0.20567700000000003,60.28,0.024679999999999997
2023-07-13,Comm,-0.010954166666666668,49.45,0.20567700000000003
2023-07-14,Comm,0.21171225490196077,60.59,-0.010954166666666668
2023-07-17,Comm,0.021047179487179483,51.05,0.21171225490196077
2023-07-18,Comm,0.16569484848484847,58.28,0.021047179487179483
2023-07-19,Comm,0.17654289215686275,58.83,0.16569484848484847
2023-07-20,Comm,0.030770357142857148,51.54,0.17654289215686275
2023-07-21,Comm,0.1405904761904762,57.03,0.030770357142857148
2023-07-24,Comm,0.14758,57.38,0.1405904761904762
2023-07-25,Comm,-0.011483999999999994,49.43,0.14758
2023-07-26,Comm,0.15202766666666667,57.6,-0.011483999999999994
2023-07-27,Comm,0.12282714285714287,56.14,0.15202766666666667
2023-07-28,Comm,0.20801666666666668,60.4,0.12282714285714287
2023-07-31,Comm,0.03838698863636364,51.92,0.20801666666666668
2023-08-01,Comm,0.14025142857142858,57.01,0.03838698863636364
2023-08-02,Comm,0.03247333333333333,51.62,0.14025142857142858
2023-08-03,Comm,-0.01886428571428572,49.06,0.03247333333333333
2023-08-04,Comm,0.058288333333333345,52.91,-0.01886428571428572
2023-08-07,Comm,0.08297600000000001,54.15,0.058288333333333345
2023-08-08,Comm,0.2540694444444444,62.7,0.08297600000000001
2023-08-09,Comm,0.09467583333333335,54.73,0.2540694444444444
2023-08-10,Comm,-0.013137500000000002,49.34,0.09467583333333335
2023-08-11,Comm,0.06267916666666667,53.13,-0.013137500000000002
2023-08-14,Comm,0.06447083333333334,53.22,0.06267916666666667
2023-08-15,Comm,0.05376666666666667,52.69,0.06447083333333334
2023-08-16,Comm,0.05179,52.59,0.05376666666666667
2023-08-17,Comm,0.027775,51.39,0.05179
2023-08-18,Comm,0.12159375,56.08,0.027775
2023-08-21,Comm,0.0065552380952380975,50.33,0.12159375
2023-08-22,Comm,0.0994,54.97,0.0065552380952380975
2023-08-23,Comm,0.060753703703703706,53.04,0.0994
2023-08-24,Comm,0.03338888888888889,51.67,0.060753703703703706
2023-08-25,Comm,0.034133333333333335,51.71,0.03338888888888889
2023-08-28,Comm,0.14051,57.03,0.034133333333333335
2023-08-29,Comm,0.175225,58.76,0.14051
2023-08-30,Comm,0.08795555555555555,54.4,0.175225
2023-08-31,Comm,0.01633666666666666,50.82,0.08795555555555555
2023-09-01,Comm,0.08709375,54.35,0.01633666666666666
2023-09-05,Comm,0.294088,64.7,0.08709375
2023-09-06,Comm,0.19250166666666668,59.63,0.294088
2023-09-07,Comm,0.09962208333333333,54.98,0.19250166666666668
2023-09-08,Comm,0.15349266666666667,57.67,0.09962208333333333
2023-09-11,Comm,0.0465125,52.33,0.15349266666666667
2023-09-12,Comm,0.07142083333333332,53.57,0.0465125
2023-09-13,Comm,0.02736458333333333,51.37,0.07142083333333332
2023-09-14,Comm,0.1358,56.79,0.02736458333333333
2023-09-15,Comm,0.004149999999999987,50.21,0.1358
2023-09-18,Comm,0.025416666666666664,51.27,0.004149999999999987
2023-09-19,Comm,0.116925,55.85,0.025416666666666664
2023-09-20,Comm,0.12868333333333334,56.43,0.116925
2023-09-21,Comm,0.021643333333333337,51.08,0.12868333333333334
2023-09-22,Comm,-0.0005525000000000009,49.97,0.021643333333333337
2023-09-25,Comm,-0.035225000000000006,48.24,-0.0005525000000000009
2023-09-26,Comm,0.11770733333333334,55.89,-0.035225000000000006
2023-09-27,Comm,0.10714999999999998,55.36,0.11770733333333334
2023-09-28,Comm,0.16788857142857144,58.39,0.10714999999999998
2023-09-29,Comm,0.14423750000000002,57.21,0.16788857142857144
2023-10-02,Comm,0.187356,59.37,0.14423750000000002
2023-10-03,Comm,0.016133333333333333,50.81,0.187356
2023-10-04,Comm,0.17115952380952382,58.56,0.016133333333333333
2023-10-05,Comm,0.0954625,54.77,0.17115952380952382
2023-10-06,Comm,0.06407916666666667,53.2,0.0954625
2023-10-09,Comm,0.17556388888888888,58.78,0.06407916666666667
2023-10-10,Comm,0.0736325,53.68,0.17556388888888888
2023-10-11,Comm,0.0008749999999999964,50.04,0.0736325
2023-10-12,Comm,-0.061616666666666674,46.92,0.0008749999999999964
2023-10-13,Comm,0.008560416666666666,50.43,-0.061616666666666674
2023-10-16,Comm,0.1252625,56.26,0.008560416666666666
2023-10-17,Comm,-0.058783333333333326,47.06,0.1252625
2023-10-18,Comm,0.013355555555555553,50.67,-0.058783333333333326
2023-10-19,Comm,0.04622962962962963,52.31,0.013355555555555553
2023-10-20,Comm,0.007533333333333332,50.38,0.04622962962962963
2023-10-23,Comm,-0.016798749999999994,49.16,0.007533333333333332
2023-10-24,Comm,0.08727777777777779,54.36,-0.016798749999999994
2023-10-25,Comm,0.1574702380952381,57.87,0.08727777777777779
2023-10-26,Comm,0.08723504273504273,54.36,0.1574702380952381
2023-10-27,Comm,0.013022222222222227,50.65,0.08723504273504273
2023-10-30,Comm,0.06168666666666667,53.08,0.013022222222222227
2023-10-31,Comm,0.12,56.0,0.06168666666666667
2023-11-01,Comm,-0.00465333333333332,49.77,0.12
2023-11-02,Comm,0.020011666666666667,51.0,-0.00465333333333332
2023-11-03,Comm,0.037483333333333334,51.87,0.020011666666666667
2023-11-06,Comm,0.00581,50.29,0.037483333333333334
2023-11-07,Comm,0.10626250000000001,55.31,0.00581
2023-11-08,Comm,0.059312,52.97,0.10626250000000001
2023-11-09,Comm,0.10945023809523809,55.47,0.059312
2023-11-10,Comm,0.03966,51.98,0.10945023809523809
2023-11-13,Comm,0.044629166666666664,52.23,0.03966
2023-11-14,Comm,0.01335,50.67,0.044629166666666664
2023-11-15,Comm,0.0523625,52.62,0.01335
2023-11-16,Comm,-0.01948333333333333,49.03,0.0523625
2023-11-17,Comm,0.00935,50.47,-0.01948333333333333
2023-11-20,Comm,0.20491,60.25,0.00935
2023-11-21,Comm,0.11017777777777778,55.51,0.20491
2023-11-22,Comm,0.09814,54.91,0.11017777777777778
2023-11-24,Comm,0.13531433333333334,56.77,0.09814
2023-11-27,Comm,0.05578333333333333,52.79,0.13531433333333334
2023-11-28,Comm,0.13768333333333335,56.88,0.05578333333333333
2023-11-29,Comm,-0.006365333333333332,49.68,0.13768333333333335
2023-11-30,Comm,0.17339083333333333,58.67,-0.006365333333333332
2023-12-01,Comm,0.09615,54.81,0.17339083333333333
2023-12-04,Comm,0.021052083333333325,51.05,0.09615
2023-12-05,Comm,-0.005497243589743589,49.73,0.021052083333333325
2023-12-06,Comm,0.03194416666666666,51.6,-0.005497243589743589
2023-12-07,Comm,0.10443333333333334,55.22,0.03194416666666666
2023-12-08,Comm,0.021866666666666673,51.09,0.10443333333333334
2023-12-11,Comm,0.032145238095238095,51.61,0.021866666666666673
2023-12-12,Comm,0.12754179894179893,56.38,0.032145238095238095
2023-12-13,Comm,0.17477,58.74,0.12754179894179893
2023-12-14,Comm,0.17095555555555556,58.55,0.17477
2023-12-15,Comm,0.01145833333333333,50.57,0.17095555555555556
2023-12-18,Comm,0.14927600000000002,57.46,0.01145833333333333
2020-01-02,Consumer,-0.0700138095238095,46.5,
2020-01-03,Consumer,-0.23034791666666668,38.48,-0.0700138095238095
2020-01-06,Consumer,0.026227083333333335,51.31,-0.23034791666666668
2020-01-07,Consumer,0.08132750000000001,54.07,0.026227083333333335
2020-01-08,Consumer,0.07723214285714286,53.86,0.08132750000000001
2020-01-09,Consumer,0.1282181746031746,56.41,0.07723214285714286
2020-01-10,Consumer,0.12495799999999999,56.25,0.1282181746031746
2020-01-13,Consumer,0.027223714285714296,51.36,0.12495799999999999
2020-01-14,Consumer,0.011278333333333333,50.56,0.027223714285714296
2020-01-15,Consumer,0.034347380952380956,51.72,0.011278333333333333
2020-01-16,Consumer,0.0805975,54.03,0.034347380952380956
2020-01-17,Consumer,0.0728371111111111,53.64,0.0805975
2020-01-21,Consumer,0.10070840909090908,55.04,0.0728371111111111
2020-01-22,Consumer,0.08948190476190476,54.47,0.10070840909090908
2020-01-23,Consumer,0.106486,55.32,0.08948190476190476
2020-01-24,Consumer,0.04928641025641026,52.46,0.106486
2020-01-27,Consumer,0.09413722222222223,54.71,0.04928641025641026
2020-01-28,Consumer,0.05764571428571429,52.88,0.09413722222222223
2020-01-29,Consumer,0.005464809523809519,50.27,0.05764571428571429
2020-01-30,Consumer,-0.03794842857142858,48.1,0.005464809523809519
2020-01-31,Consumer,0.02476073232323232,51.24,-0.03794842857142858
2020-02-03,Consumer,0.1009135064935065,55.05,0.02476073232323232
2020-02-04,Consumer,0.08558999999999999,54.28,0.1009135064935065
2020-02-05,Consumer,0.020444212962962963,51.02,0.08558999999999999
2020-02-06,Consumer,0.13554027777777777,56.78,0.020444212962962963
2020-02-07,Consumer,0.18448541666666665,59.22,0.13554027777777777
2020-02-10,Consumer,-0.048616904761904764,47.57,0.18448541666666665
2020-02-11,Consumer,-0.09065016666666667,45.47,-0.048616904761904764
2020-02-12,Consumer,0.11260696078431373,55.63,-0.09065016666666667
2020-02-13,Consumer,0.002850166666666662,50.14,0.11260696078431373
2020-02-14,Consumer,-0.040176333333333335,47.99,0.002850166666666662
2020-02-18,Consumer,0.052236111111111115,52.61,-0.040176333333333335
2020-02-19,Consumer,0.12357,56.18,0.052236111111111115
2020-02-20,Consumer,-0.022733857142857142,48.86,0.12357
2020-02-21,Consumer,-0.028941666666666664,48.55,-0.022733857142857142
2020-02-24,Consumer,0.01328857142857143,50.66,-0.028941666666666664
2020-02-25,Consumer,0.17341942307692307,58.67,0.01328857142857143
2020-02-26,Consumer,0.007582142857142857,50.38,0.17341942307692307
2020-02-27,Consumer,0.02719688888888888,51.36,0.007582142857142857
2020-02-28,Consumer,-0.15373880952380953,42.31,0.02719688888888888
2020-03-02,Consumer,0.03244273504273504,51.62,-0.15373880952380953
2020-03-03,Consumer,-0.02930666666666667,48.53,0.03244273504273504
2020-03-04,Consumer,0.09807333333333332,54.9,-0.02930666666666667
2020-03-05,Consumer,0.008944597402597397,50.45,0.09807333333333332
2020-03-06,Consumer,-0.08301517857142858,45.85,0.008944597402597397
2020-03-09,Consumer,-0.013459743589743584,49.33,-0.08301517857142858
2020-03-10,Consumer,0.013630858585858587,50.68,-0.013459743589743584
2020-03-11,Consumer,0.0008045238095238088,50.04,0.013630858585858587
2020-03-12,Consumer,-0.010071755555555553,49.5,0.0008045238095238088
2020-03-13,Consumer,0.015550925925925921,50.78,-0.010071755555555553
2020-03-16,Consumer,-0.05189926811594203,47.41,0.015550925925925921
2020-03-17,Consumer,0.07516404761904763,53.76,-0.05189926811594203
2020-03-18,Consumer,0.0006428282828282922,50.03,0.07516404761904763
2020-03-19,Consumer,0.008341416666666669,50.42,0.0006428282828282922
2020-03-20,Consumer,0.06094961363636364,53.05,0.008341416666666669
2020-03-23,Consumer,0.03960185109008638,51.98,0.06094961363636364
2020-03-24,Consumer,0.11563116483516482,55.78,0.03960185109008638
2020-03-25,Consumer,0.14363219047619047,57.18,0.11563116483516482
2020-03-26,Consumer,0.1873183333333333,59.37,0.14363219047619047
2020-03-27,Consumer,0.061634102564102566,53.08,0.1873183333333333
2020-03-30,Consumer,0.06981064912280702,53.49,0.061634102564102566
2020-03-31,Consumer,-0.01064,49.47,0.06981064912280702
2020-04-01,Consumer,-0.12737888888888887,43.63,-0.01064
2020-04-02,Consumer,-0.018875,49.06,-0.12737888888888887
2020-04-03,Consumer,0.06434166666666667,53.22,-0.018875
2020-04-06,Consumer,0.13361227705627707,56.68,0.06434166666666667
2020-04-07,Consumer,0.145785797979798,57.29,0.13361227705627707
2020-04-08,Consumer,-0.023557980263157897,48.82,0.145785797979798
2020-04-09,Consumer,0.1476082142857143,57.38,-0.023557980263157897
2020-04-13,Consumer,-0.05718418881118882,47.14,0.1476082142857143
2020-04-14,Consumer,0.194127,59.71,-0.05718418881118882
2020-04-15,Consumer,-0.019541484848484846,49.02,0.194127
2020-04-16,Consumer,0.1913062801932367,59.57,-0.019541484848484846
2020-04-17,Consumer,0.09662033333333334,54.83,0.1913062801932367
2020-04-20,Consumer,0.033239238095238086,51.66,0.09662033333333334
2020-04-21,Consumer,-0.013213873873873874,49.34,0.033239238095238086
2020-04-22,Consumer,0.12915686274509805,56.46,-0.013213873873873874
2020-04-23,Consumer,-0.021152458874458872,48.94,0.12915686274509805
2020-04-24,Consumer,0.0004126666666666584,50.02,-0.021152458874458872
2020-04-27,Consumer,0.12529788888888888,56.26,0.0004126666666666584
2020-04-28,Consumer,0.07987788461538461,53.99,0.12529788888888888
2020-04-29,Consumer,0.05757745054945055,52.88,0.07987788461538461
2020-04-30,Consumer,0.027295416666666666,51.36,0.05757745054945055
2020-05-01,Consumer,0.11760466666666666,55.88,0.027295416666666666
2020-05-04,Consumer,0.06100193406593406,53.05,0.11760466666666666
2020-05-05,Consumer,0.11389866666666668,55.69,0.06100193406593406
2020-05-06,Consumer,0.07674151960784313,53.84,0.11389866666666668
2020-05-07,Consumer,0.09232777777777777,54.62,0.07674151960784313
2020-05-08,Consumer,0.043224285714285715,52.16,0.09232777777777777
2020-05-11,Consumer,0.08066748214285714,54.03,0.043224285714285715
2020-05-12,Consumer,0.08709316666666667,54.35,0.08066748214285714
2020-05-13,Consumer,0.08053422222222222,54.03,0.08709316666666667
2020-05-14,Consumer,0.02702123529411765,51.35,0.08053422222222222
2020-05-15,Consumer,0.04525925925925926,52.26,0.02702123529411765
2020-05-18,Consumer,0.09270615384615385,54.64,0.04525925925925926
2020-05-19,Consumer,0.04842276923076923,52.42,0.09270615384615385
2020-05-20,Consumer,-0.011003480392156862,49.45,0.04842276923076923
2020-05-21,Consumer,0.06414921212121212,53.21,-0.011003480392156862
2020-05-22,Consumer,-0.006991111111111105,49.65,0.06414921212121212
2020-05-26,Consumer,0.15042682142857142,57.52,-0.006991111111111105
2020-05-27,Consumer,0.0853596212121212,54.27,0.15042682142857142
2020-05-28,Consumer,0.072664,53.63,0.0853596212121212
2020-05-29,Consumer,0.08024990476190477,54.01,0.072664
2020-06-01,Consumer,0.04882191866028709,52.44,0.08024990476190477
2020-06-02,Consumer,-0.13008966666666666,43.5,0.04882191866028709
2020-06-03,Consumer,0.09213952380952381,54.61,-0.13008966666666666
2020-06-04,Consumer,0.06520625000000001,53.26,0.09213952380952381
2020-06-05,Consumer,-0.01625555555555556,49.19,0.06520625000000001
2020-06-08,Consumer,0.03983766666666666,51.99,-0.01625555555555556
2020-06-09,Consumer,0.10163210227272729,55.08,0.03983766666666666
2020-06-10,Consumer,-0.0018400261437908545,49.91,0.10163210227272729
2020-06-11,Consumer,0.04104095238095238,52.05,-0.0018400261437908545
2020-06-12,Consumer,0.00865866666666667,50.43,0.04104095238095238
2020-06-15,Consumer,0.009543961038961041,50.48,0.00865866666666667
2020-06-16,Consumer,0.08229166666666668,54.11,0.009543961038961041
2020-06-17,Consumer,0.17406516666666666,58.7,0.08229166666666668
2020-06-18,Consumer,0.03977247619047619,51.99,0.17406516666666666
2020-06-19,Consumer,-0.0491928888888889,47.54,0.03977247619047619
2020-06-22,Consumer,0.027109499999999998,51.36,-0.0491928888888889
2020-06-23,Consumer,0.16102466666666668,58.05,0.027109499999999998
2020-06-24,Consumer,0.020888166666666673,51.04,0.16102466666666668
2020-06-25,Consumer,0.08746373333333335,54.37,0.020888166666666673
2020-06-26,Consumer,0.06869313725490196,53.43,0.08746373333333335
2020-06-29,Consumer,0.02901584615384615,51.45,0.06869313725490196
2020-06-30,Consumer,0.11343133333333333,55.67,0.02901584615384615
2020-07-01,Consumer,0.010851038961038978,50.54,0.11343133333333333
2020-07-02,Consumer,0.132428,56.62,0.010851038961038978
2020-07-06,Consumer,0.028039095238095234,51.4,0.132428
2020-07-07,Consumer,0.11318931818181818,55.66,0.028039095238095234
2020-07-08,Consumer,0.06966416666666667,53.48,0.11318931818181818
2020-07-09,Consumer,0.04728535714285714,52.36,0.06966416666666667
2020-07-10,Consumer,-0.006964285714285716,49.65,0.04728535714285714
2020-07-13,Consumer,0.021126761904761905,51.06,-0.006964285714285716
2020-07-14,Consumer,0.05972047619047619,52.99,0.021126761904761905
2020-07-15,Consumer,0.10480257142857144,55.24,0.05972047619047619
2020-07-16,Consumer,0.1316243650793651,56.58,0.10480257142857144
2020-07-17,Consumer,0.058640000000000005,52.93,0.1316243650793651
2020-07-20,Consumer,0.09994058441558443,55.0,0.058640000000000005
2020-07-21,Consumer,0.203759751552795,60.19,0.09994058441558443
2020-07-22,Consumer,0.092662,54.63,0.203759751552795
2020-07-23,Consumer,0.057724038461538466,52.89,0.092662
2020-07-24,Consumer,-0.021293833333333335,48.94,0.057724038461538466
2020-07-27,Consumer,0.017186111111111114,50.86,-0.021293833333333335
2020-07-28,Consumer,0.06920504761904762,53.46,0.017186111111111114
2020-07-29,Consumer,0.06396388888888889,53.2,0.06920504761904762
2020-07-30,Consumer,0.05456066666666667,52.73,0.06396388888888889
2020-07-31,Consumer,0.050687142857142854,52.53,0.05456066666666667
2020-08-03,Consumer,0.009408705882352944,50.47,0.050687142857142854
2020-08-04,Consumer,0.15952474747474749,57.98,0.009408705882352944
2020-08-05,Consumer,0.07067094117647059,53.53,0.15952474747474749
2020-08-06,Consumer,0.023632666666666663,51.18,0.07067094117647059
2020-08-07,Consumer,0.15079583333333332,57.54,0.023632666666666663
2020-08-10,Consumer,0.05503251082251083,52.75,0.15079583333333332
2020-08-11,Consumer,0.00022437499999999888,50.01,0.05503251082251083
2020-08-12,Consumer,0.0795875,53.98,0.00022437499999999888
2020-08-13,Consumer,-0.02278404761904763,48.86,0.0795875
2020-08-14,Consumer,-0.046771875,47.66,-0.02278404761904763
2020-08-17,Consumer,0.06117518518518519,53.06,-0.046771875
2020-08-18,Consumer,0.06116080357142857,53.06,0.06117518518518519
2020-08-19,Consumer,0.16562636363636365,58.28,0.06116080357142857
2020-08-20,Consumer,0.10902,55.45,0.16562636363636365
2020-08-21,Consumer,0.19260033333333332,59.63,0.10902
2020-08-24,Consumer,0.04461285714285714,52.23,0.19260033333333332
2020-08-25,Consumer,0.08678749999999999,54.34,0.04461285714285714
2020-08-26,Consumer,-0.004030357142857141,49.8,0.08678749999999999
2020-08-27,Consumer,-0.004821754385964913,49.76,-0.004030357142857141
2020-08-28,Consumer,-0.03474900284900285,48.26,-0.004821754385964913
2020-08-31,Consumer,0.017386176470588238,50.87,-0.03474900284900285
2020-09-01,Consumer,0.07842410714285714,53.92,0.017386176470588238
2020-09-02,Consumer,0.10792333333333334,55.4,0.07842410714285714
2020-09-03,Consumer,0.10045089285714286,55.02,0.10792333333333334
2020-09-04,Consumer,0.035274,51.76,0.10045089285714286
2020-09-08,Consumer,0.018921969696969698,50.95,0.035274
2020-09-09,Consumer,0.11436212121212122,55.72,0.018921969696969698
2020-09-10,Consumer,0.19368124999999997,59.68,0.11436212121212122
2020-09-11,Consumer,0.07267708333333334,53.63,0.19368124999999997
2020-09-14,Consumer,0.03919861904761905,51.96,0.07267708333333334
2020-09-15,Consumer,0.17283511904761906,58.64,0.03919861904761905
2020-09-16,Consumer,-0.08566666666666667,45.72,0.17283511904761906
2020-09-17,Consumer,0.15774000000000002,57.89,-0.08566666666666667
2020-09-18,Consumer,0.0722059090909091,53.61,0.15774000000000002
2020-09-21,Consumer,0.08963433333333334,54.48,0.0722059090909091
2020-09-22,Consumer,0.07111525641025641,53.56,0.08963433333333334
2020-09-23,Consumer,0.10913166666666667,55.46,0.07111525641025641
2020-09-24,Consumer,0.18320238095238095,59.16,0.10913166666666667
2020-09-25,Consumer,0.07012916666666666,53.51,0.18320238095238095
2020-09-28,Consumer,0.05991515151515151,53.0,0.07012916666666666
2020-09-29,Consumer,0.17894349206349205,58.95,0.05991515151515151
2020-09-30,Consumer,0.07473800865800866,53.74,0.17894349206349205
2020-10-01,Consumer,0.024470000000000002,51.22,0.07473800865800866
2020-10-02,Consumer,0.06831636904761904,53.42,0.024470000000000002
2020-10-05,Consumer,0.07650266666666668,53.83,0.06831636904761904
2020-10-06,Consumer,0.08606555555555556,54.3,0.07650266666666668
2020-10-07,Consumer,0.10205982142857142,55.1,0.08606555555555556
2020-10-08,Consumer,0.08023547619047619,54.01,0.10205982142857142
2020-10-09,Consumer,0.0647742857142857,53.24,0.08023547619047619
2020-10-12,Consumer,0.14782948717948716,57.39,0.0647742857142857
2020-10-13,Consumer,0.005007192982456138,50.25,0.14782948717948716
2020-10-14,Consumer,0.13617008928571428,56.81,0.005007192982456138
2020-10-15,Consumer,0.03322181818181818,51.66,0.13617008928571428
2020-10-16,Consumer,0.11083333333333334,55.54,0.03322181818181818
2020-10-19,Consumer,0.1524895238095238,57.62,0.11083333333333334
2020-10-20,Consumer,0.1890125,59.45,0.1524895238095238
2020-10-21,Consumer,0.1434976785714286,57.17,0.1890125
2020-10-22,Consumer,0.1137856283891547,55.69,0.1434976785714286
2020-10-23,Consumer,0.22119833333333333,61.06,0.1137856283891547
2020-10-26,Consumer,0.040060000000000005,52.0,0.22119833333333333
2020-10-27,Consumer,0.16929000000000002,58.46,0.040060000000000005
2020-10-28,Consumer,-0.010985,49.45,0.16929000000000002
2020-10-29,Consumer,0.04081976190476191,52.04,-0.010985
2020-10-30,Consumer,0.1453228888888889,57.27,0.04081976190476191
2020-11-02,Consumer,0.0571738888888889,52.86,0.1453228888888889
2020-11-03,Consumer,0.0704897142857143,53.52,0.0571738888888889
2020-11-04,Consumer,0.06254952380952382,53.13,0.0704897142857143
2020-11-05,Consumer,-0.006129999999999998,49.69,0.06254952380952382
2020-11-06,Consumer,0.06907178571428571,53.45,-0.006129999999999998
2020-11-09,Consumer,0.06591642857142857,53.3,0.06907178571428571
2020-11-10,Consumer,0.1502638888888889,57.51,0.06591642857142857
2020-11-11,Consumer,0.08131333333333333,54.07,0.1502638888888889
2020-11-12,Consumer,-0.005603235930735931,49.72,0.08131333333333333
2020-11-13,Consumer,0.18568281573498965,59.28,-0.005603235930735931
2020-11-16,Consumer,0.022475000000000005,51.12,0.18568281573498965
2020-11-17,Consumer,0.20896631578947367,60.45,0.022475000000000005
2020-11-18,Consumer,0.09068333333333334,54.53,0.20896631578947367
2020-11-19,Consumer,-0.13918333333333333,43.04,0.09068333333333334
2020-11-20,Consumer,0.04436324404761905,52.22,-0.13918333333333333
2020-11-23,Consumer,0.12636339560439563,56.32,0.04436324404761905
2020-11-24,Consumer,0.04571875,52.29,0.12636339560439563
2020-11-25,Consumer,0.12543125,56.27,0.04571875
2020-11-27,Consumer,0.13417600000000002,56.71,0.12543125
2020-11-30,Consumer,0.12468375000000001,56.23,0.13417600000000002
2020-12-01,Consumer,0.04109166666666667,52.05,0.12468375000000001
2020-12-02,Consumer,0.046773555555555554,52.34,0.04109166666666667
2020-12-03,Consumer,0.07715583333333333,53.86,0.046773555555555554
2020-12-04,Consumer,0.039920833333333336,52.0,0.07715583333333333
2020-12-07,Consumer,0.034422190476190474,51.72,0.039920833333333336
2020-12-08,Consumer,0.09968611111111111,54.98,0.034422190476190474
2020-12-09,Consumer,0.02733537878787879,51.37,0.09968611111111111
2020-12-10,Consumer,0.057187809523809516,52.86,0.02733537878787879
2020-12-11,Consumer,0.05407143859649123,52.7,0.057187809523809516
2020-12-14,Consumer,0.05197633333333333,52.6,0.05407143859649123
2020-12-15,Consumer,0.05631571428571428,52.82,0.05197633333333333
2020-12-16,Consumer,0.09171866666666667,54.59,0.05631571428571428
2020-12-17,Consumer,0.176637,58.83,0.09171866666666667
2020-12-18,Consumer,0.12360066666666666,56.18,0.176637
2020-12-21,Consumer,0.09608633333333334,54.8,0.12360066666666666
2020-12-22,Consumer,0.033966,51.7,0.09608633333333334
2020-12-23,Consumer,0.119937,56.0,0.033966
2020-12-24,Consumer,0.12125875,56.06,0.119937
2020-12-28,Consumer,0.11694972727272726,55.85,0.12125875
2020-12-29,Consumer,0.1398507777777778,56.99,0.11694972727272726
2020-12-30,Consumer,0.23922083333333333,61.96,0.1398507777777778
2020-12-31,Consumer,0.2062755555555556,60.31,0.23922083333333333
2021-01-04,Consumer,0.0213148888888889,51.07,0.2062755555555556
2021-01-05,Consumer,0.03788166666666667,51.89,0.0213148888888889
2021-01-06,Consumer,0.045183333333333325,52.26,0.03788166666666667
2021-01-07,Consumer,0.05210033333333334,52.61,0.045183333333333325
2021-01-08,Consumer,0.180001,59.0,0.05210033333333334
2021-01-11,Consumer,0.11077666666666666,55.54,0.180001
2021-01-12,Consumer,0.07829666666666665,53.91,0.11077666666666666
2021-01-13,Consumer,-0.020394999999999996,48.98,0.07829666666666665
2021-01-14,Consumer,0.031646428571428575,51.58,-0.020394999999999996
2021-01-15,Consumer,0.011461666666666665,50.57,0.031646428571428575
2021-01-19,Consumer,0.053359272727272734,52.67,0.011461666666666665
2021-01-20,Consumer,-0.02241375,48.88,0.053359272727272734
2021-01-21,Consumer,0.070890625,53.54,-0.02241375
2021-01-22,Consumer,0.054915625,52.75,0.070890625
2021-01-25,Consumer,0.0406925,52.03,0.054915625
2021-01-26,Consumer,0.04391833333333332,52.2,0.0406925
2021-01-27,Consumer,-0.05840285714285713,47.08,0.04391833333333332
2021-01-28,Consumer,0.10682580952380952,55.34,-0.05840285714285713
2021-01-29,Consumer,0.10544097222222222,55.27,0.10682580952380952
2021-02-01,Consumer,0.04089333333333333,52.04,0.10544097222222222
2021-02-02,Consumer,0.07717666666666666,53.86,0.04089333333333333
2021-02-03,Consumer,-0.005812500000000002,49.71,0.07717666666666666
2021-02-04,Consumer,0.06810533333333332,53.41,-0.005812500000000002
2021-02-05,Consumer,-0.015886666666666664,49.21,0.06810533333333332
2021-02-08,Consumer,0.08497771428571428,54.25,-0.015886666666666664
2021-02-09,Consumer,0.004764047619047621,50.24,0.08497771428571428
2021-02-10,Consumer,0.15900208333333332,57.95,0.004764047619047621
2021-02-11,Consumer,0.019048333333333323,50.95,0.15900208333333332
2021-02-12,Consumer,0.022622,51.13,0.019048333333333323
2021-02-16,Consumer,0.0722885238095238,53.61,0.022622
2021-02-17,Consumer,0.06024833333333333,53.01,0.0722885238095238
2021-02-18,Consumer,0.051572952380952386,52.58,0.06024833333333333
2021-02-19,Consumer,0.08289444444444445,54.14,0.051572952380952386
2021-02-22,Consumer,0.07813083333333333,53.91,0.08289444444444445
2021-02-23,Consumer,0.0666172619047619,53.33,0.07813083333333333
2021-02-24,Consumer,0.09330000000000001,54.66,0.0666172619047619
2021-02-25,Consumer,0.0357407380952381,51.79,0.09330000000000001
2021-02-26,Consumer,0.0853095,54.27,0.0357407380952381
2021-03-01,Consumer,0.1733875,58.67,0.0853095
2021-03-02,Consumer,0.06038999999999999,53.02,0.1733875
2021-03-03,Consumer,0.02712214285714285,51.36,0.06038999999999999
2021-03-04,Consumer,-0.06785909090909091,46.61,0.02712214285714285
2021-03-05,Consumer,0.1115625,55.58,-0.06785909090909091
2021-03-08,Consumer,0.1489625,57.45,0.1115625
2021-03-09,Consumer,0.07502249999999999,53.75,0.1489625
2021-03-10,Consumer,0.10316109090909091,55.16,0.07502249999999999
2021-03-11,Consumer,0.0694052380952381,53.47,0.10316109090909091
2021-03-12,Consumer,0.032449047619047634,51.62,0.0694052380952381
2021-03-15,Consumer,0.09107785714285714,54.55,0.032449047619047634
2021-03-16,Consumer,0.1265445,56.33,0.09107785714285714
2021-03-17,Consumer,0.126465,56.32,0.1265445
2021-03-18,Consumer,0.07053266666666666,53.53,0.126465
2021-03-19,Consumer,0.04538761904761904,52.27,0.07053266666666666
2021-03-22,Consumer,0.104698,55.23,0.04538761904761904
2021-03-23,Consumer,0.17171499999999998,58.59,0.104698
2021-03-24,Consumer,0.1195784090909091,55.98,0.17171499999999998
2021-03-25,Consumer,0.03043314285714286,51.52,0.1195784090909091
2021-03-26,Consumer,0.030124603174603172,51.51,0.03043314285714286
2021-03-29,Consumer,0.03622028571428571,51.81,0.030124603174603172
2021-03-30,Consumer,0.08961,54.48,0.03622028571428571
2021-03-31,Consumer,0.12532666666666667,56.27,0.08961
2021-04-01,Consumer,-0.021765,48.91,0.12532666666666667
2021-04-05,Consumer,0.13790666666666668,56.9,-0.021765
2021-04-06,Consumer,0.03187138888888888,51.59,0.13790666666666668
2021-04-07,Consumer,0.011946000000000002,50.6,0.03187138888888888
2021-04-08,Consumer,0.20576957142857144,60.29,0.011946000000000002
2021-04-09,Consumer,0.13042142857142858,56.52,0.20576957142857144
2021-04-12,Consumer,0.17604380952380955,58.8,0.13042142857142858
2021-04-13,Consumer,0.1398633333333333,56.99,0.17604380952380955
2021-04-14,Consumer,0.049459166666666665,52.47,0.1398633333333333
2021-04-15,Consumer,-0.05360023809523809,47.32,0.049459166666666665
2021-04-16,Consumer,0.16574645833333335,58.29,-0.05360023809523809
2021-04-19,Consumer,0.10649607843137257,55.32,0.16574645833333335
2021-04-20,Consumer,0.04415650793650793,52.21,0.10649607843137257
2021-04-21,Consumer,0.07903333333333333,53.95,0.04415650793650793
2021-04-22,Consumer,0.141775,57.09,0.07903333333333333
2021-04-23,Consumer,0.031236666666666673,51.56,0.141775
2021-04-26,Consumer,0.0824313725490196,54.12,0.031236666666666673
2021-04-27,Consumer,0.04885571428571429,52.44,0.0824313725490196
2021-04-28,Consumer,0.11154850000000001,55.58,0.04885571428571429
2021-04-29,Consumer,0.14494041666666668,57.25,0.11154850000000001
2021-04-30,Consumer,0.08503437500000001,54.25,0.14494041666666668
2021-05-03,Consumer,0.06674361904761905,53.34,0.08503437500000001
2021-05-04,Consumer,0.096473125,54.82,0.06674361904761905
2021-05-05,Consumer,0.04278472222222223,52.14,0.096473125
2021-05-06,Consumer,0.062096,53.1,0.04278472222222223
2021-05-07,Consumer,-0.06802666666666667,46.6,0.062096
2021-05-10,Consumer,0.0075416666666666635,50.38,-0.06802666666666667
2021-05-11,Consumer,0.04430533333333333,52.22,0.0075416666666666635
2021-05-12,Consumer,-0.020612500000000002,48.97,0.04430533333333333
2021-05-13,Consumer,0.2735,63.68,-0.020612500000000002
2021-05-14,Consumer,-0.02725394021739131,48.64,0.2735
2021-05-17,Consumer,0.005691137770897832,50.28,-0.02725394021739131
2021-05-18,Consumer,0.12366919642857144,56.18,0.005691137770897832
2021-05-19,Consumer,0.0019246666666666635,50.1,0.12366919642857144
2021-05-20,Consumer,0.09605166666666667,54.8,0.0019246666666666635
2021-05-21,Consumer,-0.007571130952380955,49.62,0.09605166666666667
2021-05-24,Consumer,0.12555188888888888,56.28,-0.007571130952380955
2021-05-25,Consumer,0.12317847222222222,56.16,0.12555188888888888
2021-05-26,Consumer,0.1412784090909091,57.06,0.12317847222222222
2021-05-27,Consumer,0.07371999999999998,53.69,0.1412784090909091
2021-05-28,Consumer,0.25740833333333335,62.87,0.07371999999999998
2021-06-01,Consumer,0.17556294871794872,58.78,0.25740833333333335
2021-06-02,Consumer,0.043362857142857134,52.17,0.17556294871794872
2021-06-03,Consumer,0.11261333333333332,55.63,0.043362857142857134
2021-06-04,Consumer,0.02912933333333334,51.46,0.11261333333333332
2021-06-07,Consumer,0.032663611111111115,51.63,0.02912933333333334
2021-06-08,Consumer,-0.06260520833333333,46.87,0.032663611111111115
2021-06-09,Consumer,-0.02338333333333333,48.83,-0.06260520833333333
2021-06-10,Consumer,0.022729833333333328,51.14,-0.02338333333333333
2021-06-11,Consumer,0.03107833333333333,51.55,0.022729833333333328
2021-06-14,Consumer,0.035148253968253974,51.76,0.03107833333333333
2021-06-15,Consumer,0.08708333333333333,54.35,0.035148253968253974
2021-06-16,Consumer,0.0995237142857143,54.98,0.08708333333333333
2021-06-17,Consumer,-0.027425,48.63,0.0995237142857143
2021-06-18,Consumer,0.2652816666666667,63.26,-0.027425
2021-06-21,Consumer,0.013358492063492067,50.67,0.2652816666666667
2021-06-22,Consumer,0.056401,52.82,0.013358492063492067
2021-06-23,Consumer,0.08662966666666667,54.33,0.056401
2021-06-24,Consumer,0.13457499999999997,56.73,0.08662966666666667
2021-06-25,Consumer,0.17041833333333334,58.52,0.13457499999999997
2021-06-28,Consumer,0.03168507936507936,51.58,0.17041833333333334
2021-06-29,Consumer,0.0003514285714285692,50.02,0.03168507936507936
2021-06-30,Consumer,-0.10446899999999999,44.78,0.0003514285714285692
2021-07-01,Consumer,0.029523333333333335,51.48,-0.10446899999999999
2021-07-02,Consumer,0.22846666666666665,61.42,0.029523333333333335
2021-07-06,Consumer,0.105436,55.27,0.22846666666666665
2021-07-07,Consumer,0.11741333333333333,55.87,0.105436
2021-07-08,Consumer,0.07237,53.62,0.11741333333333333
2021-07-09,Consumer,0.113155,55.66,0.07237
2021-07-12,Consumer,-0.028342222222222224,48.58,0.113155
2021-07-13,Consumer,0.17312500000000003,58.66,-0.028342222222222224
2021-07-14,Consumer,-0.027685333333333333,48.62,0.17312500000000003
2021-07-15,Consumer,0.007449999999999998,50.37,-0.027685333333333333
2021-07-16,Consumer,0.08300793650793652,54.15,0.007449999999999998
2021-07-19,Consumer,0.07317472727272728,53.66,0.08300793650793652
2021-07-20,Consumer,0.07092375,53.55,0.07317472727272728
2021-07-21,Consumer,0.028478749999999997,51.42,0.07092375
2021-07-22,Consumer,0.022590000000000002,51.13,0.028478749999999997
2021-07-23,Consumer,0.0890425,54.45,0.022590000000000002
2021-07-26,Consumer,0.11093125000000001,55.55,0.0890425
2021-07-27,Consumer,0.0006822916666666679,50.03,0.11093125000000001
2021-07-28,Consumer,0.10123333333333334,55.06,0.0006822916666666679
2021-07-29,Consumer,0.08077866666666667,54.04,0.10123333333333334
2021-07-30,Consumer,0.06275761904761905,53.14,0.08077866666666667
2021-08-02,Consumer,0.08538257575757574,54.27,0.06275761904761905
2021-08-03,Consumer,0.16279464285714285,58.14,0.08538257575757574
2021-08-04,Consumer,-0.056341666666666665,47.18,0.16279464285714285
2021-08-05,Consumer,0.18742166666666665,59.37,-0.056341666666666665
2021-08-06,Consumer,0.06594166666666668,53.3,0.18742166666666665
2021-08-09,Consumer,0.04914121212121212,52.46,0.06594166666666668
2021-08-10,Consumer,0.050458333333333334,52.52,0.04914121212121212
2021-08-11,Consumer,0.12892,56.45,0.050458333333333334
2021-08-12,Consumer,0.057917916666666666,52.9,0.12892
2021-08-13,Consumer,0.11718894736842105,55.86,0.057917916666666666
2021-08-16,Consumer,0.010839473684210527,50.54,0.11718894736842105
2021-08-17,Consumer,0.0003892592592592582,50.02,0.010839473684210527
2021-08-18,Consumer,0.11823145833333334,55.91,0.0003892592592592582
2021-08-19,Consumer,0.0371,51.86,0.11823145833333334
2021-08-20,Consumer,0.09964999999999999,54.98,0.0371
2021-08-23,Consumer,0.036929166666666666,51.85,0.09964999999999999
2021-08-24,Consumer,0.018405357142857143,50.92,0.036929166666666666
2021-08-25,Consumer,0.15036791666666666,57.52,0.018405357142857143
2021-08-26,Consumer,0.020220833333333334,51.01,0.15036791666666666
2021-08-27,Consumer,0.032878787878787875,51.64,0.020220833333333334
2021-08-30,Consumer,0.13707940476190475,56.85,0.032878787878787875
2021-08-31,Consumer,-0.009732857142857146,49.51,0.13707940476190475
2021-09-01,Consumer,0.1785652380952381,58.93,-0.009732857142857146
2021-09-02,Consumer,0.037965000000000006,51.9,0.1785652380952381
2021-09-03,Consumer,0.14561000000000002,57.28,0.037965000000000006
2021-09-07,Consumer,0.073485,53.67,0.14561000000000002
2021-09-08,Consumer,0.06882833333333334,53.44,0.073485
2021-09-09,Consumer,0.041593333333333336,52.08,0.06882833333333334
2021-09-10,Consumer,0.033190000000000004,51.66,0.041593333333333336
2021-09-13,Consumer,0.08141316017316017,54.07,0.033190000000000004
2021-09-14,Consumer,0.11166833333333334,55.58,0.08141316017316017
2021-09-15,Consumer,0.06972166666666665,53.49,0.11166833333333334
2021-09-16,Consumer,-0.078058,46.1,0.06972166666666665
2021-09-17,Consumer,0.21404833333333334,60.7,-0.078058
2021-09-20,Consumer,0.09697364835164836,54.85,0.21404833333333334
2021-09-21,Consumer,-0.002750476190476192,49.86,0.09697364835164836
2021-09-22,Consumer,0.17579666666666666,58.79,-0.002750476190476192
2021-09-23,Consumer,0.10528761904761905,55.26,0.17579666666666666
2021-09-24,Consumer,0.004783437500000005,50.24,0.10528761904761905
2021-09-27,Consumer,0.08821380952380953,54.41,0.004783437500000005
2021-09-28,Consumer,0.11322833333333335,55.66,0.08821380952380953
2021-09-29,Consumer,0.25714000000000004,62.86,0.11322833333333335
2021-09-30,Consumer,0.02436119047619048,51.22,0.25714000000000004
2021-10-01,Consumer,0.1426938095238095,57.13,0.02436119047619048
2021-10-04,Consumer,0.04696833333333334,52.35,0.1426938095238095
2021-10-05,Consumer,0.015545333333333333,50.78,0.04696833333333334
2021-10-06,Consumer,0.12604933333333335,56.3,0.015545333333333333
2021-10-07,Consumer,0.048624999999999995,52.43,0.12604933333333335
2021-10-08,Consumer,0.170253125,58.51,0.048624999999999995
2021-10-11,Consumer,0.05944121212121212,52.97,0.170253125
2021-10-12,Consumer,0.07396312499999999,53.7,0.05944121212121212
2021-10-13,Consumer,0.029568749999999998,51.48,0.07396312499999999
2021-10-14,Consumer,0.15574613095238096,57.79,0.029568749999999998
2021-10-15,Consumer,0.10359444444444443,55.18,0.15574613095238096
2021-10-18,Consumer,0.01003371212121212,50.5,0.10359444444444443
2021-10-19,Consumer,0.09653385416666668,54.83,0.01003371212121212
2021-10-20,Consumer,0.16411874999999998,58.21,0.09653385416666668
2021-10-21,Consumer,-0.057347999999999996,47.13,0.16411874999999998
2021-10-22,Consumer,-0.02467999999999999,48.77,-0.057347999999999996
2021-10-25,Consumer,0.14969,57.48,-0.02467999999999999
2021-10-26,Consumer,0.06786933333333332,53.39,0.14969
2021-10-27,Consumer,0.09282583333333334,54.64,0.06786933333333332
2021-10-28,Consumer,0.03217361111111111,51.61,0.09282583333333334
2021-10-29,Consumer,0.022857708333333344,51.14,0.03217361111111111
2021-11-01,Consumer,0.08418833333333334,54.21,0.022857708333333344
2021-11-02,Consumer,0.038305,51.92,0.08418833333333334
2021-11-03,Consumer,0.10360857142857142,55.18,0.038305
2021-11-04,Consumer,0.07101666666666666,53.55,0.10360857142857142
2021-11-05,Consumer,0.266125,63.31,0.07101666666666666
2021-11-08,Consumer,0.07364033333333334,53.68,0.266125
2021-11-09,Consumer,0.0678,53.39,0.07364033333333334
2021-11-10,Consumer,0.17871897435897438,58.94,0.0678
2021-11-11,Consumer,0.064298,53.21,0.17871897435897438
2021-11-12,Consumer,-0.08931333333333333,45.53,0.064298
2021-11-15,Consumer,-0.03197005263157894,48.4,-0.08931333333333333
2021-11-16,Consumer,0.07144551630434783,53.57,-0.03197005263157894
2021-11-17,Consumer,0.0645025238095238,53.23,0.07144551630434783
2021-11-18,Consumer,0.15168714285714285,57.58,0.0645025238095238
2021-11-19,Consumer,0.06059433333333334,53.03,0.15168714285714285
2021-11-22,Consumer,0.16049504761904762,58.02,0.06059433333333334
2021-11-23,Consumer,-0.004884166666666669,49.76,0.16049504761904762
2021-11-24,Consumer,0.03622083333333333,51.81,-0.004884166666666669
2021-11-26,Consumer,0.20476533333333333,60.24,0.03622083333333333
2021-11-29,Consumer,0.02085339393939394,51.04,0.20476533333333333
2021-11-30,Consumer,0.07127222222222222,53.56,0.02085339393939394
2021-12-01,Consumer,-0.06514133333333333,46.74,0.07127222222222222
2021-12-02,Consumer,0.12503482142857142,56.25,-0.06514133333333333
2021-12-03,Consumer,0.04574821428571429,52.29,0.12503482142857142
2021-12-06,Consumer,0.07829809523809525,53.91,0.04574821428571429
2021-12-07,Consumer,0.021223333333333334,51.06,0.07829809523809525
2021-12-08,Consumer,0.10037708333333334,55.02,0.021223333333333334
2021-12-09,Consumer,0.07699533333333333,53.85,0.10037708333333334
2021-12-10,Consumer,0.0653375,53.27,0.07699533333333333
2021-12-13,Consumer,0.07938238095238095,53.97,0.0653375
2021-12-14,Consumer,0.08703666666666668,54.35,0.07938238095238095
2021-12-15,Consumer,0.183825,59.19,0.08703666666666668
2021-12-16,Consumer,0.05665833333333334,52.83,0.183825
2021-12-17,Consumer,0.07126380952380953,53.56,0.05665833333333334
2021-12-20,Consumer,0.13618242835595779,56.81,0.07126380952380953
2021-12-21,Consumer,0.12237518796992482,56.12,0.13618242835595779
2021-12-22,Consumer,-0.042112500000000004,47.89,0.12237518796992482
2021-12-23,Consumer,0.050022500000000004,52.5,-0.042112500000000004
2021-12-27,Consumer,0.06791749999999999,53.4,0.050022500000000004
2021-12-28,Consumer,0.07988875000000001,53.99,0.06791749999999999
2021-12-29,Consumer,0.13820312499999998,56.91,0.07988875000000001
2021-12-30,Consumer,0.0630675,53.15,0.13820312499999998
2021-12-31,Consumer,0.020306666666666664,51.02,0.0630675
2022-01-03,Consumer,0.026236500000000003,51.31,0.020306666666666664
2022-01-04,Consumer,0.01195,50.6,0.026236500000000003
2022-01-05,Consumer,0.03674722222222222,51.84,0.01195
2022-01-06,Consumer,0.10212133333333333,55.11,0.03674722222222222
2022-01-07,Consumer,0.06978633333333333,53.49,0.10212133333333333
2022-01-10,Consumer,0.10349566666666665,55.17,0.06978633333333333
2022-01-11,Consumer,0.10466,55.23,0.10349566666666665
2022-01-12,Consumer,0.09936633333333333,54.97,0.10466
2022-01-13,Consumer,0.090175,54.51,0.09936633333333333
2022-01-14,Consumer,0.010119999999999999,50.51,0.090175
2022-01-18,Consumer,0.08271796736596737,54.14,0.010119999999999999
2022-01-19,Consumer,0.04623066666666666,52.31,0.08271796736596737
2022-01-20,Consumer,0.06499412698412699,53.25,0.04623066666666666
2022-01-21,Consumer,0.04683019607843138,52.34,0.06499412698412699
2022-01-24,Consumer,0.09507134920634921,54.75,0.04683019607843138
2022-01-25,Consumer,0.07394766666666668,53.7,0.09507134920634921
2022-01-26,Consumer,0.08539784313725489,54.27,0.07394766666666668
2022-01-27,Consumer,0.013092142857142854,50.65,0.08539784313725489
2022-01-28,Consumer,0.007912500000000001,50.4,0.013092142857142854
2022-01-31,Consumer,0.11348590476190475,55.67,0.007912500000000001
2022-02-01,Consumer,-0.04031933333333333,47.98,0.11348590476190475
2022-02-02,Consumer,0.003640476190476194,50.18,-0.04031933333333333
2022-02-03,Consumer,0.005973333333333329,50.3,0.003640476190476194
2022-02-04,Consumer,0.07748333333333332,53.87,0.005973333333333329
2022-02-07,Consumer,0.059226151515151516,52.96,0.07748333333333332
2022-02-08,Consumer,0.15297927272727274,57.65,0.059226151515151516
2022-02-09,Consumer,0.05251080952380952,52.63,0.15297927272727274
2022-02-10,Consumer,0.10731234368530021,55.37,0.05251080952380952
2022-02-11,Consumer,0.015527261904761905,50.78,0.10731234368530021
2022-02-14,Consumer,0.07312031746031747,53.66,0.015527261904761905
2022-02-15,Consumer,0.17685861111111112,58.84,0.07312031746031747
2022-02-16,Consumer,0.181274,59.06,0.17685861111111112
2022-02-17,Consumer,0.087002,54.35,0.181274
2022-02-18,Consumer,0.06321083333333333,53.16,0.087002
2022-02-22,Consumer,0.08086214285714285,54.04,0.06321083333333333
2022-02-23,Consumer,0.06109666666666667,53.05,0.08086214285714285
2022-02-24,Consumer,0.016035,50.8,0.06109666666666667
2022-02-25,Consumer,0.057050000000000003,52.85,0.016035
2022-02-28,Consumer,0.052618527472527474,52.63,0.057050000000000003
2022-03-01,Consumer,0.05492095238095238,52.75,0.052618527472527474
2022-03-02,Consumer,0.06032460317460316,53.02,0.05492095238095238
2022-03-03,Consumer,0.049261999999999986,52.46,0.06032460317460316
2022-03-04,Consumer,0.06902971428571428,53.45,0.049261999999999986
2022-03-07,Consumer,0.12276130952380952,56.14,0.06902971428571428
2022-03-08,Consumer,0.09313,54.66,0.12276130952380952
2022-03-09,Consumer,-0.02828235714285714,48.59,0.09313
2022-03-10,Consumer,0.029202666666666665,51.46,-0.02828235714285714
2022-03-11,Consumer,0.0015713333333333274,50.08,0.029202666666666665
2022-03-14,Consumer,0.05553328571428571,52.78,0.0015713333333333274
2022-03-15,Consumer,0.07801666666666666,53.9,0.05553328571428571
2022-03-16,Consumer,0.009156666666666665,50.46,0.07801666666666666
2022-03-17,Consumer,0.04192833333333333,52.1,0.009156666666666665
2022-03-18,Consumer,0.04787142857142858,52.39,0.04192833333333333
2022-03-21,Consumer,0.132194,56.61,0.04787142857142858
2022-03-22,Consumer,0.16185694444444443,58.09,0.132194
2022-03-23,Consumer,0.07214374999999999,53.61,0.16185694444444443
2022-03-24,Consumer,-0.040530476190476186,47.97,0.07214374999999999
2022-03-25,Consumer,0.0813425,54.07,-0.040530476190476186
2022-03-28,Consumer,0.07317113095238095,53.66,0.0813425
2022-03-29,Consumer,0.14580316666666668,57.29,0.07317113095238095
2022-03-30,Consumer,0.007432142857142856,50.37,0.14580316666666668
2022-03-31,Consumer,0.046123333333333336,52.31,0.007432142857142856
2022-04-01,Consumer,-0.004811547619047619,49.76,0.046123333333333336
2022-04-04,Consumer,0.07806353641456583,53.9,-0.004811547619047619
2022-04-05,Consumer,0.013065238095238097,50.65,0.07806353641456583
2022-04-06,Consumer,0.078376,53.92,0.013065238095238097
2022-04-07,Consumer,-0.025301555555555556,48.73,0.078376
2022-04-08,Consumer,0.04946233333333333,52.47,-0.025301555555555556
2022-04-11,Consumer,0.08861614285714285,54.43,0.04946233333333333
2022-04-12,Consumer,0.10964999999999998,55.48,0.08861614285714285
2022-04-13,Consumer,0.06778999999999999,53.39,0.10964999999999998
2022-04-14,Consumer,0.11209166666666667,55.6,0.06778999999999999
2022-04-18,Consumer,0.16941833333333334,58.47,0.11209166666666667
2022-04-19,Consumer,0.09364916666666666,54.68,0.16941833333333334
2022-04-20,Consumer,-0.01729166666666666,49.14,0.09364916666666666
2022-04-21,Consumer,0.07367133333333334,53.68,-0.01729166666666666
2022-04-22,Consumer,0.04148857142857143,52.07,0.07367133333333334
2022-04-25,Consumer,0.011069766666666665,50.55,0.04148857142857143
2022-04-26,Consumer,0.09061999999999999,54.53,0.011069766666666665
2022-04-27,Consumer,0.06697077777777778,53.35,0.09061999999999999
2022-04-28,Consumer,0.06447166666666666,53.22,0.06697077777777778
2022-04-29,Consumer,0.07626455844155844,53.81,0.06447166666666666
2022-05-02,Consumer,0.01853904761904762,50.93,0.07626455844155844
2022-05-03,Consumer,0.018623999999999995,50.93,0.01853904761904762
2022-05-04,Consumer,0.04655666666666667,52.33,0.018623999999999995
2022-05-05,Consumer,0.02002761904761905,51.0,0.04655666666666667
2022-05-06,Consumer,0.057062095238095245,52.85,0.02002761904761905
2022-05-09,Consumer,0.07464738961038961,53.73,0.057062095238095245
2022-05-10,Consumer,0.10515666666666668,55.26,0.07464738961038961
2022-05-11,Consumer,-0.12204975,43.9,0.10515666666666668
2022-05-12,Consumer,0.05097872549019609,52.55,-0.12204975
2022-05-13,Consumer,0.03165,51.58,0.05097872549019609
2022-05-16,Consumer,0.006614666666666666,50.33,0.03165
2022-05-17,Consumer,0.030401617647058822,51.52,0.006614666666666666
2022-05-18,Consumer,-0.10685790322580643,44.66,0.030401617647058822
2022-05-19,Consumer,0.010025714285714292,50.5,-0.10685790322580643
2022-05-20,Consumer,0.039393024844720494,51.97,0.010025714285714292
2022-05-23,Consumer,0.029183698757763978,51.46,0.039393024844720494
2022-05-24,Consumer,0.1393585,56.97,0.029183698757763978
2022-05-25,Consumer,-0.011497428571428565,49.43,0.1393585
2022-05-26,Consumer,-0.008145333333333343,49.59,-0.011497428571428565
2022-05-27,Consumer,0.05443,52.72,-0.008145333333333343
2022-05-31,Consumer,0.0600751111111111,53.0,0.05443
2022-06-01,Consumer,-0.005234999999999999,49.74,0.0600751111111111
2022-06-02,Consumer,0.019831333333333333,50.99,-0.005234999999999999
2022-06-03,Consumer,-0.10438125000000001,44.78,0.019831333333333333
2022-06-06,Consumer,0.011120833333333333,50.56,-0.10438125000000001
2022-06-07,Consumer,0.061487499999999994,53.07,0.011120833333333333
2022-06-08,Consumer,0.13801190476190475,56.9,0.061487499999999994
2022-06-09,Consumer,0.04606642857142858,52.3,0.13801190476190475
2022-06-10,Consumer,0.06649718181818182,53.32,0.04606642857142858
2022-06-13,Consumer,0.09047636363636363,54.52,0.06649718181818182
2022-06-14,Consumer,0.07871651785714287,53.94,0.09047636363636363
2022-06-15,Consumer,0.0032699999999999977,50.16,0.07871651785714287
2022-06-16,Consumer,0.13142555555555555,56.57,0.0032699999999999977
2022-06-17,Consumer,0.080518,54.03,0.13142555555555555
2022-06-21,Consumer,0.00591453463203463,50.3,0.080518
2022-06-22,Consumer,0.04108409090909092,52.05,0.00591453463203463
2022-06-23,Consumer,0.0045973571428571435,50.23,0.04108409090909092
2022-06-24,Consumer,0.09107833333333333,54.55,0.0045973571428571435
2022-06-27,Consumer,0.06340511764705883,53.17,0.09107833333333333
2022-06-28,Consumer,0.127306701754386,56.37,0.06340511764705883
2022-06-29,Consumer,-0.012415636363636365,49.38,0.127306701754386
2022-06-30,Consumer,0.14711626373626374,57.36,-0.012415636363636365
2022-07-01,Consumer,0.07832455357142858,53.92,0.14711626373626374
2022-07-05,Consumer,-0.001039764957264959,49.95,0.07832455357142858
2022-07-06,Consumer,0.005255333333333337,50.26,-0.001039764957264959
2022-07-07,Consumer,-0.06684,46.66,0.005255333333333337
2022-07-08,Consumer,0.04791625,52.4,-0.06684
2022-07-11,Consumer,0.04875,52.44,0.04791625
2022-07-12,Consumer,0.03377555194805194,51.69,0.04875
2022-07-13,Consumer,0.10244190476190478,55.12,0.03377555194805194
2022-07-14,Consumer,0.025857142857142856,51.29,0.10244190476190478
2022-07-15,Consumer,0.09061369696969698,54.53,0.025857142857142856
2022-07-18,Consumer,0.089825,54.49,0.09061369696969698
2022-07-19,Consumer,0.07302928571428573,53.65,0.089825
2022-07-20,Consumer,0.004634761904761911,50.23,0.07302928571428573
2022-07-21,Consumer,0.010978571428571426,50.55,0.004634761904761911
2022-07-22,Consumer,0.08102380952380953,54.05,0.010978571428571426
2022-07-25,Consumer,0.04571846153846154,52.29,0.08102380952380953
2022-07-26,Consumer,-0.0643812231884058,46.78,0.04571846153846154
2022-07-27,Consumer,0.03233174019607843,51.62,-0.0643812231884058
2022-07-28,Consumer,0.10564599999999999,55.28,0.03233174019607843
2022-07-29,Consumer,0.09818357142857144,54.91,0.10564599999999999
2022-08-01,Consumer,0.048988857142857146,52.45,0.09818357142857144
2022-08-02,Consumer,0.04402133333333332,52.2,0.048988857142857146
2022-08-03,Consumer,0.12289748376623377,56.14,0.04402133333333332
2022-08-04,Consumer,0.08068375,54.03,0.12289748376623377
2022-08-05,Consumer,0.14794166666666667,57.4,0.08068375
2022-08-08,Consumer,0.07233857142857143,53.62,0.14794166666666667
2022-08-09,Consumer,0.14788,57.39,0.07233857142857143
2022-08-10,Consumer,0.07739227272727273,53.87,0.14788
2022-08-11,Consumer,-0.04618166666666666,47.69,0.07739227272727273
2022-08-12,Consumer,0.03154914285714286,51.58,-0.04618166666666666
2022-08-15,Consumer,0.054739,52.74,0.03154914285714286
2022-08-16,Consumer,0.09079178571428571,54.54,0.054739
2022-08-17,Consumer,0.026199251207729472,51.31,0.09079178571428571
2022-08-18,Consumer,-0.010689999999999996,49.47,0.026199251207729472
2022-08-19,Consumer,-0.05143233333333332,47.43,-0.010689999999999996
2022-08-22,Consumer,0.15351666666666666,57.68,-0.05143233333333332
2022-08-23,Consumer,0.042938,52.15,0.15351666666666666
2022-08-24,Consumer,0.020560666666666665,51.03,0.042938
2022-08-25,Consumer,0.08110600000000001,54.06,0.020560666666666665
2022-08-26,Consumer,0.020389047619047623,51.02,0.08110600000000001
2022-08-29,Consumer,0.045563035714285716,52.28,0.020389047619047623
2022-08-30,Consumer,0.09284833333333334,54.64,0.045563035714285716
2022-08-31,Consumer,0.02523250000000001,51.26,0.09284833333333334
2022-09-01,Consumer,0.121523,56.08,0.02523250000000001
2022-09-02,Consumer,-0.029816666666666658,48.51,0.121523
2022-09-06,Consumer,0.1344526666666667,56.72,-0.029816666666666658
2022-09-07,Consumer,0.13359821428571428,56.68,0.1344526666666667
2022-09-08,Consumer,0.19724,59.86,0.13359821428571428
2022-09-09,Consumer,0.12228166666666666,56.11,0.19724
2022-09-12,Consumer,0.12726433333333334,56.36,0.12228166666666666
2022-09-13,Consumer,0.219258,60.96,0.12726433333333334
2022-09-14,Consumer,0.14555095238095236,57.28,0.219258
2022-09-15,Consumer,-0.03696964285714286,48.15,0.14555095238095236
2022-09-16,Consumer,0.06892266666666669,53.45,-0.03696964285714286
2022-09-19,Consumer,0.22380685714285714,61.19,0.06892266666666669
2022-09-20,Consumer,-0.06996,46.5,0.22380685714285714
2022-09-21,Consumer,0.09397916666666667,54.7,-0.06996
2022-09-22,Consumer,0.15200857142857144,57.6,0.09397916666666667
2022-09-23,Consumer,0.008898333333333336,50.44,0.15200857142857144
2022-09-26,Consumer,0.1786197619047619,58.93,0.008898333333333336
2022-09-27,Consumer,0.096345,54.82,0.1786197619047619
2022-09-28,Consumer,0.08861333333333334,54.43,0.096345
2022-09-29,Consumer,0.0808762380952381,54.04,0.08861333333333334
2022-09-30,Consumer,0.09134909090909091,54.57,0.0808762380952381
2022-10-03,Consumer,0.13213940476190475,56.61,0.09134909090909091
2022-10-04,Consumer,-0.06330666666666666,46.83,0.13213940476190475
2022-10-05,Consumer,0.06284133333333333,53.14,-0.06330666666666666
2022-10-06,Consumer,0.13519333333333333,56.76,0.06284133333333333
2022-10-07,Consumer,0.04949,52.47,0.13519333333333333
2022-10-10,Consumer,0.049522500000000004,52.48,0.04949
2022-10-11,Consumer,0.1618861111111111,58.09,0.049522500000000004
2022-10-12,Consumer,0.048552142857142856,52.43,0.1618861111111111
2022-10-13,Consumer,0.013127500000000004,50.66,0.048552142857142856
2022-10-14,Consumer,-0.011842222222222221,49.41,0.013127500000000004
2022-10-17,Consumer,0.09434209523809524,54.72,-0.011842222222222221
2022-10-18,Consumer,-0.038496190476190476,48.08,0.09434209523809524
2022-10-19,Consumer,0.105558,55.28,-0.038496190476190476
2022-10-20,Consumer,0.13783499999999999,56.89,0.105558
2022-10-21,Consumer,0.05333888888888889,52.67,0.13783499999999999
2022-10-24,Consumer,0.071673,53.58,0.05333888888888889
2022-10-25,Consumer,0.06211666666666667,53.11,0.071673
2022-10-26,Consumer,0.06389500000000001,53.19,0.06211666666666667
2022-10-27,Consumer,-0.041357500000000005,47.93,0.06389500000000001
2022-10-28,Consumer,-0.08109200000000001,45.95,-0.041357500000000005
2022-10-31,Consumer,0.07730041666666668,53.87,-0.08109200000000001
2022-11-01,Consumer,0.223995,61.2,0.07730041666666668
2022-11-02,Consumer,0.2029233333333333,60.15,0.223995
2022-11-03,Consumer,0.127445,56.37,0.2029233333333333
2022-11-04,Consumer,0.03947392156862746,51.97,0.127445
2022-11-07,Consumer,0.09847507142857144,54.92,0.03947392156862746
2022-11-08,Consumer,0.07356900000000002,53.68,0.09847507142857144
2022-11-09,Consumer,0.08889999999999999,54.44,0.07356900000000002
2022-11-10,Consumer,-0.022899444444444455,48.86,0.08889999999999999
2022-11-11,Consumer,0.13000333333333333,56.5,-0.022899444444444455
2022-11-14,Consumer,0.06483098039215686,53.24,0.13000333333333333
2022-11-15,Consumer,0.07068011111111111,53.53,0.06483098039215686
2022-11-16,Consumer,0.05541333333333333,52.77,0.07068011111111111
2022-11-17,Consumer,0.19291200000000003,59.65,0.05541333333333333
2022-11-18,Consumer,-0.14327714285714288,42.84,0.19291200000000003
2022-11-21,Consumer,0.1780731851851852,58.9,-0.14327714285714288
2022-11-22,Consumer,0.06179366666666667,53.09,0.1780731851851852
2022-11-23,Consumer,0.09131309523809525,54.57,0.06179366666666667
2022-11-25,Consumer,0.10578666666666665,55.29,0.09131309523809525
2022-11-28,Consumer,0.002791236263736275,50.14,0.10578666666666665
2022-11-29,Consumer,0.0639736111111111,53.2,0.002791236263736275
2022-11-30,Consumer,0.15011875000000002,57.51,0.0639736111111111
2022-12-01,Consumer,0.09669904761904762,54.83,0.15011875000000002
2022-12-02,Consumer,0.12407681818181818,56.2,0.09669904761904762
2022-12-05,Consumer,0.0882570873015873,54.41,0.12407681818181818
2022-12-06,Consumer,0.012915,50.65,0.0882570873015873
2022-12-07,Consumer,0.06543333333333334,53.27,0.012915
2022-12-08,Consumer,0.055811999999999994,52.79,0.06543333333333334
2022-12-09,Consumer,0.17935416666666665,58.97,0.055811999999999994
2022-12-12,Consumer,0.11290549999999999,55.65,0.17935416666666665
2022-12-13,Consumer,0.06631880952380953,53.32,0.11290549999999999
2022-12-14,Consumer,0.0707,53.54,0.06631880952380953
2022-12-15,Consumer,0.03698214285714285,51.85,0.0707
2022-12-16,Consumer,0.07829133333333335,53.91,0.03698214285714285
2022-12-19,Consumer,0.11952849816849817,55.98,0.07829133333333335
2022-12-20,Consumer,0.11565779220779221,55.78,0.11952849816849817
2022-12-21,Consumer,-0.09844287878787879,45.08,0.11565779220779221
2022-12-22,Consumer,0.10640833333333334,55.32,-0.09844287878787879
2022-12-23,Consumer,0.07219166666666667,53.61,0.10640833333333334
2022-12-27,Consumer,0.19053795093795095,59.53,0.07219166666666667
2022-12-28,Consumer,0.04157500000000001,52.08,0.19053795093795095
2022-12-29,Consumer,0.12540222222222225,56.27,0.04157500000000001
2022-12-30,Consumer,0.08948666666666667,54.47,0.12540222222222225
2023-01-03,Consumer,0.02530793650793651,51.27,0.08948666666666667
2023-01-04,Consumer,0.0780309523809524,53.9,0.02530793650793651
2023-01-05,Consumer,0.12544079365079366,56.27,0.0780309523809524
2023-01-06,Consumer,0.14576875,57.29,0.12544079365079366
2023-01-09,Consumer,0.06129722222222223,53.06,0.14576875
2023-01-10,Consumer,-0.06288476190476192,46.86,0.06129722222222223
2023-01-11,Consumer,0.021421000000000003,51.07,-0.06288476190476192
2023-01-12,Consumer,0.046398000000000016,52.32,0.021421000000000003
2023-01-13,Consumer,0.16449333333333332,58.22,0.046398000000000016
2023-01-17,Consumer,0.11266734285714286,55.63,0.16449333333333332
2023-01-18,Consumer,0.15792988888888887,57.9,0.11266734285714286
2023-01-19,Consumer,0.0018666666666666664,50.09,0.15792988888888887
2023-01-20,Consumer,-0.007675000000000001,49.62,0.0018666666666666664
2023-01-23,Consumer,0.13846928571428568,56.92,-0.007675000000000001
2023-01-24,Consumer,0.049298190476190475,52.46,0.13846928571428568
2023-01-25,Consumer,0.069946,53.5,0.049298190476190475
2023-01-26,Consumer,0.024881999999999998,51.24,0.069946
2023-01-27,Consumer,-0.07618000000000001,46.19,0.024881999999999998
2023-01-30,Consumer,-0.030798888888888886,48.46,-0.07618000000000001
2023-01-31,Consumer,0.055668571428571435,52.78,-0.030798888888888886
2023-02-01,Consumer,0.08661636363636363,54.33,0.055668571428571435
2023-02-02,Consumer,0.06284933333333335,53.14,0.08661636363636363
2023-02-03,Consumer,0.05772923809523809,52.89,0.06284933333333335
2023-02-06,Consumer,0.043362333333333336,52.17,0.05772923809523809
2023-02-07,Consumer,0.23019583333333332,61.51,0.043362333333333336
2023-02-08,Consumer,0.14715142857142857,57.36,0.23019583333333332
2023-02-09,Consumer,0.19819233333333333,59.91,0.14715142857142857
2023-02-10,Consumer,0.1319795,56.6,0.19819233333333333
2023-02-13,Consumer,0.09523190151515151,54.76,0.1319795
2023-02-14,Consumer,0.1276878181818182,56.38,0.09523190151515151
2023-02-15,Consumer,0.06598583333333333,53.3,0.1276878181818182
2023-02-16,Consumer,0.01261009523809524,50.63,0.06598583333333333
2023-02-17,Consumer,0.0803625,54.02,0.01261009523809524
2023-02-21,Consumer,0.028787116402116397,51.44,0.0803625
2023-02-22,Consumer,0.041870000000000004,52.09,0.028787116402116397
2023-02-23,Consumer,0.023070000000000007,51.15,0.041870000000000004
2023-02-24,Consumer,0.033916666666666664,51.7,0.023070000000000007
2023-02-27,Consumer,0.016453888888888886,50.82,0.033916666666666664
2023-02-28,Consumer,0.078515,53.93,0.016453888888888886
2023-03-01,Consumer,0.07274533333333334,53.64,0.078515
2023-03-02,Consumer,0.17451441558441558,58.73,0.07274533333333334
2023-03-03,Consumer,-0.05631111111111111,47.18,0.17451441558441558
2023-03-06,Consumer,-0.04813383333333333,47.59,-0.05631111111111111
2023-03-07,Consumer,0.12179333333333334,56.09,-0.04813383333333333
2023-03-08,Consumer,0.10688333333333336,55.34,0.12179333333333334
2023-03-09,Consumer,0.12281800000000001,56.14,0.10688333333333336
2023-03-10,Consumer,0.022339666666666667,51.12,0.12281800000000001
2023-03-13,Consumer,0.05273619047619047,52.64,0.022339666666666667
2023-03-14,Consumer,0.15461750000000002,57.73,0.05273619047619047
2023-03-15,Consumer,0.06912833333333333,53.46,0.15461750000000002
2023-03-16,Consumer,-0.068435,46.58,0.06912833333333333
2023-03-17,Consumer,-0.03482400000000001,48.26,-0.068435
2023-03-20,Consumer,0.05890698412698412,52.95,-0.03482400000000001
2023-03-21,Consumer,0.1704027777777778,58.52,0.05890698412698412
2023-03-22,Consumer,0.045471538461538466,52.27,0.1704027777777778
2023-03-23,Consumer,0.047528,52.38,0.045471538461538466
2023-03-24,Consumer,0.045216,52.26,0.047528
2023-03-27,Consumer,0.12885833333333335,56.44,0.045216
2023-03-28,Consumer,0.147588,57.38,0.12885833333333335
2023-03-29,Consumer,0.09776133333333334,54.89,0.147588
2023-03-30,Consumer,0.040354102564102566,52.02,0.09776133333333334
2023-03-31,Consumer,0.05201035714285715,52.6,0.040354102564102566
2023-04-03,Consumer,0.09527654636591479,54.76,0.05201035714285715
2023-04-04,Consumer,0.09481666666666666,54.74,0.09527654636591479
2023-04-05,Consumer,0.04840119047619048,52.42,0.09481666666666666
2023-04-06,Consumer,0.059865888888888885,52.99,0.04840119047619048
2023-04-10,Consumer,0.07238454212454212,53.62,0.059865888888888885
2023-04-11,Consumer,0.0505775,52.53,0.07238454212454212
2023-04-12,Consumer,0.03806380952380952,51.9,0.0505775
2023-04-13,Consumer,-0.049478,47.53,0.03806380952380952
2023-04-14,Consumer,0.07736099999999999,53.87,-0.049478
2023-04-17,Consumer,0.005401890756302524,50.27,0.07736099999999999
2023-04-18,Consumer,0.072245,53.61,0.005401890756302524
2023-04-19,Consumer,0.06895666666666667,53.45,0.072245
2023-04-20,Consumer,0.11266044444444445,55.63,0.06895666666666667
2023-04-21,Consumer,0.16006628571428572,58.0,0.11266044444444445
2023-04-24,Consumer,0.092206,54.61,0.16006628571428572
2023-04-25,Consumer,0.063809,53.19,0.092206
2023-04-26,Consumer,0.061343766233766236,53.07,0.063809
2023-04-27,Consumer,0.006900000000000001,50.34,0.061343766233766236
2023-04-28,Consumer,0.07442066666666666,53.72,0.006900000000000001
2023-05-01,Consumer,0.0421802380952381,52.11,0.07442066666666666
2023-05-02,Consumer,0.002485666666666668,50.12,0.0421802380952381
2023-05-03,Consumer,-0.028201562499999996,48.59,0.002485666666666668
2023-05-04,Consumer,-0.014633047619047618,49.27,-0.028201562499999996
2023-05-05,Consumer,0.011351333333333335,50.57,-0.014633047619047618
2023-05-08,Consumer,0.03957904761904761,51.98,0.011351333333333335
2023-05-09,Consumer,-0.015587333333333333,49.22,0.03957904761904761
2023-05-10,Consumer,-0.03697979487179488,48.15,-0.015587333333333333
2023-05-11,Consumer,0.09853666666666666,54.93,-0.03697979487179488
2023-05-12,Consumer,0.047502863636363635,52.38,0.09853666666666666
2023-05-15,Consumer,0.01229448717948718,50.61,0.047502863636363635
2023-05-16,Consumer,0.07437242424242424,53.72,0.01229448717948718
2023-05-17,Consumer,0.11634659090909091,55.82,0.07437242424242424
2023-05-18,Consumer,0.09177465277777777,54.59,0.11634659090909091
2023-05-19,Consumer,0.012942493715434888,50.65,0.09177465277777777
2023-05-22,Consumer,0.054868207070707074,52.74,0.012942493715434888
2023-05-23,Consumer,-0.027137142857142853,48.64,0.054868207070707074
2023-05-24,Consumer,-0.011415333333333336,49.43,-0.027137142857142853
2023-05-25,Consumer,-0.055706250000000006,47.21,-0.011415333333333336
2023-05-26,Consumer,0.0529375,52.65,-0.055706250000000006
2023-05-30,Consumer,0.020601948051948052,51.03,0.0529375
2023-05-31,Consumer,0.07213238095238096,53.61,0.020601948051948052
2023-06-01,Consumer,0.050759761904761905,52.54,0.07213238095238096
2023-06-02,Consumer,0.008303333333333336,50.42,0.050759761904761905
2023-06-05,Consumer,0.07900292307692308,53.95,0.008303333333333336
2023-06-06,Consumer,0.11133166666666668,55.57,0.07900292307692308
2023-06-07,Consumer,0.034458333333333334,51.72,0.11133166666666668
2023-06-08,Consumer,0.056457,52.82,0.034458333333333334
2023-06-09,Consumer,0.057886476190476197,52.89,0.056457
2023-06-12,Consumer,0.07430922222222222,53.72,0.057886476190476197
2023-06-13,Consumer,0.06638166666666667,53.32,0.07430922222222222
2023-06-14,Consumer,0.10009694444444446,55.0,0.06638166666666667
2023-06-15,Consumer,0.04454190476190476,52.23,0.10009694444444446
2023-06-16,Consumer,0.06707666666666667,53.35,0.04454190476190476
2023-06-20,Consumer,0.003193142857142861,50.16,0.06707666666666667
2023-06-21,Consumer,0.10964219047619048,55.48,0.003193142857142861
2023-06-22,Consumer,0.07403571428571429,53.7,0.10964219047619048
2023-06-23,Consumer,0.04709009523809523,52.35,0.07403571428571429
2023-06-26,Consumer,0.007180476190476193,50.36,0.04709009523809523
2023-06-27,Consumer,0.09345333333333335,54.67,0.007180476190476193
2023-06-28,Consumer,0.08963866666666667,54.48,0.09345333333333335
2023-06-29,Consumer,0.09391066666666667,54.7,0.08963866666666667
2023-06-30,Consumer,0.05381419413919414,52.69,0.09391066666666667
2023-07-03,Consumer,0.02090790476190476,51.05,0.05381419413919414
2023-07-05,Consumer,0.09113109523809525,54.56,0.02090790476190476
2023-07-06,Consumer,0.07493595238095238,53.75,0.09113109523809525
2023-07-07,Consumer,0.05628625000000002,52.81,0.07493595238095238
2023-07-10,Consumer,0.06539916666666667,53.27,0.05628625000000002
2023-07-11,Consumer,0.027776999999999996,51.39,0.06539916666666667
2023-07-12,Consumer,0.0884025,54.42,0.027776999999999996
2023-07-13,Consumer,0.10468103296703295,55.23,0.0884025
2023-07-14,Consumer,0.091564,54.58,0.10468103296703295
2023-07-17,Consumer,0.023889772727272728,51.19,0.091564
2023-07-18,Consumer,0.05000380952380953,52.5,0.023889772727272728
2023-07-19,Consumer,0.10767266666666667,55.38,0.05000380952380953
2023-07-20,Consumer,0.08281028571428573,54.14,0.10767266666666667
2023-07-21,Consumer,0.06261733333333333,53.13,0.08281028571428573
2023-07-24,Consumer,0.07876385714285714,53.94,0.06261733333333333
2023-07-25,Consumer,0.09395971428571429,54.7,0.07876385714285714
2023-07-26,Consumer,0.09889270175438597,54.94,0.09395971428571429
2023-07-27,Consumer,0.12197708333333333,56.1,0.09889270175438597
2023-07-28,Consumer,0.08300625,54.15,0.12197708333333333
2023-07-31,Consumer,0.08759505555555555,54.38,0.08300625
2023-08-01,Consumer,0.10102633333333333,55.05,0.08759505555555555
2023-08-02,Consumer,0.021675297619047622,51.08,0.10102633333333333
2023-08-03,Consumer,0.04492766666666667,52.25,0.021675297619047622
2023-08-04,Consumer,0.030721666666666668,51.54,0.04492766666666667
2023-08-07,Consumer,0.09943,54.97,0.030721666666666668
2023-08-08,Consumer,0.041759761904761904,52.09,0.09943
2023-08-09,Consumer,0.09982242105263159,54.99,0.041759761904761904
2023-08-10,Consumer,0.0187302380952381,50.94,0.09982242105263159
2023-08-11,Consumer,0.021614837606837606,51.08,0.0187302380952381
2023-08-14,Consumer,0.06468238095238095,53.23,0.021614837606837606
2023-08-15,Consumer,0.010672878787878787,50.53,0.06468238095238095
2023-08-16,Consumer,0.07182293557422968,53.59,0.010672878787878787
2023-08-17,Consumer,0.032129848484848476,51.61,0.07182293557422968
2023-08-18,Consumer,0.056022833333333334,52.8,0.032129848484848476
2023-08-21,Consumer,0.033015166666666665,51.65,0.056022833333333334
2023-08-22,Consumer,0.08747107142857144,54.37,0.033015166666666665
2023-08-23,Consumer,0.09110636904761907,54.56,0.08747107142857144
2023-08-24,Consumer,0.04249130303030303,52.12,0.09110636904761907
2023-08-25,Consumer,-0.05774383333333333,47.11,0.04249130303030303
2023-08-28,Consumer,0.06269619047619047,53.13,-0.05774383333333333
2023-08-29,Consumer,0.20668598484848485,60.33,0.06269619047619047
2023-08-30,Consumer,-0.0017961904761904734,49.91,0.20668598484848485
2023-08-31,Consumer,0.04584971428571429,52.29,-0.0017961904761904734
2023-09-01,Consumer,0.03953500000000001,51.98,0.04584971428571429
2023-09-05,Consumer,0.034055120435120434,51.7,0.03953500000000001
2023-09-06,Consumer,0.045318333333333335,52.27,0.034055120435120434
2023-09-07,Consumer,0.03970208333333333,51.99,0.045318333333333335
2023-09-08,Consumer,0.11357194444444445,55.68,0.03970208333333333
2023-09-11,Consumer,0.08052694444444444,54.03,0.11357194444444445
2023-09-12,Consumer,0.016298511904761906,50.81,0.08052694444444444
2023-09-13,Consumer,0.12075416666666666,56.04,0.016298511904761906
2023-09-14,Consumer,0.038351904761904775,51.92,0.12075416666666666
2023-09-15,Consumer,0.21902333333333335,60.95,0.038351904761904775
2023-09-18,Consumer,0.11996935064935066,56.0,0.21902333333333335
2023-09-19,Consumer,0.06673849999999999,53.34,0.11996935064935066
2023-09-20,Consumer,-0.07925833333333335,46.04,0.06673849999999999
2023-09-21,Consumer,0.045520952380952384,52.28,-0.07925833333333335
2023-09-22,Consumer,0.1833211111111111,59.17,0.045520952380952384
2023-09-25,Consumer,0.017237476190476192,50.86,0.1833211111111111
2023-09-26,Consumer,0.10187600000000001,55.09,0.017237476190476192
2023-09-27,Consumer,0.06543133333333333,53.27,0.10187600000000001
2023-09-28,Consumer,0.06668522893772894,53.33,0.06543133333333333
2023-09-29,Consumer,0.11789572431077695,55.89,0.06668522893772894
2023-10-02,Consumer,0.06773716883116884,53.39,0.11789572431077695
2023-10-03,Consumer,0.08151733333333333,54.08,0.06773716883116884
2023-10-04,Consumer,0.027882499999999994,51.39,0.08151733333333333
2023-10-05,Consumer,0.10360749999999999,55.18,0.027882499999999994
2023-10-06,Consumer,0.03704840909090909,51.85,0.10360749999999999
2023-10-09,Consumer,0.08560064285714285,54.28,0.03704840909090909
2023-10-10,Consumer,0.07764034920634921,53.88,0.08560064285714285
2023-10-11,Consumer,0.003258166666666665,50.16,0.07764034920634921
2023-10-12,Consumer,0.060716952380952385,53.04,0.003258166666666665
2023-10-13,Consumer,0.0694045238095238,53.47,0.060716952380952385
2023-10-16,Consumer,0.09759522222222222,54.88,0.0694045238095238
2023-10-17,Consumer,0.14807444444444445,57.4,0.09759522222222222
2023-10-18,Consumer,0.07475742424242424,53.74,0.14807444444444445
2023-10-19,Consumer,-0.00886825396825397,49.56,0.07475742424242424
2023-10-20,Consumer,0.04201666666666666,52.1,-0.00886825396825397
2023-10-23,Consumer,0.0690424487179487,53.45,0.04201666666666666
2023-10-24,Consumer,0.08890166666666666,54.45,0.0690424487179487
2023-10-25,Consumer,0.006315357142857148,50.32,0.08890166666666666
2023-10-26,Consumer,0.12503933333333334,56.25,0.006315357142857148
2023-10-27,Consumer,0.14127828571428572,57.06,0.12503933333333334
2023-10-30,Consumer,0.08120367521367523,54.06,0.14127828571428572
2023-10-31,Consumer,0.13982833333333333,56.99,0.08120367521367523
2023-11-01,Consumer,0.17071268253968253,58.54,0.13982833333333333
2023-11-02,Consumer,0.12009833333333333,56.0,0.17071268253968253
2023-11-03,Consumer,0.08848266666666667,54.42,0.12009833333333333
2023-11-06,Consumer,0.0326128253968254,51.63,0.08848266666666667
2023-11-07,Consumer,0.062496888888888893,53.12,0.0326128253968254
2023-11-08,Consumer,0.017976153846153847,50.9,0.062496888888888893
2023-11-09,Consumer,0.050054482456140345,52.5,0.017976153846153847
2023-11-10,Consumer,0.05403209090909091,52.7,0.050054482456140345
2023-11-13,Consumer,0.09967867391304348,54.98,0.05403209090909091
2023-11-14,Consumer,0.058930666666666666,52.95,0.09967867391304348
2023-11-15,Consumer,0.12515602564102565,56.26,0.058930666666666666
2023-11-16,Consumer,0.039286095238095245,51.96,0.12515602564102565
2023-11-17,Consumer,0.016297777777777772,50.81,0.039286095238095245
2023-11-20,Consumer,0.0033312207792207797,50.17,0.016297777777777772
2023-11-21,Consumer,0.053310520833333326,52.67,0.0033312207792207797
2023-11-22,Consumer,0.032110454545454546,51.61,0.053310520833333326
2023-11-24,Consumer,0.05828866666666667,52.91,0.032110454545454546
2023-11-27,Consumer,0.05962792857142857,52.98,0.05828866666666667
2023-11-28,Consumer,0.04643583333333333,52.32,0.05962792857142857
2023-11-29,Consumer,0.03840607142857143,51.92,0.04643583333333333
2023-11-30,Consumer,0.06425555555555555,53.21,0.03840607142857143
2023-12-01,Consumer,0.22839866071428572,61.42,0.06425555555555555
2023-12-04,Consumer,0.093698,54.68,0.22839866071428572
2023-12-05,Consumer,0.1433,57.16,0.093698
2023-12-06,Consumer,0.00022044444444444534,50.01,0.1433
2023-12-07,Consumer,0.185815,59.29,0.00022044444444444534
2023-12-08,Consumer,0.02012300000000001,51.01,0.185815
2023-12-11,Consumer,0.0690215873015873,53.45,0.02012300000000001
2023-12-12,Consumer,0.04961133333333333,52.48,0.0690215873015873
2023-12-13,Consumer,0.0217835,51.09,0.04961133333333333
2023-12-14,Consumer,-0.008315000000000003,49.58,0.0217835
2023-12-15,Consumer,0.08458333333333333,54.23,-0.008315000000000003
2023-12-18,Consumer,-0.000711666666666666,49.96,0.08458333333333333
2020-01-02,Energy,0.011983333333333328,50.6,
2020-01-03,Energy,-0.11866809090909092,44.07,0.011983333333333328
2020-01-06,Energy,-0.013187196969696974,49.34,-0.11866809090909092
2020-01-07,Energy,-0.009894444444444437,49.51,-0.013187196969696974
2020-01-08,Energy,-0.10210333333333332,44.89,-0.009894444444444437
2020-01-09,Energy,-0.008277499999999998,49.59,-0.10210333333333332
2020-01-10,Energy,-0.200256,39.99,-0.008277499999999998
2020-01-13,Energy,0.063502,53.18,-0.200256
2020-01-14,Energy,0.04658166666666667,52.33,0.063502
2020-01-15,Energy,0.011300000000000001,50.57,0.04658166666666667
2020-01-16,Energy,0.19899238095238095,59.95,0.011300000000000001
2020-01-17,Energy,-0.004359722222222216,49.78,0.19899238095238095
2020-01-21,Energy,0.05289660714285714,52.64,-0.004359722222222216
2020-01-22,Energy,0.05346041666666666,52.67,0.05289660714285714
2020-01-23,Energy,0.046424666666666656,52.32,0.05346041666666666
2020-01-24,Energy,0.03700333333333333,51.85,0.046424666666666656
2020-01-27,Energy,0.049360833333333326,52.47,0.03700333333333333
2020-01-28,Energy,0.01741666666666667,50.87,0.049360833333333326
2020-01-29,Energy,-0.06769583333333333,46.62,0.01741666666666667
2020-01-30,Energy,-0.019088095238095237,49.05,-0.06769583333333333
2020-01-31,Energy,-0.0005198412698412703,49.97,-0.019088095238095237
2020-02-03,Energy,0.034207564102564106,51.71,-0.0005198412698412703
2020-02-04,Energy,-0.04180333333333333,47.91,0.034207564102564106
2020-02-05,Energy,0.2420249523809524,62.1,-0.04180333333333333
2020-02-06,Energy,0.10789499999999999,55.39,0.2420249523809524
2020-02-07,Energy,0.039543,51.98,0.10789499999999999
2020-02-10,Energy,0.016683333333333328,50.83,0.039543
2020-02-11,Energy,0.043153428571428565,52.16,0.016683333333333328
2020-02-12,Energy,0.01695083333333333,50.85,0.043153428571428565
2020-02-13,Energy,-0.006272916666666666,49.69,0.01695083333333333
2020-02-14,Energy,0.003974999999999999,50.2,-0.006272916666666666
2020-02-18,Energy,-0.008204166666666669,49.59,0.003974999999999999
2020-02-19,Energy,0.013272916666666666,50.66,-0.008204166666666669
2020-02-20,Energy,0.04521666666666666,52.26,0.013272916666666666
2020-02-21,Energy,-0.016864999999999998,49.16,0.04521666666666666
2020-02-24,Energy,-0.23225071428571428,38.39,-0.016864999999999998
2020-02-25,Energy,-0.13799666666666666,43.1,-0.23225071428571428
2020-02-26,Energy,0.04901857142857144,52.45,-0.13799666666666666
2020-02-27,Energy,0.03749466666666666,51.87,0.04901857142857144
2020-02-28,Energy,0.047421000000000005,52.37,0.03749466666666666
2020-03-02,Energy,-0.021518749999999996,48.92,0.047421000000000005
2020-03-03,Energy,-0.06497911111111111,46.75,-0.021518749999999996
2020-03-04,Energy,0.09923666666666667,54.96,-0.06497911111111111
2020-03-05,Energy,-0.10313416666666667,44.84,0.09923666666666667
2020-03-06,Energy,-0.16482071428571426,41.76,-0.10313416666666667
2020-03-09,Energy,-0.1054826894158473,44.73,-0.16482071428571426
2020-03-10,Energy,0.025369719806763287,51.27,-0.1054826894158473
2020-03-11,Energy,-0.04747339285714286,47.63,0.025369719806763287
2020-03-12,Energy,-0.10329263157894737,44.84,-0.04747339285714286
2020-03-13,Energy,0.17830338935574228,58.92,-0.10329263157894737
2020-03-16,Energy,-0.2073897254901961,39.63,0.17830338935574228
2020-03-17,Energy,-0.2025255,39.87,-0.2073897254901961
2020-03-18,Energy,-0.04442174603174603,47.78,-0.2025255
2020-03-19,Energy,0.0738375,53.69,-0.04442174603174603
2020-03-20,Energy,-0.04423682051282052,47.79,0.0738375
2020-03-23,Energy,-0.09018888888888889,45.49,-0.04423682051282052
2020-03-24,Energy,0.13875866666666667,56.94,-0.09018888888888889
2020-03-25,Energy,0.014564444444444444,50.73,0.13875866666666667
2020-03-26,Energy,-0.053452,47.33,0.014564444444444444
2020-03-27,Energy,0.16255090476190476,58.13,-0.053452
2020-03-30,Energy,-0.11946599999999999,44.03,0.16255090476190476
2020-03-31,Energy,0.12726500000000002,56.36,-0.11946599999999999
2020-04-01,Energy,-0.05901047619047619,47.05,0.12726500000000002
2020-04-02,Energy,0.21863776923076922,60.93,-0.05901047619047619
2020-04-03,Energy,-0.04957738095238095,47.52,0.21863776923076922
2020-04-06,Energy,0.0687623015873016,53.44,-0.04957738095238095
2020-04-07,Energy,0.20207785714285714,60.1,0.0687623015873016
2020-04-08,Energy,0.175655,58.78,0.20207785714285714
2020-04-09,Energy,0.06999288095238096,53.5,0.175655
2020-04-13,Energy,-0.006358961538461537,49.68,0.06999288095238096
2020-04-14,Energy,-0.16875833333333332,41.56,-0.006358961538461537
2020-04-15,Energy,-0.12940474358974358,43.53,-0.16875833333333332
2020-04-16,Energy,-0.025225850649350658,48.74,-0.12940474358974358
2020-04-17,Energy,-0.042458666666666665,47.88,-0.025225850649350658
2020-04-20,Energy,-0.21184544513457557,39.41,-0.042458666666666665
2020-04-21,Energy,-0.2635079047619048,36.82,-0.21184544513457557
2020-04-22,Energy,0.08172100000000002,54.09,-0.2635079047619048
2020-04-23,Energy,0.1321517222222222,56.61,0.08172100000000002
2020-04-24,Energy,0.0422,52.11,0.1321517222222222
2020-04-27,Energy,-0.029422916666666667,48.53,0.0422
2020-04-28,Energy,-0.08652083333333332,45.67,-0.029422916666666667
2020-04-29,Energy,0.049788119047619046,52.49,-0.08652083333333332
2020-04-30,Energy,0.07215342857142858,53.61,0.049788119047619046
2020-05-01,Energy,-0.11123361904761904,44.44,0.07215342857142858
2020-05-04,Energy,-0.05505750582750583,47.25,-0.11123361904761904
2020-05-05,Energy,0.11433404040404042,55.72,-0.05505750582750583
2020-05-06,Energy,0.15378107142857145,57.69,0.11433404040404042
2020-05-07,Energy,0.18656142857142857,59.33,0.15378107142857145
2020-05-08,Energy,0.07458333333333333,53.73,0.18656142857142857
2020-05-11,Energy,-0.06533233333333333,46.73,0.07458333333333333
2020-05-12,Energy,0.005630666666666667,50.28,-0.06533233333333333
2020-05-13,Energy,-0.10073532467532469,44.96,0.005630666666666667
2020-05-14,Energy,-0.08145166666666667,45.93,-0.10073532467532469
2020-05-15,Energy,0.10089999999999999,55.04,-0.08145166666666667
2020-05-18,Energy,0.12642753968253967,56.32,0.10089999999999999
2020-05-19,Energy,0.21148000000000003,60.57,0.12642753968253967
2020-05-20,Energy,0.02310547619047619,51.16,0.21148000000000003
2020-05-21,Energy,0.009273333333333331,50.46,0.02310547619047619
2020-05-22,Energy,-0.045506,47.72,0.009273333333333331
2020-05-26,Energy,0.07303385714285714,53.65,-0.045506
2020-05-27,Energy,0.23317000000000002,61.66,0.07303385714285714
2020-05-28,Energy,0.03350499999999999,51.68,0.23317000000000002
2020-05-29,Energy,0.082255,54.11,0.03350499999999999
2020-06-01,Energy,0.025296401515151515,51.26,0.082255
2020-06-02,Energy,0.16705,58.35,0.025296401515151515
2020-06-03,Energy,0.22594444444444442,61.3,0.16705
2020-06-04,Energy,0.016734000000000002,50.84,0.22594444444444442
2020-06-05,Energy,-0.016536868686868683,49.17,0.016734000000000002
2020-06-08,Energy,0.26997714285714286,63.5,-0.016536868686868683
2020-06-09,Energy,0.14273,57.14,0.26997714285714286
2020-06-10,Energy,0.21686100000000003,60.84,0.14273
2020-06-11,Energy,-0.1811154761904762,40.94,0.21686100000000003
2020-06-12,Energy,-0.043281,47.84,-0.1811154761904762
2020-06-15,Energy,-0.09132,45.43,-0.043281
2020-06-16,Energy,0.01780312500000001,50.89,-0.09132
2020-06-17,Energy,-0.019577499999999998,49.02,0.01780312500000001
2020-06-18,Energy,0.021278333333333337,51.06,-0.019577499999999998
2020-06-19,Energy,0.01033412698412698,50.52,0.021278333333333337
2020-06-22,Energy,0.12802083333333333,56.4,0.01033412698412698
2020-06-23,Energy,-0.038993749999999994,48.05,0.12802083333333333
2020-06-24,Energy,-0.0016007142857142858,49.92,-0.038993749999999994
2020-06-25,Energy,-0.011062857142857143,49.45,-0.0016007142857142858
2020-06-26,Energy,0.04151666666666667,52.08,-0.011062857142857143
2020-06-29,Energy,-0.03049166666666666,48.48,0.04151666666666667
2020-06-30,Energy,0.03236583333333333,51.62,-0.03049166666666666
2020-07-01,Energy,0.05606249999999998,52.8,0.03236583333333333
2020-07-02,Energy,-0.005678484848484849,49.72,0.05606249999999998
2020-07-06,Energy,0.06979761904761905,53.49,-0.005678484848484849
2020-07-07,Energy,-0.12437142857142858,43.78,0.06979761904761905
2020-07-08,Energy,0.0207,51.04,-0.12437142857142858
2020-07-09,Energy,0.06766875000000001,53.38,0.0207
2020-07-10,Energy,0.10475999999999999,55.24,0.06766875000000001
2020-07-13,Energy,-0.0968,45.16,0.10475999999999999
2020-07-14,Energy,0.00645,50.32,-0.0968
2020-07-15,Energy,-0.1624833333333333,41.88,0.00645
2020-07-16,Energy,-0.014741666666666665,49.26,-0.1624833333333333
2020-07-17,Energy,-0.10470833333333332,44.76,-0.014741666666666665
2020-07-20,Energy,0.05840277777777778,52.92,-0.10470833333333332
2020-07-21,Energy,-0.004075848595848597,49.8,0.05840277777777778
2020-07-22,Energy,0.14691666666666667,57.35,-0.004075848595848597
2020-07-23,Energy,-0.039349999999999996,48.03,0.14691666666666667
2020-07-24,Energy,0.15937788461538463,57.97,-0.039349999999999996
2020-07-27,Energy,-0.11697333333333333,44.15,0.15937788461538463
2020-07-28,Energy,0.0207,51.04,-0.11697333333333333
2020-07-29,Energy,0.0232125,51.16,0.0207
2020-07-30,Energy,0.006316222222222226,50.32,0.0232125
2020-07-31,Energy,-0.12410095238095237,43.79,0.006316222222222226
2020-08-03,Energy,0.0813745,54.07,-0.12410095238095237
2020-08-04,Energy,-0.008433333333333333,49.58,0.0813745
2020-08-05,Energy,-0.0737138888888889,46.31,-0.008433333333333333
2020-08-06,Energy,0.12457499999999999,56.23,-0.0737138888888889
2020-08-07,Energy,0.0029866666666666665,50.15,0.12457499999999999
2020-08-10,Energy,0.11762555555555557,55.88,0.0029866666666666665
2020-08-11,Energy,0.08755357142857143,54.38,0.11762555555555557
2020-08-12,Energy,0.11122833333333333,55.56,0.08755357142857143
2020-08-13,Energy,-0.080325,45.98,0.11122833333333333
2020-08-14,Energy,0.24855833333333333,62.43,-0.080325
2020-08-17,Energy,-0.13175416666666667,43.41,0.24855833333333333
2020-08-18,Energy,0.041479166666666664,52.07,-0.13175416666666667
2020-08-19,Energy,0.058888888888888886,52.94,0.041479166666666664
2020-08-20,Energy,-0.024282500000000002,48.79,0.058888888888888886
2020-08-21,Energy,0.011949999999999999,50.6,-0.024282500000000002
2020-08-24,Energy,0.08006074074074075,54.0,0.011949999999999999
2020-08-25,Energy,0.03995333333333333,52.0,0.08006074074074075
2020-08-26,Energy,0.09919404761904761,54.96,0.03995333333333333
2020-08-27,Energy,-0.07820714285714285,46.09,0.09919404761904761
2020-08-28,Energy,-0.010625,49.47,-0.07820714285714285
2020-08-31,Energy,0.04428619047619048,52.21,-0.010625
2020-09-01,Energy,0.20275833333333335,60.14,0.04428619047619048
2020-09-02,Energy,-0.08072,45.96,0.20275833333333335
2020-09-03,Energy,0.012199999999999997,50.61,-0.08072
2020-09-04,Energy,0.13854375000000002,56.93,0.012199999999999997
2020-09-08,Energy,-0.14831228571428573,42.58,0.13854375000000002
2020-09-09,Energy,0.20049999999999998,60.02,-0.14831228571428573
2020-09-10,Energy,0.016800000000000002,50.84,0.20049999999999998
2020-09-11,Energy,0.0782888888888889,53.91,0.016800000000000002
2020-09-14,Energy,-0.11555714285714284,44.22,0.0782888888888889
2020-09-15,Energy,-0.28678333333333333,35.66,-0.11555714285714284
2020-09-16,Energy,0.13089166666666666,56.54,-0.28678333333333333
2020-09-17,Energy,0.04168333333333333,52.08,0.13089166666666666
2020-09-18,Energy,-0.09491250000000001,45.25,0.04168333333333333
2020-09-21,Energy,-0.06273888888888891,46.86,-0.09491250000000001
2020-09-22,Energy,0.25353333333333333,62.68,-0.06273888888888891
2020-09-23,Energy,-0.06616944444444446,46.69,0.25353333333333333
2020-09-24,Energy,0.09435833333333332,54.72,-0.06616944444444446
2020-09-25,Energy,0.0283,51.42,0.09435833333333332
2020-09-28,Energy,0.029023809523809525,51.45,0.0283
2020-09-29,Energy,0.20027,60.01,0.029023809523809525
2020-09-30,Energy,-0.11538888888888887,44.23,0.20027
2020-10-01,Energy,0.03877222222222222,51.94,-0.11538888888888887
2020-10-02,Energy,0.024966666666666668,51.25,0.03877222222222222
2020-10-05,Energy,-0.0065393749999999974,49.67,0.024966666666666668
2020-10-06,Energy,0.009616666666666671,50.48,-0.0065393749999999974
2020-10-07,Energy,-0.07916,46.04,0.009616666666666671
2020-10-08,Energy,0.24025,62.01,-0.07916
2020-10-12,Energy,-0.03413437499999999,48.29,0.24025
2020-10-13,Energy,-0.0021500000000000004,49.89,-0.03413437499999999
2020-10-14,Energy,-0.011159999999999998,49.44,-0.0021500000000000004
2020-10-15,Energy,0.1661375,58.31,-0.011159999999999998
2020-10-16,Energy,0.07702708333333333,53.85,0.1661375
2020-10-19,Energy,0.04809278787878788,52.4,0.07702708333333333
2020-10-20,Energy,0.1535277777777778,57.68,0.04809278787878788
2020-10-21,Energy,0.0244,51.22,0.1535277777777778
2020-10-22,Energy,0.09854999999999998,54.93,0.0244
2020-10-23,Energy,0.23814166666666667,61.91,0.09854999999999998
2020-10-26,Energy,-0.007141666666666671,49.64,0.23814166666666667
2020-10-27,Energy,-0.1320888888888889,43.4,-0.007141666666666671
2020-10-28,Energy,-0.06261968253968254,46.87,-0.1320888888888889
2020-10-29,Energy,-0.02933214285714285,48.53,-0.06261968253968254
2020-10-30,Energy,-0.018215833333333337,49.09,-0.02933214285714285
2020-11-02,Energy,0.017356666666666673,50.87,-0.018215833333333337
2020-11-03,Energy,-0.0015083333333333383,49.92,0.017356666666666673
2020-11-04,Energy,0.007898750000000003,50.39,-0.0015083333333333383
2020-11-05,Energy,0.030873333333333343,51.54,0.007898750000000003
2020-11-06,Energy,0.087475,54.37,0.030873333333333343
2020-11-09,Energy,0.11824128205128207,55.91,0.087475
2020-11-10,Energy,-0.06794533333333333,46.6,0.11824128205128207
2020-11-11,Energy,0.011086666666666667,50.55,-0.06794533333333333
2020-11-12,Energy,0.15435666666666667,57.72,0.011086666666666667
2020-11-13,Energy,0.21948333333333334,60.97,0.15435666666666667
2020-11-16,Energy,0.18105312499999998,59.05,0.21948333333333334
2020-11-17,Energy,-0.263775,36.81,0.18105312499999998
2020-11-18,Energy,0.16334722222222223,58.17,-0.263775
2020-11-19,Energy,-0.018625,49.07,0.16334722222222223
2020-11-20,Energy,0.0194,50.97,-0.018625
2020-11-23,Energy,-0.08639607142857143,45.68,0.0194
2020-11-24,Energy,0.10384333333333333,55.19,-0.08639607142857143
2020-11-25,Energy,0.030165625,51.51,0.10384333333333333
2020-11-27,Energy,0.0782875,53.91,0.030165625
2020-11-30,Energy,0.053713333333333335,52.69,0.0782875
2020-12-01,Energy,0.13486333333333334,56.74,0.053713333333333335
2020-12-02,Energy,0.03481541666666667,51.74,0.13486333333333334
2020-12-03,Energy,-0.07588333333333334,46.21,0.03481541666666667
2020-12-04,Energy,0.06671948051948051,53.34,-0.07588333333333334
2020-12-07,Energy,0.11212249999999999,55.61,0.06671948051948051
2020-12-08,Energy,0.04741666666666666,52.37,0.11212249999999999
2020-12-09,Energy,-0.032656666666666674,48.37,0.04741666666666666
2020-12-10,Energy,0.11297666666666667,55.65,-0.032656666666666674
2020-12-11,Energy,-0.21738400000000002,39.13,0.11297666666666667
2020-12-14,Energy,0.0840875,54.2,-0.21738400000000002
2020-12-15,Energy,0.06975555555555556,53.49,0.0840875
2020-12-16,Energy,-0.07549166666666667,46.23,0.06975555555555556
2020-12-17,Energy,0.14119,57.06,-0.07549166666666667
2020-12-18,Energy,0.015166666666666667,50.76,0.14119
2020-12-21,Energy,0.06230066666666666,53.12,0.015166666666666667
2020-12-22,Energy,-0.0749065,46.25,0.06230066666666666
2020-12-23,Energy,0.16169999999999998,58.08,-0.0749065
2020-12-24,Energy,0.08313333333333334,54.16,0.16169999999999998
2020-12-28,Energy,0.19151916666666666,59.58,0.08313333333333334
2020-12-29,Energy,0.1476875,57.38,0.19151916666666666
2020-12-30,Energy,0.09135,54.57,0.1476875
2020-12-31,Energy,0.10947500000000002,55.47,0.09135
2021-01-04,Energy,0.010089583333333334,50.5,0.10947500000000002
2021-01-05,Energy,0.092525,54.63,0.010089583333333334
2021-01-06,Energy,-0.008569999999999998,49.57,0.092525
2021-01-07,Energy,-0.14996666666666666,42.5,-0.008569999999999998
2021-01-08,Energy,0.030842857142857144,51.54,-0.14996666666666666
2021-01-11,Energy,-0.009986666666666673,49.5,0.030842857142857144
2021-01-12,Energy,-0.025120833333333335,48.74,-0.009986666666666673
2021-01-13,Energy,0.0537375,52.69,-0.025120833333333335
2021-01-14,Energy,0.005958333333333334,50.3,0.0537375
2021-01-15,Energy,-0.015342307692307693,49.23,0.005958333333333334
2021-01-19,Energy,0.14099791666666667,57.05,-0.015342307692307693
2021-01-20,Energy,-0.08537499999999999,45.73,0.14099791666666667
2021-01-21,Energy,0.02124,51.06,-0.08537499999999999
2021-01-22,Energy,-0.1909225,40.45,0.02124
2021-01-25,Energy,0.17308888888888888,58.65,-0.1909225
2021-01-26,Energy,0.06810999999999999,53.41,0.17308888888888888
2021-01-27,Energy,0.09408333333333334,54.7,0.06810999999999999
2021-01-28,Energy,0.056487499999999996,52.82,0.09408333333333334
2021-01-29,Energy,-0.3344805555555556,33.28,0.056487499999999996
2021-02-01,Energy,-0.03981878787878788,48.01,-0.3344805555555556
2021-02-02,Energy,0.06969473684210527,53.48,-0.03981878787878788
2021-02-03,Energy,0.03638333333333333,51.82,0.06969473684210527
2021-02-04,Energy,-0.0814625,45.93,0.03638333333333333
2021-02-05,Energy,-0.09150916666666667,45.42,-0.0814625
2021-02-08,Energy,0.13439500000000001,56.72,-0.09150916666666667
2021-02-09,Energy,-0.050624999999999996,47.47,0.13439500000000001
2021-02-10,Energy,-0.15543333333333334,42.23,-0.050624999999999996
2021-02-11,Energy,0.07919375000000001,53.96,-0.15543333333333334
2021-02-12,Energy,-0.19486333333333333,40.26,0.07919375000000001
2021-02-16,Energy,0.094275,54.71,-0.19486333333333333
2021-02-17,Energy,-0.061850909090909095,46.91,0.094275
2021-02-18,Energy,0.046288888888888886,52.31,-0.061850909090909095
2021-02-19,Energy,0.110925,55.55,0.046288888888888886
2021-02-22,Energy,0.09421388888888889,54.71,0.110925
2021-02-23,Energy,0.16088333333333335,58.04,0.09421388888888889
2021-02-24,Energy,0.15141566666666667,57.57,0.16088333333333335
2021-02-25,Energy,0.0105625,50.53,0.15141566666666667
2021-02-26,Energy,-0.06065277777777778,46.97,0.0105625
2021-03-01,Energy,0.04674433333333334,52.34,-0.06065277777777778
2021-03-02,Energy,0.006496666666666668,50.32,0.04674433333333334
2021-03-03,Energy,-0.11499659090909091,44.25,0.006496666666666668
2021-03-04,Energy,0.12084999999999999,56.04,-0.11499659090909091
2021-03-05,Energy,0.09293333333333334,54.65,0.12084999999999999
2021-03-08,Energy,0.06666666666666667,53.33,0.09293333333333334
2021-03-09,Energy,-0.1652015873015873,41.74,0.06666666666666667
2021-03-10,Energy,0.01594375,50.8,-0.1652015873015873
2021-03-11,Energy,0.06870555555555555,53.44,0.01594375
2021-03-12,Energy,0.3094,65.47,0.06870555555555555
2021-03-15,Energy,-0.0028625000000000005,49.86,0.3094
2021-03-16,Energy,0.08485000000000001,54.24,-0.0028625000000000005
2021-03-17,Energy,0.09071666666666668,54.54,0.08485000000000001
2021-03-18,Energy,-0.1282083333333333,43.59,0.09071666666666668
2021-03-19,Energy,0.26818888888888887,63.41,-0.1282083333333333
2021-03-22,Energy,0.016729166666666666,50.84,0.26818888888888887
2021-03-23,Energy,-0.09210416666666667,45.39,0.016729166666666666
2021-03-24,Energy,0.23990583333333332,62.0,-0.09210416666666667
2021-03-25,Energy,-0.02332291666666667,48.83,0.23990583333333332
2021-03-26,Energy,0.2928727777777778,64.64,-0.02332291666666667
2021-03-29,Energy,0.15936499999999998,57.97,0.2928727777777778
2021-03-30,Energy,0.31335,65.67,0.15936499999999998
2021-03-31,Energy,0.10976875,55.49,0.31335
2021-04-01,Energy,-0.13063,43.47,0.10976875
2021-04-05,Energy,0.012821666666666667,50.64,-0.13063
2021-04-06,Energy,0.06885374999999999,53.44,0.012821666666666667
2021-04-07,Energy,-0.16956666666666667,41.52,0.06885374999999999
2021-04-08,Energy,0.0029599999999999995,50.15,-0.16956666666666667
2021-04-09,Energy,-0.0764125,46.18,0.0029599999999999995
2021-04-12,Energy,0.0002999999999999999,50.02,-0.0764125
2021-04-13,Energy,0.09538333333333333,54.77,0.0002999999999999999
2021-04-14,Energy,0.013125000000000001,50.66,0.09538333333333333
2021-04-15,Energy,0.01213,50.61,0.013125000000000001
2021-04-16,Energy,0.15060833333333334,57.53,0.01213
2021-04-19,Energy,0.08459166666666668,54.23,0.15060833333333334
2021-04-20,Energy,0.0668,53.34,0.08459166666666668
2021-04-21,Energy,0.06364375,53.18,0.0668
2021-04-22,Energy,-0.010983333333333336,49.45,0.06364375
2021-04-23,Energy,0.028797500000000004,51.44,-0.010983333333333336
2021-04-26,Energy,0.009946666666666677,50.5,0.028797500000000004
2021-04-27,Energy,0.0011555555555555555,50.06,0.009946666666666677
2021-04-28,Energy,0.21947333333333333,60.97,0.0011555555555555555
2021-04-29,Energy,0.08725555555555553,54.36,0.21947333333333333
2021-04-30,Energy,-0.009022142857142857,49.55,0.08725555555555553
2021-05-03,Energy,0.07165375,53.58,-0.009022142857142857
2021-05-04,Energy,0.07147761904761905,53.57,0.07165375
2021-05-05,Energy,0.03127708333333333,51.56,0.07147761904761905
2021-05-06,Energy,0.12717083333333334,56.36,0.03127708333333333
2021-05-07,Energy,-0.012574999999999996,49.37,0.12717083333333334
2021-05-10,Energy,0.14538485714285715,57.27,-0.012574999999999996
2021-05-11,Energy,0.0383475,51.92,0.14538485714285715
2021-05-12,Energy,0.115975,55.8,0.0383475
2021-05-13,Energy,0.04282777777777778,52.14,0.115975
2021-05-14,Energy,-0.045905555555555554,47.7,0.04282777777777778
2021-05-17,Energy,0.11419333333333334,55.71,-0.045905555555555554
2021-05-18,Energy,-0.0801375,45.99,0.11419333333333334
2021-05-19,Energy,-0.0701375,46.49,-0.0801375
2021-05-20,Energy,0.11470000000000001,55.74,-0.0701375
2021-05-21,Energy,-0.01561000000000001,49.22,0.11470000000000001
2021-05-24,Energy,0.13616166666666665,56.81,-0.01561000000000001
2021-05-25,Energy,-0.05247361111111111,47.38,0.13616166666666665
2021-05-26,Energy,0.1632865,58.16,-0.05247361111111111
2021-05-27,Energy,0.1366488888888889,56.83,0.1632865
2021-05-28,Energy,0.0135575,50.68,0.1366488888888889
2021-06-01,Energy,0.07430152380952382,53.72,0.0135575
2021-06-02,Energy,0.12778499999999998,56.39,0.07430152380952382
2021-06-03,Energy,0.20820333333333335,60.41,0.12778499999999998
2021-06-04,Energy,0.04501111111111111,52.25,0.20820333333333335
2021-06-07,Energy,-0.22472666666666669,38.76,0.04501111111111111
2021-06-08,Energy,0.02061666666666667,51.03,-0.22472666666666669
2021-06-09,Energy,0.012145,50.61,0.02061666666666667
2021-06-10,Energy,0.052635,52.63,0.012145
2021-06-11,Energy,0.019308333333333334,50.97,0.052635
2021-06-14,Energy,0.30417933333333336,65.21,0.019308333333333334
2021-06-15,Energy,0.05760333333333333,52.88,0.30417933333333336
2021-06-16,Energy,0.047144000000000005,52.36,0.05760333333333333
2021-06-17,Energy,-0.04622166666666667,47.69,0.047144000000000005
2021-06-18,Energy,0.12141249999999999,56.07,-0.04622166666666667
2021-06-21,Energy,0.21067399999999997,60.53,0.12141249999999999
2021-06-22,Energy,0.18812500000000001,59.41,0.21067399999999997
2021-06-23,Energy,0.42168874999999995,71.08,0.18812500000000001
2021-06-24,Energy,-0.08288166666666667,45.86,0.42168874999999995
2021-06-25,Energy,0.1148875,55.74,-0.08288166666666667
2021-06-28,Energy,-0.10074333333333334,44.96,0.1148875
2021-06-29,Energy,0.34934000000000004,67.47,-0.10074333333333334
2021-06-30,Energy,0.06471666666666667,53.24,0.34934000000000004
2021-07-01,Energy,0.18544999999999998,59.27,0.06471666666666667
2021-07-02,Energy,0.25813,62.91,0.18544999999999998
2021-07-06,Energy,-0.12695555555555552,43.65,0.25813
2021-07-07,Energy,-0.007940000000000006,49.6,-0.12695555555555552
2021-07-08,Energy,-0.03239333333333334,48.38,-0.007940000000000006
2021-07-09,Energy,0.22047866666666666,61.02,-0.03239333333333334
2021-07-12,Energy,-0.043816666666666663,47.81,0.22047866666666666
2021-07-13,Energy,0.094825,54.74,-0.043816666666666663
2021-07-14,Energy,0.019674999999999998,50.98,0.094825
2021-07-15,Energy,-0.06375333333333334,46.81,0.019674999999999998
2021-07-16,Energy,0.23842066666666667,61.92,-0.06375333333333334
2021-07-19,Energy,-0.142428,42.88,0.23842066666666667
2021-07-20,Energy,0.35969666666666666,67.98,-0.142428
2021-07-21,Energy,0.12923333333333334,56.46,0.35969666666666666
2021-07-22,Energy,0.16191499999999998,58.1,0.12923333333333334
2021-07-23,Energy,0.2976683333333333,64.88,0.16191499999999998
2021-07-26,Energy,0.05783666666666667,52.89,0.2976683333333333
2021-07-27,Energy,0.0207,51.04,0.05783666666666667
2021-07-28,Energy,0.04705,52.35,0.0207
2021-07-29,Energy,-0.03691666666666667,48.15,0.04705
2021-07-30,Energy,0.08672386363636364,54.34,-0.03691666666666667
2021-08-02,Energy,-0.07257866666666665,46.37,0.08672386363636364
2021-08-03,Energy,0.13371666666666668,56.69,-0.07257866666666665
2021-08-04,Energy,0.00205,50.1,0.13371666666666668
2021-08-05,Energy,0.017741666666666666,50.89,0.00205
2021-08-06,Energy,-0.00645833333333333,49.68,0.017741666666666666
2021-08-09,Energy,-0.14924583333333336,42.54,-0.00645833333333333
2021-08-10,Energy,-0.09474285714285714,45.26,-0.14924583333333336
2021-08-11,Energy,0.13831583333333333,56.92,-0.09474285714285714
2021-08-12,Energy,0.06874,53.44,0.13831583333333333
2021-08-13,Energy,0.18254166666666669,59.13,0.06874
2021-08-16,Energy,-0.07831857142857145,46.08,0.18254166666666669
2021-08-17,Energy,-0.11551499999999999,44.22,-0.07831857142857145
2021-08-18,Energy,-0.09702,45.15,-0.11551499999999999
2021-08-19,Energy,-0.043116071428571434,47.84,-0.09702
2021-08-20,Energy,-0.17437333333333335,41.28,-0.043116071428571434
2021-08-23,Energy,0.0408580303030303,52.04,-0.17437333333333335
2021-08-24,Energy,0.1229375,56.15,0.0408580303030303
2021-08-25,Energy,0.012249999999999999,50.61,0.1229375
2021-08-26,Energy,-0.0177,49.11,0.012249999999999999
2021-08-27,Energy,0.17941458333333332,58.97,-0.0177
2021-08-30,Energy,0.11058428571428572,55.53,0.17941458333333332
2021-08-31,Energy,0.0065833333333333325,50.33,0.11058428571428572
2021-09-01,Energy,0.10045476190476191,55.02,0.0065833333333333325
2021-09-02,Energy,0.2658378974358974,63.29,0.10045476190476191
2021-09-03,Energy,0.005679910714285712,50.28,0.2658378974358974
2021-09-07,Energy,0.17787833333333333,58.89,0.005679910714285712
2021-09-08,Energy,0.07939761904761904,53.97,0.17787833333333333
2021-09-09,Energy,0.17578114285714286,58.79,0.07939761904761904
2021-09-10,Energy,0.13632916666666667,56.82,0.17578114285714286
2021-09-13,Energy,0.08195535714285715,54.1,0.13632916666666667
2021-09-14,Energy,-0.045697499999999995,47.72,0.08195535714285715
2021-09-15,Energy,0.05658333333333333,52.83,-0.045697499999999995
2021-09-16,Energy,-0.04130000000000001,47.94,0.05658333333333333
2021-09-17,Energy,0.0146,50.73,-0.04130000000000001
2021-09-20,Energy,-0.009796250000000003,49.51,0.0146
2021-09-21,Energy,0.01489,50.74,-0.009796250000000003
2021-09-22,Energy,0.05246166666666667,52.62,0.01489
2021-09-23,Energy,0.12605833333333333,56.3,0.05246166666666667
2021-09-24,Energy,-0.10636507936507937,44.68,0.12605833333333333
2021-09-27,Energy,0.03560166666666667,51.78,-0.10636507936507937
2021-09-28,Energy,0.007483333333333333,50.37,0.03560166666666667
2021-09-29,Energy,-0.11905595238095239,44.05,0.007483333333333333
2021-09-30,Energy,0.07696166666666666,53.85,-0.11905595238095239
2021-10-01,Energy,0.32171250000000007,66.09,0.07696166666666666
2021-10-04,Energy,0.17011249999999997,58.51,0.32171250000000007
2021-10-05,Energy,0.176765,58.84,0.17011249999999997
2021-10-06,Energy,0.19183055555555553,59.59,0.176765
2021-10-07,Energy,0.04354714285714286,52.18,0.19183055555555553
2021-10-08,Energy,0.08622222222222223,54.31,0.04354714285714286
2021-10-11,Energy,-0.04941190476190477,47.53,0.08622222222222223
2021-10-12,Energy,0.10216666666666667,55.11,-0.04941190476190477
2021-10-13,Energy,0.11379166666666665,55.69,0.10216666666666667
2021-10-14,Energy,0.16910555555555554,58.46,0.11379166666666665
2021-10-15,Energy,0.21812399999999998,60.91,0.16910555555555554
2021-10-18,Energy,0.015122000000000005,50.76,0.21812399999999998
2021-10-19,Energy,0.07772799999999999,53.89,0.015122000000000005
2021-10-20,Energy,-0.10481944444444442,44.76,0.07772799999999999
2021-10-21,Energy,-0.029458333333333336,48.53,-0.10481944444444442
2021-10-22,Energy,0.08462685714285714,54.23,-0.029458333333333336
2021-10-25,Energy,0.07451458333333333,53.73,0.08462685714285714
2021-10-26,Energy,0.19035119047619045,59.52,0.07451458333333333
2021-10-27,Energy,-0.005961428571428569,49.7,0.19035119047619045
2021-10-28,Energy,0.12998437499999999,56.5,-0.005961428571428569
2021-10-29,Energy,0.2805783333333333,64.03,0.12998437499999999
2021-11-01,Energy,-0.01089270833333333,49.46,0.2805783333333333
2021-11-02,Energy,0.032731481481481486,51.64,-0.01089270833333333
2021-11-03,Energy,0.07462,53.73,0.032731481481481486
2021-11-04,Energy,0.023278333333333335,51.16,0.07462
2021-11-05,Energy,0.2165083333333333,60.83,0.023278333333333335
2021-11-08,Energy,0.06068333333333333,53.03,0.2165083333333333
2021-11-09,Energy,-0.006130833333333335,49.69,0.06068333333333333
2021-11-10,Energy,-0.07501666666666668,46.25,-0.006130833333333335
2021-11-11,Energy,0.0047666666666666664,50.24,-0.07501666666666668
2021-11-15,Energy,-0.21993333333333331,39.0,0.0047666666666666664
2021-11-16,Energy,0.044912499999999994,52.25,-0.21993333333333331
2021-11-17,Energy,-0.10344404761904763,44.83,0.044912499999999994
2021-11-18,Energy,-0.04917333333333333,47.54,-0.10344404761904763
2021-11-19,Energy,0.1924634920634921,59.62,-0.04917333333333333
2021-11-22,Energy,0.25222916666666667,62.61,0.1924634920634921
2021-11-23,Energy,0.1938125,59.69,0.25222916666666667
2021-11-24,Energy,0.014922222222222224,50.75,0.1938125
2021-11-26,Energy,-0.15137083333333332,42.43,0.014922222222222224
2021-11-29,Energy,-0.18147708333333332,40.93,-0.15137083333333332
2021-11-30,Energy,-0.10035000000000001,44.98,-0.18147708333333332
2021-12-01,Energy,0.008953333333333332,50.45,-0.10035000000000001
2021-12-02,Energy,0.08543071428571429,54.27,0.008953333333333332
2021-12-03,Energy,-0.004962500000000002,49.75,0.08543071428571429
2021-12-06,Energy,-0.20314642857142856,39.84,-0.004962500000000002
2021-12-07,Energy,0.13201708333333334,56.6,-0.20314642857142856
2021-12-08,Energy,0.18344404761904762,59.17,0.13201708333333334
2021-12-09,Energy,-0.02325,48.84,0.18344404761904762
2021-12-10,Energy,0.14493999999999999,57.25,-0.02325
2021-12-13,Energy,0.033489285714285714,51.67,0.14493999999999999
2021-12-14,Energy,0.015483333333333333,50.77,0.033489285714285714
2021-12-15,Energy,0.13893333333333333,56.95,0.015483333333333333
2021-12-16,Energy,-0.07565,46.22,0.13893333333333333
2021-12-17,Energy,0.12304999999999999,56.15,-0.07565
2021-12-20,Energy,-0.022166666666666657,48.89,0.12304999999999999
2021-12-21,Energy,0.0,50.0,-0.022166666666666657
2021-12-22,Energy,0.06346666666666667,53.17,0.0
2021-12-23,Energy,0.0201,51.0,0.06346666666666667
2021-12-27,Energy,0.09071458333333335,54.54,0.0201
2021-12-28,Energy,-0.01743888888888889,49.13,0.09071458333333335
2021-12-29,Energy,0.045375,52.27,-0.01743888888888889
2021-12-30,Energy,0.04165625,52.08,0.045375
2021-12-31,Energy,0.18545333333333333,59.27,0.04165625
2022-01-03,Energy,0.07255476190476191,53.63,0.18545333333333333
2022-01-04,Energy,0.03349166666666667,51.67,0.07255476190476191
2022-01-05,Energy,-0.017816666666666668,49.11,0.03349166666666667
2022-01-06,Energy,-0.060863999999999994,46.96,-0.017816666666666668
2022-01-07,Energy,0.14336666666666667,57.17,-0.060863999999999994
2022-01-10,Energy,0.08828253968253968,54.41,0.14336666666666667
2022-01-11,Energy,0.09062857142857143,54.53,0.08828253968253968
2022-01-12,Energy,0.19783802083333335,59.89,0.09062857142857143
2022-01-13,Energy,0.15042300000000003,57.52,0.19783802083333335
2022-01-14,Energy,0.19918833333333333,59.96,0.15042300000000003
2022-01-18,Energy,0.24126535714285713,62.06,0.19918833333333333
2022-01-19,Energy,0.08646000000000001,54.32,0.24126535714285713
2022-01-20,Energy,0.20960104166666665,60.48,0.08646000000000001
2022-01-21,Energy,0.06070625,53.04,0.20960104166666665
2022-01-24,Energy,0.007115833333333324,50.36,0.06070625
2022-01-25,Energy,0.037605000000000006,51.88,0.007115833333333324
2022-01-26,Energy,0.13683805555555556,56.84,0.037605000000000006
2022-01-27,Energy,0.238760641025641,61.94,0.13683805555555556
2022-01-28,Energy,0.15076631944444444,57.54,0.238760641025641
2022-01-31,Energy,0.14595083333333334,57.3,0.15076631944444444
2022-02-01,Energy,0.03839326086956521,51.92,0.14595083333333334
2022-02-02,Energy,0.25156266666666666,62.58,0.03839326086956521
2022-02-03,Energy,0.06741833333333333,53.37,0.25156266666666666
2022-02-04,Energy,0.1858216666666667,59.29,0.06741833333333333
2022-02-07,Energy,0.11379865079365079,55.69,0.1858216666666667
2022-02-08,Energy,0.13652,56.83,0.11379865079365079
2022-02-09,Energy,0.0974,54.87,0.13652
2022-02-10,Energy,0.09988785714285715,54.99,0.0974
2022-02-11,Energy,0.15572666666666668,57.79,0.09988785714285715
2022-02-14,Energy,0.23601999999999998,61.8,0.15572666666666668
2022-02-15,Energy,-0.010717952380952371,49.46,0.23601999999999998
2022-02-16,Energy,0.13266066666666668,56.63,-0.010717952380952371
2022-02-17,Energy,0.07692249999999999,53.85,0.13266066666666668
2022-02-18,Energy,0.08229333333333334,54.11,0.07692249999999999
2022-02-22,Energy,0.007454687499999996,50.37,0.08229333333333334
2022-02-23,Energy,0.10152883333333333,55.08,0.007454687499999996
2022-02-24,Energy,-0.14099799999999998,42.95,0.10152883333333333
2022-02-25,Energy,0.16676794871794873,58.34,-0.14099799999999998
2022-02-28,Energy,0.11170333333333335,55.59,0.16676794871794873
2022-03-01,Energy,0.04028320488721805,52.01,0.11170333333333335
2022-03-02,Energy,0.11188595238095238,55.59,0.04028320488721805
2022-03-03,Energy,0.04009450549450548,52.0,0.11188595238095238
2022-03-04,Energy,0.10238208333333335,55.12,0.04009450549450548
2022-03-07,Energy,0.03193907326007327,51.6,0.10238208333333335
2022-03-08,Energy,0.09993,55.0,0.03193907326007327
2022-03-09,Energy,0.086724,54.34,0.09993
2022-03-10,Energy,-0.001054357142857144,49.95,0.086724
2022-03-11,Energy,-0.010496388888888888,49.48,-0.001054357142857144
2022-03-14,Energy,0.11551105555555555,55.78,-0.010496388888888888
2022-03-15,Energy,0.23932616666666667,61.97,0.11551105555555555
2022-03-16,Energy,0.1024990909090909,55.12,0.23932616666666667
2022-03-17,Energy,0.1455676767676768,57.28,0.1024990909090909
2022-03-18,Energy,0.02224000000000001,51.11,0.1455676767676768
2022-03-21,Energy,0.026836233766233765,51.34,0.02224000000000001
2022-03-22,Energy,0.14213933333333334,57.11,0.026836233766233765
2022-03-23,Energy,0.0007100000000000037,50.04,0.14213933333333334
2022-03-24,Energy,0.07854384615384616,53.93,0.0007100000000000037
2022-03-25,Energy,0.11659233333333334,55.83,0.07854384615384616
2022-03-28,Energy,0.11791388888888887,55.9,0.11659233333333334
2022-03-29,Energy,0.027059818181818185,51.35,0.11791388888888887
2022-03-30,Energy,0.1351041666666667,56.76,0.027059818181818185
2022-03-31,Energy,-0.020846666666666663,48.96,0.1351041666666667
2022-04-01,Energy,-0.05038433333333332,47.48,-0.020846666666666663
2022-04-04,Energy,-0.05650555555555555,47.17,-0.05038433333333332
2022-04-05,Energy,0.064445,53.22,-0.05650555555555555
2022-04-06,Energy,0.07759375,53.88,0.064445
2022-04-07,Energy,0.11415249999999999,55.71,0.07759375
2022-04-08,Energy,0.20178160714285714,60.09,0.11415249999999999
2022-04-11,Energy,0.19321458333333336,59.66,0.20178160714285714
2022-04-12,Energy,0.12940022222222222,56.47,0.19321458333333336
2022-04-13,Energy,0.1823665277777778,59.12,0.12940022222222222
2022-04-14,Energy,0.0758375,53.79,0.1823665277777778
2022-04-18,Energy,0.20136388888888887,60.07,0.0758375
2022-04-19,Energy,0.21350100000000002,60.68,0.20136388888888887
2022-04-20,Energy,0.18329,59.16,0.21350100000000002
2022-04-21,Energy,0.10082500000000001,55.04,0.18329
2022-04-22,Energy,0.19173500000000002,59.59,0.10082500000000001
2022-04-25,Energy,0.15646768831168834,57.82,0.19173500000000002
2022-04-26,Energy,0.11248571428571429,55.62,0.15646768831168834
2022-04-27,Energy,0.27921666666666667,63.96,0.11248571428571429
2022-04-28,Energy,0.22647,61.32,0.27921666666666667
2022-04-29,Energy,0.0411117037037037,52.06,0.22647
2022-05-02,Energy,0.09910717948717948,54.96,0.0411117037037037
2022-05-03,Energy,0.21705466666666667,60.85,0.09910717948717948
2022-05-04,Energy,0.1353338888888889,56.77,0.21705466666666667
2022-05-05,Energy,0.29388016666666666,64.69,0.1353338888888889
2022-05-06,Energy,0.10323057142857144,55.16,0.29388016666666666
2022-05-09,Energy,0.12932141774891776,56.47,0.10323057142857144
2022-05-10,Energy,0.07046642857142857,53.52,0.12932141774891776
2022-05-11,Energy,0.16895208333333334,58.45,0.07046642857142857
2022-05-12,Energy,0.06307595238095239,53.15,0.16895208333333334
2022-05-13,Energy,-0.01674722222222222,49.16,0.06307595238095239
2022-05-16,Energy,0.012378339438339447,50.62,-0.01674722222222222
2022-05-17,Energy,0.13689348484848485,56.84,0.012378339438339447
2022-05-18,Energy,0.09873125641025642,54.94,0.13689348484848485
2022-05-19,Energy,0.20061535714285714,60.03,0.09873125641025642
2022-05-20,Energy,0.029609999999999997,51.48,0.20061535714285714
2022-05-23,Energy,0.141001,57.05,0.029609999999999997
2022-05-24,Energy,0.1446371111111111,57.23,0.141001
2022-05-25,Energy,0.053786011904761906,52.69,0.1446371111111111
2022-05-26,Energy,0.151149,57.56,0.053786011904761906
2022-05-27,Energy,0.07781761904761905,53.89,0.151149
2022-05-31,Energy,0.150991336996337,57.55,0.07781761904761905
2022-06-01,Energy,0.07983071428571428,53.99,0.150991336996337
2022-06-02,Energy,0.18121466666666666,59.06,0.07983071428571428
2022-06-03,Energy,0.14383566666666664,57.19,0.18121466666666666
2022-06-06,Energy,0.08883113553113553,54.44,0.14383566666666664
2022-06-07,Energy,0.07248942857142857,53.62,0.08883113553113553
2022-06-08,Energy,0.10627730158730157,55.31,0.07248942857142857
2022-06-09,Energy,0.16124333333333335,58.06,0.10627730158730157
2022-06-10,Energy,0.06462866666666665,53.23,0.16124333333333335
2022-06-13,Energy,0.11749665404040403,55.87,0.06462866666666665
2022-06-14,Energy,0.16518020833333336,58.26,0.11749665404040403
2022-06-15,Energy,0.18411750000000002,59.21,0.16518020833333336
2022-06-16,Energy,0.00769333333333333,50.38,0.18411750000000002
2022-06-17,Energy,0.12384166666666667,56.19,0.00769333333333333
2022-06-21,Energy,0.07356169400452489,53.68,0.12384166666666667
2022-06-22,Energy,0.022170000000000006,51.11,0.07356169400452489
2022-06-23,Energy,0.08866638888888889,54.43,0.022170000000000006
2022-06-24,Energy,-0.07087083333333333,46.46,0.08866638888888889
2022-06-27,Energy,0.048985,52.45,-0.07087083333333333
2022-06-28,Energy,0.054554845938375354,52.73,0.048985
2022-06-29,Energy,0.15069269230769233,57.53,0.054554845938375354
2022-06-30,Energy,-0.03017249999999999,48.49,0.15069269230769233
2022-07-01,Energy,0.13771692307692307,56.89,-0.03017249999999999
2022-07-05,Energy,0.030800136946386947,51.54,0.13771692307692307
2022-07-06,Energy,0.1101027142857143,55.51,0.030800136946386947
2022-07-07,Energy,0.0696511111111111,53.48,0.1101027142857143
2022-07-08,Energy,0.04769875,52.38,0.0696511111111111
2022-07-11,Energy,-0.07420769230769232,46.29,0.04769875
2022-07-12,Energy,0.1434404761904762,57.17,-0.07420769230769232
2022-07-13,Energy,0.125325,56.27,0.1434404761904762
2022-07-14,Energy,0.06535514069264069,53.27,0.125325
2022-07-15,Energy,0.10438700000000001,55.22,0.06535514069264069
2022-07-18,Energy,0.21415690476190474,60.71,0.10438700000000001
2022-07-19,Energy,0.184808,59.24,0.21415690476190474
2022-07-20,Energy,0.05004142857142857,52.5,0.184808
2022-07-21,Energy,0.14792833333333333,57.4,0.05004142857142857
2022-07-22,Energy,0.18850318181818182,59.43,0.14792833333333333
2022-07-25,Energy,0.17263178066378065,58.63,0.18850318181818182
2022-07-26,Energy,0.053515,52.68,0.17263178066378065
2022-07-27,Energy,0.0737887619047619,53.69,0.053515
2022-07-28,Energy,0.13024645454545455,56.51,0.0737887619047619
2022-07-29,Energy,0.2648026923076923,63.24,0.13024645454545455
2022-08-01,Energy,0.15112305050505054,57.56,0.2648026923076923
2022-08-02,Energy,0.10221785714285714,55.11,0.15112305050505054
2022-08-03,Energy,0.19868481283422462,59.93,0.10221785714285714
2022-08-04,Energy,0.08515595238095239,54.26,0.19868481283422462
2022-08-05,Energy,0.1945525,59.73,0.08515595238095239
2022-08-08,Energy,0.1436138888888889,57.18,0.1945525
2022-08-09,Energy,0.03943566137566138,51.97,0.1436138888888889
2022-08-10,Energy,0.12650057142857143,56.33,0.03943566137566138
2022-08-11,Energy,0.042326666666666665,52.12,0.12650057142857143
2022-08-12,Energy,0.0012662499999999948,50.06,0.042326666666666665
2022-08-15,Energy,0.1153380505050505,55.77,0.0012662499999999948
2022-08-16,Energy,0.09782083333333333,54.89,0.1153380505050505
2022-08-17,Energy,0.26602499999999996,63.3,0.09782083333333333
2022-08-18,Energy,-0.07461266666666666,46.27,0.26602499999999996
2022-08-19,Energy,0.12467777777777778,56.23,-0.07461266666666666
2022-08-22,Energy,0.06200777777777777,53.1,0.12467777777777778
2022-08-23,Energy,0.014941111111111113,50.75,0.06200777777777777
2022-08-24,Energy,-0.009934666666666666,49.5,0.014941111111111113
2022-08-25,Energy,0.1902039285714286,59.51,-0.009934666666666666
2022-08-26,Energy,0.13812222222222223,56.91,0.1902039285714286
2022-08-29,Energy,0.10961111111111112,55.48,0.13812222222222223
2022-08-30,Energy,0.04520857142857143,52.26,0.10961111111111112
2022-08-31,Energy,0.21586795454545454,60.79,0.04520857142857143
2022-09-01,Energy,0.045333,52.27,0.21586795454545454
2022-09-02,Energy,0.06358571428571429,53.18,0.045333
2022-09-06,Energy,0.01519916666666667,50.76,0.06358571428571429
2022-09-07,Energy,0.07903166666666667,53.95,0.01519916666666667
2022-09-08,Energy,0.10269666666666666,55.13,0.07903166666666667
2022-09-09,Energy,-0.09911466666666666,45.04,0.10269666666666666
2022-09-12,Energy,0.20296770833333333,60.15,-0.09911466666666666
2022-09-13,Energy,0.1441747142857143,57.21,0.20296770833333333
2022-09-14,Energy,0.05725729166666667,52.86,0.1441747142857143
2022-09-15,Energy,0.07594833333333333,53.8,0.05725729166666667
2022-09-16,Energy,0.22305999999999998,61.15,0.07594833333333333
2022-09-19,Energy,0.043953857142857135,52.2,0.22305999999999998
2022-09-20,Energy,0.08328333333333333,54.16,0.043953857142857135
2022-09-21,Energy,0.07643375,53.82,0.08328333333333333
2022-09-22,Energy,0.056312499999999995,52.82,0.07643375
2022-09-23,Energy,-0.13975520833333333,43.01,0.056312499999999995
2022-09-26,Energy,-0.022977083333333318,48.85,-0.13975520833333333
2022-09-27,Energy,0.019035714285714288,50.95,-0.022977083333333318
2022-09-28,Energy,0.11648750000000001,55.82,0.019035714285714288
2022-09-29,Energy,0.15041833333333335,57.52,0.11648750000000001
2022-09-30,Energy,0.1715269841269841,58.58,0.15041833333333335
2022-10-03,Energy,0.0695528205128205,53.48,0.1715269841269841
2022-10-04,Energy,0.15210416666666668,57.61,0.0695528205128205
2022-10-05,Energy,0.06177111111111111,53.09,0.15210416666666668
2022-10-06,Energy,0.10715699999999999,55.36,0.06177111111111111
2022-10-07,Energy,0.182672,59.13,0.10715699999999999
2022-10-10,Energy,0.042112857142857146,52.11,0.182672
2022-10-11,Energy,0.10115666666666667,55.06,0.042112857142857146
2022-10-12,Energy,0.04204653846153846,52.1,0.10115666666666667
2022-10-13,Energy,-0.018503555555555558,49.07,0.04204653846153846
2022-10-14,Energy,0.18095980952380955,59.05,-0.018503555555555558
2022-10-17,Energy,0.02836600000000001,51.42,0.18095980952380955
2022-10-18,Energy,0.15925,57.96,0.02836600000000001
2022-10-19,Energy,0.15421733333333335,57.71,0.15925
2022-10-20,Energy,0.142314,57.12,0.15421733333333335
2022-10-21,Energy,0.1389063492063492,56.95,0.142314
2022-10-24,Energy,0.15279183333333335,57.64,0.1389063492063492
2022-10-25,Energy,0.13928500000000002,56.96,0.15279183333333335
2022-10-26,Energy,0.04710250000000001,52.36,0.13928500000000002
2022-10-27,Energy,0.07068460606060607,53.53,0.04710250000000001
2022-10-28,Energy,0.1487388888888889,57.44,0.07068460606060607
2022-10-31,Energy,0.07966083333333333,53.98,0.1487388888888889
2022-11-01,Energy,0.12914090909090908,56.46,0.07966083333333333
2022-11-02,Energy,0.1424992380952381,57.12,0.12914090909090908
2022-11-03,Energy,0.2484,62.42,0.1424992380952381
2022-11-04,Energy,0.19466666666666668,59.73,0.2484
2022-11-07,Energy,0.06394155844155844,53.2,0.19466666666666668
2022-11-08,Energy,0.09217708333333334,54.61,0.06394155844155844
2022-11-09,Energy,-0.017174999999999992,49.14,0.09217708333333334
2022-11-10,Energy,0.053234000000000004,52.66,-0.017174999999999992
2022-11-11,Energy,-0.001214571428571426,49.94,0.053234000000000004
2022-11-14,Energy,0.13183786713286713,56.59,-0.001214571428571426
2022-11-15,Energy,0.18742499999999998,59.37,0.13183786713286713
2022-11-16,Energy,0.102961,55.15,0.18742499999999998
2022-11-17,Energy,-0.0017200000000000045,49.91,0.102961
2022-11-18,Energy,-0.07408333333333335,46.3,-0.0017200000000000045
2022-11-21,Energy,0.11343983333333334,55.67,-0.07408333333333335
2022-11-22,Energy,-0.08261166666666667,45.87,0.11343983333333334
2022-11-23,Energy,0.10573390476190477,55.29,-0.08261166666666667
2022-11-25,Energy,0.15059499999999998,57.53,0.10573390476190477
2022-11-28,Energy,-0.03693824999999999,48.15,0.15059499999999998
2022-11-29,Energy,0.03551863636363637,51.78,-0.03693824999999999
2022-11-30,Energy,0.14452309523809523,57.23,0.03551863636363637
2022-12-01,Energy,0.14911666666666668,57.46,0.14452309523809523
2022-12-02,Energy,0.26645416666666666,63.32,0.14911666666666668
2022-12-05,Energy,0.0344890873015873,51.72,0.26645416666666666
2022-12-06,Energy,0.18567633333333333,59.28,0.0344890873015873
2022-12-07,Energy,0.07407119047619047,53.7,0.18567633333333333
2022-12-08,Energy,0.06639251282051281,53.32,0.07407119047619047
2022-12-09,Energy,0.0230665873015873,51.15,0.06639251282051281
2022-12-12,Energy,0.01257166666666667,50.63,0.0230665873015873
2022-12-13,Energy,0.044855,52.24,0.01257166666666667
2022-12-14,Energy,0.0066106666666666675,50.33,0.044855
2022-12-15,Energy,-5.5333333333333626e-05,50.0,0.0066106666666666675
2022-12-16,Energy,0.0322525,51.61,-5.5333333333333626e-05
2022-12-19,Energy,0.10283422222222223,55.14,0.0322525
2022-12-20,Energy,0.15705249999999998,57.85,0.10283422222222223
2022-12-21,Energy,0.05098958333333334,52.55,0.15705249999999998
2022-12-22,Energy,0.21075499999999997,60.54,0.05098958333333334
2022-12-23,Energy,0.0402375,52.01,0.21075499999999997
2022-12-27,Energy,0.12540820512820514,56.27,0.0402375
2022-12-28,Energy,0.07741904761904762,53.87,0.12540820512820514
2022-12-29,Energy,-0.07368363095238095,46.32,0.07741904761904762
2022-12-30,Energy,0.26858666666666664,63.43,-0.07368363095238095
2023-01-03,Energy,0.26408868253968254,63.2,0.26858666666666664
2023-01-04,Energy,0.15492166666666668,57.75,0.26408868253968254
2023-01-05,Energy,0.0743075,53.72,0.15492166666666668
2023-01-06,Energy,0.07829409523809525,53.91,0.0743075
2023-01-09,Energy,0.2510630952380953,62.55,0.07829409523809525
2023-01-10,Energy,-0.03435485714285714,48.28,0.2510630952380953
2023-01-11,Energy,0.11838333333333334,55.92,-0.03435485714285714
2023-01-12,Energy,0.005293750000000003,50.26,0.11838333333333334
2023-01-13,Energy,0.2031419642857143,60.16,0.005293750000000003
2023-01-17,Energy,0.044414274509803925,52.22,0.2031419642857143
2023-01-18,Energy,0.21044944444444447,60.52,0.044414274509803925
2023-01-19,Energy,0.13351875,56.68,0.21044944444444447
2023-01-20,Energy,0.1068866826923077,55.34,0.13351875
2023-01-23,Energy,0.13797329545454545,56.9,0.1068866826923077
2023-01-24,Energy,0.22274857142857143,61.14,0.13797329545454545
2023-01-25,Energy,0.1443977777777778,57.22,0.22274857142857143
2023-01-26,Energy,0.23984049145299147,61.99,0.1443977777777778
2023-01-27,Energy,0.03659152380952381,51.83,0.23984049145299147
2023-01-30,Energy,-0.03445225108225108,48.28,0.03659152380952381
2023-01-31,Energy,0.04436702564102565,52.22,-0.03445225108225108
2023-02-01,Energy,-0.04860455555555556,47.57,0.04436702564102565
2023-02-02,Energy,0.11024714285714285,55.51,-0.04860455555555556
2023-02-03,Energy,0.004220000000000003,50.21,0.11024714285714285
2023-02-06,Energy,0.0060077777777777785,50.3,0.004220000000000003
2023-02-07,Energy,-0.06697390476190476,46.65,0.0060077777777777785
2023-02-08,Energy,0.07098000000000002,53.55,-0.06697390476190476
2023-02-09,Energy,0.06798657142857142,53.4,0.07098000000000002
2023-02-10,Energy,0.12143291666666667,56.07,0.06798657142857142
2023-02-13,Energy,0.04074444444444445,52.04,0.12143291666666667
2023-02-14,Energy,-0.066,46.7,0.04074444444444445
2023-02-15,Energy,0.007716666666666667,50.39,-0.066
2023-02-16,Energy,0.08503644444444444,54.25,0.007716666666666667
2023-02-17,Energy,0.17300357142857142,58.65,0.08503644444444444
2023-02-21,Energy,0.016490505050505047,50.82,0.17300357142857142
2023-02-22,Energy,-0.019436000000000002,49.03,0.016490505050505047
2023-02-23,Energy,0.03777559523809524,51.89,-0.019436000000000002
2023-02-24,Energy,0.042355000000000004,52.12,0.03777559523809524
2023-02-27,Energy,-0.020125857142857147,48.99,0.042355000000000004
2023-02-28,Energy,0.22632592592592593,61.32,-0.020125857142857147
2023-03-01,Energy,0.04124166666666667,52.06,0.22632592592592593
2023-03-02,Energy,0.10142833333333334,55.07,0.04124166666666667
2023-03-03,Energy,0.08271875,54.14,0.10142833333333334
2023-03-06,Energy,0.04578011111111112,52.29,0.08271875
2023-03-07,Energy,0.05949133333333334,52.97,0.04578011111111112
2023-03-08,Energy,0.10141,55.07,0.05949133333333334
2023-03-09,Energy,0.06647149999999999,53.32,0.10141
2023-03-10,Energy,0.05189999999999999,52.6,0.06647149999999999
2023-03-13,Energy,0.06364416666666667,53.18,0.05189999999999999
2023-03-14,Energy,0.09894666666666667,54.95,0.06364416666666667
2023-03-15,Energy,0.04474892857142857,52.24,0.09894666666666667
2023-03-16,Energy,-0.024301000000000003,48.78,0.04474892857142857
2023-03-17,Energy,0.032108333333333336,51.61,-0.024301000000000003
2023-03-20,Energy,0.06331133333333333,53.17,0.032108333333333336
2023-03-21,Energy,0.012990000000000002,50.65,0.06331133333333333
2023-03-22,Energy,0.16395283333333335,58.2,0.012990000000000002
2023-03-23,Energy,-0.0008343333333333314,49.96,0.16395283333333335
2023-03-24,Energy,0.072556,53.63,-0.0008343333333333314
2023-03-27,Energy,0.030017500000000003,51.5,0.072556
2023-03-28,Energy,0.12492666666666667,56.25,0.030017500000000003
2023-03-29,Energy,0.04790855555555556,52.4,0.12492666666666667
2023-03-30,Energy,0.02423066666666666,51.21,0.04790855555555556
2023-03-31,Energy,0.030812000000000006,51.54,0.02423066666666666
2023-04-03,Energy,-0.08666087719298246,45.67,0.030812000000000006
2023-04-04,Energy,0.26662549206349206,63.33,-0.08666087719298246
2023-04-05,Energy,0.01476952380952381,50.74,0.26662549206349206
2023-04-06,Energy,0.05697461538461539,52.85,0.01476952380952381
2023-04-10,Energy,0.06352420666290232,53.18,0.05697461538461539
2023-04-11,Energy,0.12048541666666666,56.02,0.06352420666290232
2023-04-12,Energy,0.05460666666666667,52.73,0.12048541666666666
2023-04-13,Energy,0.07982125000000001,53.99,0.05460666666666667
2023-04-14,Energy,0.155235,57.76,0.07982125000000001
2023-04-17,Energy,0.04836566666666666,52.42,0.155235
2023-04-18,Energy,0.06758858585858588,53.38,0.04836566666666666
2023-04-19,Energy,0.1383261666666667,56.92,0.06758858585858588
2023-04-20,Energy,0.0099325,50.5,0.1383261666666667
2023-04-21,Energy,0.138348358974359,56.92,0.0099325
2023-04-24,Energy,0.12433424242424243,56.22,0.138348358974359
2023-04-25,Energy,0.07950267857142856,53.98,0.12433424242424243
2023-04-26,Energy,0.13219,56.61,0.07950267857142856
2023-04-27,Energy,0.039357333333333334,51.97,0.13219
2023-04-28,Energy,0.25274254643206256,62.64,0.039357333333333334
2023-05-01,Energy,0.08427235087719298,54.21,0.25274254643206256
2023-05-02,Energy,0.055001468253968254,52.75,0.08427235087719298
2023-05-03,Energy,0.06502714285714287,53.25,0.055001468253968254
2023-05-04,Energy,0.1271891666666667,56.36,0.06502714285714287
2023-05-05,Energy,0.04179125,52.09,0.1271891666666667
2023-05-08,Energy,0.05730620728291317,52.87,0.04179125
2023-05-09,Energy,0.11292142857142858,55.65,0.05730620728291317
2023-05-10,Energy,0.08189833333333334,54.09,0.11292142857142858
2023-05-11,Energy,0.16355833333333333,58.18,0.08189833333333334
2023-05-12,Energy,0.008497500000000005,50.42,0.16355833333333333
2023-05-15,Energy,0.08928497979797981,54.46,0.008497500000000005
2023-05-16,Energy,0.026120833333333333,51.31,0.08928497979797981
2023-05-17,Energy,-0.026118222222222227,48.69,0.026120833333333333
2023-05-18,Energy,0.09001875000000001,54.5,-0.026118222222222227
2023-05-19,Energy,0.09141583333333334,54.57,0.09001875000000001
2023-05-22,Energy,0.08420194444444444,54.21,0.09141583333333334
2023-05-23,Energy,-0.09773392857142857,45.11,0.08420194444444444
2023-05-24,Energy,-0.007462500000000004,49.63,-0.09773392857142857
2023-05-25,Energy,-0.04575211111111112,47.71,-0.007462500000000004
2023-05-26,Energy,0.04562555555555556,52.28,-0.04575211111111112
2023-05-30,Energy,0.08723230158730158,54.36,0.04562555555555556
2023-05-31,Energy,0.13363999999999998,56.68,0.08723230158730158
2023-06-01,Energy,0.11983249999999998,55.99,0.13363999999999998
2023-06-02,Energy,-0.007180555555555553,49.64,0.11983249999999998
2023-06-05,Energy,0.05840288888888889,52.92,-0.007180555555555553
2023-06-06,Energy,-0.009601111111111116,49.52,0.05840288888888889
2023-06-07,Energy,0.093975,54.7,-0.009601111111111116
2023-06-08,Energy,0.15572619047619046,57.79,0.093975
2023-06-09,Energy,0.04163857142857143,52.08,0.15572619047619046
2023-06-12,Energy,0.038134999999999995,51.91,0.04163857142857143
2023-06-13,Energy,0.11348333333333334,55.67,0.038134999999999995
2023-06-14,Energy,-0.018801666666666668,49.06,0.11348333333333334
2023-06-15,Energy,0.025203333333333335,51.26,-0.018801666666666668
2023-06-16,Energy,0.035436666666666665,51.77,0.025203333333333335
2023-06-20,Energy,0.039035999999999994,51.95,0.035436666666666665
2023-06-21,Energy,0.100245,55.01,0.039035999999999994
2023-06-22,Energy,0.006536868686868691,50.33,0.100245
2023-06-23,Energy,0.06575333333333333,53.29,0.006536868686868691
2023-06-26,Energy,0.04502266666666667,52.25,0.06575333333333333
2023-06-27,Energy,0.03120666666666667,51.56,0.04502266666666667
2023-06-28,Energy,0.12011166666666667,56.01,0.03120666666666667
2023-06-29,Energy,-0.00946212121212121,49.53,0.12011166666666667
2023-06-30,Energy,0.022427333333333334,51.12,-0.00946212121212121
2023-07-03,Energy,0.09237866666666668,54.62,0.022427333333333334
2023-07-05,Energy,0.022994230769230767,51.15,0.09237866666666668
2023-07-06,Energy,0.017937142857142856,50.9,0.022994230769230767
2023-07-07,Energy,0.07317,53.66,0.017937142857142856
2023-07-10,Energy,-0.05380971428571428,47.31,0.07317
2023-07-11,Energy,-0.13451119047619048,43.27,-0.05380971428571428
2023-07-12,Energy,0.029531333333333343,51.48,-0.13451119047619048
2023-07-13,Energy,0.0379497619047619,51.9,0.029531333333333343
2023-07-14,Energy,0.04794353846153847,52.4,0.0379497619047619
2023-07-17,Energy,0.08470433333333334,54.24,0.04794353846153847
2023-07-18,Energy,0.030085666666666667,51.5,0.08470433333333334
2023-07-19,Energy,0.022036,51.1,0.030085666666666667
2023-07-20,Energy,0.10067833333333334,55.03,0.022036
2023-07-21,Energy,0.007987550724637688,50.4,0.10067833333333334
2023-07-24,Energy,0.196407,59.82,0.007987550724637688
2023-07-25,Energy,0.10734066666666667,55.37,0.196407
2023-07-26,Energy,0.024546000000000002,51.23,0.10734066666666667
2023-07-27,Energy,0.14871472222222223,57.44,0.024546000000000002
2023-07-28,Energy,0.19098833333333334,59.55,0.14871472222222223
2023-07-31,Energy,0.15842266666666666,57.92,0.19098833333333334
2023-08-01,Energy,0.029059999999999996,51.45,0.15842266666666666
2023-08-02,Energy,0.017801666666666677,50.89,0.029059999999999996
2023-08-03,Energy,0.06113314285714285,53.06,0.017801666666666677
2023-08-04,Energy,-0.1179125,44.1,0.06113314285714285
2023-08-07,Energy,0.15076133333333333,57.54,-0.1179125
2023-08-08,Energy,0.21436041666666666,60.72,0.15076133333333333
2023-08-09,Energy,0.008933333333333326,50.45,0.21436041666666666
2023-08-10,Energy,0.011545000000000007,50.58,0.008933333333333326
2023-08-11,Energy,0.057085978021978026,52.85,0.011545000000000007
2023-08-14,Energy,0.0690338888888889,53.45,0.057085978021978026
2023-08-15,Energy,0.0038821428571428644,50.19,0.0690338888888889
2023-08-16,Energy,0.018033333333333332,50.9,0.0038821428571428644
2023-08-17,Energy,0.033172219780219774,51.66,0.018033333333333332
2023-08-18,Energy,0.034787428571428566,51.74,0.033172219780219774
2023-08-21,Energy,0.15575656249999997,57.79,0.034787428571428566
2023-08-22,Energy,-0.042477817460317466,47.88,0.15575656249999997
2023-08-23,Energy,-0.1020248015873016,44.9,-0.042477817460317466
2023-08-24,Energy,-0.004646,49.77,-0.1020248015873016
2023-08-25,Energy,-0.049315625,47.53,-0.004646
2023-08-28,Energy,0.08815939393939394,54.41,-0.049315625
2023-08-29,Energy,-0.05648363636363636,47.18,0.08815939393939394
2023-08-30,Energy,0.003291005291005289,50.16,-0.05648363636363636
2023-08-31,Energy,0.09617624999999999,54.81,0.003291005291005289
2023-09-01,Energy,0.2688333333333333,63.44,0.09617624999999999
2023-09-05,Energy,-0.1098269642857143,44.51,0.2688333333333333
2023-09-06,Energy,0.08896095238095239,54.45,-0.1098269642857143
2023-09-07,Energy,0.1409825,57.05,0.08896095238095239
2023-09-08,Energy,0.06792285714285713,53.4,0.1409825
2023-09-11,Energy,0.056299999999999996,52.82,0.06792285714285713
2023-09-12,Energy,-0.09108999999999999,45.45,0.056299999999999996
2023-09-13,Energy,0.03819694444444445,51.91,-0.09108999999999999
2023-09-14,Energy,0.06545733333333333,53.27,0.03819694444444445
2023-09-15,Energy,-0.013389166666666674,49.33,0.06545733333333333
2023-09-18,Energy,-0.021375111111111116,48.93,-0.013389166666666674
2023-09-19,Energy,0.02358669230769232,51.18,-0.021375111111111116
2023-09-20,Energy,0.019864285714285716,50.99,0.02358669230769232
2023-09-21,Energy,0.08559479166666667,54.28,0.019864285714285716
2023-09-22,Energy,0.12150799999999999,56.08,0.08559479166666667
2023-09-25,Energy,0.10211986607142859,55.11,0.12150799999999999
2023-09-26,Energy,0.08453095238095237,54.23,0.10211986607142859
2023-09-27,Energy,0.20508800000000002,60.25,0.08453095238095237
2023-09-28,Energy,0.05445444444444445,52.72,0.20508800000000002
2023-09-29,Energy,0.14579933333333334,57.29,0.05445444444444445
2023-10-02,Energy,0.2334967857142857,61.67,0.14579933333333334
2023-10-03,Energy,0.25128300000000003,62.56,0.2334967857142857
2023-10-04,Energy,0.09352654545454545,54.68,0.25128300000000003
2023-10-05,Energy,0.0341676923076923,51.71,0.09352654545454545
2023-10-06,Energy,0.05567019230769231,52.78,0.0341676923076923
2023-10-09,Energy,-0.0647911212121212,46.76,0.05567019230769231
2023-10-10,Energy,0.09770288888888888,54.89,-0.0647911212121212
2023-10-11,Energy,0.03421787439613526,51.71,0.09770288888888888
2023-10-12,Energy,0.20864000000000002,60.43,0.03421787439613526
2023-10-13,Energy,0.05736611111111112,52.87,0.20864000000000002
2023-10-16,Energy,0.09821296296296296,54.91,0.05736611111111112
2023-10-17,Energy,0.04840238095238095,52.42,0.09821296296296296
2023-10-18,Energy,-0.0713354700854701,46.43,0.04840238095238095
2023-10-19,Energy,0.12031340909090908,56.02,-0.0713354700854701
2023-10-20,Energy,0.027874540517961562,51.39,0.12031340909090908
2023-10-23,Energy,-0.011037272727272729,49.45,0.027874540517961562
2023-10-24,Energy,0.13921257142857144,56.96,-0.011037272727272729
2023-10-25,Energy,0.20479318181818185,60.24,0.13921257142857144
2023-10-26,Energy,-0.017550443223443228,49.12,0.20479318181818185
2023-10-27,Energy,0.05841925287356322,52.92,-0.017550443223443228
2023-10-30,Energy,0.056664393939393945,52.83,0.05841925287356322
2023-10-31,Energy,0.22664842857142858,61.33,0.056664393939393945
2023-11-01,Energy,0.18079166666666668,59.04,0.22664842857142858
2023-11-02,Energy,-0.03221811764705882,48.39,0.18079166666666668
2023-11-03,Energy,0.07622708333333333,53.81,-0.03221811764705882
2023-11-06,Energy,0.055397523809523806,52.77,0.07622708333333333
2023-11-07,Energy,-0.020252500000000003,48.99,0.055397523809523806
2023-11-08,Energy,0.04508270833333333,52.25,-0.020252500000000003
2023-11-09,Energy,0.04098757575757576,52.05,0.04508270833333333
2023-11-10,Energy,0.01951857142857143,50.98,0.04098757575757576
2023-11-13,Energy,0.06972284848484848,53.49,0.01951857142857143
2023-11-14,Energy,0.03183583333333333,51.59,0.06972284848484848
2023-11-15,Energy,0.08245208333333334,54.12,0.03183583333333333
2023-11-16,Energy,0.042953125,52.15,0.08245208333333334
2023-11-17,Energy,0.0657047619047619,53.29,0.042953125
2023-11-20,Energy,-0.01188125,49.41,0.0657047619047619
2023-11-21,Energy,0.12037857142857142,56.02,-0.01188125
2023-11-22,Energy,0.03333928571428572,51.67,0.12037857142857142
2023-11-24,Energy,0.03199107142857143,51.6,0.03333928571428572
2023-11-27,Energy,-0.0035333333333333293,49.82,0.03199107142857143
2023-11-28,Energy,-0.072213,46.39,-0.0035333333333333293
2023-11-29,Energy,0.004766944444444444,50.24,-0.072213
2023-11-30,Energy,0.018100000000000005,50.9,0.004766944444444444
2023-12-01,Energy,-0.011758333333333334,49.41,0.018100000000000005
2023-12-04,Energy,0.17157533333333333,58.58,-0.011758333333333334
2023-12-05,Energy,0.008183333333333334,50.41,0.17157533333333333
2023-12-06,Energy,0.11266637362637362,55.63,0.008183333333333334
2023-12-07,Energy,-0.03232266666666667,48.38,0.11266637362637362
2023-12-08,Energy,-0.010830714285714282,49.46,-0.03232266666666667
2023-12-11,Energy,0.07155104283559578,53.58,-0.010830714285714282
2023-12-12,Energy,0.07476730769230769,53.74,0.07155104283559578
2023-12-13,Energy,0.13683333333333333,56.84,0.07476730769230769
2023-12-14,Energy,0.11639583333333334,55.82,0.13683333333333333
2023-12-15,Energy,0.02317,51.16,0.11639583333333334
2023-12-18,Energy,0.12879285714285715,56.44,0.02317
2020-01-02,Financials,0.06496666666666667,53.25,
2020-01-03,Financials,0.08810000000000001,54.4,0.06496666666666667
2020-01-06,Financials,0.03407399999999999,51.7,0.08810000000000001
2020-01-07,Financials,0.13442875,56.72,0.03407399999999999
2020-01-08,Financials,0.32661666666666667,66.33,0.13442875
2020-01-09,Financials,0.14523999999999998,57.26,0.32661666666666667
2020-01-10,Financials,0.17256666666666665,58.63,0.14523999999999998
2020-01-13,Financials,0.10831428571428572,55.42,0.17256666666666665
2020-01-14,Financials,0.03723857142857143,51.86,0.10831428571428572
2020-01-15,Financials,0.042218,52.11,0.03723857142857143
2020-01-16,Financials,0.1432251623931624,57.16,0.042218
2020-01-17,Financials,0.20757799999999998,60.38,0.1432251623931624
2020-01-21,Financials,0.14067000000000002,57.03,0.20757799999999998
2020-01-22,Financials,-0.05449999999999999,47.28,0.14067000000000002
2020-01-23,Financials,0.051019999999999996,52.55,-0.05449999999999999
2020-01-24,Financials,-0.04533333333333333,47.73,0.051019999999999996
2020-01-27,Financials,-0.1428888888888889,42.86,-0.04533333333333333
2020-01-28,Financials,0.05548571428571429,52.77,-0.1428888888888889
2020-01-29,Financials,0.0140125,50.7,0.05548571428571429
2020-01-30,Financials,0.03534166666666667,51.77,0.0140125
2020-01-31,Financials,0.13041607142857142,56.52,0.03534166666666667
2020-02-03,Financials,0.179975,59.0,0.13041607142857142
2020-02-04,Financials,0.2609125,63.05,0.179975
2020-02-05,Financials,0.0032333333333333333,50.16,0.2609125
2020-02-06,Financials,0.17873866666666666,58.94,0.0032333333333333333
2020-02-07,Financials,-0.014430555555555552,49.28,0.17873866666666666
2020-02-10,Financials,0.2157611111111111,60.79,-0.014430555555555552
2020-02-11,Financials,0.3079428571428572,65.4,0.2157611111111111
2020-02-12,Financials,0.33750833333333335,66.88,0.3079428571428572
2020-02-13,Financials,0.11872000000000002,55.94,0.33750833333333335
2020-02-14,Financials,0.19892222222222222,59.95,0.11872000000000002
2020-02-18,Financials,0.05384380952380953,52.69,0.19892222222222222
2020-02-19,Financials,0.1486,57.43,0.05384380952380953
2020-02-20,Financials,0.23030347222222222,61.52,0.1486
2020-02-21,Financials,0.1535355,57.68,0.23030347222222222
2020-02-24,Financials,-0.05935666666666666,47.03,0.1535355
2020-02-25,Financials,0.18289333333333332,59.14,-0.05935666666666666
2020-02-26,Financials,0.05258266666666668,52.63,0.18289333333333332
2020-02-27,Financials,-0.059476666666666664,47.03,0.05258266666666668
2020-02-28,Financials,-0.08534791666666668,45.73,-0.059476666666666664
2020-03-02,Financials,0.09271666666666667,54.64,-0.08534791666666668
2020-03-03,Financials,-0.06623333333333332,46.69,0.09271666666666667
2020-03-04,Financials,0.045336,52.27,-0.06623333333333332
2020-03-05,Financials,0.021045833333333326,51.05,0.045336
2020-03-06,Financials,-0.08057229166666667,45.97,0.021045833333333326
2020-03-09,Financials,0.08450433333333333,54.23,-0.08057229166666667
2020-03-10,Financials,0.10067888888888887,55.03,0.08450433333333333
2020-03-11,Financials,0.17780500000000002,58.89,0.10067888888888887
2020-03-12,Financials,0.044755047619047625,52.24,0.17780500000000002
2020-03-13,Financials,0.0062749999999999915,50.31,0.044755047619047625
2020-03-16,Financials,-0.05120702380952381,47.44,0.0062749999999999915
2020-03-17,Financials,0.031675,51.58,-0.05120702380952381
2020-03-18,Financials,-0.005170000000000008,49.74,0.031675
2020-03-19,Financials,-0.15955416666666666,42.02,-0.005170000000000008
2020-03-20,Financials,-0.004000000000000002,49.8,-0.15955416666666666
2020-03-23,Financials,-0.025029999999999997,48.75,-0.004000000000000002
2020-03-24,Financials,0.40857,70.43,-0.025029999999999997
2020-03-25,Financials,0.09199791666666667,54.6,0.40857
2020-03-26,Financials,-0.013104999999999995,49.34,0.09199791666666667
2020-03-27,Financials,0.06126266666666665,53.06,-0.013104999999999995
2020-03-30,Financials,-0.12505933333333333,43.75,0.06126266666666665
2020-03-31,Financials,-0.04895,47.55,-0.12505933333333333
2020-04-01,Financials,0.05448228571428572,52.72,-0.04895
2020-04-02,Financials,0.04750599999999999,52.38,0.05448228571428572
2020-04-03,Financials,-0.02925928571428571,48.54,0.04750599999999999
2020-04-06,Financials,0.12625101010101009,56.31,-0.02925928571428571
2020-04-07,Financials,0.11251066666666668,55.63,0.12625101010101009
2020-04-08,Financials,0.02643792207792207,51.32,0.11251066666666668
2020-04-09,Financials,0.22457133333333332,61.23,0.02643792207792207
2020-04-13,Financials,0.004229575757575753,50.21,0.22457133333333332
2020-04-14,Financials,0.15391704399766898,57.7,0.004229575757575753
2020-04-15,Financials,0.010020480769230771,50.5,0.15391704399766898
2020-04-16,Financials,0.03614877777777777,51.81,0.010020480769230771
2020-04-17,Financials,0.09704654545454545,54.85,0.03614877777777777
2020-04-20,Financials,0.09865880952380952,54.93,0.09704654545454545
2020-04-21,Financials,-0.03554,48.22,0.09865880952380952
2020-04-22,Financials,0.112755,55.64,-0.03554
2020-04-23,Financials,0.118025,55.9,0.112755
2020-04-24,Financials,-0.03266666666666667,48.37,0.118025
2020-04-27,Financials,0.11516657142857142,55.76,-0.03266666666666667
2020-04-28,Financials,0.209745,60.49,0.11516657142857142
2020-04-29,Financials,0.12639783333333335,56.32,0.209745
2020-04-30,Financials,0.008762666666666665,50.44,0.12639783333333335
2020-05-01,Financials,-0.02515833333333333,48.74,0.008762666666666665
2020-05-04,Financials,-0.010968000000000002,49.45,-0.02515833333333333
2020-05-05,Financials,0.025160666666666665,51.26,-0.010968000000000002
2020-05-06,Financials,0.07794833333333333,53.9,0.025160666666666665
2020-05-07,Financials,0.059396000000000004,52.97,0.07794833333333333
2020-05-08,Financials,0.14566166666666666,57.28,0.059396000000000004
2020-05-11,Financials,-0.003328666666666666,49.83,0.14566166666666666
2020-05-12,Financials,-0.16591314285714284,41.7,-0.003328666666666666
2020-05-13,Financials,0.013446116883116888,50.67,-0.16591314285714284
2020-05-14,Financials,0.10342016666666667,55.17,0.013446116883116888
2020-05-15,Financials,-0.011037619047619051,49.45,0.10342016666666667
2020-05-18,Financials,0.14468285714285714,57.23,-0.011037619047619051
2020-05-19,Financials,0.04344514285714286,52.17,0.14468285714285714
2020-05-20,Financials,0.3244633333333333,66.22,0.04344514285714286
2020-05-21,Financials,0.09878600000000001,54.94,0.3244633333333333
2020-05-22,Financials,0.10983124999999999,55.49,0.09878600000000001
2020-05-26,Financials,0.2418135714285714,62.09,0.10983124999999999
2020-05-27,Financials,0.2559624285714286,62.8,0.2418135714285714
2020-05-28,Financials,-0.01368149999999999,49.32,0.2559624285714286
2020-05-29,Financials,0.015082000000000002,50.75,-0.01368149999999999
2020-06-01,Financials,0.128054,56.4,0.015082000000000002
2020-06-02,Financials,0.06327737373737374,53.16,0.128054
2020-06-03,Financials,0.14261523809523807,57.13,0.06327737373737374
2020-06-04,Financials,0.195715,59.79,0.14261523809523807
2020-06-05,Financials,0.159174,57.96,0.195715
2020-06-08,Financials,0.2963647619047619,64.82,0.159174
2020-06-09,Financials,0.01983733333333333,50.99,0.2963647619047619
2020-06-10,Financials,0.03606111111111109,51.8,0.01983733333333333
2020-06-11,Financials,0.061096666666666674,53.05,0.03606111111111109
2020-06-12,Financials,0.11891961904761902,55.95,0.061096666666666674
2020-06-15,Financials,-0.00024375000000000655,49.99,0.11891961904761902
2020-06-16,Financials,-0.028864583333333336,48.56,-0.00024375000000000655
2020-06-17,Financials,-0.0101675,49.49,-0.028864583333333336
2020-06-18,Financials,-0.010845000000000004,49.46,-0.0101675
2020-06-19,Financials,-0.04777083333333333,47.61,-0.010845000000000004
2020-06-22,Financials,0.06755,53.38,-0.04777083333333333
2020-06-23,Financials,0.080225,54.01,0.06755
2020-06-24,Financials,-0.10581444444444443,44.71,0.080225
2020-06-25,Financials,0.07111385714285715,53.56,-0.10581444444444443
2020-06-26,Financials,-0.016471428571428567,49.18,0.07111385714285715
2020-06-29,Financials,0.08433916666666666,54.22,-0.016471428571428567
2020-06-30,Financials,0.10909738095238095,55.45,0.08433916666666666
2020-07-01,Financials,-0.12769166666666668,43.62,0.10909738095238095
2020-07-02,Financials,0.10437833333333332,55.22,-0.12769166666666668
2020-07-06,Financials,0.144685,57.23,0.10437833333333332
2020-07-07,Financials,-0.21372500000000003,39.31,0.144685
2020-07-08,Financials,0.09615833333333333,54.81,-0.21372500000000003
2020-07-09,Financials,0.08355902777777778,54.18,0.09615833333333333
2020-07-10,Financials,0.11571777777777778,55.79,0.08355902777777778
2020-07-13,Financials,0.016202666666666664,50.81,0.11571777777777778
2020-07-14,Financials,0.06844234375,53.42,0.016202666666666664
2020-07-15,Financials,0.16604495652173915,58.3,0.06844234375
2020-07-16,Financials,-0.1793888888888889,41.03,0.16604495652173915
2020-07-17,Financials,-0.03078404761904762,48.46,-0.1793888888888889
2020-07-20,Financials,0.16940158730158728,58.47,-0.03078404761904762
2020-07-21,Financials,0.15245833333333333,57.62,0.16940158730158728
2020-07-22,Financials,-0.0158625,49.21,0.15245833333333333
2020-07-23,Financials,0.024530000000000003,51.23,-0.0158625
2020-07-24,Financials,0.019125,50.96,0.024530000000000003
2020-07-27,Financials,0.07168541666666667,53.58,0.019125
2020-07-28,Financials,0.01912285714285715,50.96,0.07168541666666667
2020-07-29,Financials,-0.09128928571428571,45.44,0.01912285714285715
2020-07-30,Financials,0.10526444444444444,55.26,-0.09128928571428571
2020-07-31,Financials,0.04146666666666667,52.07,0.10526444444444444
2020-08-03,Financials,-0.03755,48.12,0.04146666666666667
2020-08-04,Financials,-0.042208333333333334,47.89,-0.03755
2020-08-05,Financials,0.089245,54.46,-0.042208333333333334
2020-08-06,Financials,0.10410833333333333,55.21,0.089245
2020-08-07,Financials,-0.03470833333333334,48.26,0.10410833333333333
2020-08-10,Financials,0.14541666666666667,57.27,-0.03470833333333334
2020-08-11,Financials,0.03723642857142857,51.86,0.14541666666666667
2020-08-12,Financials,-0.01217638888888889,49.39,0.03723642857142857
2020-08-13,Financials,-0.02427833333333334,48.79,-0.01217638888888889
2020-08-14,Financials,0.1001875,55.01,-0.02427833333333334
2020-08-17,Financials,0.05786833333333335,52.89,0.1001875
2020-08-18,Financials,0.13892916666666666,56.95,0.05786833333333335
2020-08-19,Financials,0.08718999999999999,54.36,0.13892916666666666
2020-08-20,Financials,0.22925357142857142,61.46,0.08718999999999999
2020-08-21,Financials,0.27515833333333334,63.76,0.22925357142857142
2020-08-24,Financials,0.25717666666666666,62.86,0.27515833333333334
2020-08-25,Financials,0.05067222222222223,52.53,0.25717666666666666
2020-08-26,Financials,0.026743749999999997,51.34,0.05067222222222223
2020-08-27,Financials,-0.055799999999999995,47.21,0.026743749999999997
2020-08-28,Financials,0.04655333333333333,52.33,-0.055799999999999995
2020-08-31,Financials,0.062329999999999997,53.12,0.04655333333333333
2020-09-01,Financials,0.07273666666666666,53.64,0.062329999999999997
2020-09-02,Financials,0.08837222222222223,54.42,0.07273666666666666
2020-09-03,Financials,-0.0012699999999999975,49.94,0.08837222222222223
2020-09-04,Financials,-0.028768666666666665,48.56,-0.0012699999999999975
2020-09-08,Financials,0.027395000000000003,51.37,-0.028768666666666665
2020-09-09,Financials,-0.11049999999999999,44.47,0.027395000000000003
2020-09-10,Financials,0.22007500000000002,61.0,-0.11049999999999999
2020-09-11,Financials,-0.04530555555555555,47.73,0.22007500000000002
2020-09-14,Financials,-0.015316666666666673,49.23,-0.04530555555555555
2020-09-15,Financials,0.05973749999999999,52.99,-0.015316666666666673
2020-09-16,Financials,-0.08380666666666667,45.81,0.05973749999999999
2020-09-17,Financials,0.07384500000000001,53.69,-0.08380666666666667
2020-09-18,Financials,-0.06875624999999999,46.56,0.07384500000000001
2020-09-21,Financials,0.04064416666666667,52.03,-0.06875624999999999
2020-09-22,Financials,0.09733750000000001,54.87,0.04064416666666667
2020-09-23,Financials,0.1908875,59.54,0.09733750000000001
2020-09-24,Financials,0.219740625,60.99,0.1908875
2020-09-25,Financials,0.021355555555555555,51.07,0.219740625
2020-09-28,Financials,0.23825333333333334,61.91,0.021355555555555555
2020-09-29,Financials,-0.10090416666666667,44.95,0.23825333333333334
2020-09-30,Financials,0.010663809523809532,50.53,-0.10090416666666667
2020-10-01,Financials,0.15439666666666665,57.72,0.010663809523809532
2020-10-02,Financials,0.07278148148148149,53.64,0.15439666666666665
2020-10-05,Financials,0.023645,51.18,0.07278148148148149
2020-10-06,Financials,0.19711666666666666,59.86,0.023645
2020-10-07,Financials,-0.03153,48.42,0.19711666666666666
2020-10-08,Financials,0.2516598958333333,62.58,-0.03153
2020-10-09,Financials,0.07761666666666667,53.88,0.2516598958333333
2020-10-12,Financials,0.23140467032967033,61.57,0.07761666666666667
2020-10-13,Financials,0.04912166666666666,52.46,0.23140467032967033
2020-10-14,Financials,0.0081125,50.41,0.04912166666666666
2020-10-15,Financials,0.08694199999999999,54.35,0.0081125
2020-10-16,Financials,0.33407,66.7,0.08694199999999999
2020-10-19,Financials,0.13361499999999998,56.68,0.33407
2020-10-20,Financials,0.08866041666666667,54.43,0.13361499999999998
2020-10-21,Financials,-0.010825000000000001,49.46,0.08866041666666667
2020-10-22,Financials,0.16039642857142858,58.02,-0.010825000000000001
2020-10-23,Financials,0.206275,60.31,0.16039642857142858
2020-10-26,Financials,-0.030169999999999995,48.49,0.206275
2020-10-27,Financials,0.08425,54.21,-0.030169999999999995
2020-10-28,Financials,-0.03922485714285715,48.04,0.08425
2020-10-29,Financials,0.09775625,54.89,-0.03922485714285715
2020-10-30,Financials,0.09782666666666667,54.89,0.09775625
2020-11-02,Financials,0.017579166666666663,50.88,0.09782666666666667
2020-11-03,Financials,0.024752827380952382,51.24,0.017579166666666663
2020-11-04,Financials,0.08495,54.25,0.024752827380952382
2020-11-05,Financials,0.029258,51.46,0.08495
2020-11-06,Financials,-0.02408749999999999,48.8,0.029258
2020-11-09,Financials,0.049214464285714285,52.46,-0.02408749999999999
2020-11-10,Financials,0.08976666666666666,54.49,0.049214464285714285
2020-11-11,Financials,0.13428,56.71,0.08976666666666666
2020-11-12,Financials,0.047876153846153846,52.39,0.13428
2020-11-13,Financials,-0.0158125,49.21,0.047876153846153846
2020-11-16,Financials,0.12433999999999998,56.22,-0.0158125
2020-11-17,Financials,-0.17892166666666665,41.05,0.12433999999999998
2020-11-18,Financials,0.043279166666666674,52.16,-0.17892166666666665
2020-11-19,Financials,0.09337333333333334,54.67,0.043279166666666674
2020-11-20,Financials,0.05138800000000001,52.57,0.09337333333333334
2020-11-23,Financials,0.0126825,50.63,0.05138800000000001
2020-11-24,Financials,0.09016833333333334,54.51,0.0126825
2020-11-25,Financials,0.08686666666666668,54.34,0.09016833333333334
2020-11-27,Financials,0.2999777777777778,65.0,0.08686666666666668
2020-11-30,Financials,-0.18086625,40.96,0.2999777777777778
2020-12-01,Financials,0.2185,60.92,-0.18086625
2020-12-02,Financials,0.04148750000000001,52.07,0.2185
2020-12-03,Financials,0.14034166666666667,57.02,0.04148750000000001
2020-12-04,Financials,-0.02415416666666667,48.79,0.14034166666666667
2020-12-07,Financials,0.025603333333333332,51.28,-0.02415416666666667
2020-12-08,Financials,0.10072866666666669,55.04,0.025603333333333332
2020-12-09,Financials,0.179685,58.98,0.10072866666666669
2020-12-10,Financials,0.002717,50.14,0.179685
2020-12-11,Financials,0.05378666666666666,52.69,0.002717
2020-12-14,Financials,0.10683749999999999,55.34,0.05378666666666666
2020-12-15,Financials,0.0676375,53.38,0.10683749999999999
2020-12-16,Financials,0.22496,61.25,0.0676375
2020-12-17,Financials,0.187215,59.36,0.22496
2020-12-18,Financials,0.1832666666666667,59.16,0.187215
2020-12-21,Financials,0.18885168421052628,59.44,0.1832666666666667
2020-12-22,Financials,0.23921666666666666,61.96,0.18885168421052628
2020-12-23,Financials,0.09071458333333333,54.54,0.23921666666666666
2020-12-24,Financials,0.252525,62.63,0.09071458333333333
2020-12-28,Financials,0.14399744444444446,57.2,0.252525
2020-12-29,Financials,-0.3161125,34.19,0.14399744444444446
2020-12-30,Financials,0.27645,63.82,-0.3161125
2020-12-31,Financials,0.14263166666666666,57.13,0.27645
2021-01-04,Financials,0.2907875,64.54,0.14263166666666666
2021-01-05,Financials,0.21795499999999998,60.9,0.2907875
2021-01-06,Financials,0.1991875,59.96,0.21795499999999998
2021-01-07,Financials,0.17286178571428573,58.64,0.1991875
2021-01-08,Financials,0.13142500000000001,56.57,0.17286178571428573
2021-01-11,Financials,0.036391545893719804,51.82,0.13142500000000001
2021-01-12,Financials,0.10573986111111111,55.29,0.036391545893719804
2021-01-13,Financials,0.10027604166666666,55.01,0.10573986111111111
2021-01-14,Financials,0.15842857142857142,57.92,0.10027604166666666
2021-01-15,Financials,0.009346753246753246,50.47,0.15842857142857142
2021-01-19,Financials,0.12108888888888888,56.05,0.009346753246753246
2021-01-20,Financials,0.09914163865546219,54.96,0.12108888888888888
2021-01-21,Financials,0.14068166666666668,57.03,0.09914163865546219
2021-01-22,Financials,0.12379250000000001,56.19,0.14068166666666668
2021-01-25,Financials,0.17934583333333332,58.97,0.12379250000000001
2021-01-26,Financials,-0.007361805555555559,49.63,0.17934583333333332
2021-01-27,Financials,0.012189999999999993,50.61,-0.007361805555555559
2021-01-28,Financials,-0.02848611111111111,48.58,0.012189999999999993
2021-01-29,Financials,0.09934625,54.97,-0.02848611111111111
2021-02-01,Financials,0.08186375,54.09,0.09934625
2021-02-02,Financials,0.22232708333333334,61.12,0.08186375
2021-02-03,Financials,0.14870916666666667,57.44,0.22232708333333334
2021-02-04,Financials,-0.0653975,46.73,0.14870916666666667
2021-02-05,Financials,0.13809166666666667,56.9,-0.0653975
2021-02-08,Financials,0.05698642857142856,52.85,0.13809166666666667
2021-02-09,Financials,-0.0165375,49.17,0.05698642857142856
2021-02-10,Financials,0.0659875,53.3,-0.0165375
2021-02-11,Financials,0.16226666666666667,58.11,0.0659875
2021-02-12,Financials,0.012816666666666665,50.64,0.16226666666666667
2021-02-16,Financials,0.0487465,52.44,0.012816666666666665
2021-02-17,Financials,0.14558988095238096,57.28,0.0487465
2021-02-18,Financials,0.012766666666666667,50.64,0.14558988095238096
2021-02-19,Financials,0.207425,60.37,0.012766666666666667
2021-02-22,Financials,0.04699107142857143,52.35,0.207425
2021-02-23,Financials,0.009323611111111116,50.47,0.04699107142857143
2021-02-24,Financials,0.11706166666666667,55.85,0.009323611111111116
2021-02-25,Financials,0.13446625,56.72,0.11706166666666667
2021-02-26,Financials,-0.005816666666666668,49.71,0.13446625
2021-03-01,Financials,0.002947142857142859,50.15,-0.005816666666666668
2021-03-02,Financials,0.18975416666666667,59.49,0.002947142857142859
2021-03-03,Financials,-0.016270714285714288,49.19,0.18975416666666667
2021-03-04,Financials,0.11050499999999999,55.53,-0.016270714285714288
2021-03-05,Financials,0.13218833333333335,56.61,0.11050499999999999
2021-03-08,Financials,0.15664375,57.83,0.13218833333333335
2021-03-09,Financials,0.012016666666666669,50.6,0.15664375
2021-03-10,Financials,0.0934888888888889,54.67,0.012016666666666669
2021-03-11,Financials,0.03354375,51.68,0.0934888888888889
2021-03-12,Financials,0.14600333333333332,57.3,0.03354375
2021-03-15,Financials,0.16497708333333333,58.25,0.14600333333333332
2021-03-16,Financials,0.164855,58.24,0.16497708333333333
2021-03-17,Financials,0.159395,57.97,0.164855
2021-03-18,Financials,-0.04395416666666666,47.8,0.159395
2021-03-19,Financials,-0.026140625,48.69,-0.04395416666666666
2021-03-22,Financials,0.12423999999999999,56.21,-0.026140625
2021-03-23,Financials,0.14478958333333333,57.24,0.12423999999999999
2021-03-24,Financials,0.07867222222222221,53.93,0.14478958333333333
2021-03-25,Financials,0.010306071428571423,50.52,0.07867222222222221
2021-03-26,Financials,0.17199599999999998,58.6,0.010306071428571423
2021-03-29,Financials,-0.11394200000000002,44.3,0.17199599999999998
2021-03-30,Financials,-0.034577051282051276,48.27,-0.11394200000000002
2021-03-31,Financials,0.040565,52.03,-0.034577051282051276
2021-04-01,Financials,0.158972,57.95,0.040565
2021-04-05,Financials,0.1655525974025974,58.28,0.158972
2021-04-06,Financials,-0.01664375,49.17,0.1655525974025974
2021-04-07,Financials,0.213125,60.66,-0.01664375
2021-04-08,Financials,0.013035416666666667,50.65,0.213125
2021-04-09,Financials,0.11977857142857146,55.99,0.013035416666666667
2021-04-12,Financials,0.13204339682539684,56.6,0.11977857142857146
2021-04-13,Financials,0.15095089743589746,57.55,0.13204339682539684
2021-04-14,Financials,0.13017035190615836,56.51,0.15095089743589746
2021-04-15,Financials,0.2291975,61.46,0.13017035190615836
2021-04-16,Financials,0.1924252380952381,59.62,0.2291975
2021-04-19,Financials,0.08612535714285714,54.31,0.1924252380952381
2021-04-20,Financials,0.16133,58.07,0.08612535714285714
2021-04-21,Financials,0.09139166666666668,54.57,0.16133
2021-04-22,Financials,0.07709166666666668,53.85,0.09139166666666668
2021-04-23,Financials,0.012808333333333333,50.64,0.07709166666666668
2021-04-26,Financials,0.08864666666666668,54.43,0.012808333333333333
2021-04-27,Financials,0.12312142857142858,56.16,0.08864666666666668
2021-04-28,Financials,0.057835000000000004,52.89,0.12312142857142858
2021-04-29,Financials,0.30404166666666665,65.2,0.057835000000000004
2021-04-30,Financials,0.09296388888888889,54.65,0.30404166666666665
2021-05-03,Financials,0.04492166666666667,52.25,0.09296388888888889
2021-05-04,Financials,0.11156119047619047,55.58,0.04492166666666667
2021-05-05,Financials,0.19600499999999998,59.8,0.11156119047619047
2021-05-06,Financials,0.08224,54.11,0.19600499999999998
2021-05-07,Financials,-0.007347916666666666,49.63,0.08224
2021-05-10,Financials,-0.02973999999999999,48.51,-0.007347916666666666
2021-05-11,Financials,-0.045183333333333325,47.74,-0.02973999999999999
2021-05-12,Financials,-0.05117916666666667,47.44,-0.045183333333333325
2021-05-13,Financials,-0.0339375,48.3,-0.05117916666666667
2021-05-14,Financials,0.06891875,53.45,-0.0339375
2021-05-17,Financials,0.17201304761904762,58.6,0.06891875
2021-05-18,Financials,0.2522277777777778,62.61,0.17201304761904762
2021-05-19,Financials,0.11430277777777777,55.72,0.2522277777777778
2021-05-20,Financials,0.13596666666666668,56.8,0.11430277777777777
2021-05-21,Financials,-0.035666666666666666,48.22,0.13596666666666668
2021-05-24,Financials,0.099275,54.96,-0.035666666666666666
2021-05-25,Financials,0.06683611111111111,53.34,0.099275
2021-05-26,Financials,-0.049797916666666664,47.51,0.06683611111111111
2021-05-27,Financials,-0.01963333333333333,49.02,-0.049797916666666664
2021-05-28,Financials,0.09000666666666667,54.5,-0.01963333333333333
2021-06-01,Financials,0.14193944444444445,57.1,0.09000666666666667
2021-06-02,Financials,0.20398199999999997,60.2,0.14193944444444445
2021-06-03,Financials,0.026021666666666665,51.3,0.20398199999999997
2021-06-04,Financials,0.09515833333333334,54.76,0.026021666666666665
2021-06-07,Financials,0.06133380952380953,53.07,0.09515833333333334
2021-06-08,Financials,0.10603333333333334,55.3,0.06133380952380953
2021-06-09,Financials,0.25922,62.96,0.10603333333333334
2021-06-10,Financials,0.054191666666666666,52.71,0.25922
2021-06-11,Financials,0.22065833333333335,61.03,0.054191666666666666
2021-06-14,Financials,0.005393749999999999,50.27,0.22065833333333335
2021-06-15,Financials,0.25962,62.98,0.005393749999999999
2021-06-16,Financials,0.10361333333333334,55.18,0.25962
2021-06-17,Financials,-0.05584233333333334,47.21,0.10361333333333334
2021-06-18,Financials,0.17352291666666667,58.68,-0.05584233333333334
2021-06-21,Financials,0.13569333333333333,56.78,0.17352291666666667
2021-06-22,Financials,-0.0174125,49.13,0.13569333333333333
2021-06-23,Financials,0.14651666666666666,57.33,-0.0174125
2021-06-24,Financials,0.08153821428571428,54.08,0.14651666666666666
2021-06-25,Financials,0.012742261904761909,50.64,0.08153821428571428
2021-06-28,Financials,-0.011164333333333335,49.44,0.012742261904761909
2021-06-29,Financials,0.1811866666666667,59.06,-0.011164333333333335
2021-06-30,Financials,0.09170733333333334,54.59,0.1811866666666667
2021-07-01,Financials,0.16857757575757573,58.43,0.09170733333333334
2021-07-02,Financials,0.24382916666666668,62.19,0.16857757575757573
2021-07-06,Financials,0.017898125000000008,50.89,0.24382916666666668
2021-07-07,Financials,0.14284107142857144,57.14,0.017898125000000008
2021-07-08,Financials,0.05057534722222222,52.53,0.14284107142857144
2021-07-09,Financials,0.16740380952380954,58.37,0.05057534722222222
2021-07-12,Financials,0.06259666666666666,53.13,0.16740380952380954
2021-07-13,Financials,0.061578632478632475,53.08,0.06259666666666666
2021-07-14,Financials,0.16023317307692309,58.01,0.061578632478632475
2021-07-15,Financials,0.00019622222222222054,50.01,0.16023317307692309
2021-07-16,Financials,0.30848,65.42,0.00019622222222222054
2021-07-19,Financials,0.0036088311688311676,50.18,0.30848
2021-07-20,Financials,0.1840221212121212,59.2,0.0036088311688311676
2021-07-21,Financials,0.18915833333333332,59.46,0.1840221212121212
2021-07-22,Financials,0.037587999999999996,51.88,0.18915833333333332
2021-07-23,Financials,0.142395,57.12,0.037587999999999996
2021-07-26,Financials,-0.015673214285714283,49.22,0.142395
2021-07-27,Financials,0.08571309523809524,54.29,-0.015673214285714283
2021-07-28,Financials,0.06005866666666667,53.0,0.08571309523809524
2021-07-29,Financials,0.204925,60.25,0.06005866666666667
2021-07-30,Financials,-0.174675,41.27,0.204925
2021-08-02,Financials,0.22570533333333334,61.29,-0.174675
2021-08-03,Financials,0.247185,62.36,0.22570533333333334
2021-08-04,Financials,0.16245800000000002,58.12,0.247185
2021-08-05,Financials,0.05568066666666667,52.78,0.16245800000000002
2021-08-06,Financials,0.06724999999999999,53.36,0.05568066666666667
2021-08-09,Financials,0.22566770833333336,61.28,0.06724999999999999
2021-08-10,Financials,0.06741333333333334,53.37,0.22566770833333336
2021-08-11,Financials,0.13624999999999998,56.81,0.06741333333333334
2021-08-12,Financials,0.05804357142857144,52.9,0.13624999999999998
2021-08-13,Financials,0.048266666666666666,52.41,0.05804357142857144
2021-08-16,Financials,-0.07295208333333335,46.35,0.048266666666666666
2021-08-17,Financials,-0.06163678571428571,46.92,-0.07295208333333335
2021-08-18,Financials,0.010737500000000007,50.54,-0.06163678571428571
2021-08-19,Financials,0.08172083333333334,54.09,0.010737500000000007
2021-08-20,Financials,0.05580000000000001,52.79,0.08172083333333334
2021-08-23,Financials,0.033479999999999996,51.67,0.05580000000000001
2021-08-24,Financials,0.08831666666666667,54.42,0.033479999999999996
2021-08-25,Financials,0.12269166666666668,56.13,0.08831666666666667
2021-08-26,Financials,0.0010680000000000093,50.05,0.12269166666666668
2021-08-27,Financials,0.06546249999999999,53.27,0.0010680000000000093
2021-08-30,Financials,0.19155,59.58,0.06546249999999999
2021-08-31,Financials,0.08564464285714285,54.28,0.19155
2021-09-01,Financials,0.16741875,58.37,0.08564464285714285
2021-09-02,Financials,0.18886677777777777,59.44,0.16741875
2021-09-03,Financials,0.11519375,55.76,0.18886677777777777
2021-09-07,Financials,-0.03913333333333333,48.04,0.11519375
2021-09-08,Financials,0.03812,51.91,-0.03913333333333333
2021-09-09,Financials,-0.11109714285714287,44.45,0.03812
2021-09-10,Financials,0.06185416666666667,53.09,-0.11109714285714287
2021-09-13,Financials,0.018154166666666666,50.91,0.06185416666666667
2021-09-14,Financials,0.07354000000000001,53.68,0.018154166666666666
2021-09-15,Financials,0.05208166666666667,52.6,0.07354000000000001
2021-09-16,Financials,0.0581375,52.91,0.05208166666666667
2021-09-17,Financials,0.09051000000000001,54.53,0.0581375
2021-09-20,Financials,-0.05137619047619048,47.43,0.09051000000000001
2021-09-21,Financials,-0.040782,47.96,-0.05137619047619048
2021-09-22,Financials,-0.0046357142857142855,49.77,-0.040782
2021-09-23,Financials,0.0902975,54.51,-0.0046357142857142855
2021-09-24,Financials,0.06935,53.47,0.0902975
2021-09-27,Financials,0.1301185,56.51,0.06935
2021-09-28,Financials,0.16500285714285715,58.25,0.1301185
2021-09-29,Financials,-0.038625,48.07,0.16500285714285715
2021-09-30,Financials,0.07460133333333334,53.73,-0.038625
2021-10-01,Financials,0.13114222222222224,56.56,0.07460133333333334
2021-10-04,Financials,0.0792775,53.96,0.13114222222222224
2021-10-05,Financials,0.08891800000000001,54.45,0.0792775
2021-10-06,Financials,0.09085416666666665,54.54,0.08891800000000001
2021-10-07,Financials,0.028867999999999998,51.44,0.09085416666666665
2021-10-08,Financials,0.12907,56.45,0.028867999999999998
2021-10-11,Financials,0.09310373626373628,54.66,0.12907
2021-10-12,Financials,0.09023541666666667,54.51,0.09310373626373628
2021-10-13,Financials,0.17341955555555555,58.67,0.09023541666666667
2021-10-14,Financials,0.21855516666666666,60.93,0.17341955555555555
2021-10-15,Financials,0.14588698412698414,57.29,0.21855516666666666
2021-10-18,Financials,-0.06328900000000001,46.84,0.14588698412698414
2021-10-19,Financials,-0.051149999999999994,47.44,-0.06328900000000001
2021-10-20,Financials,0.027445833333333336,51.37,-0.051149999999999994
2021-10-21,Financials,-0.04932857142857143,47.53,0.027445833333333336
2021-10-22,Financials,-0.021614999999999995,48.92,-0.04932857142857143
2021-10-25,Financials,0.12594083333333334,56.3,-0.021614999999999995
2021-10-26,Financials,0.2135145833333333,60.68,0.12594083333333334
2021-10-27,Financials,0.02461428571428572,51.23,0.2135145833333333
2021-10-28,Financials,0.10085,55.04,0.02461428571428572
2021-10-29,Financials,0.17680083333333335,58.84,0.10085
2021-11-01,Financials,0.207405,60.37,0.17680083333333335
2021-11-02,Financials,0.08649821428571429,54.32,0.207405
2021-11-03,Financials,0.18934722222222225,59.47,0.08649821428571429
2021-11-04,Financials,0.09353500000000001,54.68,0.18934722222222225
2021-11-05,Financials,0.08154444444444446,54.08,0.09353500000000001
2021-11-08,Financials,-0.036257083333333336,48.19,0.08154444444444446
2021-11-09,Financials,0.03691666666666667,51.85,-0.036257083333333336
2021-11-10,Financials,-0.03637416666666667,48.18,0.03691666666666667
2021-11-11,Financials,0.090896,54.54,-0.03637416666666667
2021-11-12,Financials,0.13676666666666668,56.84,0.090896
2021-11-15,Financials,0.16029285714285715,58.01,0.13676666666666668
2021-11-16,Financials,0.129111,56.46,0.16029285714285715
2021-11-17,Financials,-0.02480751879699248,48.76,0.129111
2021-11-18,Financials,0.1771971428571429,58.86,-0.02480751879699248
2021-11-19,Financials,0.18608299999999997,59.3,0.1771971428571429
2021-11-22,Financials,0.19707678571428572,59.85,0.18608299999999997
2021-11-23,Financials,0.071379375,53.57,0.19707678571428572
2021-11-24,Financials,0.08192916666666666,54.1,0.071379375
2021-11-26,Financials,-0.21968200000000002,39.02,0.08192916666666666
2021-11-29,Financials,0.014125416666666661,50.71,-0.21968200000000002
2021-11-30,Financials,0.08151749999999999,54.08,0.014125416666666661
2021-12-01,Financials,-0.08911875,45.54,0.08151749999999999
2021-12-02,Financials,-0.03175833333333333,48.41,-0.08911875
2021-12-03,Financials,-0.05933333333333333,47.03,-0.03175833333333333
2021-12-06,Financials,0.0124025,50.62,-0.05933333333333333
2021-12-07,Financials,0.07097500000000001,53.55,0.0124025
2021-12-08,Financials,-0.071376,46.43,0.07097500000000001
2021-12-09,Financials,0.05359666666666667,52.68,-0.071376
2021-12-10,Financials,0.022414999999999994,51.12,0.05359666666666667
2021-12-13,Financials,0.17394,58.7,0.022414999999999994
2021-12-14,Financials,0.02646666666666667,51.32,0.17394
2021-12-15,Financials,0.029755416666666652,51.49,0.02646666666666667
2021-12-16,Financials,0.06574625,53.29,0.029755416666666652
2021-12-17,Financials,0.07274266666666666,53.64,0.06574625
2021-12-20,Financials,-0.0757561616161616,46.21,0.07274266666666666
2021-12-21,Financials,0.08472,54.24,-0.0757561616161616
2021-12-22,Financials,0.0419625,52.1,0.08472
2021-12-23,Financials,0.10878866666666667,55.44,0.0419625
2021-12-27,Financials,0.10667666666666667,55.33,0.10878866666666667
2021-12-28,Financials,0.24596666666666667,62.3,0.10667666666666667
2021-12-29,Financials,0.05329666666666667,52.66,0.24596666666666667
2021-12-30,Financials,0.16340416666666666,58.17,0.05329666666666667
2021-12-31,Financials,0.091605,54.58,0.16340416666666666
2022-01-03,Financials,0.12483095238095239,56.24,0.091605
2022-01-04,Financials,0.20961055555555555,60.48,0.12483095238095239
2022-01-05,Financials,0.17397,58.7,0.20961055555555555
2022-01-06,Financials,0.029946666666666667,51.5,0.17397
2022-01-07,Financials,0.12699166666666667,56.35,0.029946666666666667
2022-01-10,Financials,0.22336453571428572,61.17,0.12699166666666667
2022-01-11,Financials,0.286485,64.32,0.22336453571428572
2022-01-12,Financials,0.20289212121212122,60.14,0.286485
2022-01-13,Financials,0.058695523809523795,52.93,0.20289212121212122
2022-01-14,Financials,0.0995130402930403,54.98,0.058695523809523795
2022-01-18,Financials,0.16800183752417794,58.4,0.0995130402930403
2022-01-19,Financials,0.191114489549666,59.56,0.16800183752417794
2022-01-20,Financials,0.11579809523809523,55.79,0.191114489549666
2022-01-21,Financials,0.2594830952380952,62.97,0.11579809523809523
2022-01-24,Financials,0.0776325,53.88,0.2594830952380952
2022-01-25,Financials,0.12475742857142857,56.24,0.0776325
2022-01-26,Financials,0.04289666666666666,52.14,0.12475742857142857
2022-01-27,Financials,0.20500528571428572,60.25,0.04289666666666666
2022-01-28,Financials,0.10446882783882783,55.22,0.20500528571428572
2022-01-31,Financials,0.07279333333333333,53.64,0.10446882783882783
2022-02-01,Financials,0.022053666666666666,51.1,0.07279333333333333
2022-02-02,Financials,0.17284400000000003,58.64,0.022053666666666666
2022-02-03,Financials,0.18275999999999998,59.14,0.17284400000000003
2022-02-04,Financials,0.17323809523809525,58.66,0.18275999999999998
2022-02-07,Financials,0.024561666666666676,51.23,0.17323809523809525
2022-02-08,Financials,0.16469133333333336,58.23,0.024561666666666676
2022-02-09,Financials,0.13202708333333332,56.6,0.16469133333333336
2022-02-10,Financials,-0.002075000000000002,49.9,0.13202708333333332
2022-02-11,Financials,-0.00953133333333334,49.52,-0.002075000000000002
2022-02-14,Financials,-0.03329055555555556,48.34,-0.00953133333333334
2022-02-15,Financials,0.11306233333333333,55.65,-0.03329055555555556
2022-02-16,Financials,0.017249999999999998,50.86,0.11306233333333333
2022-02-17,Financials,-0.11407812121212121,44.3,0.017249999999999998
2022-02-18,Financials,0.03570666666666667,51.79,-0.11407812121212121
2022-02-22,Financials,-0.013923214285714289,49.3,0.03570666666666667
2022-02-23,Financials,0.10550208333333333,55.28,-0.013923214285714289
2022-02-24,Financials,0.060899999999999996,53.04,0.10550208333333333
2022-02-25,Financials,0.03536583333333333,51.77,0.060899999999999996
2022-02-28,Financials,0.02149717261904762,51.07,0.03536583333333333
2022-03-01,Financials,-0.0466652380952381,47.67,0.02149717261904762
2022-03-02,Financials,0.10196488095238095,55.1,-0.0466652380952381
2022-03-03,Financials,0.15069375,57.53,0.10196488095238095
2022-03-04,Financials,-0.011269791666666668,49.44,0.15069375
2022-03-07,Financials,0.021719423076923077,51.09,-0.011269791666666668
2022-03-08,Financials,0.13065625,56.53,0.021719423076923077
2022-03-09,Financials,0.09146766666666667,54.57,0.13065625
2022-03-10,Financials,0.010047142857142862,50.5,0.09146766666666667
2022-03-11,Financials,0.09580178571428571,54.79,0.010047142857142862
2022-03-14,Financials,0.20216000000000003,60.11,0.09580178571428571
2022-03-15,Financials,-0.04906811111111111,47.55,0.20216000000000003
2022-03-16,Financials,0.09036,54.52,-0.04906811111111111
2022-03-17,Financials,0.055672321428571425,52.78,0.09036
2022-03-18,Financials,0.14899,57.45,0.055672321428571425
2022-03-21,Financials,0.06373733333333334,53.19,0.14899
2022-03-22,Financials,0.09055,54.53,0.06373733333333334
2022-03-23,Financials,0.20062083333333336,60.03,0.09055
2022-03-24,Financials,0.06892160714285714,53.45,0.20062083333333336
2022-03-25,Financials,0.123072,56.15,0.06892160714285714
2022-03-28,Financials,0.07761904761904762,53.88,0.123072
2022-03-29,Financials,0.112955,55.65,0.07761904761904762
2022-03-30,Financials,-0.009876388888888902,49.51,0.112955
2022-03-31,Financials,0.050257500000000004,52.51,-0.009876388888888902
2022-04-01,Financials,0.2095358333333333,60.48,0.050257500000000004
2022-04-04,Financials,-0.0027953846153846162,49.86,0.2095358333333333
2022-04-05,Financials,-0.001429999999999998,49.93,-0.0027953846153846162
2022-04-06,Financials,0.09089375,54.54,-0.001429999999999998
2022-04-07,Financials,0.030172333333333336,51.51,0.09089375
2022-04-08,Financials,0.08615333333333333,54.31,0.030172333333333336
2022-04-11,Financials,0.057855357142857146,52.89,0.08615333333333333
2022-04-12,Financials,0.06505494318181818,53.25,0.057855357142857146
2022-04-13,Financials,0.1497676666666667,57.49,0.06505494318181818
2022-04-14,Financials,0.13513834285714285,56.76,0.1497676666666667
2022-04-18,Financials,0.22043707792207795,61.02,0.13513834285714285
2022-04-19,Financials,0.22471257142857146,61.24,0.22043707792207795
2022-04-20,Financials,0.03276,51.64,0.22471257142857146
2022-04-21,Financials,0.03745833333333334,51.87,0.03276
2022-04-22,Financials,0.19335933333333336,59.67,0.03745833333333334
2022-04-25,Financials,0.034298,51.71,0.19335933333333336
2022-04-26,Financials,0.08419866666666667,54.21,0.034298
2022-04-27,Financials,-0.04440888888888888,47.78,0.08419866666666667
2022-04-28,Financials,0.18885380952380953,59.44,-0.04440888888888888
2022-04-29,Financials,0.05675555555555556,52.84,0.18885380952380953
2022-05-02,Financials,-0.06392500000000001,46.8,0.05675555555555556
2022-05-03,Financials,0.06934000000000001,53.47,-0.06392500000000001
2022-05-04,Financials,0.12183333333333335,56.09,0.06934000000000001
2022-05-05,Financials,0.11922100000000002,55.96,0.12183333333333335
2022-05-06,Financials,-0.09933666666666667,45.03,0.11922100000000002
2022-05-09,Financials,0.09503958333333334,54.75,-0.09933666666666667
2022-05-10,Financials,0.08859479166666667,54.43,0.09503958333333334
2022-05-11,Financials,0.07213166666666666,53.61,0.08859479166666667
2022-05-12,Financials,-0.016245833333333327,49.19,0.07213166666666666
2022-05-13,Financials,0.08885150000000001,54.44,-0.016245833333333327
2022-05-16,Financials,-0.04225928571428571,47.89,0.08885150000000001
2022-05-17,Financials,0.07578666666666665,53.79,-0.04225928571428571
2022-05-18,Financials,-0.030523333333333336,48.47,0.07578666666666665
2022-05-19,Financials,0.11833200000000002,55.92,-0.030523333333333336
2022-05-20,Financials,-0.0025625000000000023,49.87,0.11833200000000002
2022-05-23,Financials,0.06090466666666666,53.05,-0.0025625000000000023
2022-05-24,Financials,0.13109600000000002,56.55,0.06090466666666666
2022-05-25,Financials,0.03052222222222223,51.53,0.13109600000000002
2022-05-26,Financials,0.06080000000000001,53.04,0.03052222222222223
2022-05-27,Financials,0.05816,52.91,0.06080000000000001
2022-05-31,Financials,-0.0010999999999999996,49.94,0.05816
2022-06-01,Financials,0.20454750000000002,60.23,-0.0010999999999999996
2022-06-02,Financials,-0.036608749999999995,48.17,0.20454750000000002
2022-06-03,Financials,-0.017318749999999997,49.13,-0.036608749999999995
2022-06-06,Financials,0.251935,62.6,-0.017318749999999997
2022-06-07,Financials,0.055390666666666664,52.77,0.251935
2022-06-08,Financials,0.04409999999999999,52.2,0.055390666666666664
2022-06-09,Financials,0.06295277777777779,53.15,0.04409999999999999
2022-06-10,Financials,0.100555,55.03,0.06295277777777779
2022-06-13,Financials,0.12185433333333333,56.09,0.100555
2022-06-14,Financials,-0.08060885714285715,45.97,0.12185433333333333
2022-06-15,Financials,0.09655333333333334,54.83,-0.08060885714285715
2022-06-16,Financials,0.04421166666666666,52.21,0.09655333333333334
2022-06-17,Financials,0.0007500000000000007,50.04,0.04421166666666666
2022-06-21,Financials,0.011103333333333337,50.56,0.0007500000000000007
2022-06-22,Financials,0.1350111111111111,56.75,0.011103333333333337
2022-06-23,Financials,0.03446183333333333,51.72,0.1350111111111111
2022-06-24,Financials,0.25074133333333337,62.54,0.03446183333333333
2022-06-27,Financials,0.03549633333333334,51.77,0.25074133333333337
2022-06-28,Financials,0.02847857142857143,51.42,0.03549633333333334
2022-06-29,Financials,0.09171458333333332,54.59,0.02847857142857143
2022-06-30,Financials,0.04509571428571428,52.25,0.09171458333333332
2022-07-01,Financials,0.032069999999999994,51.6,0.04509571428571428
2022-07-05,Financials,0.08493238095238095,54.25,0.032069999999999994
2022-07-06,Financials,-0.029198,48.54,0.08493238095238095
2022-07-07,Financials,0.10072600000000001,55.04,-0.029198
2022-07-08,Financials,-0.006438666666666667,49.68,0.10072600000000001
2022-07-11,Financials,0.02557888278388279,51.28,-0.006438666666666667
2022-07-12,Financials,-0.08905166666666665,45.55,0.02557888278388279
2022-07-13,Financials,-0.07615858974358974,46.19,-0.08905166666666665
2022-07-14,Financials,-0.11892758928571429,44.05,-0.07615858974358974
2022-07-15,Financials,0.067786,53.39,-0.11892758928571429
2022-07-18,Financials,0.1329367142857143,56.65,0.067786
2022-07-19,Financials,0.19871666666666665,59.94,0.1329367142857143
2022-07-20,Financials,0.10181666666666667,55.09,0.19871666666666665
2022-07-21,Financials,0.037837499999999996,51.89,0.10181666666666667
2022-07-22,Financials,0.09054,54.53,0.037837499999999996
2022-07-25,Financials,-0.02911600000000001,48.54,0.09054
2022-07-26,Financials,0.05731111111111111,52.87,-0.02911600000000001
2022-07-27,Financials,0.050570000000000004,52.53,0.05731111111111111
2022-07-28,Financials,-0.117326,44.13,0.050570000000000004
2022-07-29,Financials,0.008549999999999999,50.43,-0.117326
2022-08-01,Financials,0.065252,53.26,0.008549999999999999
2022-08-02,Financials,0.010792499999999997,50.54,0.065252
2022-08-03,Financials,0.0817625,54.09,0.010792499999999997
2022-08-04,Financials,0.06381,53.19,0.0817625
2022-08-05,Financials,0.2407166666666667,62.04,0.06381
2022-08-08,Financials,0.021692380952380953,51.08,0.2407166666666667
2022-08-09,Financials,0.01635,50.82,0.021692380952380953
2022-08-10,Financials,0.239675625,61.98,0.01635
2022-08-11,Financials,-0.11863125000000001,44.07,0.239675625
2022-08-12,Financials,0.177595,58.88,-0.11863125000000001
2022-08-15,Financials,0.060771666666666654,53.04,0.177595
2022-08-16,Financials,0.0017166666666666673,50.09,0.060771666666666654
2022-08-17,Financials,0.07730833333333334,53.87,0.0017166666666666673
2022-08-18,Financials,0.152636,57.63,0.07730833333333334
2022-08-19,Financials,0.15130416666666668,57.57,0.152636
2022-08-22,Financials,0.095325,54.77,0.15130416666666668
2022-08-23,Financials,0.3093066666666667,65.47,0.095325
2022-08-24,Financials,0.07587666666666668,53.79,0.3093066666666667
2022-08-25,Financials,0.068236,53.41,0.07587666666666668
2022-08-26,Financials,0.10930416666666667,55.47,0.068236
2022-08-29,Financials,0.04251875,52.13,0.10930416666666667
2022-08-30,Financials,0.03712083333333334,51.86,0.04251875
2022-08-31,Financials,0.11290333333333333,55.65,0.03712083333333334
2022-09-01,Financials,0.12422899999999999,56.21,0.11290333333333333
2022-09-02,Financials,0.09931966666666667,54.97,0.12422899999999999
2022-09-06,Financials,0.013708333333333333,50.69,0.09931966666666667
2022-09-07,Financials,0.0024333333333333316,50.12,0.013708333333333333
2022-09-08,Financials,0.263865,63.19,0.0024333333333333316
2022-09-09,Financials,0.05119666666666667,52.56,0.263865
2022-09-12,Financials,0.0262,51.31,0.05119666666666667
2022-09-13,Financials,0.017737499999999996,50.89,0.0262
2022-09-14,Financials,0.04033466666666667,52.02,0.017737499999999996
2022-09-15,Financials,0.17287589285714283,58.64,0.04033466666666667
2022-09-16,Financials,0.03638066666666666,51.82,0.17287589285714283
2022-09-19,Financials,0.0069999999999999975,50.35,0.03638066666666666
2022-09-20,Financials,-0.12659375,43.67,0.0069999999999999975
2022-09-21,Financials,0.006743333333333333,50.34,-0.12659375
2022-09-22,Financials,-0.02197833333333333,48.9,0.006743333333333333
2022-09-23,Financials,-0.02391,48.8,-0.02197833333333333
2022-09-26,Financials,0.11648066666666665,55.82,-0.02391
2022-09-27,Financials,-0.024887083333333327,48.76,0.11648066666666665
2022-09-28,Financials,0.035666666666666666,51.78,-0.024887083333333327
2022-09-29,Financials,0.03750044444444445,51.88,0.035666666666666666
2022-09-30,Financials,0.24316666666666667,62.16,0.03750044444444445
2022-10-03,Financials,0.06645875,53.32,0.24316666666666667
2022-10-04,Financials,0.23891398809523812,61.95,0.06645875
2022-10-05,Financials,-0.004962500000000005,49.75,0.23891398809523812
2022-10-06,Financials,0.05497885714285715,52.75,-0.004962500000000005
2022-10-07,Financials,-0.06384499999999999,46.81,0.05497885714285715
2022-10-10,Financials,-0.020238,48.99,-0.06384499999999999
2022-10-11,Financials,-0.12600083333333334,43.7,-0.020238
2022-10-12,Financials,0.034804166666666664,51.74,-0.12600083333333334
2022-10-13,Financials,-0.0026213333333333366,49.87,0.034804166666666664
2022-10-14,Financials,0.01168233583208396,50.58,-0.0026213333333333366
2022-10-17,Financials,0.2317665,61.59,0.01168233583208396
2022-10-18,Financials,0.16451258620689654,58.23,0.2317665
2022-10-19,Financials,0.08990666666666666,54.5,0.16451258620689654
2022-10-20,Financials,0.05703958333333334,52.85,0.08990666666666666
2022-10-21,Financials,0.09819666666666667,54.91,0.05703958333333334
2022-10-24,Financials,-0.07841111111111111,46.08,0.09819666666666667
2022-10-25,Financials,0.21026270833333333,60.51,-0.07841111111111111
2022-10-26,Financials,-0.017784848484848483,49.11,0.21026270833333333
2022-10-27,Financials,0.11347,55.67,-0.017784848484848483
2022-10-28,Financials,0.05253000000000001,52.63,0.11347
2022-10-31,Financials,0.16858166666666669,58.43,0.05253000000000001
2022-11-01,Financials,-0.11912083333333333,44.04,0.16858166666666669
2022-11-02,Financials,0.07607083333333332,53.8,-0.11912083333333333
2022-11-03,Financials,0.0111375,50.56,0.07607083333333332
2022-11-04,Financials,0.18350833333333333,59.18,0.0111375
2022-11-07,Financials,0.1655533333333333,58.28,0.18350833333333333
2022-11-08,Financials,0.03440000000000001,51.72,0.1655533333333333
2022-11-09,Financials,0.10814166666666666,55.41,0.03440000000000001
2022-11-10,Financials,0.05782,52.89,0.10814166666666666
2022-11-11,Financials,0.15544333333333332,57.77,0.05782
2022-11-14,Financials,0.11289166666666665,55.64,0.15544333333333332
2022-11-15,Financials,0.26661666666666667,63.33,0.11289166666666665
2022-11-16,Financials,0.17997333333333332,59.0,0.26661666666666667
2022-11-17,Financials,0.166765,58.34,0.17997333333333332
2022-11-18,Financials,0.08389166666666666,54.19,0.166765
2022-11-21,Financials,0.1451560714285714,57.26,0.08389166666666666
2022-11-22,Financials,0.008535000000000001,50.43,0.1451560714285714
2022-11-23,Financials,0.004644444444444447,50.23,0.008535000000000001
2022-11-25,Financials,0.16218333333333335,58.11,0.004644444444444447
2022-11-28,Financials,0.02173333333333333,51.09,0.16218333333333335
2022-11-29,Financials,0.1948277777777778,59.74,0.02173333333333333
2022-11-30,Financials,-0.025244444444444448,48.74,0.1948277777777778
2022-12-01,Financials,-0.044747999999999996,47.76,-0.025244444444444448
2022-12-02,Financials,0.21196583333333335,60.6,-0.044747999999999996
2022-12-05,Financials,0.26231875,63.12,0.21196583333333335
2022-12-06,Financials,-0.06304575757575759,46.85,0.26231875
2022-12-07,Financials,-0.034993333333333335,48.25,-0.06304575757575759
2022-12-08,Financials,0.0017399999999999998,50.09,-0.034993333333333335
2022-12-09,Financials,-0.045745,47.71,0.0017399999999999998
2022-12-12,Financials,0.12752322222222223,56.38,-0.045745
2022-12-13,Financials,0.1556875,57.78,0.12752322222222223
2022-12-14,Financials,-0.022415833333333357,48.88,0.1556875
2022-12-15,Financials,0.250025,62.5,-0.022415833333333357
2022-12-16,Financials,-0.10225625,44.89,0.250025
2022-12-19,Financials,0.03492019047619048,51.75,-0.10225625
2022-12-20,Financials,0.20854545454545453,60.43,0.03492019047619048
2022-12-21,Financials,0.06339642857142858,53.17,0.20854545454545453
2022-12-22,Financials,0.2659513333333333,63.3,0.06339642857142858
2022-12-23,Financials,0.049222499999999995,52.46,0.2659513333333333
2022-12-27,Financials,0.05304333333333333,52.65,0.049222499999999995
2022-12-28,Financials,0.05381666666666667,52.69,0.05304333333333333
2022-12-29,Financials,0.024465000000000004,51.22,0.05381666666666667
2022-12-30,Financials,0.10405,55.2,0.024465000000000004
2023-01-03,Financials,0.059775,52.99,0.10405
2023-01-04,Financials,0.10087666666666667,55.04,0.059775
2023-01-05,Financials,0.03775333333333334,51.89,0.10087666666666667
2023-01-06,Financials,0.042590625000000014,52.13,0.03775333333333334
2023-01-09,Financials,0.11561107142857144,55.78,0.042590625000000014
2023-01-10,Financials,-0.010222321428571424,49.49,0.11561107142857144
2023-01-11,Financials,0.027838888888888885,51.39,-0.010222321428571424
2023-01-12,Financials,0.11295228571428573,55.65,0.027838888888888885
2023-01-13,Financials,0.07158080586080587,53.58,0.11295228571428573
2023-01-17,Financials,0.05009344200411805,52.5,0.07158080586080587
2023-01-18,Financials,0.13571111111111112,56.79,0.05009344200411805
2023-01-19,Financials,0.10438783333333332,55.22,0.13571111111111112
2023-01-20,Financials,0.06703244444444445,53.35,0.10438783333333332
2023-01-23,Financials,-0.038365,48.08,0.06703244444444445
2023-01-24,Financials,0.06471666666666667,53.24,-0.038365
2023-01-25,Financials,0.08776416666666667,54.39,0.06471666666666667
2023-01-26,Financials,0.08237555555555556,54.12,0.08776416666666667
2023-01-27,Financials,0.008881249999999993,50.44,0.08237555555555556
2023-01-30,Financials,0.019736904761904768,50.99,0.008881249999999993
2023-01-31,Financials,0.007358333333333342,50.37,0.019736904761904768
2023-02-01,Financials,0.1257,56.28,0.007358333333333342
2023-02-02,Financials,0.13577533333333333,56.79,0.1257
2023-02-03,Financials,0.10093958333333333,55.05,0.13577533333333333
2023-02-06,Financials,0.04836666666666666,52.42,0.10093958333333333
2023-02-07,Financials,0.1666,58.33,0.04836666666666666
2023-02-08,Financials,-0.042054999999999995,47.9,0.1666
2023-02-09,Financials,0.03500833333333333,51.75,-0.042054999999999995
2023-02-10,Financials,0.103825,55.19,0.03500833333333333
2023-02-13,Financials,0.06644583333333334,53.32,0.103825
2023-02-14,Financials,0.100413,55.02,0.06644583333333334
2023-02-15,Financials,-0.19576875,40.21,0.100413
2023-02-16,Financials,0.000538333333333331,50.03,-0.19576875
2023-02-17,Financials,0.143478,57.17,0.000538333333333331
2023-02-21,Financials,-0.007556333333333337,49.62,0.143478
2023-02-22,Financials,-0.0009824999999999973,49.95,-0.007556333333333337
2023-02-23,Financials,0.12745333333333334,56.37,-0.0009824999999999973
2023-02-24,Financials,0.18436666666666665,59.22,0.12745333333333334
2023-02-27,Financials,0.12354785714285714,56.18,0.18436666666666665
2023-02-28,Financials,0.06646111111111112,53.32,0.12354785714285714
2023-03-01,Financials,0.06672,53.34,0.06646111111111112
2023-03-02,Financials,0.128701,56.44,0.06672
2023-03-03,Financials,-0.048049999999999995,47.6,0.128701
2023-03-06,Financials,-0.011079761904761898,49.45,-0.048049999999999995
2023-03-07,Financials,0.04297666666666667,52.15,-0.011079761904761898
2023-03-08,Financials,0.10810873015873015,55.41,0.04297666666666667
2023-03-09,Financials,0.07238166666666666,53.62,0.10810873015873015
2023-03-10,Financials,-0.054468666666666665,47.28,0.07238166666666666
2023-03-13,Financials,-0.04354559090909091,47.82,-0.054468666666666665
2023-03-14,Financials,0.2435892857142857,62.18,-0.04354559090909091
2023-03-15,Financials,-0.066963,46.65,0.2435892857142857
2023-03-16,Financials,-0.14348527777777775,42.83,-0.066963
2023-03-17,Financials,-0.04562942857142857,47.72,-0.14348527777777775
2023-03-20,Financials,-0.08434447619047618,45.78,-0.04562942857142857
2023-03-21,Financials,0.057682380952380964,52.88,-0.08434447619047618
2023-03-22,Financials,0.11108928571428571,55.55,0.057682380952380964
2023-03-23,Financials,0.041936666666666664,52.1,0.11108928571428571
2023-03-24,Financials,-0.030031818181818194,48.5,0.041936666666666664
2023-03-27,Financials,0.04756547619047619,52.38,-0.030031818181818194
2023-03-28,Financials,0.08548666666666667,54.27,0.04756547619047619
2023-03-29,Financials,0.1320045,56.6,0.08548666666666667
2023-03-30,Financials,0.09479107142857143,54.74,0.1320045
2023-03-31,Financials,0.05694266666666666,52.85,0.09479107142857143
2023-04-03,Financials,0.02665738095238096,51.33,0.05694266666666666
2023-04-04,Financials,0.05411655555555556,52.71,0.02665738095238096
2023-04-05,Financials,0.031463000000000005,51.57,0.05411655555555556
2023-04-06,Financials,-0.012189999999999993,49.39,0.031463000000000005
2023-04-10,Financials,0.05669891233766235,52.83,-0.012189999999999993
2023-04-11,Financials,0.046785769230769235,52.34,0.05669891233766235
2023-04-12,Financials,0.10079619047619048,55.04,0.046785769230769235
2023-04-13,Financials,-0.007015779448621551,49.65,0.10079619047619048
2023-04-14,Financials,0.014513050505050504,50.73,-0.007015779448621551
2023-04-17,Financials,0.05694550877192982,52.85,0.014513050505050504
2023-04-18,Financials,0.15643419047619048,57.82,0.05694550877192982
2023-04-19,Financials,0.16512438515406164,58.26,0.15643419047619048
2023-04-20,Financials,0.06661904761904762,53.33,0.16512438515406164
2023-04-21,Financials,0.09935,54.97,0.06661904761904762
2023-04-24,Financials,0.07692003896103897,53.85,0.09935
2023-04-25,Financials,0.01893045454545455,50.95,0.07692003896103897
2023-04-26,Financials,0.19883488888888892,59.94,0.01893045454545455
2023-04-27,Financials,0.14356083333333333,57.18,0.19883488888888892
2023-04-28,Financials,-0.05870119047619049,47.06,0.14356083333333333
2023-05-01,Financials,-0.012427999999999998,49.38,-0.05870119047619049
2023-05-02,Financials,0.019024380952380952,50.95,-0.012427999999999998
2023-05-03,Financials,0.061071428571428575,53.05,0.019024380952380952
2023-05-04,Financials,0.06479333333333333,53.24,0.061071428571428575
2023-05-05,Financials,0.10319166666666667,55.16,0.06479333333333333
2023-05-08,Financials,0.024768333333333333,51.24,0.10319166666666667
2023-05-09,Financials,-0.13777500000000004,43.11,0.024768333333333333
2023-05-10,Financials,-0.003994285714285715,49.8,-0.13777500000000004
2023-05-11,Financials,-0.059863333333333324,47.01,-0.003994285714285715
2023-05-12,Financials,-0.006113333333333332,49.69,-0.059863333333333324
2023-05-15,Financials,-0.034629428571428575,48.27,-0.006113333333333332
2023-05-16,Financials,-0.07062980952380953,46.47,-0.034629428571428575
2023-05-17,Financials,0.08240249999999999,54.12,-0.07062980952380953
2023-05-18,Financials,0.11013900000000001,55.51,0.08240249999999999
2023-05-19,Financials,0.035833974358974355,51.79,0.11013900000000001
2023-05-22,Financials,0.06604314285714286,53.3,0.035833974358974355
2023-05-23,Financials,0.12855933333333333,56.43,0.06604314285714286
2023-05-24,Financials,-0.05681066666666666,47.16,0.12855933333333333
2023-05-25,Financials,-0.04180166666666667,47.91,-0.05681066666666666
2023-05-26,Financials,0.09057000000000001,54.53,-0.04180166666666667
2023-05-30,Financials,0.027225238095238097,51.36,0.09057000000000001
2023-05-31,Financials,0.08333533333333333,54.17,0.027225238095238097
2023-06-01,Financials,-0.0045607792207792205,49.77,0.08333533333333333
2023-06-02,Financials,-0.05745535714285714,47.13,-0.0045607792207792205
2023-06-05,Financials,0.0037157777777777788,50.19,-0.05745535714285714
2023-06-06,Financials,0.21441533333333332,60.72,0.0037157777777777788
2023-06-07,Financials,0.040524166666666674,52.03,0.21441533333333332
2023-06-08,Financials,0.11369666666666667,55.68,0.040524166666666674
2023-06-09,Financials,0.01739034090909091,50.87,0.11369666666666667
2023-06-12,Financials,0.05402555555555556,52.7,0.01739034090909091
2023-06-13,Financials,0.20371060606060606,60.19,0.05402555555555556
2023-06-14,Financials,0.017126666666666672,50.86,0.20371060606060606
2023-06-15,Financials,0.13594166666666668,56.8,0.017126666666666672
2023-06-16,Financials,0.07315809523809524,53.66,0.13594166666666668
2023-06-20,Financials,0.04700231818181818,52.35,0.07315809523809524
2023-06-21,Financials,0.03546041666666667,51.77,0.04700231818181818
2023-06-22,Financials,0.1250002976190476,56.25,0.03546041666666667
2023-06-23,Financials,0.008766666666666664,50.44,0.1250002976190476
2023-06-26,Financials,0.04578157575757576,52.29,0.008766666666666664
2023-06-27,Financials,0.16776166666666667,58.39,0.04578157575757576
2023-06-28,Financials,0.04823918181818182,52.41,0.16776166666666667
2023-06-29,Financials,0.20359869463869465,60.18,0.04823918181818182
2023-06-30,Financials,0.057620000000000005,52.88,0.20359869463869465
2023-07-03,Financials,0.08868417893217893,54.43,0.057620000000000005
2023-07-05,Financials,0.06552250000000001,53.28,0.08868417893217893
2023-07-06,Financials,-0.055903095238095245,47.2,0.06552250000000001
2023-07-07,Financials,0.07478266666666666,53.74,-0.055903095238095245
2023-07-10,Financials,0.06466666666666668,53.23,0.07478266666666666
2023-07-11,Financials,0.13413733333333333,56.71,0.06466666666666668
2023-07-12,Financials,0.03970533333333334,51.99,0.13413733333333333
2023-07-13,Financials,0.027143333333333342,51.36,0.03970533333333334
2023-07-14,Financials,0.013660777777777777,50.68,0.027143333333333342
2023-07-17,Financials,0.03618616875522139,51.81,0.013660777777777777
2023-07-18,Financials,0.13495070346320345,56.75,0.03618616875522139
2023-07-19,Financials,0.13329318650793648,56.66,0.13495070346320345
2023-07-20,Financials,0.19423168181818182,59.71,0.13329318650793648
2023-07-21,Financials,0.01688833333333333,50.84,0.19423168181818182
2023-07-24,Financials,0.07067463636363637,53.53,0.01688833333333333
2023-07-25,Financials,0.20946755555555555,60.47,0.07067463636363637
2023-07-26,Financials,0.08531966666666665,54.27,0.20946755555555555
2023-07-27,Financials,0.1480347619047619,57.4,0.08531966666666665
2023-07-28,Financials,0.05200833333333333,52.6,0.1480347619047619
2023-07-31,Financials,0.14983822510822511,57.49,0.05200833333333333
2023-08-01,Financials,0.11459333333333335,55.73,0.14983822510822511
2023-08-02,Financials,-0.042295714285714284,47.89,0.11459333333333335
2023-08-03,Financials,0.08283666666666667,54.14,-0.042295714285714284
2023-08-04,Financials,0.07679,53.84,0.08283666666666667
2023-08-07,Financials,-0.03689433333333333,48.16,0.07679
2023-08-08,Financials,-0.10458333333333332,44.77,-0.03689433333333333
2023-08-09,Financials,0.0011308571428571446,50.06,-0.10458333333333332
2023-08-10,Financials,-0.03384166666666667,48.31,0.0011308571428571446
2023-08-11,Financials,0.114525,55.73,-0.03384166666666667
2023-08-14,Financials,0.10731289743589745,55.37,0.114525
2023-08-15,Financials,-0.04172179487179486,47.91,0.10731289743589745
2023-08-16,Financials,0.1464447619047619,57.32,-0.04172179487179486
2023-08-17,Financials,0.0021966666666666614,50.11,0.1464447619047619
2023-08-18,Financials,0.06872500000000001,53.44,0.0021966666666666614
2023-08-21,Financials,0.08395380952380951,54.2,0.06872500000000001
2023-08-22,Financials,0.029200000000000004,51.46,0.08395380952380951
2023-08-23,Financials,0.18855202380952382,59.43,0.029200000000000004
2023-08-24,Financials,0.06637833333333334,53.32,0.18855202380952382
2023-08-25,Financials,-0.006359000000000001,49.68,0.06637833333333334
2023-08-28,Financials,-0.007623848484848483,49.62,-0.006359000000000001
2023-08-29,Financials,-0.09566666666666666,45.22,-0.007623848484848483
2023-08-30,Financials,0.11315433333333333,55.66,-0.09566666666666666
2023-08-31,Financials,0.020000476190476194,51.0,0.11315433333333333
2023-09-01,Financials,-0.018227083333333335,49.09,0.020000476190476194
2023-09-05,Financials,0.0441363782051282,52.21,-0.018227083333333335
2023-09-06,Financials,0.1879547619047619,59.4,0.0441363782051282
2023-09-07,Financials,0.11265533333333333,55.63,0.1879547619047619
2023-09-08,Financials,0.07891142857142858,53.95,0.11265533333333333
2023-09-11,Financials,0.0664006105006105,53.32,0.07891142857142858
2023-09-12,Financials,0.1334617142857143,56.67,0.0664006105006105
2023-09-13,Financials,0.09227766666666666,54.61,0.1334617142857143
2023-09-14,Financials,0.14913954545454547,57.46,0.09227766666666666
2023-09-15,Financials,0.08927547619047618,54.46,0.14913954545454547
2023-09-18,Financials,0.24436266666666667,62.22,0.08927547619047618
2023-09-19,Financials,-0.01707380952380952,49.15,0.24436266666666667
2023-09-20,Financials,0.08599933333333334,54.3,-0.01707380952380952
2023-09-21,Financials,0.043634,52.18,0.08599933333333334
2023-09-22,Financials,0.012110999999999995,50.61,0.043634
2023-09-25,Financials,0.06767266666666667,53.38,0.012110999999999995
2023-09-26,Financials,0.1356647619047619,56.78,0.06767266666666667
2023-09-27,Financials,0.04528833333333333,52.26,0.1356647619047619
2023-09-28,Financials,0.11554690476190477,55.78,0.04528833333333333
2023-09-29,Financials,-0.06526833333333333,46.74,0.11554690476190477
2023-10-02,Financials,0.16307533333333332,58.15,-0.06526833333333333
2023-10-03,Financials,0.07226527777777778,53.61,0.16307533333333332
2023-10-04,Financials,0.08128333333333333,54.06,0.07226527777777778
2023-10-05,Financials,0.039347714285714284,51.97,0.08128333333333333
2023-10-06,Financials,0.15416833333333332,57.71,0.039347714285714284
2023-10-09,Financials,0.14211895604395605,57.11,0.15416833333333332
2023-10-10,Financials,0.17689285714285713,58.84,0.14211895604395605
2023-10-11,Financials,-0.009029428571428567,49.55,0.17689285714285713
2023-10-12,Financials,0.08360851515151516,54.18,-0.009029428571428567
2023-10-13,Financials,0.05300664705882353,52.65,0.08360851515151516
2023-10-16,Financials,0.16434966666666667,58.22,0.05300664705882353
2023-10-17,Financials,0.1349512962962963,56.75,0.16434966666666667
2023-10-18,Financials,0.01541300586510265,50.77,0.1349512962962963
2023-10-19,Financials,0.176952,58.85,0.01541300586510265
2023-10-20,Financials,0.06861266666666667,53.43,0.176952
2023-10-23,Financials,-0.01164404761904762,49.42,0.06861266666666667
2023-10-24,Financials,0.06633333333333334,53.32,-0.01164404761904762
2023-10-25,Financials,0.09639090909090908,54.82,0.06633333333333334
2023-10-26,Financials,0.142319,57.12,0.09639090909090908
2023-10-27,Financials,0.0598875,52.99,0.142319
2023-10-30,Financials,0.10055833333333333,55.03,0.0598875
2023-10-31,Financials,0.11146666666666666,55.57,0.10055833333333333
2023-11-01,Financials,0.04556166666666667,52.28,0.11146666666666666
2023-11-02,Financials,0.11050800000000001,55.53,0.04556166666666667
2023-11-03,Financials,0.1103,55.52,0.11050800000000001
2023-11-06,Financials,0.03345888888888889,51.67,0.1103
2023-11-07,Financials,0.12548055555555557,56.27,0.03345888888888889
2023-11-08,Financials,0.027801785714285713,51.39,0.12548055555555557
2023-11-09,Financials,0.06274984126984126,53.14,0.027801785714285713
2023-11-10,Financials,-0.011250000000000001,49.44,0.06274984126984126
2023-11-13,Financials,-0.10171714285714287,44.91,-0.011250000000000001
2023-11-14,Financials,0.16390585714285716,58.2,-0.10171714285714287
2023-11-15,Financials,0.16272777777777778,58.14,0.16390585714285716
2023-11-16,Financials,0.036025,51.8,0.16272777777777778
2023-11-17,Financials,0.15401533333333334,57.7,0.036025
2023-11-20,Financials,-0.006259666666666672,49.69,0.15401533333333334
2023-11-21,Financials,0.039809166666666666,51.99,-0.006259666666666672
2023-11-22,Financials,0.05012933333333334,52.51,0.039809166666666666
2023-11-24,Financials,0.07315597222222223,53.66,0.05012933333333334
2023-11-27,Financials,0.11911666666666668,55.96,0.07315597222222223
2023-11-28,Financials,0.07234666666666667,53.62,0.11911666666666668
2023-11-29,Financials,0.15824666666666667,57.91,0.07234666666666667
2023-11-30,Financials,0.059818666666666666,52.99,0.15824666666666667
2023-12-01,Financials,0.034176666666666675,51.71,0.059818666666666666
2023-12-04,Financials,0.1730759027777778,58.65,0.034176666666666675
2023-12-05,Financials,0.187265625,59.36,0.1730759027777778
2023-12-06,Financials,0.015243749999999999,50.76,0.187265625
2023-12-07,Financials,0.14847777777777776,57.42,0.015243749999999999
2023-12-08,Financials,0.13133999999999998,56.57,0.14847777777777776
2023-12-11,Financials,0.04700320238095238,52.35,0.13133999999999998
2023-12-12,Financials,0.1187719393939394,55.94,0.04700320238095238
2023-12-13,Financials,0.14341555555555557,57.17,0.1187719393939394
2023-12-14,Financials,0.024851111111111115,51.24,0.14341555555555557
2023-12-15,Financials,0.19887809523809521,59.94,0.024851111111111115
2023-12-18,Financials,0.10431369047619046,55.22,0.19887809523809521
2020-01-02,Healthcare,0.1363554761904762,56.82,
2020-01-03,Healthcare,0.09495,54.75,0.1363554761904762
2020-01-06,Healthcare,0.182132,59.11,0.09495
2020-01-07,Healthcare,0.08464800000000001,54.23,0.182132
2020-01-08,Healthcare,0.12843333333333334,56.42,0.08464800000000001
2020-01-09,Healthcare,0.053994444444444435,52.7,0.12843333333333334
2020-01-10,Healthcare,0.03246,51.62,0.053994444444444435
2020-01-13,Healthcare,0.0693975,53.47,0.03246
2020-01-14,Healthcare,0.049975000000000006,52.5,0.0693975
2020-01-15,Healthcare,0.2877416666666666,64.39,0.049975000000000006
2020-01-16,Healthcare,0.1739,58.7,0.2877416666666666
2020-01-17,Healthcare,0.14222777777777776,57.11,0.1739
2020-01-21,Healthcare,0.02551785714285713,51.28,0.14222777777777776
2020-01-22,Healthcare,0.15745520833333332,57.87,0.02551785714285713
2020-01-23,Healthcare,0.054837222222222225,52.74,0.15745520833333332
2020-01-24,Healthcare,0.09548533333333332,54.77,0.054837222222222225
2020-01-27,Healthcare,0.15339333333333333,57.67,0.09548533333333332
2020-01-28,Healthcare,0.002704999999999997,50.14,0.15339333333333333
2020-01-29,Healthcare,0.107622,55.38,0.002704999999999997
2020-01-30,Healthcare,0.12261969696969698,56.13,0.107622
2020-01-31,Healthcare,0.055681666666666664,52.78,0.12261969696969698
2020-02-03,Healthcare,0.10428872503840245,55.21,0.055681666666666664
2020-02-04,Healthcare,0.07446666666666667,53.72,0.10428872503840245
2020-02-05,Healthcare,0.046906952380952376,52.35,0.07446666666666667
2020-02-06,Healthcare,0.06449969230769231,53.22,0.046906952380952376
2020-02-07,Healthcare,0.08391717171717172,54.2,0.06449969230769231
2020-02-10,Healthcare,0.042550000000000004,52.13,0.08391717171717172
2020-02-11,Healthcare,-0.025597222222222226,48.72,0.042550000000000004
2020-02-12,Healthcare,0.21448645833333335,60.72,-0.025597222222222226
2020-02-13,Healthcare,0.09045,54.52,0.21448645833333335
2020-02-14,Healthcare,0.21721249999999998,60.86,0.09045
2020-02-18,Healthcare,0.06703590686274509,53.35,0.21721249999999998
2020-02-19,Healthcare,0.023096111111111112,51.15,0.06703590686274509
2020-02-20,Healthcare,0.17223999999999998,58.61,0.023096111111111112
2020-02-21,Healthcare,0.066509375,53.33,0.17223999999999998
2020-02-24,Healthcare,0.03153655462184874,51.58,0.066509375
2020-02-25,Healthcare,-0.04685333333333334,47.66,0.03153655462184874
2020-02-26,Healthcare,0.05006264705882352,52.5,-0.04685333333333334
2020-02-27,Healthcare,0.0804856,54.02,0.05006264705882352
2020-02-28,Healthcare,-0.100272,44.99,0.0804856
2020-03-02,Healthcare,0.1169638392857143,55.85,-0.100272
2020-03-03,Healthcare,0.027872307692307696,51.39,0.1169638392857143
2020-03-04,Healthcare,0.14659899999999998,57.33,0.027872307692307696
2020-03-05,Healthcare,-0.035558653846153844,48.22,0.14659899999999998
2020-03-06,Healthcare,0.01184069264069264,50.59,-0.035558653846153844
2020-03-09,Healthcare,0.035713052631578944,51.79,0.01184069264069264
2020-03-10,Healthcare,0.15230833333333332,57.62,0.035713052631578944
2020-03-11,Healthcare,0.043423055555555555,52.17,0.15230833333333332
2020-03-12,Healthcare,-0.039354,48.03,0.043423055555555555
2020-03-13,Healthcare,0.12026562500000001,56.01,-0.039354
2020-03-16,Healthcare,0.01838,50.92,0.12026562500000001
2020-03-17,Healthcare,0.08695666666666665,54.35,0.01838
2020-03-18,Healthcare,0.18194166666666667,59.1,0.08695666666666665
2020-03-19,Healthcare,0.01903499999999999,50.95,0.18194166666666667
2020-03-20,Healthcare,0.014603205128205132,50.73,0.01903499999999999
2020-03-23,Healthcare,0.07436558441558443,53.72,0.014603205128205132
2020-03-24,Healthcare,0.22829809523809522,61.41,0.07436558441558443
2020-03-25,Healthcare,0.0914952380952381,54.57,0.22829809523809522
2020-03-26,Healthcare,0.0568660606060606,52.84,0.0914952380952381
2020-03-27,Healthcare,0.21302000000000001,60.65,0.0568660606060606
2020-03-30,Healthcare,0.1482621904761905,57.41,0.21302000000000001
2020-03-31,Healthcare,0.021569047619047613,51.08,0.1482621904761905
2020-04-01,Healthcare,-0.013316666666666664,49.33,0.021569047619047613
2020-04-02,Healthcare,0.1393416666666667,56.97,-0.013316666666666664
2020-04-03,Healthcare,0.22986944444444443,61.49,0.1393416666666667
2020-04-06,Healthcare,0.2573415517241379,62.87,0.22986944444444443
2020-04-07,Healthcare,0.06056473684210527,53.03,0.2573415517241379
2020-04-08,Healthcare,0.12663333333333335,56.33,0.06056473684210527
2020-04-09,Healthcare,0.019035416666666666,50.95,0.12663333333333335
2020-04-13,Healthcare,-0.08126442424242424,45.94,0.019035416666666666
2020-04-14,Healthcare,0.17448571428571427,58.72,-0.08126442424242424
2020-04-15,Healthcare,-0.03140095238095238,48.43,0.17448571428571427
2020-04-16,Healthcare,0.24060738095238093,62.03,-0.03140095238095238
2020-04-17,Healthcare,0.1718667766726944,58.59,0.24060738095238093
2020-04-20,Healthcare,0.0333530354609929,51.67,0.1718667766726944
2020-04-21,Healthcare,0.09691809523809523,54.85,0.0333530354609929
2020-04-22,Healthcare,0.2516235042735043,62.58,0.09691809523809523
2020-04-23,Healthcare,0.16720625,58.36,0.2516235042735043
2020-04-24,Healthcare,0.004305178571428577,50.22,0.16720625
2020-04-27,Healthcare,0.04257795238095238,52.13,0.004305178571428577
2020-04-28,Healthcare,0.024134476923076926,51.21,0.04257795238095238
2020-04-29,Healthcare,0.07519413793103448,53.76,0.024134476923076926
2020-04-30,Healthcare,0.08486569230769232,54.24,0.07519413793103448
2020-05-01,Healthcare,0.06861437934458789,53.43,0.08486569230769232
2020-05-04,Healthcare,0.14180205128205128,57.09,0.06861437934458789
2020-05-05,Healthcare,0.08071964052287581,54.04,0.14180205128205128
2020-05-06,Healthcare,0.07141222222222224,53.57,0.08071964052287581
2020-05-07,Healthcare,0.10748333333333333,55.37,0.07141222222222224
2020-05-08,Healthcare,0.05686541666666667,52.84,0.10748333333333333
2020-05-11,Healthcare,0.0704717391304348,53.52,0.05686541666666667
2020-05-12,Healthcare,-0.000899047619047621,49.96,0.0704717391304348
2020-05-13,Healthcare,0.0239566013986014,51.2,-0.000899047619047621
2020-05-14,Healthcare,0.03918333333333333,51.96,0.0239566013986014
2020-05-15,Healthcare,-0.015990454545454547,49.2,0.03918333333333333
2020-05-18,Healthcare,0.07003866666666667,53.5,-0.015990454545454547
2020-05-19,Healthcare,0.14029416666666666,57.01,0.07003866666666667
2020-05-20,Healthcare,0.1895010989010989,59.48,0.14029416666666666
2020-05-21,Healthcare,0.1789375,58.95,0.1895010989010989
2020-05-22,Healthcare,0.07008833333333334,53.5,0.1789375
2020-05-26,Healthcare,0.06365399999999999,53.18,0.07008833333333334
2020-05-27,Healthcare,-0.1031263492063492,44.84,0.06365399999999999
2020-05-28,Healthcare,0.023041666666666665,51.15,-0.1031263492063492
2020-05-29,Healthcare,0.13924131944444446,56.96,0.023041666666666665
2020-06-01,Healthcare,0.13194944444444445,56.6,0.13924131944444446
2020-06-02,Healthcare,0.022647662337662345,51.13,0.13194944444444445
2020-06-03,Healthcare,0.08373678571428571,54.19,0.022647662337662345
2020-06-04,Healthcare,0.09716,54.86,0.08373678571428571
2020-06-05,Healthcare,0.03548125,51.77,0.09716
2020-06-08,Healthcare,0.08373624999999998,54.19,0.03548125
2020-06-09,Healthcare,0.012915000000000001,50.65,0.08373624999999998
2020-06-10,Healthcare,0.07408124999999999,53.7,0.012915000000000001
2020-06-11,Healthcare,0.21681666666666666,60.84,0.07408124999999999
2020-06-12,Healthcare,0.10659166666666667,55.33,0.21681666666666666
2020-06-15,Healthcare,0.031999428571428574,51.6,0.10659166666666667
2020-06-16,Healthcare,-0.005079166666666662,49.75,0.031999428571428574
2020-06-17,Healthcare,-0.09114166666666668,45.44,-0.005079166666666662
2020-06-18,Healthcare,0.1776916666666667,58.88,-0.09114166666666668
2020-06-19,Healthcare,0.08357916666666666,54.18,0.1776916666666667
2020-06-22,Healthcare,0.21230833333333332,60.62,0.08357916666666666
2020-06-23,Healthcare,0.013982291666666664,50.7,0.21230833333333332
2020-06-24,Healthcare,0.027995833333333334,51.4,0.013982291666666664
2020-06-25,Healthcare,0.027566666666666656,51.38,0.027995833333333334
2020-06-26,Healthcare,0.004238333333333337,50.21,0.027566666666666656
2020-06-29,Healthcare,0.10906291666666668,55.45,0.004238333333333337
2020-06-30,Healthcare,0.01325,50.66,0.10906291666666668
2020-07-01,Healthcare,0.13669861111111112,56.83,0.01325
2020-07-02,Healthcare,0.04018055555555556,52.01,0.13669861111111112
2020-07-06,Healthcare,0.048602,52.43,0.04018055555555556
2020-07-07,Healthcare,0.053691666666666665,52.68,0.048602
2020-07-08,Healthcare,0.1306970238095238,56.53,0.053691666666666665
2020-07-09,Healthcare,0.1253888888888889,56.27,0.1306970238095238
2020-07-10,Healthcare,0.012493636363636363,50.62,0.1253888888888889
2020-07-13,Healthcare,0.080375,54.02,0.012493636363636363
2020-07-14,Healthcare,0.1766,58.83,0.080375
2020-07-15,Healthcare,0.23228333333333334,61.61,0.1766
2020-07-16,Healthcare,0.2086075,60.43,0.23228333333333334
2020-07-17,Healthcare,0.08885833333333332,54.44,0.2086075
2020-07-20,Healthcare,0.050083333333333334,52.5,0.08885833333333332
2020-07-21,Healthcare,0.08031250000000001,54.02,0.050083333333333334
2020-07-22,Healthcare,0.15664999999999998,57.83,0.08031250000000001
2020-07-23,Healthcare,-0.06013,46.99,0.15664999999999998
2020-07-24,Healthcare,0.010510000000000002,50.53,-0.06013
2020-07-27,Healthcare,0.08931785714285714,54.47,0.010510000000000002
2020-07-28,Healthcare,0.07098958333333333,53.55,0.08931785714285714
2020-07-29,Healthcare,0.07966,53.98,0.07098958333333333
2020-07-30,Healthcare,0.006046875,50.3,0.07966
2020-07-31,Healthcare,0.009303988603988607,50.47,0.006046875
2020-08-03,Healthcare,0.05675285714285714,52.84,0.009303988603988607
2020-08-04,Healthcare,-0.05081666666666667,47.46,0.05675285714285714
2020-08-05,Healthcare,0.12943333333333334,56.47,-0.05081666666666667
2020-08-06,Healthcare,0.18496,59.25,0.12943333333333334
2020-08-07,Healthcare,0.051621428571428575,52.58,0.18496
2020-08-10,Healthcare,0.018338888888888887,50.92,0.051621428571428575
2020-08-11,Healthcare,0.20759444444444444,60.38,0.018338888888888887
2020-08-12,Healthcare,0.02045,51.02,0.20759444444444444
2020-08-13,Healthcare,-0.1499,42.5,0.02045
2020-08-14,Healthcare,0.00805,50.4,-0.1499
2020-08-17,Healthcare,0.01688,50.84,0.00805
2020-08-18,Healthcare,-0.0008000000000000009,49.96,0.01688
2020-08-19,Healthcare,0.09595208333333334,54.8,-0.0008000000000000009
2020-08-20,Healthcare,0.06355,53.18,0.09595208333333334
2020-08-21,Healthcare,0.005824999999999997,50.29,0.06355
2020-08-24,Healthcare,0.17548750000000002,58.77,0.005824999999999997
2020-08-25,Healthcare,0.053487037037037034,52.67,0.17548750000000002
2020-08-26,Healthcare,0.10392799999999999,55.2,0.053487037037037034
2020-08-27,Healthcare,0.09778466666666667,54.89,0.10392799999999999
2020-08-28,Healthcare,0.044956,52.25,0.09778466666666667
2020-08-31,Healthcare,0.061255555555555556,53.06,0.044956
2020-09-01,Healthcare,0.0215625,51.08,0.061255555555555556
2020-09-02,Healthcare,-0.08304375,45.85,0.0215625
2020-09-03,Healthcare,-0.08587333333333334,45.71,-0.08304375
2020-09-04,Healthcare,0.04933571428571429,52.47,-0.08587333333333334
2020-09-08,Healthcare,0.03778666666666667,51.89,0.04933571428571429
2020-09-09,Healthcare,0.2021333333333333,60.11,0.03778666666666667
2020-09-10,Healthcare,0.3839,69.2,0.2021333333333333
2020-09-11,Healthcare,-0.025616666666666666,48.72,0.3839
2020-09-14,Healthcare,0.1614575072463768,58.07,-0.025616666666666666
2020-09-15,Healthcare,0.04999833333333333,52.5,0.1614575072463768
2020-09-16,Healthcare,0.0017333333333333333,50.09,0.04999833333333333
2020-09-17,Healthcare,0.04088333333333334,52.04,0.0017333333333333333
2020-09-18,Healthcare,0.0498625,52.49,0.04088333333333334
2020-09-21,Healthcare,-0.015847499999999994,49.21,0.0498625
2020-09-22,Healthcare,0.35845,67.92,-0.015847499999999994
2020-09-23,Healthcare,0.06665833333333333,53.33,0.35845
2020-09-24,Healthcare,-0.08541666666666668,45.73,0.06665833333333333
2020-09-25,Healthcare,0.26466666666666666,63.23,-0.08541666666666668
2020-09-28,Healthcare,-0.050965,47.45,0.26466666666666666
2020-09-29,Healthcare,0.09610178571428571,54.81,-0.050965
2020-09-30,Healthcare,0.14864375,57.43,0.09610178571428571
2020-10-01,Healthcare,0.04055208333333333,52.03,0.14864375
2020-10-02,Healthcare,-0.127525,43.62,0.04055208333333333
2020-10-05,Healthcare,0.04736,52.37,-0.127525
2020-10-06,Healthcare,0.0010916666666666666,50.05,0.04736
2020-10-07,Healthcare,0.053592261904761906,52.68,0.0010916666666666666
2020-10-08,Healthcare,-0.012086805555555552,49.4,0.053592261904761906
2020-10-09,Healthcare,-0.11221333333333335,44.39,-0.012086805555555552
2020-10-12,Healthcare,0.044562500000000005,52.23,-0.11221333333333335
2020-10-13,Healthcare,-0.0004875000000000018,49.98,0.044562500000000005
2020-10-14,Healthcare,0.126225,56.31,-0.0004875000000000018
2020-10-15,Healthcare,0.10867,55.43,0.126225
2020-10-16,Healthcare,0.014402564102564108,50.72,0.10867
2020-10-19,Healthcare,0.16136666666666666,58.07,0.014402564102564108
2020-10-20,Healthcare,0.17743333333333333,58.87,0.16136666666666666
2020-10-21,Healthcare,0.07030888888888889,53.52,0.17743333333333333
2020-10-22,Healthcare,-0.135925,43.2,0.07030888888888889
2020-10-23,Healthcare,0.0019850000000000054,50.1,-0.135925
2020-10-26,Healthcare,0.024813888888888885,51.24,0.0019850000000000054
2020-10-27,Healthcare,0.00783571428571428,50.39,0.024813888888888885
2020-10-28,Healthcare,0.05401333333333332,52.7,0.00783571428571428
2020-10-29,Healthcare,0.16069566666666665,58.03,0.05401333333333332
2020-10-30,Healthcare,0.11077386363636363,55.54,0.16069566666666665
2020-11-02,Healthcare,0.1699122023809524,58.5,0.11077386363636363
2020-11-03,Healthcare,-0.012026666666666675,49.4,0.1699122023809524
2020-11-04,Healthcare,0.1082611111111111,55.41,-0.012026666666666675
2020-11-05,Healthcare,-0.051020833333333335,47.45,0.1082611111111111
2020-11-06,Healthcare,0.006125,50.31,-0.051020833333333335
2020-11-09,Healthcare,0.24359333333333333,62.18,0.006125
2020-11-10,Healthcare,0.173488,58.67,0.24359333333333333
2020-11-11,Healthcare,0.0632,53.16,0.173488
2020-11-12,Healthcare,0.06015,53.01,0.0632
2020-11-13,Healthcare,0.18278333333333333,59.14,0.06015
2020-11-16,Healthcare,0.018031000000000005,50.9,0.18278333333333333
2020-11-17,Healthcare,0.012993749999999991,50.65,0.018031000000000005
2020-11-18,Healthcare,0.1737,58.68,0.012993749999999991
2020-11-19,Healthcare,0.04799166666666667,52.4,0.1737
2020-11-20,Healthcare,0.021309375000000002,51.07,0.04799166666666667
2020-11-23,Healthcare,0.08124480952380952,54.06,0.021309375000000002
2020-11-24,Healthcare,0.139525,56.98,0.08124480952380952
2020-11-25,Healthcare,-0.0130125,49.35,0.139525
2020-11-27,Healthcare,-0.08816111111111113,45.59,-0.0130125
2020-11-30,Healthcare,0.033644999999999994,51.68,-0.08816111111111113
2020-12-01,Healthcare,0.19283333333333333,59.64,0.033644999999999994
2020-12-02,Healthcare,-0.011106250000000012,49.44,0.19283333333333333
2020-12-03,Healthcare,0.19687500000000002,59.84,-0.011106250000000012
2020-12-04,Healthcare,0.0931111111111111,54.66,0.19687500000000002
2020-12-07,Healthcare,0.010755555555555558,50.54,0.0931111111111111
2020-12-08,Healthcare,0.05057222222222222,52.53,0.010755555555555558
2020-12-09,Healthcare,-0.00435,49.78,0.05057222222222222
2020-12-10,Healthcare,0.05746875,52.87,-0.00435
2020-12-11,Healthcare,0.217347,60.87,0.05746875
2020-12-14,Healthcare,0.10688500000000001,55.34,0.217347
2020-12-15,Healthcare,0.05804444444444443,52.9,0.10688500000000001
2020-12-16,Healthcare,0.1897875,59.49,0.05804444444444443
2020-12-17,Healthcare,0.12771333333333332,56.39,0.1897875
2020-12-18,Healthcare,0.06898333333333333,53.45,0.12771333333333332
2020-12-21,Healthcare,0.22155,61.08,0.06898333333333333
2020-12-22,Healthcare,0.017565,50.88,0.22155
2020-12-23,Healthcare,0.11321203703703704,55.66,0.017565
2020-12-24,Healthcare,0.3133333333333333,65.67,0.11321203703703704
2020-12-28,Healthcare,-0.004295833333333346,49.79,0.3133333333333333
2020-12-29,Healthcare,0.014416666666666668,50.72,-0.004295833333333346
2020-12-30,Healthcare,0.22525,61.26,0.014416666666666668
2020-12-31,Healthcare,0.11641666666666667,55.82,0.22525
2021-01-04,Healthcare,0.10176875,55.09,0.11641666666666667
2021-01-05,Healthcare,0.06894444444444445,53.45,0.10176875
2021-01-06,Healthcare,-0.014325000000000004,49.28,0.06894444444444445
2021-01-07,Healthcare,-0.07236,46.38,-0.014325000000000004
2021-01-08,Healthcare,0.0284,51.42,-0.07236
2021-01-11,Healthcare,0.038315714285714286,51.92,0.0284
2021-01-12,Healthcare,0.18223333333333333,59.11,0.038315714285714286
2021-01-13,Healthcare,0.046745833333333334,52.34,0.18223333333333333
2021-01-14,Healthcare,0.04220000000000001,52.11,0.046745833333333334
2021-01-15,Healthcare,0.18468333333333334,59.23,0.04220000000000001
2021-01-19,Healthcare,0.07205800000000001,53.6,0.18468333333333334
2021-01-20,Healthcare,0.31666666666666665,65.83,0.07205800000000001
2021-01-21,Healthcare,0.00038333333333333334,50.02,0.31666666666666665
2021-01-22,Healthcare,0.0,50.0,0.00038333333333333334
2021-01-25,Healthcare,0.062469,53.12,0.0
2021-01-26,Healthcare,0.06286833333333333,53.14,0.062469
2021-01-27,Healthcare,0.07227857142857143,53.61,0.06286833333333333
2021-01-28,Healthcare,0.19891999999999999,59.95,0.07227857142857143
2021-01-29,Healthcare,0.06735000000000001,53.37,0.19891999999999999
2021-02-01,Healthcare,0.1953,59.76,0.06735000000000001
2021-02-02,Healthcare,0.02794166666666667,51.4,0.1953
2021-02-03,Healthcare,0.13548083333333333,56.77,0.02794166666666667
2021-02-04,Healthcare,0.027854999999999998,51.39,0.13548083333333333
2021-02-05,Healthcare,0.29886833333333335,64.94,0.027854999999999998
2021-02-08,Healthcare,0.008050000000000002,50.4,0.29886833333333335
2021-02-09,Healthcare,0.24447916666666664,62.22,0.008050000000000002
2021-02-10,Healthcare,0.108729,55.44,0.24447916666666664
2021-02-11,Healthcare,0.0841625,54.21,0.108729
2021-02-12,Healthcare,0.09030833333333332,54.52,0.0841625
2021-02-16,Healthcare,-0.13511666666666666,43.24,0.09030833333333332
2021-02-17,Healthcare,0.16175925925925927,58.09,-0.13511666666666666
2021-02-18,Healthcare,0.11803000000000001,55.9,0.16175925925925927
2021-02-19,Healthcare,0.221,61.05,0.11803000000000001
2021-02-22,Healthcare,0.127962,56.4,0.221
2021-02-23,Healthcare,0.03735416666666667,51.87,0.127962
2021-02-24,Healthcare,0.07213333333333333,53.61,0.03735416666666667
2021-02-25,Healthcare,0.33945625,66.97,0.07213333333333333
2021-02-26,Healthcare,-0.002308333333333336,49.88,0.33945625
2021-03-01,Healthcare,0.1272625,56.36,-0.002308333333333336
2021-03-02,Healthcare,0.06099444444444444,53.05,0.1272625
2021-03-03,Healthcare,0.04446666666666666,52.22,0.06099444444444444
2021-03-04,Healthcare,0.02366875,51.18,0.04446666666666666
2021-03-05,Healthcare,0.026974999999999996,51.35,0.02366875
2021-03-08,Healthcare,0.073485,53.67,0.026974999999999996
2021-03-09,Healthcare,0.013850000000000001,50.69,0.073485
2021-03-10,Healthcare,0.06523333333333332,53.26,0.013850000000000001
2021-03-11,Healthcare,-0.060511999999999996,46.97,0.06523333333333332
2021-03-12,Healthcare,-0.123,43.85,-0.060511999999999996
2021-03-15,Healthcare,0.12854914285714286,56.43,-0.123
2021-03-16,Healthcare,0.07345,53.67,0.12854914285714286
2021-03-17,Healthcare,0.13033333333333333,56.52,0.07345
2021-03-18,Healthcare,0.11937916666666668,55.97,0.13033333333333333
2021-03-19,Healthcare,0.14668333333333336,57.33,0.11937916666666668
2021-03-22,Healthcare,-0.09256333333333333,45.37,0.14668333333333336
2021-03-23,Healthcare,0.13093333333333332,56.55,-0.09256333333333333
2021-03-24,Healthcare,0.08612499999999998,54.31,0.13093333333333332
2021-03-25,Healthcare,0.164,58.2,0.08612499999999998
2021-03-26,Healthcare,0.056347222222222215,52.82,0.164
2021-03-29,Healthcare,0.22528333333333334,61.26,0.056347222222222215
2021-03-30,Healthcare,-0.042899999999999994,47.86,0.22528333333333334
2021-03-31,Healthcare,0.12447,56.22,-0.042899999999999994
2021-04-01,Healthcare,0.10351000000000002,55.18,0.12447
2021-04-05,Healthcare,0.1140125,55.7,0.10351000000000002
2021-04-06,Healthcare,0.11916666666666666,55.96,0.1140125
2021-04-07,Healthcare,0.19508333333333336,59.75,0.11916666666666666
2021-04-08,Healthcare,-0.010575000000000001,49.47,0.19508333333333336
2021-04-09,Healthcare,-0.1138,44.31,-0.010575000000000001
2021-04-12,Healthcare,0.08950333333333334,54.48,-0.1138
2021-04-13,Healthcare,0.02653958333333333,51.33,0.08950333333333334
2021-04-14,Healthcare,-0.013019999999999999,49.35,0.02653958333333333
2021-04-15,Healthcare,0.17526000000000003,58.76,-0.013019999999999999
2021-04-16,Healthcare,-0.13405,43.3,0.17526000000000003
2021-04-19,Healthcare,0.012305238095238097,50.62,-0.13405
2021-04-20,Healthcare,0.1400736111111111,57.0,0.012305238095238097
2021-04-21,Healthcare,0.10338,55.17,0.1400736111111111
2021-04-22,Healthcare,-0.0034099999999999977,49.83,0.10338
2021-04-23,Healthcare,0.18245,59.12,-0.0034099999999999977
2021-04-26,Healthcare,0.12007399999999999,56.0,0.18245
2021-04-27,Healthcare,0.09037833333333334,54.52,0.12007399999999999
2021-04-28,Healthcare,0.07353533333333333,53.68,0.09037833333333334
2021-04-29,Healthcare,0.16924961904761907,58.46,0.07353533333333333
2021-04-30,Healthcare,0.03059938461538461,51.53,0.16924961904761907
2021-05-03,Healthcare,0.06935133333333333,53.47,0.03059938461538461
2021-05-04,Healthcare,0.20220000000000002,60.11,0.06935133333333333
2021-05-05,Healthcare,0.26067,63.03,0.20220000000000002
2021-05-06,Healthcare,0.0048375,50.24,0.26067
2021-05-07,Healthcare,0.012899999999999998,50.64,0.0048375
2021-05-10,Healthcare,0.10722266666666666,55.36,0.012899999999999998
2021-05-11,Healthcare,0.009899999999999999,50.5,0.10722266666666666
2021-05-12,Healthcare,0.1951625,59.76,0.009899999999999999
2021-05-13,Healthcare,0.006700000000000001,50.33,0.1951625
2021-05-14,Healthcare,0.13535833333333333,56.77,0.006700000000000001
2021-05-17,Healthcare,-0.054959,47.25,0.13535833333333333
2021-05-18,Healthcare,0.09341666666666666,54.67,-0.054959
2021-05-19,Healthcare,0.009049999999999999,50.45,0.09341666666666666
2021-05-20,Healthcare,0.0759,53.8,0.009049999999999999
2021-05-21,Healthcare,0.02184,51.09,0.0759
2021-05-24,Healthcare,0.07992500000000001,54.0,0.02184
2021-05-25,Healthcare,0.005912500000000001,50.3,0.07992500000000001
2021-05-26,Healthcare,0.006066666666666667,50.3,0.005912500000000001
2021-05-27,Healthcare,0.03974583333333333,51.99,0.006066666666666667
2021-05-28,Healthcare,0.07581666666666667,53.79,0.03974583333333333
2021-06-01,Healthcare,0.08138,54.07,0.07581666666666667
2021-06-02,Healthcare,0.11728749999999999,55.86,0.08138
2021-06-03,Healthcare,0.0347,51.74,0.11728749999999999
2021-06-04,Healthcare,0.1106,55.53,0.0347
2021-06-07,Healthcare,-0.11363333333333334,44.32,0.1106
2021-06-08,Healthcare,0.00615,50.31,-0.11363333333333334
2021-06-09,Healthcare,0.018493181818181815,50.92,0.00615
2021-06-10,Healthcare,0.20510416666666667,60.26,0.018493181818181815
2021-06-11,Healthcare,0.018872916666666666,50.94,0.20510416666666667
2021-06-14,Healthcare,0.13783166666666669,56.89,0.018872916666666666
2021-06-15,Healthcare,0.15380000000000002,57.69,0.13783166666666669
2021-06-16,Healthcare,0.0,50.0,0.15380000000000002
2021-06-17,Healthcare,0.088575,54.43,0.0
2021-06-18,Healthcare,0.11331666666666666,55.67,0.088575
2021-06-21,Healthcare,0.19513166666666668,59.76,0.11331666666666666
2021-06-22,Healthcare,0.0,50.0,0.19513166666666668
2021-06-23,Healthcare,0.23803333333333332,61.9,0.0
2021-06-24,Healthcare,0.17085000000000003,58.54,0.23803333333333332
2021-06-25,Healthcare,0.041708,52.09,0.17085000000000003
2021-06-28,Healthcare,0.03671666666666667,51.84,0.041708
2021-06-29,Healthcare,0.154175,57.71,0.03671666666666667
2021-06-30,Healthcare,0.1672833333333333,58.36,0.154175
2021-07-01,Healthcare,0.0071,50.36,0.1672833333333333
2021-07-02,Healthcare,0.25170000000000003,62.58,0.0071
2021-07-06,Healthcare,0.03816,51.91,0.25170000000000003
2021-07-07,Healthcare,0.044725,52.24,0.03816
2021-07-08,Healthcare,0.02286875,51.14,0.044725
2021-07-09,Healthcare,0.08282500000000001,54.14,0.02286875
2021-07-12,Healthcare,0.0839875,54.2,0.08282500000000001
2021-07-13,Healthcare,-0.011583333333333334,49.42,0.0839875
2021-07-14,Healthcare,0.105975,55.3,-0.011583333333333334
2021-07-15,Healthcare,-0.18705000000000002,40.65,0.105975
2021-07-16,Healthcare,0.3726,68.63,-0.18705000000000002
2021-07-19,Healthcare,0.11919166666666667,55.96,0.3726
2021-07-20,Healthcare,0.0623375,53.12,0.11919166666666667
2021-07-21,Healthcare,0.0013,50.07,0.0623375
2021-07-22,Healthcare,-0.0015839285714285684,49.92,0.0013
2021-07-23,Healthcare,0.08353333333333333,54.18,-0.0015839285714285684
2021-07-26,Healthcare,0.17656666666666668,58.83,0.08353333333333333
2021-07-27,Healthcare,0.0015437500000000104,50.08,0.17656666666666668
2021-07-28,Healthcare,-0.005658333333333333,49.72,0.0015437500000000104
2021-07-29,Healthcare,0.12085816666666667,56.04,-0.005658333333333333
2021-07-30,Healthcare,0.035312222222222224,51.77,0.12085816666666667
2021-08-02,Healthcare,0.10730500000000001,55.37,0.035312222222222224
2021-08-03,Healthcare,0.10270555555555555,55.14,0.10730500000000001
2021-08-04,Healthcare,-0.010300000000000002,49.48,0.10270555555555555
2021-08-05,Healthcare,0.11176666666666667,55.59,-0.010300000000000002
2021-08-06,Healthcare,0.130125,56.51,0.11176666666666667
2021-08-09,Healthcare,0.07951875,53.98,0.130125
2021-08-10,Healthcare,0.0226625,51.13,0.07951875
2021-08-11,Healthcare,0.18558333333333335,59.28,0.0226625
2021-08-12,Healthcare,0.14023750000000001,57.01,0.18558333333333335
2021-08-13,Healthcare,0.18655,59.33,0.14023750000000001
2021-08-16,Healthcare,0.025684000000000002,51.28,0.18655
2021-08-17,Healthcare,-0.09182,45.41,0.025684000000000002
2021-08-18,Healthcare,0.103775,55.19,-0.09182
2021-08-19,Healthcare,-0.02730000000000002,48.64,0.103775
2021-08-20,Healthcare,0.3023,65.11,-0.02730000000000002
2021-08-23,Healthcare,0.0433875,52.17,0.3023
2021-08-24,Healthcare,0.06869166666666666,53.43,0.0433875
2021-08-25,Healthcare,0.04316,52.16,0.06869166666666666
2021-08-26,Healthcare,0.1490375,57.45,0.04316
2021-08-27,Healthcare,0.24777916666666666,62.39,0.1490375
2021-08-30,Healthcare,0.10504999999999999,55.25,0.24777916666666666
2021-08-31,Healthcare,-0.017544999999999998,49.12,0.10504999999999999
2021-09-01,Healthcare,0.06337583333333333,53.17,-0.017544999999999998
2021-09-02,Healthcare,0.09091666666666667,54.55,0.06337583333333333
2021-09-07,Healthcare,0.008918333333333328,50.45,0.09091666666666667
2021-09-08,Healthcare,-0.12136333333333334,43.93,0.008918333333333328
2021-09-09,Healthcare,0.12162928571428573,56.08,-0.12136333333333334
2021-09-10,Healthcare,-0.050350000000000006,47.48,0.12162928571428573
2021-09-13,Healthcare,0.07133444444444445,53.57,-0.050350000000000006
2021-09-14,Healthcare,0.01645,50.82,0.07133444444444445
2021-09-15,Healthcare,0.04300833333333333,52.15,0.01645
2021-09-16,Healthcare,0.10139166666666667,55.07,0.04300833333333333
2021-09-17,Healthcare,-0.011710000000000002,49.41,0.10139166666666667
2021-09-20,Healthcare,-0.02266666666666666,48.87,-0.011710000000000002
2021-09-21,Healthcare,0.0228,51.14,-0.02266666666666666
2021-09-22,Healthcare,-0.15754,42.12,0.0228
2021-09-23,Healthcare,0.027875,51.39,-0.15754
2021-09-24,Healthcare,-0.08082500000000001,45.96,0.027875
2021-09-27,Healthcare,0.11965999999999999,55.98,-0.08082500000000001
2021-09-28,Healthcare,0.09390533333333334,54.7,0.11965999999999999
2021-09-29,Healthcare,0.040558333333333335,52.03,0.09390533333333334
2021-09-30,Healthcare,0.008491666666666666,50.42,0.040558333333333335
2021-10-01,Healthcare,0.018464197530864198,50.92,0.008491666666666666
2021-10-04,Healthcare,0.10656533333333333,55.33,0.018464197530864198
2021-10-05,Healthcare,0.07025916666666666,53.51,0.10656533333333333
2021-10-06,Healthcare,0.10379259259259259,55.19,0.07025916666666666
2021-10-07,Healthcare,0.09518444444444445,54.76,0.10379259259259259
2021-10-08,Healthcare,-0.018699999999999998,49.06,0.09518444444444445
2021-10-11,Healthcare,-0.004500961538461537,49.77,-0.018699999999999998
2021-10-12,Healthcare,0.014253333333333335,50.71,-0.004500961538461537
2021-10-13,Healthcare,-0.0433475,47.83,0.014253333333333335
2021-10-14,Healthcare,0.002475,50.12,-0.0433475
2021-10-15,Healthcare,0.176625,58.83,0.002475
2021-10-18,Healthcare,0.07966333333333334,53.98,0.176625
2021-10-19,Healthcare,0.11715267857142857,55.86,0.07966333333333334
2021-10-20,Healthcare,0.062872,53.14,0.11715267857142857
2021-10-21,Healthcare,0.05900333333333334,52.95,0.062872
2021-10-22,Healthcare,0.050890000000000005,52.54,0.05900333333333334
2021-10-25,Healthcare,-0.01663888888888889,49.17,0.050890000000000005
2021-10-26,Healthcare,-0.03328333333333334,48.34,-0.01663888888888889
2021-10-27,Healthcare,-0.005019642857142856,49.75,-0.03328333333333334
2021-10-28,Healthcare,0.09717323076923076,54.86,-0.005019642857142856
2021-10-29,Healthcare,0.059806302521008395,52.99,0.09717323076923076
2021-11-01,Healthcare,0.1994746666666667,59.97,0.059806302521008395
2021-11-02,Healthcare,0.04031041666666666,52.02,0.1994746666666667
2021-11-03,Healthcare,0.15133333333333335,57.57,0.04031041666666666
2021-11-04,Healthcare,0.04534090909090909,52.27,0.15133333333333335
2021-11-05,Healthcare,0.3451611111111111,67.26,0.04534090909090909
2021-11-08,Healthcare,0.04639984615384615,52.32,0.3451611111111111
2021-11-09,Healthcare,0.03500833333333334,51.75,0.04639984615384615
2021-11-10,Healthcare,0.045775,52.29,0.03500833333333334
2021-11-11,Healthcare,0.026053333333333335,51.3,0.045775
2021-11-12,Healthcare,0.0921125,54.61,0.026053333333333335
2021-11-15,Healthcare,0.02115583333333333,51.06,0.0921125
2021-11-16,Healthcare,0.11284666666666666,55.64,0.02115583333333333
2021-11-17,Healthcare,0.07333333333333333,53.67,0.11284666666666666
2021-11-18,Healthcare,-0.013750000000000002,49.31,0.07333333333333333
2021-11-19,Healthcare,0.028620833333333335,51.43,-0.013750000000000002
2021-11-22,Healthcare,0.05390625,52.7,0.028620833333333335
2021-11-23,Healthcare,0.15042916666666667,57.52,0.05390625
2021-11-24,Healthcare,-0.0121,49.4,0.15042916666666667
2021-11-26,Healthcare,-0.07792222222222221,46.1,-0.0121
2021-11-29,Healthcare,0.08066378205128205,54.03,-0.07792222222222221
2021-11-30,Healthcare,0.10851428571428572,55.43,0.08066378205128205
2021-12-01,Healthcare,-0.20618333333333333,39.69,0.10851428571428572
2021-12-02,Healthcare,-0.05260833333333333,47.37,-0.20618333333333333
2021-12-03,Healthcare,0.14152499999999998,57.08,-0.05260833333333333
2021-12-06,Healthcare,0.14741166666666666,57.37,0.14152499999999998
2021-12-07,Healthcare,0.10396666666666667,55.2,0.14741166666666666
2021-12-08,Healthcare,0.06355555555555556,53.18,0.10396666666666667
2021-12-09,Healthcare,-0.041987500000000004,47.9,0.06355555555555556
2021-12-10,Healthcare,0.06344,53.17,-0.041987500000000004
2021-12-13,Healthcare,0.13870833333333332,56.94,0.06344
2021-12-14,Healthcare,0.048659999999999995,52.43,0.13870833333333332
2021-12-15,Healthcare,-0.04710625,47.64,0.048659999999999995
2021-12-16,Healthcare,-0.004024000000000005,49.8,-0.04710625
2021-12-17,Healthcare,0.07597333333333331,53.8,-0.004024000000000005
2021-12-20,Healthcare,0.054689999999999996,52.73,0.07597333333333331
2021-12-21,Healthcare,0.06247761904761904,53.12,0.054689999999999996
2021-12-22,Healthcare,0.10162291666666667,55.08,0.06247761904761904
2021-12-23,Healthcare,0.19754117647058825,59.88,0.10162291666666667
2021-12-27,Healthcare,0.20457145833333334,60.23,0.19754117647058825
2021-12-28,Healthcare,0.20733888888888888,60.37,0.20457145833333334
2021-12-29,Healthcare,0.17800000000000002,58.9,0.20733888888888888
2021-12-30,Healthcare,0.1406136904761905,57.03,0.17800000000000002
2021-12-31,Healthcare,0.1561,57.8,0.1406136904761905
2022-01-03,Healthcare,0.09498557142857142,54.75,0.1561
2022-01-04,Healthcare,0.04441166666666667,52.22,0.09498557142857142
2022-01-05,Healthcare,0.0513625,52.57,0.04441166666666667
2022-01-06,Healthcare,0.14062666666666668,57.03,0.0513625
2022-01-07,Healthcare,0.027249999999999996,51.36,0.14062666666666668
2022-01-10,Healthcare,0.06549333333333333,53.27,0.027249999999999996
2022-01-11,Healthcare,0.04510555555555556,52.26,0.06549333333333333
2022-01-12,Healthcare,0.05482,52.74,0.04510555555555556
2022-01-13,Healthcare,0.06804,53.4,0.05482
2022-01-14,Healthcare,0.16572,58.29,0.06804
2022-01-18,Healthcare,0.15263066666666666,57.63,0.16572
2022-01-19,Healthcare,0.06153200000000001,53.08,0.15263066666666666
2022-01-20,Healthcare,-0.011472,49.43,0.06153200000000001
2022-01-21,Healthcare,0.05339733333333334,52.67,-0.011472
2022-01-24,Healthcare,-0.015384444444444442,49.23,0.05339733333333334
2022-01-25,Healthcare,0.013191666666666671,50.66,-0.015384444444444442
2022-01-26,Healthcare,0.11435223214285714,55.72,0.013191666666666671
2022-01-27,Healthcare,0.10559166666666667,55.28,0.11435223214285714
2022-01-28,Healthcare,0.1983714285714286,59.92,0.10559166666666667
2022-01-31,Healthcare,0.070016,53.5,0.1983714285714286
2022-02-01,Healthcare,0.1866309401709402,59.33,0.070016
2022-02-02,Healthcare,0.09945409523809524,54.97,0.1866309401709402
2022-02-03,Healthcare,0.15903666666666666,57.95,0.09945409523809524
2022-02-04,Healthcare,0.030459999999999997,51.52,0.15903666666666666
2022-02-07,Healthcare,0.24954484126984128,62.48,0.030459999999999997
2022-02-08,Healthcare,0.15284285714285714,57.64,0.24954484126984128
2022-02-09,Healthcare,0.23595333333333332,61.8,0.15284285714285714
2022-02-10,Healthcare,0.019726333333333332,50.99,0.23595333333333332
2022-02-11,Healthcare,0.14856666666666665,57.43,0.019726333333333332
2022-02-14,Healthcare,0.0013476190476190502,50.07,0.14856666666666665
2022-02-15,Healthcare,0.08353541666666667,54.18,0.0013476190476190502
2022-02-16,Healthcare,0.10863958333333333,55.43,0.08353541666666667
2022-02-17,Healthcare,0.02983035714285714,51.49,0.10863958333333333
2022-02-18,Healthcare,0.19896,59.95,0.02983035714285714
2022-02-22,Healthcare,0.04514714285714286,52.26,0.19896
2022-02-23,Healthcare,0.006925000000000001,50.35,0.04514714285714286
2022-02-24,Healthcare,0.11989166666666666,55.99,0.006925000000000001
2022-02-25,Healthcare,0.02198333333333333,51.1,0.11989166666666666
2022-02-28,Healthcare,0.10748333333333333,55.37,0.02198333333333333
2022-03-01,Healthcare,0.06873,53.44,0.10748333333333333
2022-03-02,Healthcare,-0.008487499999999995,49.58,0.06873
2022-03-03,Healthcare,-0.05701250000000001,47.15,-0.008487499999999995
2022-03-04,Healthcare,0.12886000000000003,56.44,-0.05701250000000001
2022-03-07,Healthcare,0.16907333333333333,58.45,0.12886000000000003
2022-03-08,Healthcare,0.06072166666666666,53.04,0.16907333333333333
2022-03-09,Healthcare,-0.08067733333333334,45.97,0.06072166666666666
2022-03-10,Healthcare,0.04921944444444445,52.46,-0.08067733333333334
2022-03-11,Healthcare,0.12572666666666668,56.29,0.04921944444444445
2022-03-14,Healthcare,0.07471666666666668,53.74,0.12572666666666668
2022-03-15,Healthcare,-0.053815999999999996,47.31,0.07471666666666668
2022-03-16,Healthcare,0.0932452380952381,54.66,-0.053815999999999996
2022-03-17,Healthcare,0.03597111111111111,51.8,0.0932452380952381
2022-03-18,Healthcare,0.01646111111111111,50.82,0.03597111111111111
2022-03-21,Healthcare,0.19130666666666668,59.57,0.01646111111111111
2022-03-22,Healthcare,0.008416666666666678,50.42,0.19130666666666668
2022-03-23,Healthcare,-0.01388333333333334,49.31,0.008416666666666678
2022-03-24,Healthcare,0.07393125,53.7,-0.01388333333333334
2022-03-25,Healthcare,0.020466666666666664,51.02,0.07393125
2022-03-28,Healthcare,-0.04667708333333333,47.67,0.020466666666666664
2022-03-29,Healthcare,0.04538000000000001,52.27,-0.04667708333333333
2022-03-30,Healthcare,0.03991666666666666,52.0,0.04538000000000001
2022-03-31,Healthcare,0.18212708333333333,59.11,0.03991666666666666
2022-04-01,Healthcare,0.2200375,61.0,0.18212708333333333
2022-04-04,Healthcare,0.02184,51.09,0.2200375
2022-04-05,Healthcare,0.16462933333333335,58.23,0.02184
2022-04-06,Healthcare,0.008058333333333334,50.4,0.16462933333333335
2022-04-07,Healthcare,-0.08172499999999999,45.91,0.008058333333333334
2022-04-08,Healthcare,0.137446,56.87,-0.08172499999999999
2022-04-11,Healthcare,0.12799633333333332,56.4,0.137446
2022-04-12,Healthcare,0.03687833333333333,51.84,0.12799633333333332
2022-04-13,Healthcare,0.13861166666666666,56.93,0.03687833333333333
2022-04-14,Healthcare,0.04129035714285714,52.06,0.13861166666666666
2022-04-18,Healthcare,0.008349999999999998,50.42,0.04129035714285714
2022-04-19,Healthcare,-0.01626123809523807,49.19,0.008349999999999998
2022-04-20,Healthcare,0.19755729166666666,59.88,-0.01626123809523807
2022-04-21,Healthcare,0.12754,56.38,0.19755729166666666
2022-04-22,Healthcare,0.20491250000000003,60.25,0.12754
2022-04-25,Healthcare,0.17511733333333332,58.76,0.20491250000000003
2022-04-26,Healthcare,0.023398214285714283,51.17,0.17511733333333332
2022-04-27,Healthcare,0.07713000000000002,53.86,0.023398214285714283
2022-04-28,Healthcare,0.10738066666666668,55.37,0.07713000000000002
2022-04-29,Healthcare,0.18334533333333333,59.17,0.10738066666666668
2022-05-02,Healthcare,0.064411,53.22,0.18334533333333333
2022-05-03,Healthcare,-0.08579999999999999,45.71,0.064411
2022-05-04,Healthcare,0.006599999999999995,50.33,-0.08579999999999999
2022-05-05,Healthcare,0.24348999999999998,62.17,0.006599999999999995
2022-05-06,Healthcare,-0.003233333333333324,49.84,0.24348999999999998
2022-05-09,Healthcare,0.15156666666666666,57.58,-0.003233333333333324
2022-05-10,Healthcare,0.045087333333333326,52.25,0.15156666666666666
2022-05-11,Healthcare,0.07938666666666667,53.97,0.045087333333333326
2022-05-12,Healthcare,-0.04295166666666666,47.85,0.07938666666666667
2022-05-13,Healthcare,0.029004166666666668,51.45,-0.04295166666666666
2022-05-16,Healthcare,0.05063583333333334,52.53,0.029004166666666668
2022-05-17,Healthcare,0.006272916666666663,50.31,0.05063583333333334
2022-05-18,Healthcare,0.13639,56.82,0.006272916666666663
2022-05-19,Healthcare,0.033856250000000004,51.69,0.13639
2022-05-20,Healthcare,0.01709333333333334,50.85,0.033856250000000004
2022-05-23,Healthcare,0.23045,61.52,0.01709333333333334
2022-05-24,Healthcare,0.2017516666666667,60.09,0.23045
2022-05-25,Healthcare,0.009812500000000002,50.49,0.2017516666666667
2022-05-26,Healthcare,0.014695238095238098,50.73,0.009812500000000002
2022-05-27,Healthcare,-0.05737625,47.13,0.014695238095238098
2022-05-31,Healthcare,0.2249225,61.25,-0.05737625
2022-06-01,Healthcare,0.0122,50.61,0.2249225
2022-06-02,Healthcare,-0.129992,43.5,0.0122
2022-06-03,Healthcare,0.07044166666666667,53.52,-0.129992
2022-06-06,Healthcare,0.1465564761904762,57.33,0.07044166666666667
2022-06-07,Healthcare,0.10125,55.06,0.1465564761904762
2022-06-08,Healthcare,0.08510000000000001,54.26,0.10125
2022-06-09,Healthcare,0.0001083333333333334,50.01,0.08510000000000001
2022-06-10,Healthcare,0.04173333333333334,52.09,0.0001083333333333334
2022-06-13,Healthcare,0.21815446428571428,60.91,0.04173333333333334
2022-06-14,Healthcare,0.033835,51.69,0.21815446428571428
2022-06-15,Healthcare,0.059117333333333334,52.96,0.033835
2022-06-16,Healthcare,0.21352500000000002,60.68,0.059117333333333334
2022-06-17,Healthcare,0.12788333333333332,56.39,0.21352500000000002
2022-06-21,Healthcare,0.18979166666666666,59.49,0.12788333333333332
2022-06-22,Healthcare,0.05294333333333334,52.65,0.18979166666666666
2022-06-23,Healthcare,-0.04255633333333333,47.87,0.05294333333333334
2022-06-24,Healthcare,0.22192857142857145,61.1,-0.04255633333333333
2022-06-27,Healthcare,0.219086875,60.95,0.22192857142857145
2022-06-28,Healthcare,0.040100000000000004,52.0,0.219086875
2022-06-29,Healthcare,0.19823928571428573,59.91,0.040100000000000004
2022-06-30,Healthcare,0.11564166666666668,55.78,0.19823928571428573
2022-07-01,Healthcare,0.11654375,55.83,0.11564166666666668
2022-07-05,Healthcare,0.076339,53.82,0.11654375
2022-07-06,Healthcare,0.0218175,51.09,0.076339
2022-07-07,Healthcare,-0.1551392857142857,42.24,0.0218175
2022-07-08,Healthcare,0.33386,66.69,-0.1551392857142857
2022-07-11,Healthcare,0.06207857142857143,53.1,0.33386
2022-07-12,Healthcare,0.04967714285714285,52.48,0.06207857142857143
2022-07-13,Healthcare,0.1887311904761905,59.44,0.04967714285714285
2022-07-14,Healthcare,-0.061994999999999995,46.9,0.1887311904761905
2022-07-15,Healthcare,0.033057500000000004,51.65,-0.061994999999999995
2022-07-18,Healthcare,0.13569828571428572,56.78,0.033057500000000004
2022-07-19,Healthcare,0.062170238095238084,53.11,0.13569828571428572
2022-07-20,Healthcare,0.18626333333333334,59.31,0.062170238095238084
2022-07-21,Healthcare,0.008641666666666667,50.43,0.18626333333333334
2022-07-22,Healthcare,0.11557133333333333,55.78,0.008641666666666667
2022-07-25,Healthcare,0.166218,58.31,0.11557133333333333
2022-07-26,Healthcare,0.12233333333333334,56.12,0.166218
2022-07-27,Healthcare,0.09958916666666666,54.98,0.12233333333333334
2022-07-28,Healthcare,0.147927,57.4,0.09958916666666666
2022-07-29,Healthcare,0.19540833333333335,59.77,0.147927
2022-08-01,Healthcare,0.060050000000000006,53.0,0.19540833333333335
2022-08-02,Healthcare,0.10671499999999998,55.34,0.060050000000000006
2022-08-03,Healthcare,0.24593666666666664,62.3,0.10671499999999998
2022-08-04,Healthcare,0.0639736111111111,53.2,0.24593666666666664
2022-08-05,Healthcare,0.17869375,58.93,0.0639736111111111
2022-08-08,Healthcare,0.034620000000000005,51.73,0.17869375
2022-08-09,Healthcare,-0.04938888888888889,47.53,0.034620000000000005
2022-08-10,Healthcare,0.15617499999999998,57.81,-0.04938888888888889
2022-08-11,Healthcare,0.056694,52.83,0.15617499999999998
2022-08-12,Healthcare,0.05363000000000001,52.68,0.056694
2022-08-15,Healthcare,0.07547888888888889,53.77,0.05363000000000001
2022-08-16,Healthcare,0.14126666666666668,57.06,0.07547888888888889
2022-08-17,Healthcare,0.15655833333333333,57.83,0.14126666666666668
2022-08-18,Healthcare,-0.005077999999999998,49.75,0.15655833333333333
2022-08-19,Healthcare,-0.17009333333333335,41.5,-0.005077999999999998
2022-08-22,Healthcare,0.07819666666666666,53.91,-0.17009333333333335
2022-08-23,Healthcare,0.15695666666666666,57.85,0.07819666666666666
2022-08-24,Healthcare,0.08089375,54.04,0.15695666666666666
2022-08-25,Healthcare,0.049986309523809516,52.5,0.08089375
2022-08-26,Healthcare,0.0663875,53.32,0.049986309523809516
2022-08-29,Healthcare,0.21379333333333334,60.69,0.0663875
2022-08-30,Healthcare,-0.05317499999999999,47.34,0.21379333333333334
2022-08-31,Healthcare,-0.2230033333333333,38.85,-0.05317499999999999
2022-09-01,Healthcare,0.05903833333333334,52.95,-0.2230033333333333
2022-09-02,Healthcare,0.04380833333333333,52.19,0.05903833333333334
2022-09-06,Healthcare,0.16753625,58.38,0.04380833333333333
2022-09-07,Healthcare,0.07893666666666665,53.95,0.16753625
2022-09-08,Healthcare,0.11241233333333334,55.62,0.07893666666666665
2022-09-09,Healthcare,-0.025046666666666655,48.75,0.11241233333333334
2022-09-12,Healthcare,0.10539200000000001,55.27,-0.025046666666666655
2022-09-13,Healthcare,0.07259499999999999,53.63,0.10539200000000001
2022-09-14,Healthcare,0.029150000000000002,51.46,0.07259499999999999
2022-09-15,Healthcare,0.11776666666666666,55.89,0.029150000000000002
2022-09-16,Healthcare,0.09429249999999999,54.71,0.11776666666666666
2022-09-19,Healthcare,0.026099238095238102,51.3,0.09429249999999999
2022-09-20,Healthcare,0.017066666666666674,50.85,0.026099238095238102
2022-09-21,Healthcare,-0.0789,46.06,0.017066666666666674
2022-09-22,Healthcare,0.06309333333333333,53.15,-0.0789
2022-09-23,Healthcare,0.04481875,52.24,0.06309333333333333
2022-09-26,Healthcare,0.02008833333333334,51.0,0.04481875
2022-09-27,Healthcare,0.1628966666666667,58.14,0.02008833333333334
2022-09-28,Healthcare,0.16628500000000002,58.31,0.1628966666666667
2022-09-29,Healthcare,0.0989375,54.95,0.16628500000000002
2022-09-30,Healthcare,0.010672222222222222,50.53,0.0989375
2022-10-03,Healthcare,0.04913333333333334,52.46,0.010672222222222222
2022-10-04,Healthcare,-0.07108999999999999,46.45,0.04913333333333334
2022-10-05,Healthcare,0.10048888888888889,55.02,-0.07108999999999999
2022-10-06,Healthcare,-0.08933333333333333,45.53,0.10048888888888889
2022-10-07,Healthcare,-0.0396875,48.02,-0.08933333333333333
2022-10-10,Healthcare,0.18482300000000002,59.24,-0.0396875
2022-10-11,Healthcare,0.15018828571428572,57.51,0.18482300000000002
2022-10-12,Healthcare,0.13433333333333333,56.72,0.15018828571428572
2022-10-13,Healthcare,0.004118750000000004,50.21,0.13433333333333333
2022-10-14,Healthcare,0.27671999999999997,63.84,0.004118750000000004
2022-10-17,Healthcare,0.12174,56.09,0.27671999999999997
2022-10-18,Healthcare,0.062053333333333335,53.1,0.12174
2022-10-19,Healthcare,0.0003585714285714303,50.02,0.062053333333333335
2022-10-20,Healthcare,-0.05809333333333333,47.1,0.0003585714285714303
2022-10-21,Healthcare,0.07843800000000001,53.92,-0.05809333333333333
2022-10-24,Healthcare,0.08726166666666665,54.36,0.07843800000000001
2022-10-25,Healthcare,0.12899,56.45,0.08726166666666665
2022-10-26,Healthcare,0.1530027777777778,57.65,0.12899
2022-10-27,Healthcare,0.03883230519480518,51.94,0.1530027777777778
2022-10-28,Healthcare,-0.005653333333333341,49.72,0.03883230519480518
2022-10-31,Healthcare,0.06065,53.03,-0.005653333333333341
2022-11-01,Healthcare,0.24390833333333334,62.2,0.06065
2022-11-02,Healthcare,0.22012,61.01,0.24390833333333334
2022-11-03,Healthcare,-0.10139000000000001,44.93,0.22012
2022-11-04,Healthcare,0.23196,61.6,-0.10139000000000001
2022-11-07,Healthcare,-0.039125,48.04,0.23196
2022-11-08,Healthcare,0.13554266666666664,56.78,-0.039125
2022-11-09,Healthcare,0.06394083333333334,53.2,0.13554266666666664
2022-11-10,Healthcare,0.2558566666666667,62.79,0.06394083333333334
2022-11-11,Healthcare,0.28423333333333334,64.21,0.2558566666666667
2022-11-14,Healthcare,0.104596,55.23,0.28423333333333334
2022-11-15,Healthcare,0.16001333333333334,58.0,0.104596
2022-11-16,Healthcare,0.053075000000000004,52.65,0.16001333333333334
2022-11-17,Healthcare,-0.019553333333333332,49.02,0.053075000000000004
2022-11-18,Healthcare,0.04030333333333334,52.02,-0.019553333333333332
2022-11-21,Healthcare,0.16935416666666667,58.47,0.04030333333333334
2022-11-22,Healthcare,0.07665595238095238,53.83,0.16935416666666667
2022-11-23,Healthcare,0.054584821428571434,52.73,0.07665595238095238
2022-11-25,Healthcare,-0.026595357142857143,48.67,0.054584821428571434
2022-11-28,Healthcare,0.15883166666666668,57.94,-0.026595357142857143
2022-11-29,Healthcare,0.08966999999999999,54.48,0.15883166666666668
2022-11-30,Healthcare,0.117435,55.87,0.08966999999999999
2022-12-01,Healthcare,0.10810333333333336,55.41,0.117435
2022-12-02,Healthcare,0.029236666666666668,51.46,0.10810333333333336
2022-12-05,Healthcare,0.05671124999999999,52.84,0.029236666666666668
2022-12-06,Healthcare,0.019840999999999998,50.99,0.05671124999999999
2022-12-07,Healthcare,-0.03167321428571428,48.42,0.019840999999999998
2022-12-08,Healthcare,0.03055666666666667,51.53,-0.03167321428571428
2022-12-09,Healthcare,0.1233125,56.17,0.03055666666666667
2022-12-12,Healthcare,0.07607288220551378,53.8,0.1233125
2022-12-13,Healthcare,0.11852,55.93,0.07607288220551378
2022-12-14,Healthcare,0.22868750000000002,61.43,0.11852
2022-12-15,Healthcare,0.2148195,60.74,0.22868750000000002
2022-12-16,Healthcare,0.029896666666666665,51.49,0.2148195
2022-12-19,Healthcare,0.003947333333333342,50.2,0.029896666666666665
2022-12-20,Healthcare,0.1799638888888889,59.0,0.003947333333333342
2022-12-21,Healthcare,0.12348833333333334,56.17,0.1799638888888889
2022-12-22,Healthcare,0.13351458333333333,56.68,0.12348833333333334
2022-12-23,Healthcare,0.11710833333333336,55.86,0.13351458333333333
2022-12-27,Healthcare,0.07814966666666667,53.91,0.11710833333333336
2022-12-28,Healthcare,0.070621,53.53,0.07814966666666667
2022-12-29,Healthcare,0.03985375,51.99,0.070621
2022-12-30,Healthcare,0.07239333333333334,53.62,0.03985375
2023-01-03,Healthcare,0.2586233333333333,62.93,0.07239333333333334
2023-01-04,Healthcare,0.06353625000000002,53.18,0.2586233333333333
2023-01-05,Healthcare,0.204785,60.24,0.06353625000000002
2023-01-06,Healthcare,-0.03042333333333333,48.48,0.204785
2023-01-09,Healthcare,0.12508333333333332,56.25,-0.03042333333333333
2023-01-10,Healthcare,0.01862946428571429,50.93,0.12508333333333332
2023-01-11,Healthcare,0.08025866666666667,54.01,0.01862946428571429
2023-01-12,Healthcare,0.14355416666666668,57.18,0.08025866666666667
2023-01-13,Healthcare,0.08006250000000001,54.0,0.14355416666666668
2023-01-17,Healthcare,0.14769944444444444,57.38,0.08006250000000001
2023-01-18,Healthcare,-0.031168749999999995,48.44,0.14769944444444444
2023-01-19,Healthcare,0.06451666666666667,53.23,-0.031168749999999995
2023-01-20,Healthcare,0.125141,56.26,0.06451666666666667
2023-01-23,Healthcare,0.19427500000000003,59.71,0.125141
2023-01-24,Healthcare,0.25985416666666666,62.99,0.19427500000000003
2023-01-25,Healthcare,-0.010596078431372554,49.47,0.25985416666666666
2023-01-26,Healthcare,0.078695,53.93,-0.010596078431372554
2023-01-27,Healthcare,0.05528333333333333,52.76,0.078695
2023-01-30,Healthcare,0.058745999999999986,52.94,0.05528333333333333
2023-01-31,Healthcare,0.050150833333333346,52.51,0.058745999999999986
2023-02-01,Healthcare,0.11444801587301587,55.72,0.050150833333333346
2023-02-02,Healthcare,0.17392708333333334,58.7,0.11444801587301587
2023-02-03,Healthcare,0.052345833333333334,52.62,0.17392708333333334
2023-02-06,Healthcare,0.05699800000000001,52.85,0.052345833333333334
2023-02-07,Healthcare,0.11291666666666667,55.65,0.05699800000000001
2023-02-08,Healthcare,0.17780300000000002,58.89,0.11291666666666667
2023-02-09,Healthcare,0.2209532380952381,61.05,0.17780300000000002
2023-02-10,Healthcare,0.06562222222222222,53.28,0.2209532380952381
2023-02-13,Healthcare,0.09208666666666666,54.6,0.06562222222222222
2023-02-14,Healthcare,0.1034525,55.17,0.09208666666666666
2023-02-15,Healthcare,0.1736388888888889,58.68,0.1034525
2023-02-16,Healthcare,0.10218788888888888,55.11,0.1736388888888889
2023-02-17,Healthcare,0.07638866666666667,53.82,0.10218788888888888
2023-02-21,Healthcare,0.027997000000000005,51.4,0.07638866666666667
2023-02-22,Healthcare,0.088791,54.44,0.027997000000000005
2023-02-23,Healthcare,0.11933333333333335,55.97,0.088791
2023-02-24,Healthcare,0.04573333333333333,52.29,0.11933333333333335
2023-02-27,Healthcare,0.08028285714285714,54.01,0.04573333333333333
2023-02-28,Healthcare,0.013515555555555558,50.68,0.08028285714285714
2023-03-01,Healthcare,0.017234,50.86,0.013515555555555558
2023-03-02,Healthcare,0.12686666666666668,56.34,0.017234
2023-03-03,Healthcare,0.0722,53.61,0.12686666666666668
2023-03-06,Healthcare,0.021896000000000002,51.09,0.0722
2023-03-07,Healthcare,0.17177499999999998,58.59,0.021896000000000002
2023-03-08,Healthcare,0.041240000000000006,52.06,0.17177499999999998
2023-03-09,Healthcare,0.06916333333333333,53.46,0.041240000000000006
2023-03-10,Healthcare,0.1331375,56.66,0.06916333333333333
2023-03-13,Healthcare,0.10549738095238095,55.27,0.1331375
2023-03-14,Healthcare,-0.008584999999999999,49.57,0.10549738095238095
2023-03-15,Healthcare,0.120852,56.04,-0.008584999999999999
2023-03-16,Healthcare,0.13715333333333332,56.86,0.120852
2023-03-17,Healthcare,-0.02099166666666666,48.95,0.13715333333333332
2023-03-20,Healthcare,0.04911966666666667,52.46,-0.02099166666666666
2023-03-21,Healthcare,0.14036666666666667,57.02,0.04911966666666667
2023-03-22,Healthcare,0.014897999999999998,50.74,0.14036666666666667
2023-03-23,Healthcare,0.08105,54.05,0.014897999999999998
2023-03-24,Healthcare,0.12563083333333336,56.28,0.08105
2023-03-27,Healthcare,0.07812,53.91,0.12563083333333336
2023-03-28,Healthcare,0.07075333333333335,53.54,0.07812
2023-03-29,Healthcare,0.05374500000000001,52.69,0.07075333333333335
2023-03-30,Healthcare,0.04864166666666667,52.43,0.05374500000000001
2023-03-31,Healthcare,0.03878750000000001,51.94,0.04864166666666667
2023-04-03,Healthcare,-0.02711199999999999,48.64,0.03878750000000001
2023-04-04,Healthcare,0.2768069444444444,63.84,-0.02711199999999999
2023-04-05,Healthcare,0.08471000000000001,54.24,0.2768069444444444
2023-04-06,Healthcare,0.08066166666666666,54.03,0.08471000000000001
2023-04-10,Healthcare,0.10324293939393939,55.16,0.08066166666666666
2023-04-11,Healthcare,0.048620000000000003,52.43,0.10324293939393939
2023-04-12,Healthcare,0.038698,51.93,0.048620000000000003
2023-04-13,Healthcare,-0.1550767857142857,42.25,0.038698
2023-04-14,Healthcare,0.004556666666666665,50.23,-0.1550767857142857
2023-04-17,Healthcare,0.11637785714285716,55.82,0.004556666666666665
2023-04-18,Healthcare,0.11293,55.65,0.11637785714285716
2023-04-19,Healthcare,0.09870223529411765,54.94,0.11293
2023-04-20,Healthcare,0.2059975,60.3,0.09870223529411765
2023-04-21,Healthcare,0.16170600000000002,58.09,0.2059975
2023-04-24,Healthcare,0.103559,55.18,0.16170600000000002
2023-04-25,Healthcare,0.23946357142857141,61.97,0.103559
2023-04-26,Healthcare,0.0938525,54.69,0.23946357142857141
2023-04-27,Healthcare,0.07248172619047619,53.62,0.0938525
2023-04-28,Healthcare,0.052879047619047624,52.64,0.07248172619047619
2023-05-01,Healthcare,0.06076380952380953,53.04,0.052879047619047624
2023-05-02,Healthcare,0.030781333333333338,51.54,0.06076380952380953
2023-05-03,Healthcare,-0.020531249999999994,48.97,0.030781333333333338
2023-05-04,Healthcare,0.031336666666666665,51.57,-0.020531249999999994
2023-05-05,Healthcare,0.01162,50.58,0.031336666666666665
2023-05-08,Healthcare,0.08074791666666667,54.04,0.01162
2023-05-09,Healthcare,0.044962499999999996,52.25,0.08074791666666667
2023-05-10,Healthcare,0.05750166666666667,52.88,0.044962499999999996
2023-05-11,Healthcare,0.1205,56.03,0.05750166666666667
2023-05-12,Healthcare,0.06626666666666667,53.31,0.1205
2023-05-15,Healthcare,0.06962285714285714,53.48,0.06626666666666667
2023-05-16,Healthcare,0.06629583333333335,53.31,0.06962285714285714
2023-05-17,Healthcare,-0.1032861111111111,44.84,0.06629583333333335
2023-05-18,Healthcare,0.10463833333333332,55.23,-0.1032861111111111
2023-05-19,Healthcare,0.03961833333333333,51.98,0.10463833333333332
2023-05-22,Healthcare,0.09970333333333334,54.99,0.03961833333333333
2023-05-23,Healthcare,0.1616625,58.08,0.09970333333333334
2023-05-24,Healthcare,-0.027610000000000003,48.62,0.1616625
2023-05-25,Healthcare,0.08535833333333333,54.27,-0.027610000000000003
2023-05-26,Healthcare,0.15394666666666665,57.7,0.08535833333333333
2023-05-30,Healthcare,0.1425975,57.13,0.15394666666666665
2023-05-31,Healthcare,0.05762666666666667,52.88,0.1425975
2023-06-01,Healthcare,-0.039825238095238094,48.01,0.05762666666666667
2023-06-02,Healthcare,0.1407607142857143,57.04,-0.039825238095238094
2023-06-05,Healthcare,0.019952666666666667,51.0,0.1407607142857143
2023-06-06,Healthcare,0.03431904761904762,51.72,0.019952666666666667
2023-06-07,Healthcare,0.185295,59.26,0.03431904761904762
2023-06-08,Healthcare,0.162638,58.13,0.185295
2023-06-09,Healthcare,0.02938833333333334,51.47,0.162638
2023-06-12,Healthcare,0.15570199999999998,57.79,0.02938833333333334
2023-06-13,Healthcare,0.10639166666666669,55.32,0.15570199999999998
2023-06-14,Healthcare,0.1079,55.4,0.10639166666666669
2023-06-15,Healthcare,0.059411111111111116,52.97,0.1079
2023-06-16,Healthcare,0.06124333333333334,53.06,0.059411111111111116
2023-06-20,Healthcare,-0.0012128571428571433,49.94,0.06124333333333334
2023-06-21,Healthcare,0.040007333333333325,52.0,-0.0012128571428571433
2023-06-22,Healthcare,0.04693333333333334,52.35,0.040007333333333325
2023-06-23,Healthcare,0.11910833333333333,55.96,0.04693333333333334
2023-06-26,Healthcare,0.081715,54.09,0.11910833333333333
2023-06-27,Healthcare,0.07843958333333333,53.92,0.081715
2023-06-28,Healthcare,0.00741,50.37,0.07843958333333333
2023-06-29,Healthcare,0.0637880357142857,53.19,0.00741
2023-06-30,Healthcare,0.06480666666666667,53.24,0.0637880357142857
2023-07-03,Healthcare,0.16004066666666666,58.0,0.06480666666666667
2023-07-05,Healthcare,0.13912333333333332,56.96,0.16004066666666666
2023-07-06,Healthcare,0.09624027777777777,54.81,0.13912333333333332
2023-07-07,Healthcare,0.11511166666666668,55.76,0.09624027777777777
2023-07-10,Healthcare,0.05219095238095238,52.61,0.11511166666666668
2023-07-11,Healthcare,0.06982000000000002,53.49,0.05219095238095238
2023-07-12,Healthcare,0.009479999999999997,50.47,0.06982000000000002
2023-07-13,Healthcare,0.14260166666666668,57.13,0.009479999999999997
2023-07-14,Healthcare,0.11260833333333335,55.63,0.14260166666666668
2023-07-17,Healthcare,0.068744,53.44,0.11260833333333335
2023-07-18,Healthcare,0.03835,51.92,0.068744
2023-07-19,Healthcare,0.009018333333333333,50.45,0.03835
2023-07-20,Healthcare,0.12742666666666666,56.37,0.009018333333333333
2023-07-21,Healthcare,-0.017741212121212123,49.11,0.12742666666666666
2023-07-24,Healthcare,0.07270866666666667,53.64,-0.017741212121212123
2023-07-25,Healthcare,0.035439500000000006,51.77,0.07270866666666667
2023-07-26,Healthcare,-0.007482000000000004,49.63,0.035439500000000006
2023-07-27,Healthcare,0.20723089285714286,60.36,-0.007482000000000004
2023-07-28,Healthcare,0.15630133333333335,57.82,0.20723089285714286
2023-07-31,Healthcare,0.08635622222222222,54.32,0.15630133333333335
2023-08-01,Healthcare,0.1068736111111111,55.34,0.08635622222222222
2023-08-02,Healthcare,0.24554910714285716,62.28,0.1068736111111111
2023-08-03,Healthcare,0.13369138888888887,56.68,0.24554910714285716
2023-08-04,Healthcare,0.04900733333333335,52.45,0.13369138888888887
2023-08-07,Healthcare,0.13107933333333333,56.55,0.04900733333333335
2023-08-08,Healthcare,0.08512166666666666,54.26,0.13107933333333333
2023-08-09,Healthcare,0.2519996666666667,62.6,0.08512166666666666
2023-08-10,Healthcare,0.094895,54.74,0.2519996666666667
2023-08-11,Healthcare,0.050678,52.53,0.094895
2023-08-14,Healthcare,0.14510625000000002,57.26,0.050678
2023-08-15,Healthcare,0.06571166666666667,53.29,0.14510625000000002
2023-08-16,Healthcare,0.0019874999999999997,50.1,0.06571166666666667
2023-08-17,Healthcare,0.014509999999999995,50.73,0.0019874999999999997
2023-08-18,Healthcare,0.14754166666666668,57.38,0.014509999999999995
2023-08-21,Healthcare,0.0701759523809524,53.51,0.14754166666666668
2023-08-22,Healthcare,0.05911666666666668,52.96,0.0701759523809524
2023-08-23,Healthcare,0.16236961904761907,58.12,0.05911666666666668
2023-08-24,Healthcare,0.14569333333333334,57.28,0.16236961904761907
2023-08-25,Healthcare,0.093079,54.65,0.14569333333333334
2023-08-28,Healthcare,0.034822435897435895,51.74,0.093079
2023-08-29,Healthcare,0.1409638888888889,57.05,0.034822435897435895
2023-08-30,Healthcare,0.01138125000000001,50.57,0.1409638888888889
2023-08-31,Healthcare,0.09579166666666666,54.79,0.01138125000000001
2023-09-01,Healthcare,0.09194733333333334,54.6,0.09579166666666666
2023-09-05,Healthcare,0.016534285714285713,50.83,0.09194733333333334
2023-09-06,Healthcare,0.08311666666666666,54.16,0.016534285714285713
2023-09-07,Healthcare,-0.1542466666666667,42.29,0.08311666666666666
2023-09-08,Healthcare,0.117394,55.87,-0.1542466666666667
2023-09-11,Healthcare,0.155557,57.78,0.117394
2023-09-12,Healthcare,0.095995,54.8,0.155557
2023-09-13,Healthcare,0.13924166666666668,56.96,0.095995
2023-09-14,Healthcare,0.02966833333333334,51.48,0.13924166666666668
2023-09-15,Healthcare,0.05224541666666667,52.61,0.02966833333333334
2023-09-18,Healthcare,0.175746,58.79,0.05224541666666667
2023-09-19,Healthcare,0.013919999999999993,50.7,0.175746
2023-09-20,Healthcare,0.019999999999999997,51.0,0.013919999999999993
2023-09-21,Healthcare,0.03377,51.69,0.019999999999999997
2023-09-22,Healthcare,0.050378124999999996,52.52,0.03377
2023-09-25,Healthcare,0.08826458333333333,54.41,0.050378124999999996
2023-09-26,Healthcare,0.06068571428571428,53.03,0.08826458333333333
2023-09-27,Healthcare,0.15469444444444447,57.73,0.06068571428571428
2023-09-28,Healthcare,0.05912166666666665,52.96,0.15469444444444447
2023-09-29,Healthcare,0.08195333333333334,54.1,0.05912166666666665
2023-10-02,Healthcare,0.05828000000000001,52.91,0.08195333333333334
2023-10-03,Healthcare,0.20690625,60.35,0.05828000000000001
2023-10-04,Healthcare,0.12347083333333334,56.17,0.20690625
2023-10-05,Healthcare,-0.02669,48.67,0.12347083333333334
2023-10-06,Healthcare,0.19181166666666666,59.59,-0.02669
2023-10-09,Healthcare,0.09567333333333333,54.78,0.19181166666666666
2023-10-10,Healthcare,0.10024133333333334,55.01,0.09567333333333333
2023-10-11,Healthcare,0.023267142857142854,51.16,0.10024133333333334
2023-10-12,Healthcare,0.08665416666666667,54.33,0.023267142857142854
2023-10-13,Healthcare,0.12257291666666667,56.13,0.08665416666666667
2023-10-16,Healthcare,0.22320066666666666,61.16,0.12257291666666667
2023-10-17,Healthcare,0.05517166666666666,52.76,0.22320066666666666
2023-10-18,Healthcare,0.09556757575757575,54.78,0.05517166666666666
2023-10-19,Healthcare,0.14199485714285714,57.1,0.09556757575757575
2023-10-20,Healthcare,0.011376428571428574,50.57,0.14199485714285714
2023-10-23,Healthcare,-0.011371000000000003,49.43,0.011376428571428574
2023-10-24,Healthcare,0.145695,57.28,-0.011371000000000003
2023-10-25,Healthcare,0.04269285714285714,52.13,0.145695
2023-10-26,Healthcare,0.11588733333333334,55.79,0.04269285714285714
2023-10-27,Healthcare,0.10290645454545455,55.15,0.11588733333333334
2023-10-30,Healthcare,0.034804666666666664,51.74,0.10290645454545455
2023-10-31,Healthcare,0.1892999298245614,59.46,0.034804666666666664
2023-11-01,Healthcare,0.14315333333333333,57.16,0.1892999298245614
2023-11-02,Healthcare,0.14122339743589743,57.06,0.14315333333333333
2023-11-03,Healthcare,0.1619095238095238,58.1,0.14122339743589743
2023-11-06,Healthcare,0.05062966666666667,52.53,0.1619095238095238
2023-11-07,Healthcare,0.12602166666666667,56.3,0.05062966666666667
2023-11-08,Healthcare,0.022454,51.12,0.12602166666666667
2023-11-09,Healthcare,0.10395575757575759,55.2,0.022454
2023-11-10,Healthcare,0.11291958333333332,55.65,0.10395575757575759
2023-11-13,Healthcare,0.010623333333333332,50.53,0.11291958333333332
2023-11-14,Healthcare,0.13140875,56.57,0.010623333333333332
2023-11-15,Healthcare,0.12982333333333335,56.49,0.13140875
2023-11-16,Healthcare,0.08088666666666668,54.04,0.12982333333333335
2023-11-17,Healthcare,0.14962083333333334,57.48,0.08088666666666668
2023-11-20,Healthcare,0.04989,52.49,0.14962083333333334
2023-11-21,Healthcare,0.07664666666666667,53.83,0.04989
2023-11-22,Healthcare,0.07274,53.64,0.07664666666666667
2023-11-24,Healthcare,0.05147500000000001,52.57,0.07274
2023-11-27,Healthcare,0.07354000000000001,53.68,0.05147500000000001
2023-11-28,Healthcare,-0.017466666666666658,49.13,0.07354000000000001
2023-11-29,Healthcare,-0.009116666666666667,49.54,-0.017466666666666658
2023-11-30,Healthcare,0.19412000000000001,59.71,-0.009116666666666667
2023-12-01,Healthcare,0.03474000000000001,51.74,0.19412000000000001
2023-12-04,Healthcare,-0.012026,49.4,0.03474000000000001
2023-12-05,Healthcare,0.10451111111111111,55.23,-0.012026
2023-12-06,Healthcare,0.07279687500000001,53.64,0.10451111111111111
2023-12-07,Healthcare,0.06399806818181819,53.2,0.07279687500000001
2023-12-08,Healthcare,0.028602000000000006,51.43,0.06399806818181819
2023-12-11,Healthcare,0.0630720202020202,53.15,0.028602000000000006
2023-12-12,Healthcare,0.06508166666666668,53.25,0.0630720202020202
2023-12-13,Healthcare,0.1020975,55.1,0.06508166666666668
2023-12-14,Healthcare,0.26175,63.09,0.1020975
2023-12-15,Healthcare,0.009,50.45,0.26175
2023-12-18,Healthcare,0.11657746153846153,55.83,0.009
2020-01-02,Industrials,0.11497300000000002,55.75,
2020-01-03,Industrials,-0.21636249999999999,39.18,0.11497300000000002
2020-01-06,Industrials,0.02930648148148148,51.47,-0.21636249999999999
2020-01-07,Industrials,0.004971428571428571,50.25,0.02930648148148148
2020-01-08,Industrials,-0.039173015873015866,48.04,0.004971428571428571
2020-01-09,Industrials,0.015456666666666665,50.77,-0.039173015873015866
2020-01-10,Industrials,0.022949999999999988,51.15,0.015456666666666665
2020-01-13,Industrials,0.0456375,52.28,0.022949999999999988
2020-01-14,Industrials,0.15387833333333334,57.69,0.0456375
2020-01-15,Industrials,-0.0377375,48.11,0.15387833333333334
2020-01-16,Industrials,0.10043333333333333,55.02,-0.0377375
2020-01-17,Industrials,0.159475,57.97,0.10043333333333333
2020-01-21,Industrials,0.062976,53.15,0.159475
2020-01-22,Industrials,0.04942023809523808,52.47,0.062976
2020-01-23,Industrials,0.03927857142857143,51.96,0.04942023809523808
2020-01-24,Industrials,0.022631111111111112,51.13,0.03927857142857143
2020-01-27,Industrials,0.08442333333333334,54.22,0.022631111111111112
2020-01-28,Industrials,0.04794895833333334,52.4,0.08442333333333334
2020-01-29,Industrials,0.06488583333333334,53.24,0.04794895833333334
2020-01-30,Industrials,0.07559166666666667,53.78,0.06488583333333334
2020-01-31,Industrials,0.021716999999999997,51.09,0.07559166666666667
2020-02-03,Industrials,0.14993800000000002,57.5,0.021716999999999997
2020-02-04,Industrials,0.08291874999999999,54.15,0.14993800000000002
2020-02-05,Industrials,0.07335916666666667,53.67,0.08291874999999999
2020-02-06,Industrials,0.06558333333333334,53.28,0.07335916666666667
2020-02-07,Industrials,-0.021660000000000006,48.92,0.06558333333333334
2020-02-10,Industrials,0.031284375,51.56,-0.021660000000000006
2020-02-11,Industrials,-0.07200833333333333,46.4,0.031284375
2020-02-12,Industrials,0.16756666666666667,58.38,-0.07200833333333333
2020-02-13,Industrials,-0.02357,48.82,0.16756666666666667
2020-02-14,Industrials,0.170715,58.54,-0.02357
2020-02-18,Industrials,0.048916666666666664,52.45,0.170715
2020-02-19,Industrials,0.1529416666666667,57.65,0.048916666666666664
2020-02-20,Industrials,0.0627375,53.14,0.1529416666666667
2020-02-21,Industrials,0.12298,56.15,0.0627375
2020-02-24,Industrials,0.05553866666666667,52.78,0.12298
2020-02-25,Industrials,-0.11479166666666668,44.26,0.05553866666666667
2020-02-26,Industrials,0.05216111111111111,52.61,-0.11479166666666668
2020-02-27,Industrials,0.14211041666666668,57.11,0.05216111111111111
2020-02-28,Industrials,-0.016242708333333335,49.19,0.14211041666666668
2020-03-02,Industrials,0.16554166666666667,58.28,-0.016242708333333335
2020-03-03,Industrials,0.06965833333333332,53.48,0.16554166666666667
2020-03-04,Industrials,0.14148838095238098,57.07,0.06965833333333332
2020-03-05,Industrials,0.07238583333333332,53.62,0.14148838095238098
2020-03-06,Industrials,-0.047495833333333334,47.63,0.07238583333333332
2020-03-09,Industrials,-0.177166,41.14,-0.047495833333333334
2020-03-10,Industrials,0.03273133333333334,51.64,-0.177166
2020-03-11,Industrials,0.06432857142857143,53.22,0.03273133333333334
2020-03-12,Industrials,-0.14795,42.6,0.06432857142857143
2020-03-13,Industrials,0.010906666666666665,50.55,-0.14795
2020-03-16,Industrials,0.006982142857142853,50.35,0.010906666666666665
2020-03-17,Industrials,0.008376388888888885,50.42,0.006982142857142853
2020-03-18,Industrials,-0.006906190476190477,49.65,0.008376388888888885
2020-03-19,Industrials,0.04933055555555555,52.47,-0.006906190476190477
2020-03-20,Industrials,0.12268619047619046,56.13,0.04933055555555555
2020-03-23,Industrials,0.030146666666666665,51.51,0.12268619047619046
2020-03-24,Industrials,0.20580755555555558,60.29,0.030146666666666665
2020-03-25,Industrials,0.15665520833333335,57.83,0.20580755555555558
2020-03-26,Industrials,-0.010596825396825391,49.47,0.15665520833333335
2020-03-27,Industrials,0.06197757575757575,53.1,-0.010596825396825391
2020-03-30,Industrials,0.05355000000000001,52.68,0.06197757575757575
2020-03-31,Industrials,0.06612333333333334,53.31,0.05355000000000001
2020-04-01,Industrials,0.026690000000000005,51.33,0.06612333333333334
2020-04-02,Industrials,0.037109444444444445,51.86,0.026690000000000005
2020-04-03,Industrials,-0.12779182539682538,43.61,0.037109444444444445
2020-04-06,Industrials,0.09143833333333333,54.57,-0.12779182539682538
2020-04-07,Industrials,0.317294,65.86,0.09143833333333333
2020-04-08,Industrials,0.1363607142857143,56.82,0.317294
2020-04-09,Industrials,0.03748202380952381,51.87,0.1363607142857143
2020-04-13,Industrials,0.030937222222222217,51.55,0.03748202380952381
2020-04-14,Industrials,0.16572555555555554,58.29,0.030937222222222217
2020-04-15,Industrials,-0.06955333333333333,46.52,0.16572555555555554
2020-04-16,Industrials,0.08218963636363634,54.11,-0.06955333333333333
2020-04-17,Industrials,0.06906969696969696,53.45,0.08218963636363634
2020-04-20,Industrials,0.03468,51.73,0.06906969696969696
2020-04-21,Industrials,-0.010016666666666669,49.5,0.03468
2020-04-22,Industrials,-0.03249166666666667,48.38,-0.010016666666666669
2020-04-23,Industrials,0.133782,56.69,-0.03249166666666667
2020-04-24,Industrials,-0.03912279411764706,48.04,0.133782
2020-04-27,Industrials,0.058572575757575754,52.93,-0.03912279411764706
2020-04-28,Industrials,0.06670467543859648,53.34,0.058572575757575754
2020-04-29,Industrials,0.09174938624338624,54.59,0.06670467543859648
2020-04-30,Industrials,-0.04746512820512821,47.63,0.09174938624338624
2020-05-01,Industrials,-0.03078064285714286,48.46,-0.04746512820512821
2020-05-04,Industrials,0.08873809523809524,54.44,-0.03078064285714286
2020-05-05,Industrials,0.21485222222222222,60.74,0.08873809523809524
2020-05-06,Industrials,0.003610000000000002,50.18,0.21485222222222222
2020-05-07,Industrials,0.06901666666666666,53.45,0.003610000000000002
2020-05-08,Industrials,0.170078125,58.5,0.06901666666666666
2020-05-11,Industrials,0.138615,56.93,0.170078125
2020-05-12,Industrials,0.019804545454545457,50.99,0.138615
2020-05-13,Industrials,-0.009042444444444441,49.55,0.019804545454545457
2020-05-14,Industrials,-0.01116566666666668,49.44,-0.009042444444444441
2020-05-15,Industrials,-0.019510666666666662,49.02,-0.01116566666666668
2020-05-18,Industrials,0.2154867878787879,60.77,-0.019510666666666662
2020-05-19,Industrials,0.09060083333333332,54.53,0.2154867878787879
2020-05-20,Industrials,0.153325,57.67,0.09060083333333332
2020-05-21,Industrials,0.0983125,54.92,0.153325
2020-05-22,Industrials,-0.04566666666666667,47.72,0.0983125
2020-05-26,Industrials,0.11726354166666667,55.86,-0.04566666666666667
2020-05-27,Industrials,0.13609857142857143,56.8,0.11726354166666667
2020-05-28,Industrials,0.13110692063492063,56.56,0.13609857142857143
2020-05-29,Industrials,-0.07298333333333334,46.35,0.13110692063492063
2020-06-01,Industrials,0.083315,54.17,-0.07298333333333334
2020-06-02,Industrials,0.28571166666666664,64.29,0.083315
2020-06-03,Industrials,0.22855333333333333,61.43,0.28571166666666664
2020-06-04,Industrials,0.21636314285714286,60.82,0.22855333333333333
2020-06-05,Industrials,0.12955380952380952,56.48,0.21636314285714286
2020-06-08,Industrials,0.2641972549019608,63.21,0.12955380952380952
2020-06-09,Industrials,0.199116,59.96,0.2641972549019608
2020-06-10,Industrials,0.03357083333333333,51.68,0.199116
2020-06-11,Industrials,-0.016601929824561403,49.17,0.03357083333333333
2020-06-12,Industrials,0.153764,57.69,-0.016601929824561403
2020-06-15,Industrials,-0.0048105952380952405,49.76,0.153764
2020-06-16,Industrials,0.23490458333333333,61.75,-0.0048105952380952405
2020-06-17,Industrials,0.010291666666666668,50.51,0.23490458333333333
2020-06-18,Industrials,-0.004623333333333331,49.77,0.010291666666666668
2020-06-19,Industrials,0.1035875,55.18,-0.004623333333333331
2020-06-22,Industrials,0.07941666666666668,53.97,0.1035875
2020-06-23,Industrials,0.11644399999999999,55.82,0.07941666666666668
2020-06-24,Industrials,-0.023296666666666667,48.84,0.11644399999999999
2020-06-25,Industrials,-0.002414705882352941,49.88,-0.023296666666666667
2020-06-26,Industrials,0.08511481481481481,54.26,-0.002414705882352941
2020-06-29,Industrials,0.11815178571428571,55.91,0.08511481481481481
2020-06-30,Industrials,0.06835583333333334,53.42,0.11815178571428571
2020-07-01,Industrials,0.13433055555555554,56.72,0.06835583333333334
2020-07-02,Industrials,0.08241041666666667,54.12,0.13433055555555554
2020-07-06,Industrials,-0.04396454545454545,47.8,0.08241041666666667
2020-07-07,Industrials,-0.06412142857142858,46.79,-0.04396454545454545
2020-07-08,Industrials,0.02472,51.24,-0.06412142857142858
2020-07-09,Industrials,-0.06960000000000001,46.52,0.02472
2020-07-10,Industrials,0.015395238095238092,50.77,-0.06960000000000001
2020-07-13,Industrials,0.07551666666666666,53.78,0.015395238095238092
2020-07-14,Industrials,0.0969395,54.85,0.07551666666666666
2020-07-15,Industrials,0.11006,55.5,0.0969395
2020-07-16,Industrials,0.0198125,50.99,0.11006
2020-07-17,Industrials,0.1199625,56.0,0.0198125
2020-07-20,Industrials,0.2915181818181818,64.58,0.1199625
2020-07-21,Industrials,-0.10262142857142857,44.87,0.2915181818181818
2020-07-22,Industrials,-0.09705740740740741,45.15,-0.10262142857142857
2020-07-23,Industrials,0.08783250000000001,54.39,-0.09705740740740741
2020-07-24,Industrials,-0.016540625000000003,49.17,0.08783250000000001
2020-07-27,Industrials,0.11555,55.78,-0.016540625000000003
2020-07-28,Industrials,0.051229407894736845,52.56,0.11555
2020-07-29,Industrials,0.06982395833333334,53.49,0.051229407894736845
2020-07-30,Industrials,0.03953255189255189,51.98,0.06982395833333334
2020-07-31,Industrials,-0.06812933333333333,46.59,0.03953255189255189
2020-08-03,Industrials,-0.06899851515151516,46.55,-0.06812933333333333
2020-08-04,Industrials,-0.02761111111111111,48.62,-0.06899851515151516
2020-08-05,Industrials,0.005179999999999998,50.26,-0.02761111111111111
2020-08-06,Industrials,0.14672222222222223,57.34,0.005179999999999998
2020-08-07,Industrials,0.01723333333333333,50.86,0.14672222222222223
2020-08-10,Industrials,0.1340977777777778,56.7,0.01723333333333333
2020-08-11,Industrials,-0.013174074074074069,49.34,0.1340977777777778
2020-08-12,Industrials,0.006324999999999996,50.32,-0.013174074074074069
2020-08-13,Industrials,-0.04630666666666666,47.68,0.006324999999999996
2020-08-14,Industrials,0.08605500000000002,54.3,-0.04630666666666666
2020-08-17,Industrials,0.2037616666666667,60.19,0.08605500000000002
2020-08-18,Industrials,0.14,57.0,0.2037616666666667
2020-08-19,Industrials,0.12300166666666666,56.15,0.14
2020-08-20,Industrials,0.12400833333333333,56.2,0.12300166666666666
2020-08-21,Industrials,-0.10636199999999998,44.68,0.12400833333333333
2020-08-24,Industrials,0.07351125,53.68,-0.10636199999999998
2020-08-25,Industrials,0.044533333333333334,52.23,0.07351125
2020-08-26,Industrials,-0.20194374999999998,39.9,0.044533333333333334
2020-08-27,Industrials,0.06569833333333333,53.28,-0.20194374999999998
2020-08-28,Industrials,0.05963333333333334,52.98,0.06569833333333333
2020-08-31,Industrials,0.047274000000000004,52.36,0.05963333333333334
2020-09-01,Industrials,0.17908333333333334,58.95,0.047274000000000004
2020-09-02,Industrials,0.23895555555555556,61.95,0.17908333333333334
2020-09-03,Industrials,0.10068333333333333,55.03,0.23895555555555556
2020-09-04,Industrials,0.009044444444444445,50.45,0.10068333333333333
2020-09-08,Industrials,-0.083606,45.82,0.009044444444444445
2020-09-09,Industrials,0.05893333333333334,52.95,-0.083606
2020-09-10,Industrials,0.046193333333333336,52.31,0.05893333333333334
2020-09-11,Industrials,-0.08723000000000002,45.64,0.046193333333333336
2020-09-14,Industrials,0.007853333333333332,50.39,-0.08723000000000002
2020-09-15,Industrials,-0.025346666666666667,48.73,0.007853333333333332
2020-09-16,Industrials,0.13374621212121213,56.69,-0.025346666666666667
2020-09-17,Industrials,0.11077204545454547,55.54,0.13374621212121213
2020-09-18,Industrials,0.171175,58.56,0.11077204545454547
2020-09-21,Industrials,0.11082833333333333,55.54,0.171175
2020-09-22,Industrials,0.0032399999999999985,50.16,0.11082833333333333
2020-09-23,Industrials,0.027802777777777777,51.39,0.0032399999999999985
2020-09-24,Industrials,0.05812777777777778,52.91,0.027802777777777777
2020-09-25,Industrials,0.12649583333333334,56.32,0.05812777777777778
2020-09-28,Industrials,0.05854607843137254,52.93,0.12649583333333334
2020-09-29,Industrials,0.1587,57.94,0.05854607843137254
2020-09-30,Industrials,0.05688,52.84,0.1587
2020-10-01,Industrials,0.07000625,53.5,0.05688
2020-10-02,Industrials,0.007724999999999999,50.39,0.07000625
2020-10-05,Industrials,0.11118202380952381,55.56,0.007724999999999999
2020-10-06,Industrials,-0.019755555555555557,49.01,0.11118202380952381
2020-10-07,Industrials,0.018088888888888887,50.9,-0.019755555555555557
2020-10-08,Industrials,0.008291666666666664,50.41,0.018088888888888887
2020-10-09,Industrials,0.2912333333333333,64.56,0.008291666666666664
2020-10-12,Industrials,0.029335238095238098,51.47,0.2912333333333333
2020-10-13,Industrials,0.0670575,53.35,0.029335238095238098
2020-10-14,Industrials,0.12336250000000001,56.17,0.0670575
2020-10-15,Industrials,0.018545,50.93,0.12336250000000001
2020-10-16,Industrials,0.08303504273504274,54.15,0.018545
2020-10-19,Industrials,0.1476975,57.38,0.08303504273504274
2020-10-20,Industrials,0.06882777777777778,53.44,0.1476975
2020-10-21,Industrials,0.11904999999999999,55.95,0.06882777777777778
2020-10-22,Industrials,0.027997619047619045,51.4,0.11904999999999999
2020-10-23,Industrials,0.19979375,59.99,0.027997619047619045
2020-10-26,Industrials,0.12869166666666668,56.43,0.19979375
2020-10-27,Industrials,-0.013070726495726496,49.35,0.12869166666666668
2020-10-28,Industrials,0.07992921212121214,54.0,-0.013070726495726496
2020-10-29,Industrials,0.023692,51.18,0.07992921212121214
2020-10-30,Industrials,0.04178,52.09,0.023692
2020-11-02,Industrials,0.05339375,52.67,0.04178
2020-11-03,Industrials,0.17403250000000003,58.7,0.05339375
2020-11-04,Industrials,0.23331666666666667,61.67,0.17403250000000003
2020-11-05,Industrials,0.03973,51.99,0.23331666666666667
2020-11-06,Industrials,0.06441904761904761,53.22,0.03973
2020-11-09,Industrials,0.19185633333333335,59.59,0.06441904761904761
2020-11-10,Industrials,0.043673194444444445,52.18,0.19185633333333335
2020-11-11,Industrials,0.017705,50.89,0.043673194444444445
2020-11-12,Industrials,-0.018743333333333334,49.06,0.017705
2020-11-13,Industrials,0.13377499999999998,56.69,-0.018743333333333334
2020-11-16,Industrials,0.10705892857142857,55.35,0.13377499999999998
2020-11-17,Industrials,0.0947875,54.74,0.10705892857142857
2020-11-18,Industrials,0.036449999999999996,51.82,0.0947875
2020-11-19,Industrials,0.016838095238095235,50.84,0.036449999999999996
2020-11-20,Industrials,0.09464666666666666,54.73,0.016838095238095235
2020-11-23,Industrials,0.05750171428571429,52.88,0.09464666666666666
2020-11-24,Industrials,0.024012142857142867,51.2,0.05750171428571429
2020-11-25,Industrials,0.2844116666666667,64.22,0.024012142857142867
2020-11-27,Industrials,0.06335238095238095,53.17,0.2844116666666667
2020-11-30,Industrials,-0.09213257142857142,45.39,0.06335238095238095
2020-12-01,Industrials,0.0538,52.69,-0.09213257142857142
2020-12-02,Industrials,0.025072222222222218,51.25,0.0538
2020-12-03,Industrials,0.1536518207282913,57.68,0.025072222222222218
2020-12-04,Industrials,0.08545749999999999,54.27,0.1536518207282913
2020-12-07,Industrials,0.046270833333333324,52.31,0.08545749999999999
2020-12-08,Industrials,-0.13072916666666665,43.46,0.046270833333333324
2020-12-09,Industrials,0.009282777777777777,50.46,-0.13072916666666665
2020-12-10,Industrials,-0.008884,49.56,0.009282777777777777
2020-12-11,Industrials,-0.10584133333333334,44.71,-0.008884
2020-12-14,Industrials,0.12302589285714285,56.15,-0.10584133333333334
2020-12-15,Industrials,-0.003587500000000002,49.82,0.12302589285714285
2020-12-16,Industrials,-0.09040555555555556,45.48,-0.003587500000000002
2020-12-17,Industrials,0.13905694444444444,56.95,-0.09040555555555556
2020-12-18,Industrials,0.081615,54.08,0.13905694444444444
2020-12-21,Industrials,0.0961715,54.81,0.081615
2020-12-22,Industrials,0.100275,55.01,0.0961715
2020-12-23,Industrials,0.1770875,58.85,0.100275
2020-12-24,Industrials,0.22744999999999999,61.37,0.1770875
2020-12-28,Industrials,0.10658928571428572,55.33,0.22744999999999999
2020-12-29,Industrials,0.16568125,58.28,0.10658928571428572
2020-12-30,Industrials,0.06860000000000001,53.43,0.16568125
2020-12-31,Industrials,0.023941666666666663,51.2,0.06860000000000001
2021-01-04,Industrials,0.09333749999999999,54.67,0.023941666666666663
2021-01-05,Industrials,0.2116240740740741,60.58,0.09333749999999999
2021-01-06,Industrials,0.023733666666666663,51.19,0.2116240740740741
2021-01-07,Industrials,0.06664,53.33,0.023733666666666663
2021-01-08,Industrials,0.025335555555555556,51.27,0.06664
2021-01-11,Industrials,0.069434375,53.47,0.025335555555555556
2021-01-12,Industrials,0.14399166666666668,57.2,0.069434375
2021-01-13,Industrials,0.1226659090909091,56.13,0.14399166666666668
2021-01-14,Industrials,0.05194166666666667,52.6,0.1226659090909091
2021-01-15,Industrials,-0.050293333333333336,47.49,0.05194166666666667
2021-01-19,Industrials,0.01968509803921568,50.98,-0.050293333333333336
2021-01-20,Industrials,0.05006000000000001,52.5,0.01968509803921568
2021-01-21,Industrials,0.14607499999999998,57.3,0.05006000000000001
2021-01-22,Industrials,0.09797499999999999,54.9,0.14607499999999998
2021-01-25,Industrials,0.17159083333333336,58.58,0.09797499999999999
2021-01-26,Industrials,0.16304813738892687,58.15,0.17159083333333336
2021-01-27,Industrials,-0.05030905797101449,47.48,0.16304813738892687
2021-01-28,Industrials,0.048821500000000004,52.44,-0.05030905797101449
2021-01-29,Industrials,-0.017858333333333337,49.11,0.048821500000000004
2021-02-01,Industrials,0.03620914285714286,51.81,-0.017858333333333337
2021-02-02,Industrials,0.02127836538461538,51.06,0.03620914285714286
2021-02-03,Industrials,0.03495416666666667,51.75,0.02127836538461538
2021-02-04,Industrials,0.1451,57.26,0.03495416666666667
2021-02-05,Industrials,-0.052062500000000005,47.4,0.1451
2021-02-08,Industrials,0.11143928571428571,55.57,-0.052062500000000005
2021-02-09,Industrials,0.01536875,50.77,0.11143928571428571
2021-02-10,Industrials,0.026631547619047617,51.33,0.01536875
2021-02-11,Industrials,-0.041466666666666666,47.93,0.026631547619047617
2021-02-12,Industrials,0.18618958333333332,59.31,-0.041466666666666666
2021-02-16,Industrials,-0.14191071428571428,42.9,0.18618958333333332
2021-02-17,Industrials,-0.027114285714285712,48.64,-0.14191071428571428
2021-02-18,Industrials,0.11092714285714286,55.55,-0.027114285714285712
2021-02-19,Industrials,0.06346583333333333,53.17,0.11092714285714286
2021-02-22,Industrials,0.12057666666666667,56.03,0.06346583333333333
2021-02-23,Industrials,0.12543055555555557,56.27,0.12057666666666667
2021-02-24,Industrials,0.05649633333333333,52.82,0.12543055555555557
2021-02-25,Industrials,0.14839999999999998,57.42,0.05649633333333333
2021-02-26,Industrials,0.11140416666666668,55.57,0.14839999999999998
2021-03-01,Industrials,-0.020488249999999986,48.98,0.11140416666666668
2021-03-02,Industrials,0.0027066666666666662,50.14,-0.020488249999999986
2021-03-03,Industrials,0.00819553571428571,50.41,0.0027066666666666662
2021-03-04,Industrials,0.03994583333333333,52.0,0.00819553571428571
2021-03-05,Industrials,-0.03528214285714285,48.24,0.03994583333333333
2021-03-08,Industrials,0.21983333333333333,60.99,-0.03528214285714285
2021-03-09,Industrials,0.06489166666666667,53.24,0.21983333333333333
2021-03-10,Industrials,0.09276554487179488,54.64,0.06489166666666667
2021-03-11,Industrials,0.22721200000000003,61.36,0.09276554487179488
2021-03-12,Industrials,-0.010544444444444445,49.47,0.22721200000000003
2021-03-15,Industrials,0.03367916666666666,51.68,-0.010544444444444445
2021-03-16,Industrials,0.015041666666666667,50.75,0.03367916666666666
2021-03-17,Industrials,-0.01844375,49.08,0.015041666666666667
2021-03-18,Industrials,-0.13461499999999998,43.27,-0.01844375
2021-03-19,Industrials,-0.013224999999999999,49.34,-0.13461499999999998
2021-03-22,Industrials,0.07531875,53.77,-0.013224999999999999
2021-03-23,Industrials,0.102075,55.1,0.07531875
2021-03-24,Industrials,-0.014599999999999998,49.27,0.102075
2021-03-25,Industrials,0.04371111111111111,52.19,-0.014599999999999998
2021-03-26,Industrials,0.12113035714285714,56.06,0.04371111111111111
2021-03-29,Industrials,0.04030866666666667,52.02,0.12113035714285714
2021-03-30,Industrials,0.025179166666666662,51.26,0.04030866666666667
2021-03-31,Industrials,0.24371666666666666,62.19,0.025179166666666662
2021-04-01,Industrials,0.1410625,57.05,0.24371666666666666
2021-04-05,Industrials,0.17824874999999998,58.91,0.1410625
2021-04-06,Industrials,0.063497,53.17,0.17824874999999998
2021-04-07,Industrials,0.17490000000000003,58.74,0.063497
2021-04-08,Industrials,-0.013691666666666664,49.32,0.17490000000000003
2021-04-09,Industrials,0.11567238095238097,55.78,-0.013691666666666664
2021-04-12,Industrials,0.022583333333333334,51.13,0.11567238095238097
2021-04-13,Industrials,0.21556666666666668,60.78,0.022583333333333334
2021-04-14,Industrials,0.1087375,55.44,0.21556666666666668
2021-04-15,Industrials,0.17245,58.62,0.1087375
2021-04-16,Industrials,-0.011527777777777776,49.42,0.17245
2021-04-19,Industrials,0.07359375,53.68,-0.011527777777777776
2021-04-20,Industrials,0.025946969696969698,51.3,0.07359375
2021-04-21,Industrials,-0.04010000000000001,48.0,0.025946969696969698
2021-04-22,Industrials,0.080096,54.0,-0.04010000000000001
2021-04-23,Industrials,0.2222738095238095,61.11,0.080096
2021-04-26,Industrials,0.10078769841269841,55.04,0.2222738095238095
2021-04-27,Industrials,0.06056101190476191,53.03,0.10078769841269841
2021-04-28,Industrials,-0.029814105263157885,48.51,0.06056101190476191
2021-04-29,Industrials,0.003993461538461534,50.2,-0.029814105263157885
2021-04-30,Industrials,0.06290499999999999,53.15,0.003993461538461534
2021-05-03,Industrials,-0.025590476190476198,48.72,0.06290499999999999
2021-05-04,Industrials,0.044515000000000006,52.23,-0.025590476190476198
2021-05-05,Industrials,0.187982,59.4,0.044515000000000006
2021-05-06,Industrials,0.1563,57.82,0.187982
2021-05-07,Industrials,-0.005580952380952378,49.72,0.1563
2021-05-10,Industrials,0.1814375,59.07,-0.005580952380952378
2021-05-11,Industrials,-0.004629166666666666,49.77,0.1814375
2021-05-12,Industrials,0.14954,57.48,-0.004629166666666666
2021-05-13,Industrials,0.03267333333333333,51.63,0.14954
2021-05-14,Industrials,-0.009875000000000002,49.51,0.03267333333333333
2021-05-17,Industrials,0.07551250000000001,53.78,-0.009875000000000002
2021-05-18,Industrials,0.096846,54.84,0.07551250000000001
2021-05-19,Industrials,0.08451249999999999,54.23,0.096846
2021-05-20,Industrials,0.26356666666666667,63.18,0.08451249999999999
2021-05-21,Industrials,0.091625,54.58,0.26356666666666667
2021-05-24,Industrials,0.17253333333333334,58.63,0.091625
2021-05-25,Industrials,0.0161,50.8,0.17253333333333334
2021-05-26,Industrials,0.07778333333333333,53.89,0.0161
2021-05-27,Industrials,0.06515694444444445,53.26,0.07778333333333333
2021-05-28,Industrials,0.09255000000000001,54.63,0.06515694444444445
2021-06-01,Industrials,0.0871375,54.36,0.09255000000000001
2021-06-02,Industrials,0.0070999999999999995,50.36,0.0871375
2021-06-03,Industrials,0.14760833333333334,57.38,0.0070999999999999995
2021-06-04,Industrials,0.17091666666666666,58.55,0.14760833333333334
2021-06-07,Industrials,0.26854374999999997,63.43,0.17091666666666666
2021-06-08,Industrials,0.03236666666666666,51.62,0.26854374999999997
2021-06-09,Industrials,0.1169375,55.85,0.03236666666666666
2021-06-10,Industrials,0.061191666666666665,53.06,0.1169375
2021-06-11,Industrials,0.1458,57.29,0.061191666666666665
2021-06-14,Industrials,-0.11088333333333333,44.46,0.1458
2021-06-15,Industrials,-0.07703333333333333,46.15,-0.11088333333333333
2021-06-16,Industrials,0.0803,54.02,-0.07703333333333333
2021-06-17,Industrials,0.0074555555555555555,50.37,0.0803
2021-06-18,Industrials,-0.04816666666666666,47.59,0.0074555555555555555
2021-06-21,Industrials,0.05672777777777779,52.84,-0.04816666666666666
2021-06-22,Industrials,-0.17138333333333333,41.43,0.05672777777777779
2021-06-23,Industrials,0.012900000000000002,50.64,-0.17138333333333333
2021-06-24,Industrials,0.08043333333333333,54.02,0.012900000000000002
2021-06-25,Industrials,0.17488888888888887,58.74,0.08043333333333333
2021-06-28,Industrials,0.156775,57.84,0.17488888888888887
2021-06-29,Industrials,0.19574999999999998,59.79,0.156775
2021-06-30,Industrials,0.0009999999999999998,50.05,0.19574999999999998
2021-07-01,Industrials,0.181275,59.06,0.0009999999999999998
2021-07-02,Industrials,0.018533333333333346,50.93,0.181275
2021-07-06,Industrials,0.007316666666666667,50.37,0.018533333333333346
2021-07-07,Industrials,0.18481666666666668,59.24,0.007316666666666667
2021-07-08,Industrials,0.005833333333333333,50.29,0.18481666666666668
2021-07-09,Industrials,0.013762499999999999,50.69,0.005833333333333333
2021-07-12,Industrials,0.2484666666666667,62.42,0.013762499999999999
2021-07-13,Industrials,-0.04083333333333332,47.96,0.2484666666666667
2021-07-14,Industrials,0.06849999999999999,53.42,-0.04083333333333332
2021-07-15,Industrials,-0.04425,47.79,0.06849999999999999
2021-07-16,Industrials,0.1182,55.91,-0.04425
2021-07-19,Industrials,0.057766071428571424,52.89,0.1182
2021-07-20,Industrials,0.0,50.0,0.057766071428571424
2021-07-21,Industrials,-0.04450833333333334,47.77,0.0
2021-07-22,Industrials,0.03986666666666667,51.99,-0.04450833333333334
2021-07-23,Industrials,0.3125972222222222,65.63,0.03986666666666667
2021-07-26,Industrials,0.05662777777777778,52.83,0.3125972222222222
2021-07-27,Industrials,0.07563248677248678,53.78,0.05662777777777778
2021-07-28,Industrials,0.14880000000000002,57.44,0.07563248677248678
2021-07-29,Industrials,0.08852222222222222,54.43,0.14880000000000002
2021-07-30,Industrials,0.08842500000000002,54.42,0.08852222222222222
2021-08-02,Industrials,0.060661375661375666,53.03,0.08842500000000002
2021-08-03,Industrials,-0.1753,41.24,0.060661375661375666
2021-08-04,Industrials,0.22343333333333334,61.17,-0.1753
2021-08-05,Industrials,0.060875,53.04,0.22343333333333334
2021-08-06,Industrials,-0.14902500000000002,42.55,0.060875
2021-08-09,Industrials,0.1069,55.34,-0.14902500000000002
2021-08-10,Industrials,0.13068333333333335,56.53,0.1069
2021-08-11,Industrials,-0.09575,45.21,0.13068333333333335
2021-08-12,Industrials,0.2977,64.89,-0.09575
2021-08-13,Industrials,-0.111225,44.44,0.2977
2021-08-16,Industrials,0.02768541666666667,51.38,-0.111225
2021-08-17,Industrials,0.1255666666666667,56.28,0.02768541666666667
2021-08-18,Industrials,-0.06175625,46.91,0.1255666666666667
2021-08-19,Industrials,0.10930000000000001,55.46,-0.06175625
2021-08-20,Industrials,-0.2114666666666667,39.43,0.10930000000000001
2021-08-23,Industrials,-0.04277222222222223,47.86,-0.2114666666666667
2021-08-24,Industrials,0.1023375,55.12,-0.04277222222222223
2021-08-25,Industrials,0.27930555555555553,63.97,0.1023375
2021-08-26,Industrials,0.0077375000000000005,50.39,0.27930555555555553
2021-08-27,Industrials,0.072825,53.64,0.0077375000000000005
2021-08-30,Industrials,0.04383888888888889,52.19,0.072825
2021-08-31,Industrials,0.220975,61.05,0.04383888888888889
2021-09-01,Industrials,0.0097,50.48,0.220975
2021-09-02,Industrials,-0.03786666666666666,48.11,0.0097
2021-09-03,Industrials,-0.013088888888888895,49.35,-0.03786666666666666
2021-09-07,Industrials,0.10445333333333333,55.22,-0.013088888888888895
2021-09-08,Industrials,0.20518333333333336,60.26,0.10445333333333333
2021-09-09,Industrials,0.0045,50.22,0.20518333333333336
2021-09-10,Industrials,0.005599999999999999,50.28,0.0045
2021-09-13,Industrials,-0.012077777777777776,49.4,0.005599999999999999
2021-09-14,Industrials,0.014922222222222224,50.75,-0.012077777777777776
2021-09-15,Industrials,-0.055883333333333333,47.21,0.014922222222222224
2021-09-16,Industrials,0.014433333333333333,50.72,-0.055883333333333333
2021-09-17,Industrials,0.0,50.0,0.014433333333333333
2021-09-20,Industrials,-0.07875833333333333,46.06,0.0
2021-09-21,Industrials,-0.037283333333333335,48.14,-0.07875833333333333
2021-09-22,Industrials,-0.012624999999999997,49.37,-0.037283333333333335
2021-09-23,Industrials,0.11746666666666668,55.87,-0.012624999999999997
2021-09-24,Industrials,0.025027777777777777,51.25,0.11746666666666668
2021-09-27,Industrials,0.06605,53.3,0.025027777777777777
2021-09-28,Industrials,0.30616666666666664,65.31,0.06605
2021-09-29,Industrials,0.2011,60.06,0.30616666666666664
2021-09-30,Industrials,0.0327,51.64,0.2011
2021-10-01,Industrials,0.2154,60.77,0.0327
2021-10-04,Industrials,0.127975,56.4,0.2154
2021-10-05,Industrials,0.11906666666666667,55.95,0.127975
2021-10-06,Industrials,-0.256245,37.19,0.11906666666666667
2021-10-07,Industrials,0.009,50.45,-0.256245
2021-10-08,Industrials,-0.15885000000000002,42.06,0.009
2021-10-11,Industrials,0.372275,68.61,-0.15885000000000002
2021-10-12,Industrials,0.3559,67.8,0.372275
2021-10-13,Industrials,0.228875,61.44,0.3559
2021-10-14,Industrials,0.25793333333333335,62.9,0.228875
2021-10-15,Industrials,0.07983749999999999,53.99,0.25793333333333335
2021-10-18,Industrials,0.06489583333333333,53.24,0.07983749999999999
2021-10-19,Industrials,0.024605555555555558,51.23,0.06489583333333333
2021-10-20,Industrials,0.004187499999999999,50.21,0.024605555555555558
2021-10-21,Industrials,-0.007211666666666672,49.64,0.004187499999999999
2021-10-22,Industrials,0.005583333333333333,50.28,-0.007211666666666672
2021-10-25,Industrials,0.024052083333333342,51.2,0.005583333333333333
2021-10-26,Industrials,0.24150833333333332,62.08,0.024052083333333342
2021-10-27,Industrials,0.027566666666666663,51.38,0.24150833333333332
2021-10-28,Industrials,0.08105079545454544,54.05,0.027566666666666663
2021-10-29,Industrials,0.17023333333333335,58.51,0.08105079545454544
2021-11-01,Industrials,0.12843333333333332,56.42,0.17023333333333335
2021-11-02,Industrials,0.11768333333333332,55.88,0.12843333333333332
2021-11-03,Industrials,0.009683333333333334,50.48,0.11768333333333332
2021-11-04,Industrials,0.14434999999999998,57.22,0.009683333333333334
2021-11-05,Industrials,0.31755,65.88,0.14434999999999998
2021-11-08,Industrials,-0.02135833333333334,48.93,0.31755
2021-11-09,Industrials,0.0544265625,52.72,-0.02135833333333334
2021-11-10,Industrials,-0.18604895833333335,40.7,0.0544265625
2021-11-11,Industrials,0.10701875000000001,55.35,-0.18604895833333335
2021-11-12,Industrials,0.122225,56.11,0.10701875000000001
2021-11-15,Industrials,0.10217708333333334,55.11,0.122225
2021-11-16,Industrials,0.10495125,55.25,0.10217708333333334
2021-11-17,Industrials,0.009250000000000001,50.46,0.10495125
2021-11-18,Industrials,0.120225,56.01,0.009250000000000001
2021-11-19,Industrials,-0.0009999999999999998,49.95,0.120225
2021-11-22,Industrials,0.09214375,54.61,-0.0009999999999999998
2021-11-23,Industrials,0.18155000000000002,59.08,0.09214375
2021-11-24,Industrials,0.0025666666666666667,50.13,0.18155000000000002
2021-11-26,Industrials,-0.033612500000000003,48.32,0.0025666666666666667
2021-11-29,Industrials,0.053750000000000006,52.69,-0.033612500000000003
2021-11-30,Industrials,0.0032416666666666666,50.16,0.053750000000000006
2021-12-01,Industrials,-0.042766666666666654,47.86,0.0032416666666666666
2021-12-02,Industrials,-0.018166666666666668,49.09,-0.042766666666666654
2021-12-03,Industrials,0.12496666666666667,56.25,-0.018166666666666668
2021-12-06,Industrials,0.04324000000000001,52.16,0.12496666666666667
2021-12-07,Industrials,0.125125,56.26,0.04324000000000001
2021-12-08,Industrials,0.13805833333333334,56.9,0.125125
2021-12-09,Industrials,0.07706666666666667,53.85,0.13805833333333334
2021-12-10,Industrials,0.006883333333333333,50.34,0.07706666666666667
2021-12-13,Industrials,-0.042916666666666665,47.85,0.006883333333333333
2021-12-14,Industrials,0.086475,54.32,-0.042916666666666665
2021-12-15,Industrials,0.07490416666666666,53.75,0.086475
2021-12-16,Industrials,0.022763333333333333,51.14,0.07490416666666666
2021-12-17,Industrials,-0.06355571428571428,46.82,0.022763333333333333
2021-12-20,Industrials,-0.087925,45.6,-0.06355571428571428
2021-12-21,Industrials,0.09154000000000001,54.58,-0.087925
2021-12-22,Industrials,0.1799625,59.0,0.09154000000000001
2021-12-23,Industrials,0.04612666666666667,52.31,0.1799625
2021-12-27,Industrials,0.16681166666666666,58.34,0.04612666666666667
2021-12-28,Industrials,0.11402083333333334,55.7,0.16681166666666666
2021-12-29,Industrials,0.07617499999999999,53.81,0.11402083333333334
2021-12-30,Industrials,0.112375,55.62,0.07617499999999999
2021-12-31,Industrials,0.3097,65.48,0.112375
2022-01-03,Industrials,0.1925666666666667,59.63,0.3097
2022-01-04,Industrials,0.1279625,56.4,0.1925666666666667
2022-01-05,Industrials,0.13953888888888888,56.98,0.1279625
2022-01-06,Industrials,0.02986190476190476,51.49,0.13953888888888888
2022-01-07,Industrials,0.0704275,53.52,0.02986190476190476
2022-01-10,Industrials,0.22276904761904764,61.14,0.0704275
2022-01-11,Industrials,0.1105425,55.53,0.22276904761904764
2022-01-12,Industrials,0.3251479166666667,66.26,0.1105425
2022-01-13,Industrials,0.11597301587301588,55.8,0.3251479166666667
2022-01-14,Industrials,0.16482222222222223,58.24,0.11597301587301588
2022-01-18,Industrials,0.09695794871794872,54.85,0.16482222222222223
2022-01-19,Industrials,0.1426073015873016,57.13,0.09695794871794872
2022-01-20,Industrials,0.10298133333333333,55.15,0.1426073015873016
2022-01-21,Industrials,0.08390625,54.2,0.10298133333333333
2022-01-24,Industrials,0.0660627619047619,53.3,0.08390625
2022-01-25,Industrials,0.04708708898944193,52.35,0.0660627619047619
2022-01-26,Industrials,0.06521782608695652,53.26,0.04708708898944193
2022-01-27,Industrials,0.14664166666666667,57.33,0.06521782608695652
2022-01-28,Industrials,0.10060091666666666,55.03,0.14664166666666667
2022-01-31,Industrials,0.03506250000000001,51.75,0.10060091666666666
2022-02-01,Industrials,-0.0003929824561403547,49.98,0.03506250000000001
2022-02-02,Industrials,0.08784583333333333,54.39,-0.0003929824561403547
2022-02-03,Industrials,0.12691249999999998,56.35,0.08784583333333333
2022-02-04,Industrials,0.17335,58.67,0.12691249999999998
2022-02-07,Industrials,0.049067857142857135,52.45,0.17335
2022-02-08,Industrials,0.04440208333333334,52.22,0.049067857142857135
2022-02-09,Industrials,0.009025,50.45,0.04440208333333334
2022-02-10,Industrials,-0.003032000000000003,49.85,0.009025
2022-02-11,Industrials,0.12305666666666666,56.15,-0.003032000000000003
2022-02-14,Industrials,-0.10233541666666668,44.88,0.12305666666666666
2022-02-15,Industrials,-0.0028166666666666665,49.86,-0.10233541666666668
2022-02-16,Industrials,-0.014554464285714285,49.27,-0.0028166666666666665
2022-02-17,Industrials,0.043120666666666675,52.16,-0.014554464285714285
2022-02-18,Industrials,-0.06864666666666666,46.57,0.043120666666666675
2022-02-22,Industrials,-0.037778124999999996,48.11,-0.06864666666666666
2022-02-23,Industrials,-0.11374,44.31,-0.037778124999999996
2022-02-24,Industrials,-0.08756666666666668,45.62,-0.11374
2022-02-25,Industrials,-0.006491666666666661,49.68,-0.08756666666666668
2022-02-28,Industrials,0.0248875,51.24,-0.006491666666666661
2022-03-01,Industrials,0.0992525,54.96,0.0248875
2022-03-02,Industrials,0.13603833333333334,56.8,0.0992525
2022-03-03,Industrials,0.044008333333333344,52.2,0.13603833333333334
2022-03-04,Industrials,0.12619666666666668,56.31,0.044008333333333344
2022-03-07,Industrials,0.26398541666666664,63.2,0.12619666666666668
2022-03-08,Industrials,-0.017170000000000008,49.14,0.26398541666666664
2022-03-09,Industrials,0.12900190476190476,56.45,-0.017170000000000008
2022-03-10,Industrials,0.08861923809523811,54.43,0.12900190476190476
2022-03-11,Industrials,0.04934,52.47,0.08861923809523811
2022-03-14,Industrials,0.14961000000000002,57.48,0.04934
2022-03-15,Industrials,0.05532291666666668,52.77,0.14961000000000002
2022-03-16,Industrials,-0.08379722222222223,45.81,0.05532291666666668
2022-03-17,Industrials,0.014871590909090914,50.74,-0.08379722222222223
2022-03-18,Industrials,0.11457307692307693,55.73,0.014871590909090914
2022-03-21,Industrials,-0.03367533333333332,48.32,0.11457307692307693
2022-03-22,Industrials,-0.1118125,44.41,-0.03367533333333332
2022-03-23,Industrials,0.030050000000000004,51.5,-0.1118125
2022-03-24,Industrials,-0.03788095238095238,48.11,0.030050000000000004
2022-03-25,Industrials,0.15784791666666667,57.89,-0.03788095238095238
2022-03-28,Industrials,0.10295916666666668,55.15,0.15784791666666667
2022-03-29,Industrials,0.09087466666666669,54.54,0.10295916666666668
2022-03-30,Industrials,0.12277777777777778,56.14,0.09087466666666669
2022-03-31,Industrials,0.24211333333333332,62.11,0.12277777777777778
2022-04-01,Industrials,-0.03283166666666667,48.36,0.24211333333333332
2022-04-04,Industrials,0.11648499999999999,55.82,-0.03283166666666667
2022-04-05,Industrials,-0.04059333333333333,47.97,0.11648499999999999
2022-04-06,Industrials,0.0805325,54.03,-0.04059333333333333
2022-04-07,Industrials,0.09533214285714287,54.77,0.0805325
2022-04-08,Industrials,0.165975,58.3,0.09533214285714287
2022-04-11,Industrials,0.05934861111111111,52.97,0.165975
2022-04-12,Industrials,0.04549333333333334,52.27,0.05934861111111111
2022-04-13,Industrials,0.00658333333333333,50.33,0.04549333333333334
2022-04-14,Industrials,0.08466666666666667,54.23,0.00658333333333333
2022-04-18,Industrials,0.161375,58.07,0.08466666666666667
2022-04-19,Industrials,0.010985000000000002,50.55,0.161375
2022-04-20,Industrials,0.17170999999999997,58.59,0.010985000000000002
2022-04-21,Industrials,0.14735666666666666,57.37,0.17170999999999997
2022-04-22,Industrials,-0.012653333333333332,49.37,0.14735666666666666
2022-04-25,Industrials,0.05596714285714286,52.8,-0.012653333333333332
2022-04-26,Industrials,-0.045750705627705626,47.71,0.05596714285714286
2022-04-27,Industrials,0.05301363636363636,52.65,-0.045750705627705626
2022-04-28,Industrials,0.12055023809523809,56.03,0.05301363636363636
2022-04-29,Industrials,0.16233266666666668,58.12,0.12055023809523809
2022-05-02,Industrials,0.09592333333333333,54.8,0.16233266666666668
2022-05-03,Industrials,0.08494166666666667,54.25,0.09592333333333333
2022-05-04,Industrials,0.09522666666666667,54.76,0.08494166666666667
2022-05-05,Industrials,0.04629866666666667,52.31,0.09522666666666667
2022-05-06,Industrials,0.12596666666666664,56.3,0.04629866666666667
2022-05-09,Industrials,0.03842400000000001,51.92,0.12596666666666664
2022-05-10,Industrials,0.10274375,55.14,0.03842400000000001
2022-05-11,Industrials,0.18011666666666665,59.01,0.10274375
2022-05-12,Industrials,0.021154166666666672,51.06,0.18011666666666665
2022-05-13,Industrials,0.056305,52.82,0.021154166666666672
2022-05-16,Industrials,0.072945,53.65,0.056305
2022-05-17,Industrials,0.075692,53.78,0.072945
2022-05-18,Industrials,-0.0741375,46.29,0.075692
2022-05-19,Industrials,0.17114444444444443,58.56,-0.0741375
2022-05-20,Industrials,0.05730462962962963,52.87,0.17114444444444443
2022-05-23,Industrials,0.12165833333333334,56.08,0.05730462962962963
2022-05-24,Industrials,0.20538,60.27,0.12165833333333334
2022-05-25,Industrials,-0.028592500000000007,48.57,0.20538
2022-05-26,Industrials,0.0009583333333333388,50.05,-0.028592500000000007
2022-05-27,Industrials,0.010069999999999999,50.5,0.0009583333333333388
2022-05-31,Industrials,0.1179575,55.9,0.010069999999999999
2022-06-01,Industrials,0.12489333333333334,56.24,0.1179575
2022-06-02,Industrials,0.03385416666666668,51.69,0.12489333333333334
2022-06-03,Industrials,-0.0011833333333333325,49.94,0.03385416666666668
2022-06-06,Industrials,-0.06102874999999999,46.95,-0.0011833333333333325
2022-06-07,Industrials,0.202965,60.15,-0.06102874999999999
2022-06-08,Industrials,0.0031750000000000007,50.16,0.202965
2022-06-09,Industrials,0.17631375,58.82,0.0031750000000000007
2022-06-10,Industrials,0.005258333333333333,50.26,0.17631375
2022-06-13,Industrials,-0.07543833333333334,46.23,0.005258333333333333
2022-06-14,Industrials,0.167826,58.39,-0.07543833333333334
2022-06-15,Industrials,0.1386209090909091,56.93,0.167826
2022-06-16,Industrials,0.007549333333333336,50.38,0.1386209090909091
2022-06-17,Industrials,0.14233333333333334,57.12,0.007549333333333336
2022-06-21,Industrials,0.14251,57.13,0.14233333333333334
2022-06-22,Industrials,-0.08066999999999999,45.97,0.14251
2022-06-23,Industrials,0.09773266666666666,54.89,-0.08066999999999999
2022-06-24,Industrials,0.1834888888888889,59.17,0.09773266666666666
2022-06-27,Industrials,0.11541642857142857,55.77,0.1834888888888889
2022-06-28,Industrials,0.02788714285714286,51.39,0.11541642857142857
2022-06-29,Industrials,0.091225,54.56,0.02788714285714286
2022-06-30,Industrials,0.19784583333333333,59.89,0.091225
2022-07-01,Industrials,0.0742111111111111,53.71,0.19784583333333333
2022-07-05,Industrials,0.055238541666666675,52.76,0.0742111111111111
2022-07-06,Industrials,0.07588500000000001,53.79,0.055238541666666675
2022-07-07,Industrials,0.03347499999999999,51.67,0.07588500000000001
2022-07-08,Industrials,0.09392500000000001,54.7,0.03347499999999999
2022-07-11,Industrials,0.12223333333333333,56.11,0.09392500000000001
2022-07-12,Industrials,0.10125500000000001,55.06,0.12223333333333333
2022-07-13,Industrials,0.14150222222222222,57.08,0.10125500000000001
2022-07-14,Industrials,0.14117333333333332,57.06,0.14150222222222222
2022-07-15,Industrials,-0.0332625,48.34,0.14117333333333332
2022-07-18,Industrials,0.1401211111111111,57.01,-0.0332625
2022-07-19,Industrials,0.1267125,56.34,0.1401211111111111
2022-07-20,Industrials,0.08142857142857143,54.07,0.1267125
2022-07-21,Industrials,-0.08334444444444444,45.83,0.08142857142857143
2022-07-22,Industrials,0.0869375,54.35,-0.08334444444444444
2022-07-25,Industrials,0.10644238095238095,55.32,0.0869375
2022-07-26,Industrials,0.08102229662698412,54.05,0.10644238095238095
2022-07-27,Industrials,0.0045,50.22,0.08102229662698412
2022-07-28,Industrials,0.024825396825396823,51.24,0.0045
2022-07-29,Industrials,0.03275,51.64,0.024825396825396823
2022-08-01,Industrials,0.03388125000000001,51.69,0.03275
2022-08-02,Industrials,-0.06662692307692308,46.67,0.03388125000000001
2022-08-03,Industrials,0.19356666666666666,59.68,-0.06662692307692308
2022-08-04,Industrials,0.0055000000000000005,50.28,0.19356666666666666
2022-08-05,Industrials,0.12691666666666668,56.35,0.0055000000000000005
2022-08-08,Industrials,0.06075333333333333,53.04,0.12691666666666668
2022-08-09,Industrials,0.14085,57.04,0.06075333333333333
2022-08-10,Industrials,0.21435555555555555,60.72,0.14085
2022-08-11,Industrials,-0.016916666666666663,49.15,0.21435555555555555
2022-08-12,Industrials,0.05474444444444445,52.74,-0.016916666666666663
2022-08-15,Industrials,0.11165,55.58,0.05474444444444445
2022-08-16,Industrials,-0.08015000000000001,45.99,0.11165
2022-08-17,Industrials,0.050216666666666666,52.51,-0.08015000000000001
2022-08-18,Industrials,-0.08630833333333333,45.68,0.050216666666666666
2022-08-19,Industrials,-0.025691666666666668,48.72,-0.08630833333333333
2022-08-22,Industrials,0.1245547619047619,56.23,-0.025691666666666668
2022-08-23,Industrials,0.0112,50.56,0.1245547619047619
2022-08-24,Industrials,-0.012308333333333334,49.38,0.0112
2022-08-25,Industrials,0.11883333333333333,55.94,-0.012308333333333334
2022-08-26,Industrials,-0.12190000000000001,43.9,0.11883333333333333
2022-08-29,Industrials,0.08328,54.16,-0.12190000000000001
2022-08-30,Industrials,0.15176875,57.59,0.08328
2022-08-31,Industrials,0.12659444444444445,56.33,0.15176875
2022-09-01,Industrials,0.0793375,53.97,0.12659444444444445
2022-09-02,Industrials,0.038041666666666654,51.9,0.0793375
2022-09-06,Industrials,0.052782499999999996,52.64,0.038041666666666654
2022-09-07,Industrials,0.05611875,52.81,0.052782499999999996
2022-09-08,Industrials,0.11772291666666668,55.89,0.05611875
2022-09-09,Industrials,-0.015588888888888887,49.22,0.11772291666666668
2022-09-12,Industrials,0.028775,51.44,-0.015588888888888887
2022-09-13,Industrials,0.11989375,55.99,0.028775
2022-09-14,Industrials,0.03370625000000001,51.69,0.11989375
2022-09-15,Industrials,-0.015004166666666666,49.25,0.03370625000000001
2022-09-16,Industrials,0.06549999999999999,53.27,-0.015004166666666666
2022-09-19,Industrials,0.132690873015873,56.63,0.06549999999999999
2022-09-20,Industrials,0.033958333333333326,51.7,0.132690873015873
2022-09-21,Industrials,0.059199999999999996,52.96,0.033958333333333326
2022-09-22,Industrials,-0.09352583333333334,45.32,0.059199999999999996
2022-09-23,Industrials,0.09532666666666667,54.77,-0.09352583333333334
2022-09-26,Industrials,0.09576250000000003,54.79,0.09532666666666667
2022-09-27,Industrials,0.0007499999999999995,50.04,0.09576250000000003
2022-09-28,Industrials,0.017300000000000006,50.86,0.0007499999999999995
2022-09-29,Industrials,-0.0009625000000000002,49.95,0.017300000000000006
2022-09-30,Industrials,0.11596666666666668,55.8,-0.0009625000000000002
2022-10-03,Industrials,0.06155,53.08,0.11596666666666668
2022-10-04,Industrials,0.058812500000000004,52.94,0.06155
2022-10-05,Industrials,0.2766444444444444,63.83,0.058812500000000004
2022-10-06,Industrials,0.016116666666666665,50.81,0.2766444444444444
2022-10-07,Industrials,-0.0633125,46.83,0.016116666666666665
2022-10-10,Industrials,0.19906666666666667,59.95,-0.0633125
2022-10-11,Industrials,0.3443833333333333,67.22,0.19906666666666667
2022-10-12,Industrials,0.13349999999999998,56.68,0.3443833333333333
2022-10-13,Industrials,0.1653625,58.27,0.13349999999999998
2022-10-14,Industrials,0.13971944444444445,56.99,0.1653625
2022-10-17,Industrials,-0.08563749999999999,45.72,0.13971944444444445
2022-10-18,Industrials,0.11162083333333334,55.58,-0.08563749999999999
2022-10-19,Industrials,0.12151666666666666,56.08,0.11162083333333334
2022-10-20,Industrials,0.20405,60.2,0.12151666666666666
2022-10-21,Industrials,0.13503333333333334,56.75,0.20405
2022-10-24,Industrials,0.1580361111111111,57.9,0.13503333333333334
2022-10-25,Industrials,0.07877977716727716,53.94,0.1580361111111111
2022-10-26,Industrials,0.08115666666666667,54.06,0.07877977716727716
2022-10-27,Industrials,0.17496666666666666,58.75,0.08115666666666667
2022-10-28,Industrials,0.157575,57.88,0.17496666666666666
2022-10-31,Industrials,0.1913722222222222,59.57,0.157575
2022-11-01,Industrials,0.4421333333333333,72.11,0.1913722222222222
2022-11-02,Industrials,0.1909,59.54,0.4421333333333333
2022-11-03,Industrials,-0.08716,45.64,0.1909
2022-11-04,Industrials,0.20302499999999998,60.15,-0.08716
2022-11-07,Industrials,0.13845833333333335,56.92,0.20302499999999998
2022-11-08,Industrials,0.111925,55.6,0.13845833333333335
2022-11-09,Industrials,0.25253333333333333,62.63,0.111925
2022-11-10,Industrials,0.26975,63.49,0.25253333333333333
2022-11-11,Industrials,0.16983333333333334,58.49,0.26975
2022-11-14,Industrials,0.03412916666666666,51.71,0.16983333333333334
2022-11-15,Industrials,-0.020133333333333336,48.99,0.03412916666666666
2022-11-16,Industrials,-0.034425000000000004,48.28,-0.020133333333333336
2022-11-17,Industrials,0.11974166666666668,55.99,-0.034425000000000004
2022-11-18,Industrials,0.08979999999999999,54.49,0.11974166666666668
2022-11-21,Industrials,-0.051472222222222225,47.43,0.08979999999999999
2022-11-22,Industrials,0.09203916666666667,54.6,-0.051472222222222225
2022-11-23,Industrials,0.02585,51.29,0.09203916666666667
2022-11-25,Industrials,0.3612,68.06,0.02585
2022-11-28,Industrials,-0.02775749999999999,48.61,0.3612
2022-11-29,Industrials,0.118725,55.94,-0.02775749999999999
2022-11-30,Industrials,0.17039583333333333,58.52,0.118725
2022-12-01,Industrials,0.26894166666666663,63.45,0.17039583333333333
2022-12-02,Industrials,0.009733333333333333,50.49,0.26894166666666663
2022-12-05,Industrials,-0.11969791666666668,44.02,0.009733333333333333
2022-12-06,Industrials,-0.056499999999999995,47.18,-0.11969791666666668
2022-12-07,Industrials,0.0323,51.62,-0.056499999999999995
2022-12-08,Industrials,0.21876874999999998,60.94,0.0323
2022-12-09,Industrials,0.092125,54.61,0.21876874999999998
2022-12-12,Industrials,-0.1951111111111111,40.24,0.092125
2022-12-13,Industrials,0.21002916666666666,60.5,-0.1951111111111111
2022-12-14,Industrials,0.31930000000000003,65.96,0.21002916666666666
2022-12-15,Industrials,0.05759500000000001,52.88,0.31930000000000003
2022-12-16,Industrials,-0.028573333333333336,48.57,0.05759500000000001
2022-12-19,Industrials,0.188625,59.43,-0.028573333333333336
2022-12-20,Industrials,0.24836041666666664,62.42,0.188625
2022-12-21,Industrials,0.4469547619047619,72.35,0.24836041666666664
2022-12-22,Industrials,0.02244166666666666,51.12,0.4469547619047619
2022-12-23,Industrials,0.07016249999999999,53.51,0.02244166666666666
2022-12-27,Industrials,0.1548247023809524,57.74,0.07016249999999999
2022-12-28,Industrials,0.032619444444444444,51.63,0.1548247023809524
2022-12-29,Industrials,0.074075,53.7,0.032619444444444444
2022-12-30,Industrials,0.14598333333333335,57.3,0.074075
2023-01-03,Industrials,0.03211875,51.61,0.14598333333333335
2023-01-04,Industrials,0.10508333333333335,55.25,0.03211875
2023-01-05,Industrials,0.1547625,57.74,0.10508333333333335
2023-01-06,Industrials,0.012137499999999999,50.61,0.1547625
2023-01-09,Industrials,0.10925000000000001,55.46,0.012137499999999999
2023-01-10,Industrials,0.21951607142857144,60.98,0.10925000000000001
2023-01-11,Industrials,-0.04773333333333333,47.61,0.21951607142857144
2023-01-12,Industrials,0.12924791666666668,56.46,-0.04773333333333333
2023-01-13,Industrials,0.07141,53.57,0.12924791666666668
2023-01-17,Industrials,0.31877291666666663,65.94,0.07141
2023-01-18,Industrials,-0.1284375,43.58,0.31877291666666663
2023-01-19,Industrials,0.06812499999999999,53.41,-0.1284375
2023-01-20,Industrials,0.010283333333333339,50.51,0.06812499999999999
2023-01-23,Industrials,0.23142946428571431,61.57,0.010283333333333339
2023-01-24,Industrials,0.0681303787878788,53.41,0.23142946428571431
2023-01-25,Industrials,0.19094999999999998,59.55,0.0681303787878788
2023-01-26,Industrials,0.063595,53.18,0.19094999999999998
2023-01-27,Industrials,0.1663111111111111,58.32,0.063595
2023-01-30,Industrials,-0.017795,49.11,0.1663111111111111
2023-01-31,Industrials,0.2073033333333333,60.37,-0.017795
2023-02-01,Industrials,0.07642499999999999,53.82,0.2073033333333333
2023-02-02,Industrials,0.11565,55.78,0.07642499999999999
2023-02-03,Industrials,0.1902125,59.51,0.11565
2023-02-06,Industrials,0.24739444444444447,62.37,0.1902125
2023-02-07,Industrials,0.00463750000000001,50.23,0.24739444444444447
2023-02-08,Industrials,0.25883333333333336,62.94,0.00463750000000001
2023-02-09,Industrials,0.18095555555555554,59.05,0.25883333333333336
2023-02-10,Industrials,0.13026666666666667,56.51,0.18095555555555554
2023-02-13,Industrials,0.135625,56.78,0.13026666666666667
2023-02-14,Industrials,0.049319999999999996,52.47,0.135625
2023-02-15,Industrials,0.01661666666666667,50.83,0.049319999999999996
2023-02-16,Industrials,0.08855,54.43,0.01661666666666667
2023-02-17,Industrials,-0.0054499999999999965,49.73,0.08855
2023-02-21,Industrials,0.10460791666666666,55.23,-0.0054499999999999965
2023-02-22,Industrials,0.005625,50.28,0.10460791666666666
2023-02-23,Industrials,-0.048654166666666665,47.57,0.005625
2023-02-24,Industrials,0.06628888888888891,53.31,-0.048654166666666665
2023-02-27,Industrials,0.05553333333333333,52.78,0.06628888888888891
2023-02-28,Industrials,0.245175,62.26,0.05553333333333333
2023-03-01,Industrials,0.025334523809523807,51.27,0.245175
2023-03-02,Industrials,0.21071666666666666,60.54,0.025334523809523807
2023-03-03,Industrials,0.026162499999999995,51.31,0.21071666666666666
2023-03-06,Industrials,0.2175416666666667,60.88,0.026162499999999995
2023-03-07,Industrials,0.3599833333333333,68.0,0.2175416666666667
2023-03-08,Industrials,0.1338,56.69,0.3599833333333333
2023-03-09,Industrials,-0.004956249999999999,49.75,0.1338
2023-03-10,Industrials,0.034842261904761904,51.74,-0.004956249999999999
2023-03-13,Industrials,0.006340000000000012,50.32,0.034842261904761904
2023-03-14,Industrials,0.20939583333333334,60.47,0.006340000000000012
2023-03-15,Industrials,-0.04478333333333333,47.76,0.20939583333333334
2023-03-16,Industrials,0.17965833333333334,58.98,-0.04478333333333333
2023-03-17,Industrials,0.16432222222222223,58.22,0.17965833333333334
2023-03-20,Industrials,0.04194375000000001,52.1,0.16432222222222223
2023-03-21,Industrials,0.41828333333333334,70.91,0.04194375000000001
2023-03-22,Industrials,0.16746666666666665,58.37,0.41828333333333334
2023-03-23,Industrials,0.0674,53.37,0.16746666666666665
2023-03-24,Industrials,0.09532916666666667,54.77,0.0674
2023-03-27,Industrials,0.1526111111111111,57.63,0.09532916666666667
2023-03-28,Industrials,0.1057875,55.29,0.1526111111111111
2023-03-29,Industrials,0.07069583333333333,53.53,0.1057875
2023-03-30,Industrials,0.36027222222222227,68.01,0.07069583333333333
2023-03-31,Industrials,0.12882222222222223,56.44,0.36027222222222227
2023-04-03,Industrials,0.13449166666666668,56.72,0.12882222222222223
2023-04-04,Industrials,0.07331964285714285,53.67,0.13449166666666668
2023-04-05,Industrials,-0.010011111111111118,49.5,0.07331964285714285
2023-04-06,Industrials,0.1324875,56.62,-0.010011111111111118
2023-04-10,Industrials,0.153044375,57.65,0.1324875
2023-04-11,Industrials,-0.020795833333333333,48.96,0.153044375
2023-04-12,Industrials,0.0926125,54.63,-0.020795833333333333
2023-04-13,Industrials,0.08241666666666668,54.12,0.0926125
2023-04-14,Industrials,0.11514375000000002,55.76,0.08241666666666668
2023-04-17,Industrials,0.10956541666666667,55.48,0.11514375000000002
2023-04-18,Industrials,0.13790416666666666,56.9,0.10956541666666667
2023-04-19,Industrials,0.09061041666666667,54.53,0.13790416666666666
2023-04-20,Industrials,0.07254000000000002,53.63,0.09061041666666667
2023-04-21,Industrials,0.08733333333333333,54.37,0.07254000000000002
2023-04-24,Industrials,0.1422510416666667,57.11,0.08733333333333333
2023-04-25,Industrials,0.020682829670329667,51.03,0.1422510416666667
2023-04-26,Industrials,0.15564486607142858,57.78,0.020682829670329667
2023-04-27,Industrials,0.0579625,52.9,0.15564486607142858
2023-04-28,Industrials,0.0034895833333333367,50.17,0.0579625
2023-05-01,Industrials,0.11585833333333331,55.79,0.0034895833333333367
2023-05-02,Industrials,0.06965833333333334,53.48,0.11585833333333331
2023-05-03,Industrials,0.0916625,54.58,0.06965833333333334
2023-05-04,Industrials,0.3211583333333333,66.06,0.0916625
2023-05-05,Industrials,-0.233825,38.31,0.3211583333333333
2023-05-08,Industrials,0.11247916666666667,55.62,-0.233825
2023-05-09,Industrials,0.17415000000000003,58.71,0.11247916666666667
2023-05-10,Industrials,0.0013722222222222191,50.07,0.17415000000000003
2023-05-11,Industrials,0.04928888888888888,52.46,0.0013722222222222191
2023-05-12,Industrials,0.09362222222222222,54.68,0.04928888888888888
2023-05-15,Industrials,0.05872708333333333,52.94,0.09362222222222222
2023-05-16,Industrials,-0.016422222222222223,49.18,0.05872708333333333
2023-05-17,Industrials,0.049279166666666666,52.46,-0.016422222222222223
2023-05-18,Industrials,0.06346666666666666,53.17,0.049279166666666666
2023-05-19,Industrials,0.08171250000000001,54.09,0.06346666666666666
2023-05-22,Industrials,0.08326369047619048,54.16,0.08171250000000001
2023-05-23,Industrials,0.21407500000000002,60.7,0.08326369047619048
2023-05-24,Industrials,-0.05837698412698413,47.08,0.21407500000000002
2023-05-25,Industrials,0.024275000000000005,51.21,-0.05837698412698413
2023-05-26,Industrials,0.014883333333333332,50.74,0.024275000000000005
2023-05-30,Industrials,0.04832708333333334,52.42,0.014883333333333332
2023-05-31,Industrials,0.10162083333333333,55.08,0.04832708333333334
2023-06-01,Industrials,0.11973333333333333,55.99,0.10162083333333333
2023-06-02,Industrials,0.15187916666666668,57.59,0.11973333333333333
2023-06-05,Industrials,0.15925607142857146,57.96,0.15187916666666668
2023-06-06,Industrials,0.40396666666666664,70.2,0.15925607142857146
2023-06-07,Industrials,0.18905,59.45,0.40396666666666664
2023-06-08,Industrials,0.15605833333333333,57.8,0.18905
2023-06-09,Industrials,0.017386111111111116,50.87,0.15605833333333333
2023-06-12,Industrials,0.08665416666666667,54.33,0.017386111111111116
2023-06-13,Industrials,0.039733333333333336,51.99,0.08665416666666667
2023-06-14,Industrials,0.17302833333333334,58.65,0.039733333333333336
2023-06-15,Industrials,0.14218124999999998,57.11,0.17302833333333334
2023-06-16,Industrials,-0.010451785714285705,49.48,0.14218124999999998
2023-06-20,Industrials,0.09432128246753246,54.72,-0.010451785714285705
2023-06-21,Industrials,-0.08956154761904761,45.52,0.09432128246753246
2023-06-22,Industrials,0.07568333333333334,53.78,-0.08956154761904761
2023-06-23,Industrials,0.051171666666666664,52.56,0.07568333333333334
2023-06-26,Industrials,0.19525714285714288,59.76,0.051171666666666664
2023-06-27,Industrials,0.0050277777777777794,50.25,0.19525714285714288
2023-06-28,Industrials,0.18078333333333332,59.04,0.0050277777777777794
2023-06-29,Industrials,0.07044583333333333,53.52,0.18078333333333332
2023-06-30,Industrials,0.09990416666666667,55.0,0.07044583333333333
2023-07-03,Industrials,0.16068708333333334,58.03,0.09990416666666667
2023-07-05,Industrials,0.14596384615384617,57.3,0.16068708333333334
2023-07-06,Industrials,0.0539,52.7,0.14596384615384617
2023-07-07,Industrials,-0.008456249999999998,49.58,0.0539
2023-07-10,Industrials,0.05194583333333334,52.6,-0.008456249999999998
2023-07-11,Industrials,0.11444750000000001,55.72,0.05194583333333334
2023-07-12,Industrials,-0.05076666666666666,47.46,0.11444750000000001
2023-07-13,Industrials,0.11995,56.0,-0.05076666666666666
2023-07-14,Industrials,0.014933333333333333,50.75,0.11995
2023-07-17,Industrials,0.014148750000000002,50.71,0.014933333333333333
2023-07-18,Industrials,0.12882500000000002,56.44,0.014148750000000002
2023-07-19,Industrials,0.15580892857142856,57.79,0.12882500000000002
2023-07-20,Industrials,-0.05249999999999999,47.38,0.15580892857142856
2023-07-21,Industrials,0.015485416666666668,50.77,-0.05249999999999999
2023-07-24,Industrials,0.12456458333333333,56.23,0.015485416666666668
2023-07-25,Industrials,0.03479706291591047,51.74,0.12456458333333333
2023-07-26,Industrials,-0.004699375000000009,49.77,0.03479706291591047
2023-07-27,Industrials,0.11238916666666666,55.62,-0.004699375000000009
2023-07-28,Industrials,0.07095357142857142,53.55,0.11238916666666666
2023-07-31,Industrials,0.07990760869565217,54.0,0.07095357142857142
2023-08-01,Industrials,0.04935134615384616,52.47,0.07990760869565217
2023-08-02,Industrials,0.14251627450980395,57.13,0.04935134615384616
2023-08-03,Industrials,0.28783333333333333,64.39,0.14251627450980395
2023-08-04,Industrials,0.14663125000000002,57.33,0.28783333333333333
2023-08-07,Industrials,-0.005880833333333335,49.71,0.14663125000000002
2023-08-08,Industrials,-0.024140625000000002,48.79,-0.005880833333333335
2023-08-09,Industrials,0.15740333333333334,57.87,-0.024140625000000002
2023-08-10,Industrials,0.17254444444444447,58.63,0.15740333333333334
2023-08-11,Industrials,0.09130375,54.57,0.17254444444444447
2023-08-14,Industrials,0.013900000000000001,50.7,0.09130375
2023-08-15,Industrials,0.091475,54.57,0.013900000000000001
2023-08-16,Industrials,0.22009375,61.0,0.091475
2023-08-17,Industrials,0.033621428571428566,51.68,0.22009375
2023-08-18,Industrials,-0.05277916666666667,47.36,0.033621428571428566
2023-08-21,Industrials,0.09168444444444446,54.58,-0.05277916666666667
2023-08-22,Industrials,0.08435416666666665,54.22,0.09168444444444446
2023-08-23,Industrials,0.02707666666666667,51.35,0.08435416666666665
2023-08-24,Industrials,0.1117125,55.59,0.02707666666666667
2023-08-25,Industrials,-0.03339125,48.33,0.1117125
2023-08-28,Industrials,-0.07622565789473684,46.19,-0.03339125
2023-08-29,Industrials,-0.006439285714285703,49.68,-0.07622565789473684
2023-08-30,Industrials,0.08308,54.15,-0.006439285714285703
2023-08-31,Industrials,0.09732833333333334,54.87,0.08308
2023-09-01,Industrials,0.10552916666666666,55.28,0.09732833333333334
2023-09-05,Industrials,0.06819583333333333,53.41,0.10552916666666666
2023-09-06,Industrials,0.06597083333333334,53.3,0.06819583333333333
2023-09-07,Industrials,0.11293333333333333,55.65,0.06597083333333334
2023-09-08,Industrials,0.07136666666666665,53.57,0.11293333333333333
2023-09-11,Industrials,0.10454875,55.23,0.07136666666666665
2023-09-12,Industrials,0.16233958333333334,58.12,0.10454875
2023-09-13,Industrials,0.03132535714285715,51.57,0.16233958333333334
2023-09-14,Industrials,0.10634583333333333,55.32,0.03132535714285715
2023-09-15,Industrials,0.09773749999999999,54.89,0.10634583333333333
2023-09-18,Industrials,0.09133472222222222,54.57,0.09773749999999999
2023-09-19,Industrials,0.06303095238095238,53.15,0.09133472222222222
2023-09-20,Industrials,0.04872222222222222,52.44,0.06303095238095238
2023-09-21,Industrials,0.14942803571428573,57.47,0.04872222222222222
2023-09-22,Industrials,0.2662458333333333,63.31,0.14942803571428573
2023-09-25,Industrials,0.16648333333333334,58.32,0.2662458333333333
2023-09-26,Industrials,0.12381249999999999,56.19,0.16648333333333334
2023-09-27,Industrials,0.16926583333333334,58.46,0.12381249999999999
2023-09-28,Industrials,0.07893214285714285,53.95,0.16926583333333334
2023-09-29,Industrials,0.180825,59.04,0.07893214285714285
2023-10-02,Industrials,0.1070114880952381,55.35,0.180825
2023-10-03,Industrials,0.07338933333333333,53.67,0.1070114880952381
2023-10-04,Industrials,0.07374583333333332,53.69,0.07338933333333333
2023-10-05,Industrials,0.150183,57.51,0.07374583333333332
2023-10-06,Industrials,0.05977083333333333,52.99,0.150183
2023-10-09,Industrials,0.10535466666666668,55.27,0.05977083333333333
2023-10-10,Industrials,0.2037257142857143,60.19,0.10535466666666668
2023-10-11,Industrials,0.2153513333333333,60.77,0.2037257142857143
2023-10-12,Industrials,0.17821458333333334,58.91,0.2153513333333333
2023-10-13,Industrials,0.006707692307692305,50.34,0.17821458333333334
2023-10-16,Industrials,0.02116666666666666,51.06,0.006707692307692305
2023-10-17,Industrials,-0.05877777777777776,47.06,0.02116666666666666
2023-10-18,Industrials,0.041539523809523804,52.08,-0.05877777777777776
2023-10-19,Industrials,0.041977738095238096,52.1,0.041539523809523804
2023-10-20,Industrials,0.08096300000000001,54.05,0.041977738095238096
2023-10-23,Industrials,0.18496820512820517,59.25,0.08096300000000001
2023-10-24,Industrials,0.30656860869565217,65.33,0.18496820512820517
2023-10-25,Industrials,0.13888466666666666,56.94,0.30656860869565217
2023-10-26,Industrials,0.06708930158730159,53.35,0.13888466666666666
2023-10-27,Industrials,0.021956000000000003,51.1,0.06708930158730159
2023-10-30,Industrials,-0.007606730769230765,49.62,0.021956000000000003
2023-10-31,Industrials,0.17229238095238095,58.61,-0.007606730769230765
2023-11-01,Industrials,0.032745,51.64,0.17229238095238095
2023-11-02,Industrials,0.111291,55.56,0.032745
2023-11-03,Industrials,-0.02755555555555556,48.62,0.111291
2023-11-06,Industrials,0.071506,53.58,-0.02755555555555556
2023-11-07,Industrials,0.015796666666666664,50.79,0.071506
2023-11-08,Industrials,0.03476,51.74,0.015796666666666664
2023-11-09,Industrials,0.187425,59.37,0.03476
2023-11-10,Industrials,-0.04749062499999998,47.63,0.187425
2023-11-13,Industrials,0.0334325,51.67,-0.04749062499999998
2023-11-14,Industrials,0.13289250000000002,56.64,0.0334325
2023-11-15,Industrials,0.03743095238095238,51.87,0.13289250000000002
2023-11-16,Industrials,0.113277,55.66,0.03743095238095238
2023-11-17,Industrials,0.108524,55.43,0.113277
2023-11-20,Industrials,0.0477625,52.39,0.108524
2023-11-21,Industrials,0.07222533333333334,53.61,0.0477625
2023-11-22,Industrials,0.194995,59.75,0.07222533333333334
2023-11-24,Industrials,0.12624431818181817,56.31,0.194995
2023-11-27,Industrials,0.072705,53.64,0.12624431818181817
2023-11-28,Industrials,-0.12442031249999999,43.78,0.072705
2023-11-29,Industrials,0.04042277777777778,52.02,-0.12442031249999999
2023-11-30,Industrials,0.31625749999999997,65.81,0.04042277777777778
2023-12-01,Industrials,0.12585000000000002,56.29,0.31625749999999997
2023-12-04,Industrials,0.11804095238095239,55.9,0.12585000000000002
2023-12-05,Industrials,-0.08049500000000001,45.98,0.11804095238095239
2023-12-06,Industrials,0.1383291666666667,56.92,-0.08049500000000001
2023-12-07,Industrials,-0.01891083333333334,49.05,0.1383291666666667
2023-12-08,Industrials,0.050672916666666665,52.53,-0.01891083333333334
2023-12-11,Industrials,0.07240933333333334,53.62,0.050672916666666665
2023-12-12,Industrials,0.23776000000000003,61.89,0.07240933333333334
2023-12-13,Industrials,0.10016861904761905,55.01,0.23776000000000003
2023-12-14,Industrials,0.11245833333333334,55.62,0.10016861904761905
2023-12-15,Industrials,0.144325,57.22,0.11245833333333334
2023-12-18,Industrials,0.13284357142857145,56.64,0.144325
2020-01-02,Materials,0.013411111111111111,50.67,
2020-01-03,Materials,-0.058349999999999985,47.08,0.013411111111111111
2020-01-06,Materials,-0.15472750000000002,42.26,-0.058349999999999985
2020-01-07,Materials,0.12246666666666667,56.12,-0.15472750000000002
2020-01-08,Materials,-0.2546125,37.27,0.12246666666666667
2020-01-09,Materials,-0.13731111111111113,43.13,-0.2546125
2020-01-10,Materials,-0.17615,41.19,-0.13731111111111113
2020-01-13,Materials,0.3237833333333333,66.19,-0.17615
2020-01-14,Materials,0.11859999999999998,55.93,0.3237833333333333
2020-01-15,Materials,0.15795,57.9,0.11859999999999998
2020-01-16,Materials,0.013225,50.66,0.15795
2020-01-17,Materials,0.14006666666666664,57.0,0.013225
2020-01-21,Materials,0.0004899999999999996,50.02,0.14006666666666664
2020-01-22,Materials,-0.0010333333333333212,49.95,0.0004899999999999996
2020-01-23,Materials,0.015575000000000006,50.78,-0.0010333333333333212
2020-01-24,Materials,0.2765066666666667,63.83,0.015575000000000006
2020-01-27,Materials,0.028542500000000005,51.43,0.2765066666666667
2020-01-28,Materials,0.09968333333333332,54.98,0.028542500000000005
2020-01-29,Materials,0.07986904761904762,53.99,0.09968333333333332
2020-01-30,Materials,-0.022981121794871794,48.85,0.07986904761904762
2020-01-31,Materials,-0.05672875,47.16,-0.022981121794871794
2020-02-03,Materials,-0.03369166666666667,48.32,-0.05672875
2020-02-04,Materials,0.17020000000000002,58.51,-0.03369166666666667
2020-02-05,Materials,0.051685,52.58,0.17020000000000002
2020-02-06,Materials,0.06293055555555555,53.15,0.051685
2020-02-07,Materials,0.013738888888888886,50.69,0.06293055555555555
2020-02-10,Materials,0.15956,57.98,0.013738888888888886
2020-02-11,Materials,0.04683866666666667,52.34,0.15956
2020-02-12,Materials,0.07529999999999999,53.76,0.04683866666666667
2020-02-13,Materials,0.05048571428571428,52.52,0.07529999999999999
2020-02-14,Materials,-0.06009166666666666,47.0,0.05048571428571428
2020-02-18,Materials,0.0029677777777777766,50.15,-0.06009166666666666
2020-02-19,Materials,-0.0014999999999999998,49.92,0.0029677777777777766
2020-02-20,Materials,0.12136464646464647,56.07,-0.0014999999999999998
2020-02-21,Materials,0.08786666666666666,54.39,0.12136464646464647
2020-02-24,Materials,0.06026250000000001,53.01,0.08786666666666666
2020-02-25,Materials,-0.13927222222222221,43.04,0.06026250000000001
2020-02-26,Materials,-0.04275,47.86,-0.13927222222222221
2020-02-27,Materials,0.014967857142857144,50.75,-0.04275
2020-02-28,Materials,-0.2164083333333333,39.18,0.014967857142857144
2020-03-02,Materials,-0.05884,47.06,-0.2164083333333333
2020-03-03,Materials,0.12613333333333332,56.31,-0.05884
2020-03-04,Materials,0.18328333333333333,59.16,0.12613333333333332
2020-03-05,Materials,-0.027088888888888885,48.65,0.18328333333333333
2020-03-06,Materials,-0.007916666666666655,49.6,-0.027088888888888885
2020-03-09,Materials,0.03145875,51.57,-0.007916666666666655
2020-03-10,Materials,0.07137708333333333,53.57,0.03145875
2020-03-11,Materials,0.03734444444444444,51.87,0.07137708333333333
2020-03-12,Materials,-0.074445,46.28,0.03734444444444444
2020-03-13,Materials,-0.08532222222222223,45.73,-0.074445
2020-03-16,Materials,-0.019944166666666666,49.0,-0.08532222222222223
2020-03-17,Materials,0.16970833333333335,58.49,-0.019944166666666666
2020-03-18,Materials,0.10794999999999999,55.4,0.16970833333333335
2020-03-19,Materials,0.15310875000000002,57.66,0.10794999999999999
2020-03-20,Materials,0.06816666666666667,53.41,0.15310875000000002
2020-03-23,Materials,0.06273357142857142,53.14,0.06816666666666667
2020-03-24,Materials,0.41827999999999993,70.91,0.06273357142857142
2020-03-25,Materials,0.09575,54.79,0.41827999999999993
2020-03-26,Materials,0.11817833333333334,55.91,0.09575
2020-03-27,Materials,0.222775,61.14,0.11817833333333334
2020-03-30,Materials,0.011923333333333341,50.6,0.222775
2020-03-31,Materials,0.18769399999999997,59.38,0.011923333333333341
2020-04-01,Materials,-0.007818333333333339,49.61,0.18769399999999997
2020-04-02,Materials,0.08314027777777779,54.16,-0.007818333333333339
2020-04-03,Materials,0.15256666666666666,57.63,0.08314027777777779
2020-04-06,Materials,-0.02166000000000001,48.92,0.15256666666666666
2020-04-07,Materials,0.3700375,68.5,-0.02166000000000001
2020-04-08,Materials,0.17360833333333336,58.68,0.3700375
2020-04-09,Materials,0.08102555555555555,54.05,0.17360833333333336
2020-04-13,Materials,-0.06387809523809523,46.81,0.08102555555555555
2020-04-14,Materials,-0.007933333333333334,49.6,-0.06387809523809523
2020-04-15,Materials,-0.10060674603174602,44.97,-0.007933333333333334
2020-04-16,Materials,0.051415,52.57,-0.10060674603174602
2020-04-17,Materials,0.32248333333333334,66.12,0.051415
2020-04-20,Materials,0.023471428571428574,51.17,0.32248333333333334
2020-04-21,Materials,-0.13378333333333334,43.31,0.023471428571428574
2020-04-22,Materials,0.12249375,56.12,-0.13378333333333334
2020-04-23,Materials,0.011401523809523808,50.57,0.12249375
2020-04-24,Materials,0.052700000000000004,52.64,0.011401523809523808
2020-04-27,Materials,0.11932666666666666,55.97,0.052700000000000004
2020-04-28,Materials,0.09663566666666668,54.83,0.11932666666666666
2020-04-29,Materials,0.29102666666666666,64.55,0.09663566666666668
2020-04-30,Materials,0.0976347619047619,54.88,0.29102666666666666
2020-05-01,Materials,0.12026111111111111,56.01,0.0976347619047619
2020-05-04,Materials,0.06034166666666666,53.02,0.12026111111111111
2020-05-05,Materials,0.1427941666666667,57.14,0.06034166666666666
2020-05-06,Materials,-0.01619535714285714,49.19,0.1427941666666667
2020-05-07,Materials,0.04738,52.37,-0.01619535714285714
2020-05-08,Materials,0.13292916666666665,56.65,0.04738
2020-05-11,Materials,0.059935,53.0,0.13292916666666665
2020-05-12,Materials,0.046942222222222225,52.35,0.059935
2020-05-13,Materials,0.12213866666666666,56.11,0.046942222222222225
2020-05-14,Materials,0.045355000000000006,52.27,0.12213866666666666
2020-05-15,Materials,0.049763888888888885,52.49,0.045355000000000006
2020-05-18,Materials,0.10248499999999999,55.12,0.049763888888888885
2020-05-19,Materials,0.21291666666666667,60.65,0.10248499999999999
2020-05-20,Materials,0.05567888888888889,52.78,0.21291666666666667
2020-05-21,Materials,0.14386333333333332,57.19,0.05567888888888889
2020-05-22,Materials,0.07300000000000001,53.65,0.14386333333333332
2020-05-26,Materials,0.010655555555555555,50.53,0.07300000000000001
2020-05-27,Materials,0.22704583333333334,61.35,0.010655555555555555
2020-05-28,Materials,0.0445375,52.23,0.22704583333333334
2020-05-29,Materials,0.08857333333333334,54.43,0.0445375
2020-06-01,Materials,0.014646666666666667,50.73,0.08857333333333334
2020-06-02,Materials,0.17800833333333332,58.9,0.014646666666666667
2020-06-03,Materials,0.0980111111111111,54.9,0.17800833333333332
2020-06-04,Materials,0.15231250000000002,57.62,0.0980111111111111
2020-06-05,Materials,0.11653333333333334,55.83,0.15231250000000002
2020-06-08,Materials,0.34640000000000004,67.32,0.11653333333333334
2020-06-09,Materials,0.4144,70.72,0.34640000000000004
2020-06-10,Materials,0.2375,61.88,0.4144
2020-06-11,Materials,0.0099,50.5,0.2375
2020-06-12,Materials,0.19476666666666664,59.74,0.0099
2020-06-15,Materials,0.2812,64.06,0.19476666666666664
2020-06-16,Materials,0.0,50.0,0.2812
2020-06-17,Materials,-0.009,49.55,0.0
2020-06-18,Materials,0.020233333333333336,51.01,-0.009
2020-06-19,Materials,0.00065,50.03,0.020233333333333336
2020-06-22,Materials,0.11991666666666666,56.0,0.00065
2020-06-23,Materials,0.003016666666666667,50.15,0.11991666666666666
2020-06-24,Materials,0.0,50.0,0.003016666666666667
2020-06-25,Materials,0.0142,50.71,0.0
2020-06-26,Materials,0.3442,67.21,0.0142
2020-06-29,Materials,0.1903,59.51,0.3442
2020-06-30,Materials,0.024533333333333334,51.23,0.1903
2020-07-01,Materials,0.0187,50.93,0.024533333333333334
2020-07-02,Materials,0.0077,50.39,0.0187
2020-07-06,Materials,-0.12064166666666669,43.97,0.0077
2020-07-07,Materials,-0.3612,31.94,-0.12064166666666669
2020-07-08,Materials,0.0155,50.78,-0.3612
2020-07-09,Materials,0.0077,50.39,0.0155
2020-07-10,Materials,-0.0142,49.29,0.0077
2020-07-13,Materials,0.0,50.0,-0.0142
2020-07-16,Materials,0.0258,51.29,0.0
2020-07-17,Materials,0.19675,59.84,0.0258
2020-07-20,Materials,0.0103,50.52,0.19675
2020-07-22,Materials,0.2787,63.93,0.0103
2020-07-23,Materials,-0.013040833333333335,49.35,0.2787
2020-07-24,Materials,-0.051383333333333336,47.43,-0.013040833333333335
2020-07-27,Materials,-0.010447500000000002,49.48,-0.051383333333333336
2020-07-28,Materials,0.31339375,65.67,-0.010447500000000002
2020-07-29,Materials,0.06526666666666667,53.26,0.31339375
2020-07-30,Materials,0.03723,51.86,0.06526666666666667
2020-07-31,Materials,0.3538,67.69,0.03723
2020-08-03,Materials,0.5388999999999999,76.94,0.3538
2020-08-04,Materials,0.07315,53.66,0.5388999999999999
2020-08-05,Materials,0.02001666666666667,51.0,0.07315
2020-08-06,Materials,0.12756666666666666,56.38,0.02001666666666667
2020-08-10,Materials,0.11984444444444443,55.99,0.12756666666666666
2020-08-11,Materials,-0.000325,49.98,0.11984444444444443
2020-08-13,Materials,0.3705,68.53,-0.000325
2020-08-14,Materials,0.0099,50.5,0.3705
2020-08-17,Materials,0.3101583333333333,65.51,0.0099
2020-08-18,Materials,0.0,50.0,0.3101583333333333
2020-08-19,Materials,0.01615,50.81,0.0
2020-08-20,Materials,0.06965555555555555,53.48,0.01615
2020-08-21,Materials,-0.3324,33.38,0.06965555555555555
2020-08-24,Materials,0.019766666666666665,50.99,-0.3324
2020-08-25,Materials,-0.1444,42.78,0.019766666666666665
2020-08-26,Materials,0.0,50.0,-0.1444
2020-08-27,Materials,0.014525,50.73,0.0
2020-08-28,Materials,-0.04053333333333334,47.97,0.014525
2020-08-31,Materials,0.0038499999999999997,50.19,-0.04053333333333334
2020-09-02,Materials,-0.02723333333333333,48.64,0.0038499999999999997
2020-09-03,Materials,0.0057875,50.29,-0.02723333333333333
2020-09-04,Materials,0.08020000000000001,54.01,0.0057875
2020-09-08,Materials,0.17635,58.82,0.08020000000000001
2020-09-10,Materials,-0.23775,38.11,0.17635
2020-09-11,Materials,-0.0387,48.07,-0.23775
2020-09-14,Materials,0.0659625,53.3,-0.0387
2020-09-16,Materials,0.0116,50.58,0.0659625
2020-09-17,Materials,0.013016666666666668,50.65,0.0116
2020-09-21,Materials,0.16308333333333333,58.15,0.013016666666666668
2020-09-23,Materials,0.0181,50.9,0.16308333333333333
2020-09-24,Materials,0.3612,68.06,0.0181
2020-09-25,Materials,0.3798,68.99,0.3612
2020-09-28,Materials,0.0017875,50.09,0.3798
2020-09-30,Materials,-0.17865,41.07,0.0017875
2020-10-05,Materials,-0.09855000000000001,45.07,-0.17865
2020-10-07,Materials,0.0142,50.71,-0.09855000000000001
2020-10-08,Materials,0.3612,68.06,0.0142
2020-10-09,Materials,0.0,50.0,0.3612
2020-10-12,Materials,-0.0023999999999999976,49.88,0.0
2020-10-13,Materials,0.0168,50.84,-0.0023999999999999976
2020-10-14,Materials,0.0413,52.07,0.0168
2020-10-15,Materials,0.0245,51.22,0.0413
2020-10-16,Materials,0.2712,63.56,0.0245
2020-10-19,Materials,0.19519999999999998,59.76,0.2712
2020-10-21,Materials,0.17408333333333334,58.7,0.19519999999999998
2020-10-22,Materials,0.08451250000000002,54.23,0.17408333333333334
2020-10-23,Materials,0.0194,50.97,0.08451250000000002
2020-10-26,Materials,0.01355,50.68,0.0194
2020-10-27,Materials,0.0545125,52.73,0.01355
2020-10-29,Materials,0.12282666666666665,56.14,0.0545125
2020-11-02,Materials,0.1707,58.54,0.12282666666666665
2020-11-03,Materials,0.009,50.45,0.1707
2020-11-04,Materials,0.0,50.0,0.009
2020-11-06,Materials,0.1401666666666667,57.01,0.0
2020-11-10,Materials,-0.1602,41.99,0.1401666666666667
2020-11-11,Materials,0.0,50.0,-0.1602
2020-11-12,Materials,-0.033625,48.32,0.0
2020-11-13,Materials,0.194,59.7,-0.033625
2020-11-16,Materials,0.01615,50.81,0.194
2020-11-17,Materials,0.1933,59.66,0.01615
2020-11-19,Materials,0.16453333333333334,58.23,0.1933
2020-11-23,Materials,0.058896000000000004,52.94,0.16453333333333334
2020-11-24,Materials,0.0168,50.84,0.058896000000000004
2020-11-25,Materials,0.012700000000000001,50.64,0.0168
2020-11-27,Materials,0.0194,50.97,0.012700000000000001
2020-11-30,Materials,0.022600000000000002,51.13,0.0194
2020-12-01,Materials,0.31105,65.55,0.022600000000000002
2020-12-02,Materials,0.15538333333333335,57.77,0.31105
2020-12-03,Materials,0.0077,50.39,0.15538333333333335
2020-12-07,Materials,0.0,50.0,0.0077
2020-12-08,Materials,0.24819999999999998,62.41,0.0
2020-12-09,Materials,0.035550000000000005,51.78,0.24819999999999998
2020-12-10,Materials,0.0,50.0,0.035550000000000005
2020-12-11,Materials,0.0323,51.62,0.0
2020-12-15,Materials,0.001925,50.1,0.0323
2020-12-16,Materials,0.00835,50.42,0.001925
2020-12-17,Materials,0.25193333333333334,62.6,0.00835
2020-12-18,Materials,0.11816249999999999,55.91,0.25193333333333334
2020-12-21,Materials,0.0120125,50.6,0.11816249999999999
2020-12-22,Materials,0.018750000000000003,50.94,0.0120125
2020-12-28,Materials,0.0,50.0,0.018750000000000003
2020-12-29,Materials,0.0152,50.76,0.0
2020-12-30,Materials,0.0194,50.97,0.0152
2020-12-31,Materials,0.0142,50.71,0.0194
2021-01-04,Materials,0.022216666666666666,51.11,0.0142
2021-01-05,Materials,0.11873333333333332,55.94,0.022216666666666666
2021-01-06,Materials,0.4215,71.08,0.11873333333333332
2021-01-07,Materials,-0.12825,43.59,0.4215
2021-01-08,Materials,0.00116,50.06,-0.12825
2021-01-11,Materials,0.1162,55.81,0.00116
2021-01-12,Materials,-0.00385,49.81,0.1162
2021-01-13,Materials,0.01615,50.81,-0.00385
2021-01-14,Materials,0.0194,50.97,0.01615
2021-01-15,Materials,-0.05038888888888889,47.48,0.0194
2021-01-19,Materials,0.0475,52.38,-0.05038888888888889
2021-01-20,Materials,0.0194,50.97,0.0475
2021-01-21,Materials,-0.058699999999999995,47.06,0.0194
2021-01-22,Materials,-0.1852,40.74,-0.058699999999999995
2021-01-25,Materials,-0.05056666666666667,47.47,-0.1852
2021-01-26,Materials,0.0034333333333333334,50.17,-0.05056666666666667
2021-01-27,Materials,0.0,50.0,0.0034333333333333334
2021-01-28,Materials,0.202225,60.11,0.0
2021-01-29,Materials,-0.07185,46.41,0.202225
2021-02-01,Materials,0.15877500000000003,57.94,-0.07185
2021-02-02,Materials,0.0,50.0,0.15877500000000003
2021-02-03,Materials,0.04086666666666667,52.04,0.0
2021-02-05,Materials,0.0071,50.36,0.04086666666666667
2021-02-08,Materials,-0.157125,42.14,0.0071
2021-02-09,Materials,0.43385,71.69,-0.157125
2021-02-10,Materials,-0.0858,45.71,0.43385
2021-02-16,Materials,-0.10706666666666668,44.65,-0.0858
2021-02-17,Materials,-0.06641666666666667,46.68,-0.10706666666666668
2021-02-18,Materials,0.09057916666666666,54.53,-0.06641666666666667
2021-02-19,Materials,-0.11626666666666667,44.19,0.09057916666666666
2021-02-22,Materials,0.09399166666666668,54.7,-0.11626666666666667
2021-02-23,Materials,0.01692500000000001,50.85,0.09399166666666668
2021-02-24,Materials,0.008075,50.4,0.01692500000000001
2021-02-25,Materials,0.06735000000000001,53.37,0.008075
2021-02-26,Materials,0.11739999999999999,55.87,0.06735000000000001
2021-03-01,Materials,-0.155075,42.25,0.11739999999999999
2021-03-02,Materials,0.010133333333333334,50.51,-0.155075
2021-03-04,Materials,0.0065,50.32,0.010133333333333334
2021-03-05,Materials,-0.3023,34.88,0.0065
2021-03-08,Materials,0.08954444444444444,54.48,-0.3023
2021-03-09,Materials,0.0,50.0,0.08954444444444444
2021-03-10,Materials,0.22945,61.47,0.0
2021-03-11,Materials,0.19135,59.57,0.22945
2021-03-12,Materials,0.00515,50.26,0.19135
2021-03-15,Materials,0.00195,50.1,0.00515
2021-03-16,Materials,0.3674,68.37,0.00195
2021-03-17,Materials,0.00385,50.19,0.3674
2021-03-19,Materials,0.1721,58.6,0.00385
2021-03-22,Materials,0.02065,51.03,0.1721
2021-03-23,Materials,0.014825,50.74,0.02065
2021-03-24,Materials,0.0116,50.58,0.014825
2021-03-25,Materials,0.259375,62.97,0.0116
2021-03-26,Materials,0.05818888888888888,52.91,0.259375
2021-03-31,Materials,0.1806,59.03,0.05818888888888888
2021-04-01,Materials,-0.10729999999999999,44.64,0.1806
2021-04-05,Materials,0.1699,58.5,-0.10729999999999999
2021-04-06,Materials,0.2453,62.26,0.1699
2021-04-07,Materials,-0.17745,41.13,0.2453
2021-04-08,Materials,0.099925,55.0,-0.17745
2021-04-12,Materials,0.0159,50.8,0.099925
2021-04-14,Materials,0.17965,58.98,0.0159
2021-04-16,Materials,-0.1769,41.15,0.17965
2021-04-19,Materials,0.19726666666666667,59.86,-0.1769
2021-04-20,Materials,-0.4137,29.32,0.19726666666666667
2021-04-21,Materials,0.186525,59.33,-0.4137
2021-04-22,Materials,0.1407607142857143,57.04,0.186525
2021-04-23,Materials,0.225875,61.29,0.1407607142857143
2021-04-26,Materials,0.0,50.0,0.225875
2021-04-27,Materials,0.08635833333333333,54.32,0.0
2021-04-28,Materials,0.5775,78.88,0.08635833333333333
2021-04-29,Materials,0.04733333333333334,52.37,0.5775
2021-04-30,Materials,0.1531,57.66,0.04733333333333334
2021-05-03,Materials,0.002566666666666667,50.13,0.1531
2021-05-04,Materials,0.16724687500000002,58.36,0.002566666666666667
2021-05-05,Materials,0.5461,77.31,0.16724687500000002
2021-05-06,Materials,0.172475,58.62,0.5461
2021-05-10,Materials,0.2113,60.57,0.172475
2021-05-11,Materials,0.0239,51.2,0.2113
2021-05-12,Materials,0.0323,51.62,0.0239
2021-05-13,Materials,0.0045,50.22,0.0323
2021-05-14,Materials,0.15255000000000002,57.63,0.0045
2021-05-17,Materials,0.07987,53.99,0.15255000000000002
2021-05-18,Materials,0.1783888888888889,58.92,0.07987
2021-05-19,Materials,-0.0026,49.87,0.1783888888888889
2021-05-20,Materials,0.00485,50.24,-0.0026
2021-05-21,Materials,0.17070000000000002,58.54,0.00485
2021-05-24,Materials,0.12066249999999999,56.03,0.17070000000000002
2021-05-25,Materials,0.0026,50.13,0.12066249999999999
2021-05-26,Materials,0.0,50.0,0.0026
2021-05-27,Materials,0.2497,62.48,0.0
2021-05-28,Materials,0.012700000000000001,50.64,0.2497
2021-06-01,Materials,0.009883333333333334,50.49,0.012700000000000001
2021-06-02,Materials,0.0,50.0,0.009883333333333334
2021-06-03,Materials,0.0112875,50.56,0.0
2021-06-04,Materials,0.0045,50.22,0.0112875
2021-06-07,Materials,0.03828541666666666,51.91,0.0045
2021-06-08,Materials,0.12486666666666667,56.24,0.03828541666666666
2021-06-09,Materials,0.0155,50.78,0.12486666666666667
2021-06-10,Materials,0.0,50.0,0.0155
2021-06-11,Materials,0.0,50.0,0.0
2021-06-14,Materials,0.30763333333333337,65.38,0.0
2021-06-15,Materials,0.0284,51.42,0.30763333333333337
2021-06-16,Materials,0.00775,50.39,0.0284
2021-06-17,Materials,0.0021275,50.11,0.00775
2021-06-18,Materials,-0.11715000000000002,44.14,0.0021275
2021-06-21,Materials,-0.11581111111111113,44.21,-0.11715000000000002
2021-06-22,Materials,-0.086425,45.68,-0.11581111111111113
2021-06-24,Materials,0.00805,50.4,-0.086425
2021-06-25,Materials,0.0819,54.1,0.00805
2021-06-28,Materials,0.1806,59.03,0.0819
2021-06-29,Materials,-0.3116,34.42,0.1806
2021-07-01,Materials,0.011166666666666667,50.56,-0.3116
2021-07-02,Materials,0.0065,50.32,0.011166666666666667
2021-07-06,Materials,0.110475,55.52,0.0065
2021-07-07,Materials,0.0,50.0,0.110475
2021-07-08,Materials,-0.03225,48.39,0.0
2021-07-12,Materials,0.3612,68.06,-0.03225
2021-07-13,Materials,-0.00065,49.97,0.3612
2021-07-14,Materials,0.0077,50.39,-0.00065
2021-07-15,Materials,0.0187,50.93,0.0077
2021-07-16,Materials,0.11903333333333334,55.95,0.0187
2021-07-19,Materials,-0.10783333333333334,44.61,0.11903333333333334
2021-07-20,Materials,-0.07193333333333334,46.4,-0.10783333333333334
2021-07-21,Materials,0.048211111111111114,52.41,-0.07193333333333334
2021-07-22,Materials,0.14933,57.47,0.048211111111111114
2021-07-23,Materials,0.01745,50.87,0.14933
2021-07-26,Materials,0.09649999999999999,54.82,0.01745
2021-07-27,Materials,0.1691,58.46,0.09649999999999999
2021-07-29,Materials,-0.016362500000000006,49.18,0.1691
2021-07-30,Materials,0.296,64.8,-0.016362500000000006
2021-08-02,Materials,0.0,50.0,0.296
2021-08-03,Materials,0.1141611111111111,55.71,0.0
2021-08-04,Materials,-0.16897500000000001,41.55,0.1141611111111111
2021-08-05,Materials,0.00385,50.19,-0.16897500000000001
2021-08-06,Materials,0.009,50.45,0.00385
2021-08-09,Materials,0.005166666666666667,50.26,0.009
2021-08-10,Materials,0.092225,54.61,0.005166666666666667
2021-08-11,Materials,-0.23098333333333332,38.45,0.092225
2021-08-12,Materials,0.20836666666666667,60.42,-0.23098333333333332
2021-08-13,Materials,0.0097,50.48,0.20836666666666667
2021-08-16,Materials,0.055869999999999996,52.79,0.0097
2021-08-17,Materials,0.17215,58.61,0.055869999999999996
2021-08-18,Materials,0.31173333333333336,65.59,0.17215
2021-08-19,Materials,-0.07965000000000001,46.02,0.31173333333333336
2021-08-20,Materials,-0.17085,41.46,-0.07965000000000001
2021-08-23,Materials,0.042575,52.13,-0.17085
2021-08-24,Materials,0.0,50.0,0.042575
2021-08-25,Materials,0.0097,50.48,0.0
2021-08-26,Materials,0.0077,50.39,0.0097
2021-08-27,Materials,0.1806,59.03,0.0077
2021-08-30,Materials,0.19287500000000002,59.64,0.1806
2021-08-31,Materials,0.06531666666666668,53.27,0.19287500000000002
2021-09-01,Materials,0.0,50.0,0.06531666666666668
2021-09-02,Materials,0.00385,50.19,0.0
2021-09-07,Materials,0.13396666666666665,56.7,0.00385
2021-09-08,Materials,-0.1601,42.0,0.13396666666666665
2021-09-09,Materials,0.3469,67.34,-0.1601
2021-09-10,Materials,0.0,50.0,0.3469
2021-09-13,Materials,0.08299666666666668,54.15,0.0
2021-09-14,Materials,0.12376666666666668,56.19,0.08299666666666668
2021-09-16,Materials,0.2639,63.2,0.12376666666666668
2021-09-17,Materials,-0.008866666666666667,49.56,0.2639
2021-09-20,Materials,0.01725416666666666,50.86,-0.008866666666666667
2021-09-21,Materials,0.009,50.45,0.01725416666666666
2021-09-22,Materials,-0.07944999999999999,46.03,0.009
2021-09-23,Materials,0.009,50.45,-0.07944999999999999
2021-09-24,Materials,0.025825,51.29,0.009
2021-09-27,Materials,0.1147,55.74,0.025825
2021-09-28,Materials,-0.1806,40.97,0.1147
2021-09-29,Materials,0.0,50.0,-0.1806
2021-09-30,Materials,0.017766666666666667,50.89,0.0
2021-10-01,Materials,-0.0155,49.22,0.017766666666666667
2021-10-05,Materials,-0.11626666666666667,44.19,-0.0155
2021-10-06,Materials,-0.016715873015873017,49.16,-0.11626666666666667
2021-10-07,Materials,0.12419999999999999,56.21,-0.016715873015873017
2021-10-08,Materials,0.00043749999999999995,50.02,0.12419999999999999
2021-10-11,Materials,0.16892000000000001,58.45,0.00043749999999999995
2021-10-12,Materials,-0.18125000000000002,40.94,0.16892000000000001
2021-10-13,Materials,-0.048141666666666666,47.59,-0.18125000000000002
2021-10-14,Materials,-0.12705,43.65,-0.048141666666666666
2021-10-15,Materials,-0.08375,45.81,-0.12705
2021-10-18,Materials,0.0129,50.64,-0.08375
2021-10-19,Materials,0.0,50.0,0.0129
2021-10-20,Materials,0.0090375,50.45,0.0
2021-10-21,Materials,0.05827708333333333,52.91,0.0090375
2021-10-22,Materials,0.0168,50.84,0.05827708333333333
2021-10-25,Materials,0.00255,50.13,0.0168
2021-10-26,Materials,-0.001625,49.92,0.00255
2021-10-27,Materials,0.27504999999999996,63.75,-0.001625
2021-10-28,Materials,-0.14520833333333333,42.74,0.27504999999999996
2021-10-29,Materials,0.0284,51.42,-0.14520833333333333
2021-11-01,Materials,0.12763333333333332,56.38,0.0284
2021-11-02,Materials,0.0476875,52.38,0.12763333333333332
2021-11-04,Materials,0.00385,50.19,0.0476875
2021-11-05,Materials,0.19111666666666668,59.56,0.00385
2021-11-08,Materials,0.20174,60.09,0.19111666666666668
2021-11-09,Materials,0.296,64.8,0.20174
2021-11-10,Materials,0.4282333333333333,71.41,0.296
2021-11-11,Materials,0.00385,50.19,0.4282333333333333
2021-11-12,Materials,0.07162222222222221,53.58,0.00385
2021-11-15,Materials,0.19195,59.6,0.07162222222222221
2021-11-16,Materials,0.1469375,57.35,0.19195
2021-11-17,Materials,0.02065,51.03,0.1469375
2021-11-18,Materials,0.0077,50.39,0.02065
2021-11-19,Materials,-0.0058,49.71,0.0077
2021-11-22,Materials,0.14226,57.11,-0.0058
2021-11-23,Materials,0.1372,56.86,0.14226
2021-11-24,Materials,0.0034333333333333334,50.17,0.1372
2021-11-26,Materials,0.0,50.0,0.0034333333333333334
2021-11-29,Materials,0.0903,54.52,0.0
2021-11-30,Materials,0.014499999999999999,50.72,0.0903
2021-12-01,Materials,-0.24866666666666667,37.57,0.014499999999999999
2021-12-02,Materials,-0.09213333333333333,45.39,-0.24866666666666667
2021-12-03,Materials,0.014491666666666667,50.72,-0.09213333333333333
2021-12-06,Materials,0.1085,55.42,0.014491666666666667
2021-12-07,Materials,0.00775,50.39,0.1085
2021-12-08,Materials,0.22255,61.13,0.00775
2021-12-09,Materials,0.13226,56.61,0.22255
2021-12-10,Materials,0.3442,67.21,0.13226
2021-12-13,Materials,0.00385,50.19,0.3442
2021-12-14,Materials,0.03689166666666667,51.84,0.00385
2021-12-15,Materials,0.06605833333333334,53.3,0.03689166666666667
2021-12-16,Materials,-0.06575,46.71,0.06605833333333334
2021-12-17,Materials,-0.3612,31.94,-0.06575
2021-12-20,Materials,0.0103,50.52,-0.3612
2021-12-23,Materials,0.05221,52.61,0.0103
2021-12-27,Materials,0.0,50.0,0.05221
2021-12-28,Materials,0.23226875,61.61,0.0
2021-12-29,Materials,0.3726,68.63,0.23226875
2021-12-30,Materials,0.18309999999999998,59.16,0.3726
2022-01-03,Materials,0.01095,50.55,0.18309999999999998
2022-01-04,Materials,0.00225,50.11,0.01095
2022-01-05,Materials,0.0021333333333333334,50.11,0.00225
2022-01-06,Materials,0.12504444444444443,56.25,0.0021333333333333334
2022-01-07,Materials,0.38155,69.08,0.12504444444444443
2022-01-10,Materials,0.28595,64.3,0.38155
2022-01-11,Materials,0.0,50.0,0.28595
2022-01-12,Materials,0.00775,50.39,0.0
2022-01-13,Materials,0.17601666666666668,58.8,0.00775
2022-01-14,Materials,0.34459999999999996,67.23,0.17601666666666668
2022-01-18,Materials,0.07976666666666667,53.99,0.34459999999999996
2022-01-19,Materials,0.10936111111111112,55.47,0.07976666666666667
2022-01-20,Materials,-0.046275,47.69,0.10936111111111112
2022-01-21,Materials,0.009783333333333333,50.49,-0.046275
2022-01-24,Materials,0.11579999999999999,55.79,0.009783333333333333
2022-01-25,Materials,0.093625,54.68,0.11579999999999999
2022-01-26,Materials,0.00365,50.18,0.093625
2022-01-27,Materials,0.1316125,56.58,0.00365
2022-01-28,Materials,0.0,50.0,0.1316125
2022-01-31,Materials,-0.1144,44.28,0.0
2022-02-01,Materials,0.16976666666666665,58.49,-0.1144
2022-02-02,Materials,0.2424666666666667,62.12,0.16976666666666665
2022-02-03,Materials,-0.023566666666666663,48.82,0.2424666666666667
2022-02-04,Materials,0.0029,50.14,-0.023566666666666663
2022-02-07,Materials,0.29225,64.61,0.0029
2022-02-08,Materials,-0.03724090909090909,48.14,0.29225
2022-02-09,Materials,0.01355,50.68,-0.03724090909090909
2022-02-10,Materials,0.0683,53.42,0.01355
2022-02-11,Materials,0.0223,51.12,0.0683
2022-02-14,Materials,0.3506,67.53,0.0223
2022-02-15,Materials,0.0,50.0,0.3506
2022-02-16,Materials,0.0008666666666666672,50.04,0.0
2022-02-17,Materials,0.0588,52.94,0.0008666666666666672
2022-02-18,Materials,-0.045989999999999996,47.7,0.0588
2022-02-22,Materials,0.149175,57.46,-0.045989999999999996
2022-02-23,Materials,0.10432499999999999,55.22,0.149175
2022-02-24,Materials,-0.07085000000000001,46.46,0.10432499999999999
2022-02-25,Materials,0.004316666666666667,50.22,-0.07085000000000001
2022-02-28,Materials,-0.11223333333333334,44.39,0.004316666666666667
2022-03-01,Materials,0.13093333333333332,56.55,-0.11223333333333334
2022-03-02,Materials,0.47155,73.58,0.13093333333333332
2022-03-03,Materials,0.0077,50.39,0.47155
2022-03-04,Materials,-0.001800000000000003,49.91,0.0077
2022-03-07,Materials,0.005475000000000001,50.27,-0.001800000000000003
2022-03-08,Materials,0.06419166666666667,53.21,0.005475000000000001
2022-03-09,Materials,0.004299999999999999,50.22,0.06419166666666667
2022-03-10,Materials,0.04768,52.38,0.004299999999999999
2022-03-11,Materials,0.15254444444444445,57.63,0.04768
2022-03-14,Materials,0.13085,56.54,0.15254444444444445
2022-03-15,Materials,0.2801,64.0,0.13085
2022-03-16,Materials,0.30905,65.45,0.2801
2022-03-17,Materials,0.09960000000000001,54.98,0.30905
2022-03-18,Materials,0.1138125,55.69,0.09960000000000001
2022-03-21,Materials,0.17706666666666665,58.85,0.1138125
2022-03-22,Materials,0.20753333333333335,60.38,0.17706666666666665
2022-03-23,Materials,-0.3705,31.48,0.20753333333333335
2022-03-24,Materials,0.189,59.45,-0.3705
2022-03-25,Materials,0.27928333333333333,63.96,0.189
2022-03-28,Materials,0.11763333333333335,55.88,0.27928333333333333
2022-03-29,Materials,-0.05333333333333334,47.33,0.11763333333333335
2022-03-30,Materials,0.11893333333333334,55.95,-0.05333333333333334
2022-03-31,Materials,0.2278,61.39,0.11893333333333334
2022-04-01,Materials,0.3327333333333333,66.64,0.2278
2022-04-04,Materials,0.06988333333333334,53.49,0.3327333333333333
2022-04-05,Materials,-0.0332375,48.34,0.06988333333333334
2022-04-06,Materials,0.2138875,60.69,-0.0332375
2022-04-07,Materials,0.28415,64.21,0.2138875
2022-04-08,Materials,0.032233333333333336,51.61,0.28415
2022-04-11,Materials,0.07988333333333333,53.99,0.032233333333333336
2022-04-12,Materials,0.11413458333333334,55.71,0.07988333333333333
2022-04-13,Materials,0.15054166666666668,57.53,0.11413458333333334
2022-04-14,Materials,0.10878333333333332,55.44,0.15054166666666668
2022-04-18,Materials,0.207655,60.38,0.10878333333333332
2022-04-19,Materials,0.0452125,52.26,0.207655
2022-04-20,Materials,0.026797777777777778,51.34,0.0452125
2022-04-21,Materials,0.0697888888888889,53.49,0.026797777777777778
2022-04-22,Materials,-0.0017694444444444465,49.91,0.0697888888888889
2022-04-25,Materials,0.18767333333333333,59.38,-0.0017694444444444465
2022-04-26,Materials,0.03384687500000002,51.69,0.18767333333333333
2022-04-27,Materials,0.179875,58.99,0.03384687500000002
2022-04-28,Materials,0.06530000000000001,53.26,0.179875
2022-04-29,Materials,0.3622,68.11,0.06530000000000001
2022-05-02,Materials,-0.05553333333333333,47.22,0.3622
2022-05-03,Materials,-0.12738888888888888,43.63,-0.05553333333333333
2022-05-04,Materials,-0.20939999999999998,39.53,-0.12738888888888888
2022-05-05,Materials,0.08627499999999999,54.31,-0.20939999999999998
2022-05-06,Materials,0.07498333333333333,53.75,0.08627499999999999
2022-05-09,Materials,0.02585,51.29,0.07498333333333333
2022-05-10,Materials,0.343225,67.16,0.02585
2022-05-11,Materials,0.0168,50.84,0.343225
2022-05-12,Materials,0.09805833333333333,54.9,0.0168
2022-05-13,Materials,0.094175,54.71,0.09805833333333333
2022-05-16,Materials,0.10314999999999999,55.16,0.094175
2022-05-17,Materials,0.026818750000000002,51.34,0.10314999999999999
2022-05-18,Materials,0.0,50.0,0.026818750000000002
2022-05-19,Materials,-0.03581111111111112,48.21,0.0
2022-05-20,Materials,0.12805,56.4,-0.03581111111111112
2022-05-23,Materials,0.2597083333333334,62.99,0.12805
2022-05-24,Materials,-0.1806,40.97,0.2597083333333334
2022-05-25,Materials,-0.03282222222222223,48.36,-0.1806
2022-05-26,Materials,-0.06080000000000001,46.96,-0.03282222222222223
2022-05-27,Materials,-0.1858,40.71,-0.06080000000000001
2022-05-31,Materials,0.055066666666666673,52.75,-0.1858
2022-06-01,Materials,0.0747625,53.74,0.055066666666666673
2022-06-02,Materials,-0.21093333333333333,39.45,0.0747625
2022-06-03,Materials,0.0013,50.07,-0.21093333333333333
2022-06-06,Materials,0.0574,52.87,0.0013
2022-06-07,Materials,-0.134825,43.26,0.0574
2022-06-08,Materials,0.072925,53.65,-0.134825
2022-06-09,Materials,0.1376,56.88,0.072925
2022-06-10,Materials,0.01637777777777778,50.82,0.1376
2022-06-13,Materials,0.088725,54.44,0.01637777777777778
2022-06-14,Materials,0.1062125,55.31,0.088725
2022-06-15,Materials,0.2430675,62.15,0.1062125
2022-06-16,Materials,0.12678,56.34,0.2430675
2022-06-17,Materials,0.030099999999999995,51.5,0.12678
2022-06-21,Materials,-0.0004749999999999893,49.98,0.030099999999999995
2022-06-22,Materials,0.06826111111111112,53.41,-0.0004749999999999893
2022-06-23,Materials,0.05324666666666668,52.66,0.06826111111111112
2022-06-24,Materials,0.0,50.0,0.05324666666666668
2022-06-27,Materials,0.223665,61.18,0.0
2022-06-28,Materials,0.24806666666666669,62.4,0.223665
2022-06-29,Materials,0.08887500000000001,54.44,0.24806666666666669
2022-06-30,Materials,0.1977,59.88,0.08887500000000001
2022-07-01,Materials,0.20095,60.05,0.1977
2022-07-05,Materials,0.34056041666666664,67.03,0.20095
2022-07-06,Materials,0.102425,55.12,0.34056041666666664
2022-07-07,Materials,-0.04449999999999999,47.78,0.102425
2022-07-08,Materials,0.09922500000000001,54.96,-0.04449999999999999
2022-07-11,Materials,-0.04311,47.84,0.09922500000000001
2022-07-12,Materials,0.0,50.0,-0.04311
2022-07-13,Materials,0.06795000000000001,53.4,0.0
2022-07-14,Materials,-0.03629166666666666,48.19,0.06795000000000001
2022-07-15,Materials,-0.0052,49.74,-0.03629166666666666
2022-07-18,Materials,0.15819166666666667,57.91,-0.0052
2022-07-19,Materials,0.08720000000000001,54.36,0.15819166666666667
2022-07-20,Materials,0.18068333333333333,59.03,0.08720000000000001
2022-07-21,Materials,0.06378214285714286,53.19,0.18068333333333333
2022-07-22,Materials,-0.05175,47.41,0.06378214285714286
2022-07-25,Materials,0.12128862745098039,56.06,-0.05175
2022-07-26,Materials,-0.0432875,47.84,0.12128862745098039
2022-07-27,Materials,0.11760714285714287,55.88,-0.0432875
2022-07-28,Materials,0.16163333333333332,58.08,0.11760714285714287
2022-07-29,Materials,0.024550000000000002,51.23,0.16163333333333332
2022-08-01,Materials,0.0,50.0,0.024550000000000002
2022-08-02,Materials,0.02265333333333334,51.13,0.0
2022-08-03,Materials,0.10813333333333332,55.41,0.02265333333333334
2022-08-04,Materials,-0.02903000000000001,48.55,0.10813333333333332
2022-08-05,Materials,0.2558,62.79,-0.02903000000000001
2022-08-08,Materials,0.35555000000000003,67.78,0.2558
2022-08-09,Materials,0.0194,50.97,0.35555000000000003
2022-08-10,Materials,0.02325,51.16,0.0194
2022-08-15,Materials,0.06235000000000001,53.12,0.02325
2022-08-16,Materials,0.0153375,50.77,0.06235000000000001
2022-08-17,Materials,0.066,53.3,0.0153375
2022-08-18,Materials,0.004175,50.21,0.066
2022-08-22,Materials,-0.040562499999999994,47.97,0.004175
2022-08-23,Materials,0.0014333333333333333,50.07,-0.040562499999999994
2022-08-24,Materials,-0.17675000000000002,41.16,0.0014333333333333333
2022-08-25,Materials,-0.0072250000000000005,49.64,-0.17675000000000002
2022-08-26,Materials,0.0077333333333333325,50.39,-0.0072250000000000005
2022-08-29,Materials,-0.20296666666666666,39.85,0.0077333333333333325
2022-08-30,Materials,-0.006383333333333334,49.68,-0.20296666666666666
2022-08-31,Materials,-0.21081666666666665,39.46,-0.006383333333333334
2022-09-01,Materials,0.0058,50.29,-0.21081666666666665
2022-09-02,Materials,0.1027,55.14,0.0058
2022-09-06,Materials,0.0025666666666666667,50.13,0.1027
2022-09-07,Materials,0.010849999999999999,50.54,0.0025666666666666667
2022-09-08,Materials,0.11655,55.83,0.010849999999999999
2022-09-09,Materials,0.1955,59.78,0.11655
2022-09-12,Materials,-0.0922625,45.39,0.1955
2022-09-13,Materials,0.0,50.0,-0.0922625
2022-09-14,Materials,0.08204305555555556,54.1,0.0
2022-09-15,Materials,-0.06730000000000001,46.64,0.08204305555555556
2022-09-16,Materials,0.0097,50.48,-0.06730000000000001
2022-09-19,Materials,0.004949999999999996,50.25,0.0097
2022-09-21,Materials,0.004400000000000007,50.22,0.004949999999999996
2022-09-22,Materials,0.08626666666666666,54.31,0.004400000000000007
2022-09-23,Materials,0.08299166666666666,54.15,0.08626666666666666
2022-09-26,Materials,0.10157777777777777,55.08,0.08299166666666666
2022-09-27,Materials,-0.0039,49.8,0.10157777777777777
2022-09-28,Materials,-0.14049166666666665,42.98,-0.0039
2022-09-29,Materials,0.0,50.0,-0.14049166666666665
2022-09-30,Materials,0.08627222222222224,54.31,0.0
2022-10-03,Materials,0.004333333333333333,50.22,0.08627222222222224
2022-10-04,Materials,0.2097,60.48,0.004333333333333333
2022-10-05,Materials,-0.08093333333333334,45.95,0.2097
2022-10-06,Materials,-0.18756666666666666,40.62,-0.08093333333333334
2022-10-07,Materials,0.34299999999999997,67.15,-0.18756666666666666
2022-10-10,Materials,0.04175000000000001,52.09,0.34299999999999997
2022-10-11,Materials,0.0023666666666666667,50.12,0.04175000000000001
2022-10-12,Materials,0.34,67.0,0.0023666666666666667
2022-10-13,Materials,-0.174475,41.28,0.34
2022-10-14,Materials,0.00775,50.39,-0.174475
2022-10-17,Materials,-0.15116249999999998,42.44,0.00775
2022-10-18,Materials,0.08451111111111109,54.23,-0.15116249999999998
2022-10-19,Materials,-0.00021666666666666666,49.99,0.08451111111111109
2022-10-20,Materials,0.02410666666666667,51.21,-0.00021666666666666666
2022-10-21,Materials,0.27390000000000003,63.7,0.02410666666666667
2022-10-24,Materials,0.13295416666666668,56.65,0.27390000000000003
2022-10-25,Materials,-0.11065555555555555,44.47,0.13295416666666668
2022-10-26,Materials,0.0021000000000000185,50.1,-0.11065555555555555
2022-10-27,Materials,0.0101,50.5,0.0021000000000000185
2022-10-28,Materials,0.0097,50.48,0.0101
2022-10-31,Materials,0.0129,50.64,0.0097
2022-11-01,Materials,-0.235425,38.23,0.0129
2022-11-02,Materials,-0.06616666666666668,46.69,-0.235425
2022-11-03,Materials,-0.2051166666666667,39.74,-0.06616666666666668
2022-11-07,Materials,0.045925,52.3,-0.2051166666666667
2022-11-08,Materials,0.02404047619047619,51.2,0.045925
2022-11-09,Materials,0.00065,50.03,0.02404047619047619
2022-11-10,Materials,0.0029000000000000007,50.14,0.00065
2022-11-11,Materials,0.10970833333333334,55.49,0.0029000000000000007
2022-11-14,Materials,0.21888333333333335,60.94,0.10970833333333334
2022-11-15,Materials,0.2123375,60.62,0.21888333333333335
2022-11-17,Materials,0.3939,69.69,0.2123375
2022-11-18,Materials,0.21720000000000003,60.86,0.3939
2022-11-21,Materials,0.05648333333333333,52.82,0.21720000000000003
2022-11-22,Materials,0.0,50.0,0.05648333333333333
2022-11-23,Materials,0.1837,59.18,0.0
2022-11-25,Materials,0.3612,68.06,0.1837
2022-11-28,Materials,0.0219,51.1,0.3612
2022-11-29,Materials,0.006783333333333333,50.34,0.0219
2022-11-30,Materials,0.01446,50.72,0.006783333333333333
2022-12-01,Materials,0.10864166666666669,55.43,0.01446
2022-12-02,Materials,-0.00385,49.81,0.10864166666666669
2022-12-05,Materials,0.0045,50.22,-0.00385
2022-12-06,Materials,0.12098333333333333,56.05,0.0045
2022-12-08,Materials,0.3506,67.53,0.12098333333333333
2022-12-09,Materials,0.098,54.9,0.3506
2022-12-12,Materials,-0.1858,40.71,0.098
2022-12-13,Materials,0.09997500000000001,55.0,-0.1858
2022-12-14,Materials,0.061066666666666665,53.05,0.09997500000000001
2022-12-15,Materials,0.10322500000000001,55.16,0.061066666666666665
2022-12-16,Materials,-0.6597,17.02,0.10322500000000001
2022-12-19,Materials,0.01915,50.96,-0.6597
2022-12-20,Materials,0.09786249999999999,54.89,0.01915
2022-12-21,Materials,-0.04193333333333333,47.9,0.09786249999999999
2022-12-22,Materials,0.00905,50.45,-0.04193333333333333
2022-12-23,Materials,0.0,50.0,0.00905
2022-12-27,Materials,0.17970000000000003,58.98,0.0
2022-12-28,Materials,0.00775,50.39,0.17970000000000003
2022-12-29,Materials,-0.082875,45.86,0.00775
2022-12-30,Materials,-0.1591,42.04,-0.082875
2023-01-03,Materials,0.09417500000000001,54.71,-0.1591
2023-01-04,Materials,0.008700000000000001,50.43,0.09417500000000001
2023-01-05,Materials,0.14300000000000002,57.15,0.008700000000000001
2023-01-06,Materials,0.12858333333333333,56.43,0.14300000000000002
2023-01-09,Materials,0.06652,53.33,0.12858333333333333
2023-01-10,Materials,0.011166666666666667,50.56,0.06652
2023-01-11,Materials,0.27190416666666667,63.6,0.011166666666666667
2023-01-12,Materials,0.136275,56.81,0.27190416666666667
2023-01-13,Materials,0.21714000000000003,60.86,0.136275
2023-01-17,Materials,0.1391888888888889,56.96,0.21714000000000003
2023-01-18,Materials,0.08274166666666666,54.14,0.1391888888888889
2023-01-19,Materials,0.16712916666666666,58.36,0.08274166666666666
2023-01-20,Materials,0.11575555555555557,55.79,0.16712916666666666
2023-01-23,Materials,0.0548888888888889,52.74,0.11575555555555557
2023-01-24,Materials,0.15926666666666667,57.96,0.0548888888888889
2023-01-25,Materials,-0.047682666666666665,47.62,0.15926666666666667
2023-01-26,Materials,0.11262785714285713,55.63,-0.047682666666666665
2023-01-27,Materials,0.02195,51.1,0.11262785714285713
2023-01-30,Materials,0.0124125,50.62,0.02195
2023-01-31,Materials,-0.08048333333333334,45.98,0.0124125
2023-02-01,Materials,0.0,50.0,-0.08048333333333334
2023-02-02,Materials,-0.07637499999999998,46.18,0.0
2023-02-03,Materials,0.031035,51.55,-0.07637499999999998
2023-02-06,Materials,0.09207499999999999,54.6,0.031035
2023-02-07,Materials,-0.06162333333333333,46.92,0.09207499999999999
2023-02-08,Materials,0.0073,50.36,-0.06162333333333333
2023-02-09,Materials,-0.07975,46.01,0.0073
2023-02-10,Materials,-0.043774999999999994,47.81,-0.07975
2023-02-13,Materials,-0.037387500000000004,48.13,-0.043774999999999994
2023-02-14,Materials,0.0034333333333333334,50.17,-0.037387500000000004
2023-02-15,Materials,0.0583,52.92,0.0034333333333333334
2023-02-16,Materials,0.12221249999999999,56.11,0.0583
2023-02-17,Materials,0.035866666666666665,51.79,0.12221249999999999
2023-02-21,Materials,0.05331666666666667,52.67,0.035866666666666665
2023-02-22,Materials,0.05766111111111111,52.88,0.05331666666666667
2023-02-23,Materials,0.055904166666666665,52.8,0.05766111111111111
2023-02-24,Materials,0.14731666666666668,57.37,0.055904166666666665
2023-02-27,Materials,0.0948875,54.74,0.14731666666666668
2023-02-28,Materials,0.0194,50.97,0.0948875
2023-03-01,Materials,0.15574000000000002,57.79,0.0194
2023-03-02,Materials,-0.05559166666666667,47.22,0.15574000000000002
2023-03-03,Materials,0.04084,52.04,-0.05559166666666667
2023-03-06,Materials,0.05233750000000001,52.62,0.04084
2023-03-07,Materials,0.07394999999999999,53.7,0.05233750000000001
2023-03-08,Materials,0.058258333333333336,52.91,0.07394999999999999
2023-03-09,Materials,-0.03462777777777778,48.27,0.058258333333333336
2023-03-10,Materials,-0.0783375,46.08,-0.03462777777777778
2023-03-13,Materials,0.06287999999999998,53.14,-0.0783375
2023-03-14,Materials,0.12893125,56.45,0.06287999999999998
2023-03-15,Materials,0.03200363636363636,51.6,0.12893125
2023-03-16,Materials,0.15726666666666667,57.86,0.03200363636363636
2023-03-17,Materials,0.05489404761904762,52.74,0.15726666666666667
2023-03-20,Materials,0.10405000000000002,55.2,0.05489404761904762
2023-03-21,Materials,0.1487725,57.44,0.10405000000000002
2023-03-22,Materials,0.12401666666666666,56.2,0.1487725
2023-03-23,Materials,0.03135416666666666,51.57,0.12401666666666666
2023-03-24,Materials,0.009,50.45,0.03135416666666666
2023-03-27,Materials,0.05888333333333334,52.94,0.009
2023-03-28,Materials,0.386625,69.33,0.05888333333333334
2023-03-29,Materials,0.08983333333333333,54.49,0.386625
2023-03-30,Materials,0.18655555555555556,59.33,0.08983333333333333
2023-03-31,Materials,-0.04208333333333333,47.9,0.18655555555555556
2023-04-03,Materials,-0.040725000000000004,47.96,-0.04208333333333333
2023-04-04,Materials,0.008944444444444444,50.45,-0.040725000000000004
2023-04-05,Materials,0.23063333333333336,61.53,0.008944444444444444
2023-04-06,Materials,0.1177,55.88,0.23063333333333336
2023-04-10,Materials,0.1895857142857143,59.48,0.1177
2023-04-11,Materials,0.03225833333333333,51.61,0.1895857142857143
2023-04-12,Materials,0.0,50.0,0.03225833333333333
2023-04-13,Materials,-0.0880875,45.6,0.0
2023-04-14,Materials,0.08255,54.13,-0.0880875
2023-04-17,Materials,0.20604999999999998,60.3,0.08255
2023-04-18,Materials,0.051775000000000015,52.59,0.20604999999999998
2023-04-19,Materials,-0.02153888888888889,48.92,0.051775000000000015
2023-04-20,Materials,0.06340885714285714,53.17,-0.02153888888888889
2023-04-21,Materials,0.16222916666666667,58.11,0.06340885714285714
2023-04-24,Materials,0.01085,50.54,0.16222916666666667
2023-04-25,Materials,0.11416476190476191,55.71,0.01085
2023-04-26,Materials,-0.06844875,46.58,0.11416476190476191
2023-04-27,Materials,0.06790666666666667,53.4,-0.06844875
2023-04-28,Materials,0.051074999999999995,52.55,0.06790666666666667
2023-05-01,Materials,0.03591666666666667,51.8,0.051074999999999995
2023-05-02,Materials,-0.01364,49.32,0.03591666666666667
2023-05-03,Materials,-0.28154999999999997,35.92,-0.01364
2023-05-04,Materials,0.006322916666666668,50.32,-0.28154999999999997
2023-05-05,Materials,-0.1054,44.73,0.006322916666666668
2023-05-08,Materials,0.2989625,64.95,-0.1054
2023-05-09,Materials,-0.0039,49.8,0.2989625
2023-05-10,Materials,0.0129,50.64,-0.0039
2023-05-11,Materials,0.07077,53.54,0.0129
2023-05-12,Materials,0.0,50.0,0.07077
2023-05-15,Materials,0.16637142857142856,58.32,0.0
2023-05-16,Materials,0.1252777777777778,56.26,0.16637142857142856
2023-05-17,Materials,0.0070999999999999995,50.36,0.1252777777777778
2023-05-18,Materials,0.047723749999999995,52.39,0.0070999999999999995
2023-05-19,Materials,0.12513333333333335,56.26,0.047723749999999995
2023-05-22,Materials,0.09580999999999999,54.79,0.12513333333333335
2023-05-23,Materials,0.052386666666666665,52.62,0.09580999999999999
2023-05-24,Materials,0.00675,50.34,0.052386666666666665
2023-05-25,Materials,0.007558666666666663,50.38,0.00675
2023-05-26,Materials,0.011555555555555574,50.58,0.007558666666666663
2023-05-30,Materials,0.03416666666666667,51.71,0.011555555555555574
2023-05-31,Materials,0.13343333333333332,56.67,0.03416666666666667
2023-06-01,Materials,-0.040119999999999996,47.99,0.13343333333333332
2023-06-02,Materials,0.18008214285714289,59.0,-0.040119999999999996
2023-06-05,Materials,0.19804444444444444,59.9,0.18008214285714289
2023-06-06,Materials,0.06369999999999999,53.18,0.19804444444444444
2023-06-07,Materials,-0.040400000000000005,47.98,0.06369999999999999
2023-06-08,Materials,0.03268611111111111,51.63,-0.040400000000000005
2023-06-09,Materials,0.17195000000000002,58.6,0.03268611111111111
2023-06-12,Materials,-0.0034499999999999947,49.83,0.17195000000000002
2023-06-13,Materials,0.35022916666666665,67.51,-0.0034499999999999947
2023-06-14,Materials,0.22196666666666665,61.1,0.35022916666666665
2023-06-15,Materials,0.06224,53.11,0.22196666666666665
2023-06-16,Materials,0.1259,56.3,0.06224
2023-06-20,Materials,0.05976666666666666,52.99,0.1259
2023-06-21,Materials,0.0505625,52.53,0.05976666666666666
2023-06-22,Materials,0.01846666666666667,50.92,0.0505625
2023-06-23,Materials,0.00215,50.11,0.01846666666666667
2023-06-26,Materials,0.012275,50.61,0.00215
2023-06-27,Materials,0.06954,53.48,0.012275
2023-06-28,Materials,0.1468125,57.34,0.06954
2023-06-29,Materials,0.04005666666666668,52.0,0.1468125
2023-06-30,Materials,-0.17609999999999998,41.2,0.04005666666666668
2023-07-03,Materials,0.12550000000000003,56.28,-0.17609999999999998
2023-07-05,Materials,0.11097777777777777,55.55,0.12550000000000003
2023-07-06,Materials,0.0296875,51.48,0.11097777777777777
2023-07-07,Materials,0.030406666666666665,51.52,0.0296875
2023-07-10,Materials,0.19146666666666665,59.57,0.030406666666666665
2023-07-11,Materials,-0.025169999999999998,48.74,0.19146666666666665
2023-07-12,Materials,0.13365,56.68,-0.025169999999999998
2023-07-13,Materials,0.010137499999999999,50.51,0.13365
2023-07-14,Materials,0.0,50.0,0.010137499999999999
2023-07-17,Materials,0.03971250000000001,51.99,0.0
2023-07-18,Materials,0.016360000000000006,50.82,0.03971250000000001
2023-07-19,Materials,-0.03616249999999999,48.19,0.016360000000000006
2023-07-20,Materials,-0.02780555555555556,48.61,-0.03616249999999999
2023-07-21,Materials,0.0056099999999999995,50.28,-0.02780555555555556
2023-07-24,Materials,0.038660714285714284,51.93,0.0056099999999999995
2023-07-25,Materials,0.11682218614718615,55.84,0.038660714285714284
2023-07-26,Materials,0.021655000000000008,51.08,0.11682218614718615
2023-07-27,Materials,0.007200000000000001,50.36,0.021655000000000008
2023-07-28,Materials,0.2732,63.66,0.007200000000000001
2023-08-01,Materials,0.2617125,63.09,0.2732
2023-08-02,Materials,0.005619166666666669,50.28,0.2617125
2023-08-03,Materials,-0.14401874999999997,42.8,0.005619166666666669
2023-08-07,Materials,0.3559,67.8,-0.14401874999999997
2023-08-08,Materials,0.0258,51.29,0.3559
2023-08-09,Materials,0.19761666666666666,59.88,0.0258
2023-08-10,Materials,0.044500000000000005,52.22,0.19761666666666666
2023-08-11,Materials,0.01896666666666667,50.95,0.044500000000000005
2023-08-14,Materials,0.1779277777777778,58.9,0.01896666666666667
2023-08-15,Materials,-0.004810000000000007,49.76,0.1779277777777778
2023-08-17,Materials,0.036250000000000004,51.81,-0.004810000000000007
2023-08-18,Materials,-0.08135,45.93,0.036250000000000004
2023-08-21,Materials,-0.006905952380952379,49.65,-0.08135
2023-08-22,Materials,-0.015229166666666667,49.24,-0.006905952380952379
2023-08-23,Materials,-0.18385,40.81,-0.015229166666666667
2023-08-24,Materials,0.05790000000000001,52.9,-0.18385
2023-08-25,Materials,0.24022222222222223,62.01,0.05790000000000001
2023-08-28,Materials,0.3065833333333333,65.33,0.24022222222222223
2023-08-29,Materials,0.0,50.0,0.3065833333333333
2023-08-30,Materials,0.37221666666666664,68.61,0.0
2023-08-31,Materials,0.0854,54.27,0.37221666666666664
2023-09-01,Materials,0.05755,52.88,0.0854
2023-09-05,Materials,0.044104166666666667,52.21,0.05755
2023-09-06,Materials,0.1335,56.68,0.044104166666666667
2023-09-07,Materials,0.0433125,52.17,0.1335
2023-09-08,Materials,0.02650833333333333,51.33,0.0433125
2023-09-11,Materials,0.01109,50.55,0.02650833333333333
2023-09-12,Materials,0.005975,50.3,0.01109
2023-09-13,Materials,0.10455,55.23,0.005975
2023-09-14,Materials,-0.239325,38.03,0.10455
2023-09-15,Materials,-0.024256250000000004,48.79,-0.239325
2023-09-18,Materials,0.005452499999999997,50.27,-0.024256250000000004
2023-09-19,Materials,0.004716666666666667,50.24,0.005452499999999997
2023-09-20,Materials,0.11825000000000001,55.91,0.004716666666666667
2023-09-21,Materials,0.0164625,50.82,0.11825000000000001
2023-09-22,Materials,0.09390000000000001,54.7,0.0164625
2023-09-25,Materials,0.052254166666666664,52.61,0.09390000000000001
2023-09-26,Materials,0.00385,50.19,0.052254166666666664
2023-09-27,Materials,0.09271333333333334,54.64,0.00385
2023-09-28,Materials,0.149575,57.48,0.09271333333333334
2023-09-29,Materials,0.0,50.0,0.149575
2023-10-02,Materials,0.14262,57.13,0.0
2023-10-03,Materials,0.09897142857142857,54.95,0.14262
2023-10-04,Materials,0.04591666666666667,52.3,0.09897142857142857
2023-10-05,Materials,0.073975,53.7,0.04591666666666667
2023-10-06,Materials,0.45705,72.85,0.073975
2023-10-09,Materials,-0.031050000000000005,48.45,0.45705
2023-10-10,Materials,0.090025,54.5,-0.031050000000000005
2023-10-11,Materials,0.11408333333333333,55.7,0.090025
2023-10-12,Materials,0.1202125,56.01,0.11408333333333333
2023-10-13,Materials,0.2537333333333333,62.69,0.1202125
2023-10-16,Materials,0.19014166666666665,59.51,0.2537333333333333
2023-10-17,Materials,0.31253333333333333,65.63,0.19014166666666665
2023-10-18,Materials,-0.08380833333333335,45.81,0.31253333333333333
2023-10-19,Materials,0.139875,56.99,-0.08380833333333335
2023-10-20,Materials,-0.12924166666666667,43.54,0.139875
2023-10-23,Materials,-0.017963333333333335,49.1,-0.12924166666666667
2023-10-24,Materials,0.1862827380952381,59.31,-0.017963333333333335
2023-10-25,Materials,0.058325,52.92,0.1862827380952381
2023-10-26,Materials,-0.0002074999999999966,49.99,0.058325
2023-10-27,Materials,-0.008416666666666668,49.58,-0.0002074999999999966
2023-10-30,Materials,0.08152000000000001,54.08,-0.008416666666666668
2023-10-31,Materials,0.0008666666666666666,50.04,0.08152000000000001
2023-11-01,Materials,0.24841800000000003,62.42,0.0008666666666666666
2023-11-02,Materials,0.08185,54.09,0.24841800000000003
2023-11-03,Materials,0.1693,58.46,0.08185
2023-11-06,Materials,0.2582166666666667,62.91,0.1693
2023-11-07,Materials,-0.038066666666666665,48.1,0.2582166666666667
2023-11-08,Materials,-0.3243,33.78,-0.038066666666666665
2023-11-09,Materials,-0.0002187500000000002,49.99,-0.3243
2023-11-10,Materials,-0.12846666666666667,43.58,-0.0002187500000000002
2023-11-13,Materials,0.08644166666666667,54.32,-0.12846666666666667
2023-11-14,Materials,0.17455555555555555,58.73,0.08644166666666667
2023-11-15,Materials,0.010333333333333333,50.52,0.17455555555555555
2023-11-16,Materials,0.004987500000000001,50.25,0.010333333333333333
2023-11-17,Materials,0.20297500000000002,60.15,0.004987500000000001
2023-11-20,Materials,0.06916666666666667,53.46,0.20297500000000002
2023-11-21,Materials,0.010987499999999999,50.55,0.06916666666666667
2023-11-22,Materials,0.26815833333333333,63.41,0.010987499999999999
2023-11-24,Materials,0.11906875,55.95,0.26815833333333333
2023-11-27,Materials,0.0772125,53.86,0.11906875
2023-11-28,Materials,0.1119,55.59,0.0772125
2023-11-29,Materials,0.12606666666666666,56.3,0.1119
2023-11-30,Materials,0.012575000000000001,50.63,0.12606666666666666
2023-12-01,Materials,0.0936875,54.68,0.012575000000000001
2023-12-04,Materials,0.0077,50.39,0.0936875
2023-12-05,Materials,0.0,50.0,0.0077
2023-12-06,Materials,0.0042,50.21,0.0
2023-12-07,Materials,0.05012500000000001,52.51,0.0042
2023-12-08,Materials,0.18864999999999998,59.43,0.05012500000000001
2023-12-11,Materials,0.08128666666666667,54.06,0.18864999999999998
2023-12-12,Materials,-0.0772,46.14,0.08128666666666667
2023-12-13,Materials,0.14117291666666668,57.06,-0.0772
2023-12-14,Materials,-0.08675000000000001,45.66,0.14117291666666668
2023-12-15,Materials,-0.3664,31.68,-0.08675000000000001
2023-12-18,Materials,-0.15847499999999998,42.08,-0.3664
2020-01-02,RealEstate,0.02035,51.02,
2020-01-03,RealEstate,0.10686666666666667,55.34,0.02035
2020-01-06,RealEstate,0.007533333333333333,50.38,0.10686666666666667
2020-01-07,RealEstate,0.01745,50.87,0.007533333333333333
2020-01-08,RealEstate,-0.094325,45.28,0.01745
2020-01-09,RealEstate,0.0077,50.39,-0.094325
2020-01-10,RealEstate,0.01044,50.52,0.0077
2020-01-13,RealEstate,0.08673333333333333,54.34,0.01044
2020-01-14,RealEstate,0.0,50.0,0.08673333333333333
2020-01-15,RealEstate,0.0066125,50.33,0.0
2020-01-16,RealEstate,0.21320000000000003,60.66,0.0066125
2020-01-17,RealEstate,0.01675,50.84,0.21320000000000003
2020-01-21,RealEstate,0.19510000000000002,59.76,0.01675
2020-01-22,RealEstate,0.08711666666666668,54.36,0.19510000000000002
2020-01-23,RealEstate,0.37661666666666666,68.83,0.08711666666666668
2020-01-24,RealEstate,0.011408333333333333,50.57,0.37661666666666666
2020-01-27,RealEstate,0.00925,50.46,0.011408333333333333
2020-01-28,RealEstate,0.025033333333333335,51.25,0.00925
2020-01-29,RealEstate,0.013333333333333334,50.67,0.025033333333333335
2020-01-30,RealEstate,0.08198,54.1,0.013333333333333334
2020-01-31,RealEstate,0.2527333333333333,62.64,0.08198
2020-02-03,RealEstate,0.07790000000000001,53.9,0.2527333333333333
2020-02-04,RealEstate,0.02701666666666667,51.35,0.07790000000000001
2020-02-05,RealEstate,0.0034666666666666665,50.17,0.02701666666666667
2020-02-06,RealEstate,0.13933333333333334,56.97,0.0034666666666666665
2020-02-07,RealEstate,0.0097,50.48,0.13933333333333334
2020-02-10,RealEstate,0.07580416666666667,53.79,0.0097
2020-02-11,RealEstate,0.1567952380952381,57.84,0.07580416666666667
2020-02-12,RealEstate,0.027708333333333335,51.39,0.1567952380952381
2020-02-13,RealEstate,0.062655,53.13,0.027708333333333335
2020-02-14,RealEstate,0.17562750000000002,58.78,0.062655
2020-02-18,RealEstate,0.09105833333333334,54.55,0.17562750000000002
2020-02-19,RealEstate,0.18211,59.11,0.09105833333333334
2020-02-20,RealEstate,0.17867833333333333,58.93,0.18211
2020-02-21,RealEstate,0.22881250000000003,61.44,0.17867833333333333
2020-02-24,RealEstate,0.012791666666666666,50.64,0.22881250000000003
2020-02-25,RealEstate,0.049351785714285716,52.47,0.012791666666666666
2020-02-26,RealEstate,0.04047766666666667,52.02,0.049351785714285716
2020-02-27,RealEstate,0.040787500000000004,52.04,0.04047766666666667
2020-02-28,RealEstate,0.005646111111111116,50.28,0.040787500000000004
2020-03-02,RealEstate,0.1040411111111111,55.2,0.005646111111111116
2020-03-03,RealEstate,0.19210833333333333,59.61,0.1040411111111111
2020-03-04,RealEstate,0.37978333333333336,68.99,0.19210833333333333
2020-03-05,RealEstate,0.32656666666666667,66.33,0.37978333333333336
2020-03-06,RealEstate,0.005475,50.27,0.32656666666666667
2020-03-09,RealEstate,0.08831250000000002,54.42,0.005475
2020-03-10,RealEstate,0.3795,68.97,0.08831250000000002
2020-03-11,RealEstate,0.22818999999999998,61.41,0.3795
2020-03-12,RealEstate,0.10131250000000001,55.07,0.22818999999999998
2020-03-13,RealEstate,0.068,53.4,0.10131250000000001
2020-03-16,RealEstate,-0.045665625,47.72,0.068
2020-03-17,RealEstate,0.15561666666666665,57.78,-0.045665625
2020-03-18,RealEstate,0.0597,52.99,0.15561666666666665
2020-03-19,RealEstate,0.2048888888888889,60.24,0.0597
2020-03-20,RealEstate,0.002024999999999999,50.1,0.2048888888888889
2020-03-23,RealEstate,0.018699999999999998,50.93,0.002024999999999999
2020-03-24,RealEstate,0.06246875,53.12,0.018699999999999998
2020-03-25,RealEstate,0.12071111111111112,56.04,0.06246875
2020-03-26,RealEstate,0.28977916666666664,64.49,0.12071111111111112
2020-03-27,RealEstate,0.21836666666666668,60.92,0.28977916666666664
2020-03-30,RealEstate,0.2757604166666667,63.79,0.21836666666666668
2020-03-31,RealEstate,0.25233125,62.62,0.2757604166666667
2020-04-01,RealEstate,0.09127777777777775,54.56,0.25233125
2020-04-02,RealEstate,0.07301250000000001,53.65,0.09127777777777775
2020-04-03,RealEstate,0.24780000000000002,62.39,0.07301250000000001
2020-04-06,RealEstate,0.20636666666666664,60.32,0.24780000000000002
2020-04-07,RealEstate,0.1083875,55.42,0.20636666666666664
2020-04-08,RealEstate,0.5071187500000001,75.36,0.1083875
2020-04-09,RealEstate,0.23479999999999998,61.74,0.5071187500000001
2020-04-13,RealEstate,-0.03842916666666667,48.08,0.23479999999999998
2020-04-14,RealEstate,0.4728111111111111,73.64,-0.03842916666666667
2020-04-15,RealEstate,-0.13429375,43.29,0.4728111111111111
2020-04-16,RealEstate,-0.080675,45.97,-0.13429375
2020-04-17,RealEstate,0.33281666666666665,66.64,-0.080675
2020-04-20,RealEstate,0.01578333333333334,50.79,0.33281666666666665
2020-04-21,RealEstate,-0.053925000000000015,47.3,0.01578333333333334
2020-04-22,RealEstate,0.017028124999999998,50.85,-0.053925000000000015
2020-04-23,RealEstate,0.03254444444444444,51.63,0.017028124999999998
2020-04-24,RealEstate,0.0774125,53.87,0.03254444444444444
2020-04-27,RealEstate,0.014396666666666665,50.72,0.0774125
2020-04-28,RealEstate,0.011200000000000002,50.56,0.014396666666666665
2020-04-29,RealEstate,0.07883560606060606,53.94,0.011200000000000002
2020-04-30,RealEstate,0.08331250000000001,54.17,0.07883560606060606
2020-05-01,RealEstate,0.034926250000000006,51.75,0.08331250000000001
2020-05-04,RealEstate,0.08903333333333333,54.45,0.034926250000000006
2020-05-05,RealEstate,0.062079166666666664,53.1,0.08903333333333333
2020-05-06,RealEstate,0.055650000000000005,52.78,0.062079166666666664
2020-05-07,RealEstate,0.14275333333333334,57.14,0.055650000000000005
2020-05-08,RealEstate,-0.015125,49.24,0.14275333333333334
2020-05-11,RealEstate,0.093225,54.66,-0.015125
2020-05-12,RealEstate,0.025744444444444445,51.29,0.093225
2020-05-13,RealEstate,-0.19369166666666665,40.32,0.025744444444444445
2020-05-14,RealEstate,0.01544,50.77,-0.19369166666666665
2020-05-15,RealEstate,0.0078625,50.39,0.01544
2020-05-18,RealEstate,-0.04314444444444445,47.84,0.0078625
2020-05-19,RealEstate,0.37591250000000004,68.8,-0.04314444444444445
2020-05-20,RealEstate,0.046009999999999995,52.3,0.37591250000000004
2020-05-21,RealEstate,0.01615,50.81,0.046009999999999995
2020-05-22,RealEstate,0.004091666666666667,50.2,0.01615
2020-05-26,RealEstate,0.17176875,58.59,0.004091666666666667
2020-05-27,RealEstate,0.883,94.15,0.17176875
2020-05-28,RealEstate,0.19265000000000002,59.63,0.883
2020-05-29,RealEstate,0.06793333333333333,53.4,0.19265000000000002
2020-06-01,RealEstate,0.240975,62.05,0.06793333333333333
2020-06-02,RealEstate,0.10230625000000002,55.12,0.240975
2020-06-03,RealEstate,0.24596666666666667,62.3,0.10230625000000002
2020-06-04,RealEstate,0.17003333333333334,58.5,0.24596666666666667
2020-06-05,RealEstate,0.0323,51.62,0.17003333333333334
2020-06-08,RealEstate,0.025449999999999997,51.27,0.0323
2020-06-09,RealEstate,0.0348,51.74,0.025449999999999997
2020-06-10,RealEstate,0.006866666666666667,50.34,0.0348
2020-06-11,RealEstate,0.132825,56.64,0.006866666666666667
2020-06-12,RealEstate,0.5041,75.2,0.132825
2020-06-15,RealEstate,0.01225,50.61,0.5041
2020-06-16,RealEstate,0.100775,55.04,0.01225
2020-06-17,RealEstate,0.086075,54.3,0.100775
2020-06-18,RealEstate,0.13203333333333334,56.6,0.086075
2020-06-23,RealEstate,0.01915,50.96,0.13203333333333334
2020-06-24,RealEstate,-0.0045,49.78,0.01915
2020-06-26,RealEstate,0.2723,63.62,-0.0045
2020-06-29,RealEstate,0.009,50.45,0.2723
2020-06-30,RealEstate,0.36040000000000005,68.02,0.009
2020-07-01,RealEstate,0.0245,51.22,0.36040000000000005
2020-07-02,RealEstate,0.09355000000000001,54.68,0.0245
2020-07-06,RealEstate,0.02815000000000001,51.41,0.09355000000000001
2020-07-07,RealEstate,0.4717,73.58,0.02815000000000001
2020-07-08,RealEstate,-0.3071,34.65,0.4717
2020-07-09,RealEstate,0.0,50.0,-0.3071
2020-07-10,RealEstate,0.0348,51.74,0.0
2020-07-13,RealEstate,0.0323,51.62,0.0348
2020-07-14,RealEstate,0.0,50.0,0.0323
2020-07-15,RealEstate,0.04481666666666667,52.24,0.0
2020-07-20,RealEstate,0.030299999999999997,51.52,0.04481666666666667
2020-07-21,RealEstate,0.07792,53.9,0.030299999999999997
2020-07-22,RealEstate,0.01355,50.68,0.07792
2020-07-23,RealEstate,0.00485,50.24,0.01355
2020-07-24,RealEstate,0.0,50.0,0.00485
2020-07-27,RealEstate,-0.05590000000000001,47.2,0.0
2020-07-29,RealEstate,0.09859,54.93,-0.05590000000000001
2020-07-30,RealEstate,0.09356249999999999,54.68,0.09859
2020-07-31,RealEstate,0.0216,51.08,0.09356249999999999
2020-08-03,RealEstate,-0.08185,45.91,0.0216
2020-08-04,RealEstate,-0.14579999999999999,42.71,-0.08185
2020-08-05,RealEstate,0.17205,58.6,-0.14579999999999999
2020-08-06,RealEstate,0.0045,50.22,0.17205
2020-08-07,RealEstate,0.19568750000000001,59.78,0.0045
2020-08-10,RealEstate,0.0077,50.39,0.19568750000000001
2020-08-11,RealEstate,0.0181,50.9,0.0077
2020-08-12,RealEstate,0.0155,50.78,0.0181
2020-08-13,RealEstate,-0.00575,49.71,0.0155
2020-08-14,RealEstate,-0.11206666666666666,44.4,-0.00575
2020-08-17,RealEstate,0.192,59.6,-0.11206666666666666
2020-08-18,RealEstate,0.18169999999999997,59.08,0.192
2020-08-19,RealEstate,0.0168,50.84,0.18169999999999997
2020-08-20,RealEstate,0.010950000000000001,50.55,0.0168
2020-08-21,RealEstate,0.35001666666666664,67.5,0.010950000000000001
2020-08-24,RealEstate,0.01,50.5,0.35001666666666664
2020-08-25,RealEstate,0.02325,51.16,0.01
2020-08-26,RealEstate,0.02365,51.18,0.02325
2020-08-27,RealEstate,0.12396666666666667,56.2,0.02365
2020-08-28,RealEstate,0.0155,50.78,0.12396666666666667
2020-08-31,RealEstate,0.1964,59.82,0.0155
2020-09-01,RealEstate,-0.08325,45.84,0.1964
2020-09-02,RealEstate,0.0,50.0,-0.08325
2020-09-03,RealEstate,-0.009,49.55,0.0
2020-09-04,RealEstate,0.024522222222222223,51.23,-0.009
2020-09-08,RealEstate,0.025150000000000002,51.26,0.024522222222222223
2020-09-09,RealEstate,-0.3485,32.57,0.025150000000000002
2020-09-11,RealEstate,0.0097,50.48,-0.3485
2020-09-14,RealEstate,0.1948,59.74,0.0097
2020-09-15,RealEstate,0.010550000000000002,50.53,0.1948
2020-09-16,RealEstate,0.0026,50.13,0.010550000000000002
2020-09-17,RealEstate,-0.3596,32.02,0.0026
2020-09-18,RealEstate,0.009,50.45,-0.3596
2020-09-21,RealEstate,0.0026,50.13,0.009
2020-09-22,RealEstate,0.0129,50.64,0.0026
2020-09-24,RealEstate,0.0,50.0,0.0129
2020-09-28,RealEstate,0.1903,59.51,0.0
2020-09-29,RealEstate,0.0155,50.78,0.1903
2020-09-30,RealEstate,0.0271,51.36,0.0155
2020-10-05,RealEstate,0.2033,60.16,0.0271
2020-10-06,RealEstate,0.0426,52.13,0.2033
2020-10-12,RealEstate,0.0077,50.39,0.0426
2020-10-14,RealEstate,0.02,51.0,0.0077
2020-10-19,RealEstate,0.0,50.0,0.02
2020-10-20,RealEstate,0.32763333333333333,66.38,0.0
2020-10-21,RealEstate,0.01095,50.55,0.32763333333333333
2020-10-22,RealEstate,-0.13715,43.14,0.01095
2020-10-23,RealEstate,0.0,50.0,-0.13715
2020-10-26,RealEstate,0.24453333333333335,62.23,0.0
2020-10-28,RealEstate,0.0045,50.22,0.24453333333333335
2020-10-29,RealEstate,0.00775,50.39,0.0045
2020-10-30,RealEstate,0.0,50.0,0.00775
2020-11-02,RealEstate,0.1913,59.56,0.0
2020-11-03,RealEstate,0.0155,50.78,0.1913
2020-11-04,RealEstate,0.00775,50.39,0.0155
2020-11-05,RealEstate,0.022833333333333334,51.14,0.00775
2020-11-06,RealEstate,0.005475,50.27,0.022833333333333334
2020-11-09,RealEstate,0.3425,67.12,0.005475
2020-11-11,RealEstate,0.30395,65.2,0.3425
2020-11-13,RealEstate,0.2691,63.46,0.30395
2020-11-16,RealEstate,0.0387,51.93,0.2691
2020-11-18,RealEstate,0.3849,69.24,0.0387
2020-11-19,RealEstate,0.0077,50.39,0.3849
2020-11-23,RealEstate,0.009,50.45,0.0077
2020-11-24,RealEstate,0.08866666666666667,54.43,0.009
2020-11-27,RealEstate,0.0975,54.87,0.08866666666666667
2020-11-30,RealEstate,0.02323333333333333,51.16,0.0975
2020-12-01,RealEstate,0.3442,67.21,0.02323333333333333
2020-12-02,RealEstate,0.0284,51.42,0.3442
2020-12-03,RealEstate,0.2504,62.52,0.0284
2020-12-04,RealEstate,0.0,50.0,0.2504
2020-12-07,RealEstate,0.0207,51.04,0.0
2020-12-08,RealEstate,-0.3612,31.94,0.0207
2020-12-09,RealEstate,0.0142,50.71,-0.3612
2020-12-10,RealEstate,0.0451,52.26,0.0142
2020-12-11,RealEstate,0.0121125,50.61,0.0451
2020-12-14,RealEstate,0.07327,53.66,0.0121125
2020-12-15,RealEstate,0.0441375,52.21,0.07327
2020-12-16,RealEstate,0.016966666666666668,50.85,0.0441375
2020-12-17,RealEstate,0.1806,59.03,0.016966666666666668
2020-12-18,RealEstate,0.18125000000000002,59.06,0.1806
2020-12-21,RealEstate,0.024999999999999998,51.25,0.18125000000000002
2020-12-23,RealEstate,0.00065,50.03,0.024999999999999998
2020-12-24,RealEstate,0.02,51.0,0.00065
2020-12-28,RealEstate,0.0,50.0,0.02
2020-12-29,RealEstate,0.0181,50.9,0.0
2020-12-30,RealEstate,0.02248,51.12,0.0181
2020-12-31,RealEstate,0.13246666666666668,56.62,0.02248
2021-01-04,RealEstate,0.009,50.45,0.13246666666666668
2021-01-05,RealEstate,0.0059375,50.3,0.009
2021-01-06,RealEstate,0.15855,57.93,0.0059375
2021-01-07,RealEstate,0.0155,50.78,0.15855
2021-01-08,RealEstate,0.0077,50.39,0.0155
2021-01-11,RealEstate,0.3408333333333333,67.04,0.0077
2021-01-12,RealEstate,0.007333333333333334,50.37,0.3408333333333333
2021-01-13,RealEstate,0.36395,68.2,0.007333333333333334
2021-01-14,RealEstate,0.0077,50.39,0.36395
2021-01-15,RealEstate,0.1031125,55.16,0.0077
2021-01-19,RealEstate,0.18705000000000002,59.35,0.1031125
2021-01-20,RealEstate,0.0884375,54.42,0.18705000000000002
2021-01-25,RealEstate,0.08065,54.03,0.0884375
2021-01-26,RealEstate,0.09525833333333333,54.76,0.08065
2021-01-27,RealEstate,0.17840000000000003,58.92,0.09525833333333333
2021-01-28,RealEstate,0.108825,55.44,0.17840000000000003
2021-01-29,RealEstate,0.043425,52.17,0.108825
2021-02-01,RealEstate,0.0236,51.18,0.043425
2021-02-02,RealEstate,0.008577777777777778,50.43,0.0236
2021-02-03,RealEstate,0.07441666666666667,53.72,0.008577777777777778
2021-02-04,RealEstate,0.0,50.0,0.07441666666666667
2021-02-05,RealEstate,0.1977,59.88,0.0
2021-02-08,RealEstate,0.11366666666666668,55.68,0.1977
2021-02-09,RealEstate,-0.0013,49.94,0.11366666666666668
2021-02-11,RealEstate,0.06372000000000001,53.19,-0.0013
2021-02-12,RealEstate,0.20155,60.08,0.06372000000000001
2021-02-16,RealEstate,0.0271,51.36,0.20155
2021-02-17,RealEstate,0.011600000000000001,50.58,0.0271
2021-02-19,RealEstate,0.06225,53.11,0.011600000000000001
2021-02-22,RealEstate,0.12453333333333333,56.23,0.06225
2021-02-23,RealEstate,0.129,56.45,0.12453333333333333
2021-02-24,RealEstate,0.170425,58.52,0.129
2021-02-25,RealEstate,0.008266666666666667,50.41,0.170425
2021-02-26,RealEstate,0.014199999999999999,50.71,0.008266666666666667
2021-03-01,RealEstate,0.19058750000000002,59.53,0.014199999999999999
2021-03-02,RealEstate,0.0155,50.78,0.19058750000000002
2021-03-03,RealEstate,0.0064444444444444445,50.32,0.0155
2021-03-04,RealEstate,0.5537,77.68,0.0064444444444444445
2021-03-05,RealEstate,0.011200000000000002,50.56,0.5537
2021-03-08,RealEstate,0.031733333333333356,51.59,0.011200000000000002
2021-03-10,RealEstate,0.1962,59.81,0.031733333333333356
2021-03-11,RealEstate,0.0194,50.97,0.1962
2021-03-12,RealEstate,0.12040000000000001,56.02,0.0194
2021-03-15,RealEstate,0.20750000000000002,60.38,0.12040000000000001
2021-03-16,RealEstate,0.19227499999999997,59.61,0.20750000000000002
2021-03-17,RealEstate,0.003225,50.16,0.19227499999999997
2021-03-18,RealEstate,0.01805,50.9,0.003225
2021-03-23,RealEstate,0.00775,50.39,0.01805
2021-03-25,RealEstate,0.017725,50.89,0.00775
2021-03-29,RealEstate,0.0303125,51.52,0.017725
2021-03-30,RealEstate,0.1255666666666667,56.28,0.0303125
2021-03-31,RealEstate,0.0077,50.39,0.1255666666666667
2021-04-01,RealEstate,-0.0765,46.18,0.0077
2021-04-05,RealEstate,0.0008666666666666666,50.04,-0.0765
2021-04-06,RealEstate,0.4897,74.48,0.0008666666666666666
2021-04-07,RealEstate,0.4157,70.78,0.4897
2021-04-08,RealEstate,0.0,50.0,0.4157
2021-04-09,RealEstate,0.0,50.0,0.0
2021-04-12,RealEstate,0.36605,68.3,0.0
2021-04-13,RealEstate,0.0077,50.39,0.36605
2021-04-14,RealEstate,0.1806,59.03,0.0077
2021-04-15,RealEstate,0.032100000000000004,51.6,0.1806
2021-04-16,RealEstate,0.0,50.0,0.032100000000000004
2021-04-19,RealEstate,0.09025,54.51,0.0
2021-04-21,RealEstate,0.094175,54.71,0.09025
2021-04-22,RealEstate,0.1515,57.58,0.094175
2021-04-23,RealEstate,0.3839,69.2,0.1515
2021-04-26,RealEstate,0.057499999999999996,52.88,0.3839
2021-04-28,RealEstate,0.17926666666666669,58.96,0.057499999999999996
2021-04-29,RealEstate,0.10342666666666667,55.17,0.17926666666666669
2021-04-30,RealEstate,0.12684444444444445,56.34,0.10342666666666667
2021-05-03,RealEstate,0.27299999999999996,63.65,0.12684444444444445
2021-05-05,RealEstate,0.027125000000000003,51.36,0.27299999999999996
2021-05-06,RealEstate,0.004250000000000004,50.21,0.027125000000000003
2021-05-11,RealEstate,0.5803,79.02,0.004250000000000004
2021-05-12,RealEstate,0.1618,58.09,0.5803
2021-05-13,RealEstate,0.012933333333333333,50.65,0.1618
2021-05-17,RealEstate,0.0,50.0,0.012933333333333333
2021-05-18,RealEstate,0.0181,50.9,0.0
2021-05-19,RealEstate,0.0,50.0,0.0181
2021-05-24,RealEstate,0.210125,60.51,0.0
2021-05-25,RealEstate,0.281775,64.09,0.210125
2021-05-26,RealEstate,0.008166666666666668,50.41,0.281775
2021-05-27,RealEstate,0.00775,50.39,0.008166666666666668
2021-05-28,RealEstate,0.0232,51.16,0.00775
2021-06-01,RealEstate,0.06375,53.19,0.0232
2021-06-02,RealEstate,0.0297,51.48,0.06375
2021-06-03,RealEstate,0.04426666666666667,52.21,0.0297
2021-06-04,RealEstate,0.3193,65.96,0.04426666666666667
2021-06-07,RealEstate,0.3439,67.2,0.3193
2021-06-09,RealEstate,0.017775,50.89,0.3439
2021-06-10,RealEstate,0.09028,54.51,0.017775
2021-06-11,RealEstate,0.0097,50.48,0.09028
2021-06-14,RealEstate,-0.00325,49.84,0.0097
2021-06-15,RealEstate,-0.148,42.6,-0.00325
2021-06-16,RealEstate,0.0028888888888888888,50.14,-0.148
2021-06-17,RealEstate,0.2006,60.03,0.0028888888888888888
2021-06-18,RealEstate,0.11651666666666667,55.83,0.2006
2021-06-22,RealEstate,0.0116,50.58,0.11651666666666667
2021-06-24,RealEstate,0.008400000000000001,50.42,0.0116
2021-06-25,RealEstate,0.3612,68.06,0.008400000000000001
2021-06-28,RealEstate,0.11816666666666668,55.91,0.3612
2021-06-29,RealEstate,0.0155,50.78,0.11816666666666668
2021-06-30,RealEstate,0.36945,68.47,0.0155
2021-07-01,RealEstate,0.32426666666666665,66.21,0.36945
2021-07-02,RealEstate,0.1939,59.7,0.32426666666666665
2021-07-06,RealEstate,0.0,50.0,0.1939
2021-07-07,RealEstate,0.19996666666666665,60.0,0.0
2021-07-08,RealEstate,0.0245,51.22,0.19996666666666665
2021-07-09,RealEstate,0.00065,50.03,0.0245
2021-07-12,RealEstate,0.3612,68.06,0.00065
2021-07-13,RealEstate,0.009,50.45,0.3612
2021-07-14,RealEstate,0.0027375,50.14,0.009
2021-07-15,RealEstate,0.1806,59.03,0.0027375
2021-07-16,RealEstate,0.00325,50.16,0.1806
2021-07-19,RealEstate,-0.1292,43.54,0.00325
2021-07-20,RealEstate,0.0284,51.42,-0.1292
2021-07-21,RealEstate,0.0,50.0,0.0284
2021-07-22,RealEstate,0.005175,50.26,0.0
2021-07-26,RealEstate,0.45730000000000004,72.87,0.005175
2021-07-28,RealEstate,0.0798,53.99,0.45730000000000004
2021-07-29,RealEstate,0.038400000000000004,51.92,0.0798
2021-07-30,RealEstate,0.0,50.0,0.038400000000000004
2021-08-02,RealEstate,0.19669999999999999,59.83,0.0
2021-08-03,RealEstate,0.00935,50.47,0.19669999999999999
2021-08-04,RealEstate,0.0071,50.36,0.00935
2021-08-06,RealEstate,0.0028166666666666665,50.14,0.0071
2021-08-09,RealEstate,0.002425,50.12,0.0028166666666666665
2021-08-10,RealEstate,0.2743,63.72,0.002425
2021-08-11,RealEstate,0.09590000000000001,54.8,0.2743
2021-08-12,RealEstate,0.5683,78.42,0.09590000000000001
2021-08-16,RealEstate,0.1907375,59.54,0.5683
2021-08-17,RealEstate,0.0065,50.32,0.1907375
2021-08-18,RealEstate,0.11261666666666666,55.63,0.0065
2021-08-19,RealEstate,0.0284,51.42,0.11261666666666666
2021-08-20,RealEstate,0.5719,78.6,0.0284
2021-08-23,RealEstate,0.0,50.0,0.5719
2021-08-24,RealEstate,0.0258,51.29,0.0
2021-08-25,RealEstate,-0.0038499999999999997,49.81,0.0258
2021-08-27,RealEstate,0.104375,55.22,-0.0038499999999999997
2021-08-30,RealEstate,0.06693333333333334,53.35,0.104375
2021-08-31,RealEstate,0.18510000000000001,59.26,0.06693333333333334
2021-09-01,RealEstate,0.2982,64.91,0.18510000000000001
2021-09-03,RealEstate,0.0516,52.58,0.2982
2021-09-07,RealEstate,0.04498958333333334,52.25,0.0516
2021-09-08,RealEstate,0.008075,50.4,0.04498958333333334
2021-09-09,RealEstate,0.3612,68.06,0.008075
2021-09-10,RealEstate,0.02861666666666667,51.43,0.3612
2021-09-13,RealEstate,-0.005174999999999998,49.74,0.02861666666666667
2021-09-14,RealEstate,0.015033333333333334,50.75,-0.005174999999999998
2021-09-15,RealEstate,0.0097,50.48,0.015033333333333334
2021-09-16,RealEstate,-0.15163333333333334,42.42,0.0097
2021-09-17,RealEstate,0.0045,50.22,-0.15163333333333334
2021-09-20,RealEstate,0.019325000000000002,50.97,0.0045
2021-09-21,RealEstate,0.18135,59.07,0.019325000000000002
2021-09-22,RealEstate,0.017075,50.85,0.18135
2021-09-23,RealEstate,0.0245,51.22,0.017075
2021-09-24,RealEstate,0.0,50.0,0.0245
2021-09-27,RealEstate,0.2333166666666667,61.67,0.0
2021-09-28,RealEstate,0.0258,51.29,0.2333166666666667
2021-09-29,RealEstate,0.18835000000000002,59.42,0.0258
2021-09-30,RealEstate,0.01745,50.87,0.18835000000000002
2021-10-01,RealEstate,0.0323,51.62,0.01745
2021-10-04,RealEstate,-0.1806,40.97,0.0323
2021-10-05,RealEstate,0.3674,68.37,-0.1806
2021-10-06,RealEstate,0.25685,62.84,0.3674
2021-10-07,RealEstate,0.0,50.0,0.25685
2021-10-08,RealEstate,0.3612,68.06,0.0
2021-10-11,RealEstate,0.156225,57.81,0.3612
2021-10-12,RealEstate,0.0284,51.42,0.156225
2021-10-13,RealEstate,0.248475,62.42,0.0284
2021-10-14,RealEstate,0.03606666666666667,51.8,0.248475
2021-10-15,RealEstate,0.2627,63.14,0.03606666666666667
2021-10-18,RealEstate,0.009,50.45,0.2627
2021-10-19,RealEstate,0.20195,60.1,0.009
2021-10-20,RealEstate,0.12735,56.37,0.20195
2021-10-21,RealEstate,0.03613333333333333,51.81,0.12735
2021-10-22,RealEstate,0.3736,68.68,0.03613333333333333
2021-10-25,RealEstate,0.18705000000000002,59.35,0.3736
2021-10-26,RealEstate,0.36265000000000003,68.13,0.18705000000000002
2021-10-27,RealEstate,0.00195,50.1,0.36265000000000003
2021-10-28,RealEstate,0.05923333333333334,52.96,0.00195
2021-10-29,RealEstate,0.057350000000000005,52.87,0.05923333333333334
2021-11-01,RealEstate,0.04323333333333334,52.16,0.057350000000000005
2021-11-02,RealEstate,0.0241,51.2,0.04323333333333334
2021-11-03,RealEstate,0.00775,50.39,0.0241
2021-11-04,RealEstate,0.04979999999999999,52.49,0.00775
2021-11-08,RealEstate,-0.03783333333333334,48.11,0.04979999999999999
2021-11-09,RealEstate,0.437975,71.9,-0.03783333333333334
2021-11-11,RealEstate,0.19226666666666667,59.61,0.437975
2021-11-12,RealEstate,0.0155,50.78,0.19226666666666667
2021-11-15,RealEstate,0.0781788888888889,53.91,0.0155
2021-11-16,RealEstate,0.018099999999999998,50.9,0.0781788888888889
2021-11-17,RealEstate,0.016774999999999998,50.84,0.018099999999999998
2021-11-18,RealEstate,0.31973333333333337,65.99,0.016774999999999998
2021-11-22,RealEstate,0.12658333333333333,56.33,0.31973333333333337
2021-11-24,RealEstate,0.5719,78.6,0.12658333333333333
2021-11-26,RealEstate,0.20845,60.42,0.5719
2021-11-29,RealEstate,0.0184,50.92,0.20845
2021-11-30,RealEstate,-0.00104,49.95,0.0184
2021-12-01,RealEstate,0.01095,50.55,-0.00104
2021-12-02,RealEstate,0.08076666666666667,54.04,0.01095
2021-12-03,RealEstate,-0.04063333333333333,47.97,0.08076666666666667
2021-12-06,RealEstate,0.0086,50.43,-0.04063333333333333
2021-12-07,RealEstate,0.007516666666666667,50.38,0.0086
2021-12-08,RealEstate,0.0834625,54.17,0.007516666666666667
2021-12-09,RealEstate,0.1858,59.29,0.0834625
2021-12-10,RealEstate,0.01855,50.93,0.1858
2021-12-13,RealEstate,0.00615,50.31,0.01855
2021-12-14,RealEstate,0.49641666666666673,74.82,0.00615
2021-12-15,RealEstate,0.020516666666666666,51.03,0.49641666666666673
2021-12-16,RealEstate,0.0801875,54.01,0.020516666666666666
2021-12-17,RealEstate,0.095175,54.76,0.0801875
2021-12-20,RealEstate,0.16297499999999998,58.15,0.095175
2021-12-21,RealEstate,0.019025,50.95,0.16297499999999998
2021-12-22,RealEstate,0.0074,50.37,0.019025
2021-12-23,RealEstate,0.009,50.45,0.0074
2021-12-27,RealEstate,0.14295,57.15,0.009
2021-12-28,RealEstate,0.01225,50.61,0.14295
2021-12-29,RealEstate,0.25243333333333334,62.62,0.01225
2021-12-30,RealEstate,0.21806666666666666,60.9,0.25243333333333334
2021-12-31,RealEstate,0.30079999999999996,65.04,0.21806666666666666
2022-01-03,RealEstate,0.1303,56.52,0.30079999999999996
2022-01-04,RealEstate,0.38382499999999997,69.19,0.1303
2022-01-05,RealEstate,0.0153,50.77,0.38382499999999997
2022-01-06,RealEstate,0.00605,50.3,0.0153
2022-01-07,RealEstate,0.0084,50.42,0.00605
2022-01-10,RealEstate,0.18425,59.21,0.0084
2022-01-11,RealEstate,-0.00475,49.76,0.18425
2022-01-12,RealEstate,-0.0638375,46.81,-0.00475
2022-01-13,RealEstate,0.12823333333333334,56.41,-0.0638375
2022-01-14,RealEstate,0.057133333333333335,52.86,0.12823333333333334
2022-01-18,RealEstate,0.026062500000000002,51.3,0.057133333333333335
2022-01-19,RealEstate,0.36290833333333333,68.15,0.026062500000000002
2022-01-20,RealEstate,0.22191,61.1,0.36290833333333333
2022-01-21,RealEstate,0.3208625,66.04,0.22191
2022-01-24,RealEstate,0.08917333333333334,54.46,0.3208625
2022-01-25,RealEstate,0.18978333333333333,59.49,0.08917333333333334
2022-01-26,RealEstate,-0.09946666666666666,45.03,0.18978333333333333
2022-01-27,RealEstate,0.22168333333333332,61.08,-0.09946666666666666
2022-01-28,RealEstate,-0.14276250000000001,42.86,0.22168333333333332
2022-01-31,RealEstate,0.22344,61.17,-0.14276250000000001
2022-02-01,RealEstate,0.04195,52.1,0.22344
2022-02-02,RealEstate,0.08885,54.44,0.04195
2022-02-03,RealEstate,0.220325,61.02,0.08885
2022-02-04,RealEstate,0.0,50.0,0.220325
2022-02-07,RealEstate,0.0535375,52.68,0.0
2022-02-08,RealEstate,0.12543333333333334,56.27,0.0535375
2022-02-09,RealEstate,0.03815333333333333,51.91,0.12543333333333334
2022-02-10,RealEstate,0.18707500000000002,59.35,0.03815333333333333
2022-02-11,RealEstate,-0.08905,45.55,0.18707500000000002
2022-02-14,RealEstate,0.258675,62.93,-0.08905
2022-02-15,RealEstate,0.24139999999999998,62.07,0.258675
2022-02-16,RealEstate,0.44110000000000005,72.06,0.24139999999999998
2022-02-17,RealEstate,0.03578,51.79,0.44110000000000005
2022-02-18,RealEstate,-0.11670000000000001,44.16,0.03578
2022-02-22,RealEstate,0.15180875,57.59,-0.11670000000000001
2022-02-23,RealEstate,0.06997666666666666,53.5,0.15180875
2022-02-24,RealEstate,0.3710166666666666,68.55,0.06997666666666666
2022-02-25,RealEstate,-0.0187375,49.06,0.3710166666666666
2022-02-28,RealEstate,0.0257,51.28,-0.0187375
2022-03-01,RealEstate,0.099175,54.96,0.0257
2022-03-02,RealEstate,0.29288,64.64,0.099175
2022-03-03,RealEstate,0.1167625,55.84,0.29288
2022-03-04,RealEstate,0.2714833333333333,63.57,0.1167625
2022-03-07,RealEstate,0.07778333333333336,53.89,0.2714833333333333
2022-03-08,RealEstate,0.17765,58.88,0.07778333333333336
2022-03-09,RealEstate,-0.11136666666666667,44.43,0.17765
2022-03-10,RealEstate,0.05712916666666667,52.86,-0.11136666666666667
2022-03-11,RealEstate,0.098875,54.94,0.05712916666666667
2022-03-14,RealEstate,0.17592000000000002,58.8,0.098875
2022-03-15,RealEstate,0.24110833333333334,62.06,0.17592000000000002
2022-03-16,RealEstate,0.13133333333333336,56.57,0.24110833333333334
2022-03-17,RealEstate,0.0026,50.13,0.13133333333333336
2022-03-18,RealEstate,0.07117,53.56,0.0026
2022-03-21,RealEstate,0.17032833333333333,58.52,0.07117
2022-03-22,RealEstate,0.088825,54.44,0.17032833333333333
2022-03-23,RealEstate,0.3685,68.42,0.088825
2022-03-24,RealEstate,0.04981111111111111,52.49,0.3685
2022-03-25,RealEstate,0.11958333333333333,55.98,0.04981111111111111
2022-03-28,RealEstate,0.06957500000000001,53.48,0.11958333333333333
2022-03-29,RealEstate,0.048725000000000004,52.44,0.06957500000000001
2022-03-30,RealEstate,0.19176666666666667,59.59,0.048725000000000004
2022-03-31,RealEstate,0.094775,54.74,0.19176666666666667
2022-04-01,RealEstate,0.189725,59.49,0.094775
2022-04-04,RealEstate,0.157225,57.86,0.189725
2022-04-05,RealEstate,0.10410666666666667,55.21,0.157225
2022-04-06,RealEstate,0.1638777777777778,58.19,0.10410666666666667
2022-04-07,RealEstate,0.14748,57.37,0.1638777777777778
2022-04-08,RealEstate,0.1332,56.66,0.14748
2022-04-11,RealEstate,0.06696666666666667,53.35,0.1332
2022-04-12,RealEstate,0.19233333333333333,59.62,0.06696666666666667
2022-04-13,RealEstate,0.09720833333333334,54.86,0.19233333333333333
2022-04-14,RealEstate,0.05339444444444444,52.67,0.09720833333333334
2022-04-18,RealEstate,0.03403333333333334,51.7,0.05339444444444444
2022-04-19,RealEstate,0.008875999999999995,50.44,0.03403333333333334
2022-04-20,RealEstate,0.028558333333333335,51.43,0.008875999999999995
2022-04-21,RealEstate,-0.010338333333333333,49.48,0.028558333333333335
2022-04-22,RealEstate,0.00645,50.32,-0.010338333333333333
2022-04-25,RealEstate,0.14175333333333334,57.09,0.00645
2022-04-26,RealEstate,0.0109875,50.55,0.14175333333333334
2022-04-27,RealEstate,0.11525833333333334,55.76,0.0109875
2022-04-28,RealEstate,0.256425,62.82,0.11525833333333334
2022-04-29,RealEstate,0.028625,51.43,0.256425
2022-05-02,RealEstate,0.13011666666666669,56.51,0.028625
2022-05-03,RealEstate,0.15516666666666667,57.76,0.13011666666666669
2022-05-04,RealEstate,0.05467500000000001,52.73,0.15516666666666667
2022-05-05,RealEstate,0.0699,53.5,0.05467500000000001
2022-05-06,RealEstate,0.10968333333333334,55.48,0.0699
2022-05-09,RealEstate,0.06301999999999999,53.15,0.10968333333333334
2022-05-10,RealEstate,0.15002333333333334,57.5,0.06301999999999999
2022-05-11,RealEstate,-0.0702,46.49,0.15002333333333334
2022-05-12,RealEstate,0.16657777777777777,58.33,-0.0702
2022-05-13,RealEstate,0.0225625,51.13,0.16657777777777777
2022-05-16,RealEstate,0.11407083333333333,55.7,0.0225625
2022-05-17,RealEstate,0.2428,62.14,0.11407083333333333
2022-05-18,RealEstate,-0.06833333333333332,46.58,0.2428
2022-05-19,RealEstate,-0.01685,49.16,-0.06833333333333332
2022-05-20,RealEstate,0.13811199999999998,56.91,-0.01685
2022-05-23,RealEstate,0.14770933333333333,57.39,0.13811199999999998
2022-05-24,RealEstate,0.32338333333333336,66.17,0.14770933333333333
2022-05-25,RealEstate,0.071025,53.55,0.32338333333333336
2022-05-26,RealEstate,0.003500000000000003,50.18,0.071025
2022-05-27,RealEstate,-0.043,47.85,0.003500000000000003
2022-05-31,RealEstate,0.18178333333333332,59.09,-0.043
2022-06-01,RealEstate,0.09515000000000001,54.76,0.18178333333333332
2022-06-02,RealEstate,-0.04745000000000001,47.63,0.09515000000000001
2022-06-03,RealEstate,0.05241250000000001,52.62,-0.04745000000000001
2022-06-06,RealEstate,0.044986666666666654,52.25,0.05241250000000001
2022-06-07,RealEstate,0.04396333333333333,52.2,0.044986666666666654
2022-06-08,RealEstate,0.160105,58.01,0.04396333333333333
2022-06-09,RealEstate,0.17358333333333334,58.68,0.160105
2022-06-10,RealEstate,0.03296875,51.65,0.17358333333333334
2022-06-13,RealEstate,0.17077,58.54,0.03296875
2022-06-14,RealEstate,0.13173,56.59,0.17077
2022-06-15,RealEstate,-0.0578,47.11,0.13173
2022-06-16,RealEstate,0.06313750000000001,53.16,-0.0578
2022-06-17,RealEstate,0.27976666666666666,63.99,0.06313750000000001
2022-06-21,RealEstate,0.13414166666666666,56.71,0.27976666666666666
2022-06-22,RealEstate,0.08628333333333334,54.31,0.13414166666666666
2022-06-23,RealEstate,0.007300000000000015,50.36,0.08628333333333334
2022-06-24,RealEstate,-0.12108333333333333,43.95,0.007300000000000015
2022-06-27,RealEstate,0.02089,51.04,-0.12108333333333333
2022-06-28,RealEstate,0.05252,52.63,0.02089
2022-06-29,RealEstate,0.021775000000000003,51.09,0.05252
2022-06-30,RealEstate,0.09864999999999999,54.93,0.021775000000000003
2022-07-01,RealEstate,0.06863999999999999,53.43,0.09864999999999999
2022-07-05,RealEstate,0.1253166666666667,56.27,0.06863999999999999
2022-07-06,RealEstate,-0.014249999999999999,49.29,0.1253166666666667
2022-07-07,RealEstate,0.12643333333333334,56.32,-0.014249999999999999
2022-07-08,RealEstate,0.22918333333333332,61.46,0.12643333333333334
2022-07-11,RealEstate,0.19497,59.75,0.22918333333333332
2022-07-12,RealEstate,0.092175,54.61,0.19497
2022-07-13,RealEstate,0.21085,60.54,0.092175
2022-07-14,RealEstate,0.008166666666666668,50.41,0.21085
2022-07-15,RealEstate,-0.1728725,41.36,0.008166666666666668
2022-07-18,RealEstate,0.18555937500000003,59.28,-0.1728725
2022-07-19,RealEstate,-0.11123333333333335,44.44,0.18555937500000003
2022-07-20,RealEstate,0.18999333333333332,59.5,-0.11123333333333335
2022-07-21,RealEstate,0.26535555555555557,63.27,0.18999333333333332
2022-07-22,RealEstate,0.3648666666666667,68.24,0.26535555555555557
2022-07-25,RealEstate,0.10741733333333334,55.37,0.3648666666666667
2022-07-26,RealEstate,0.1374375,56.87,0.10741733333333334
2022-07-27,RealEstate,0.12768333333333332,56.38,0.1374375
2022-07-28,RealEstate,0.2144875,60.72,0.12768333333333332
2022-07-29,RealEstate,0.09398000000000001,54.7,0.2144875
2022-08-01,RealEstate,0.08183541666666666,54.09,0.09398000000000001
2022-08-02,RealEstate,0.056874999999999995,52.84,0.08183541666666666
2022-08-03,RealEstate,0.010195833333333333,50.51,0.056874999999999995
2022-08-04,RealEstate,0.27080000000000004,63.54,0.010195833333333333
2022-08-05,RealEstate,0.35641666666666666,67.82,0.27080000000000004
2022-08-08,RealEstate,-0.03662500000000001,48.17,0.35641666666666666
2022-08-09,RealEstate,0.1011,55.06,-0.03662500000000001
2022-08-10,RealEstate,0.12783333333333333,56.39,0.1011
2022-08-11,RealEstate,0.23890833333333333,61.95,0.12783333333333333
2022-08-12,RealEstate,0.047093750000000004,52.35,0.23890833333333333
2022-08-15,RealEstate,0.013787500000000008,50.69,0.047093750000000004
2022-08-16,RealEstate,0.013966666666666667,50.7,0.013787500000000008
2022-08-17,RealEstate,0.14255208333333333,57.13,0.013966666666666667
2022-08-18,RealEstate,0.19415000000000002,59.71,0.14255208333333333
2022-08-19,RealEstate,0.026575,51.33,0.19415000000000002
2022-08-22,RealEstate,0.35105625,67.55,0.026575
2022-08-23,RealEstate,0.015050000000000001,50.75,0.35105625
2022-08-24,RealEstate,0.210105,60.51,0.015050000000000001
2022-08-25,RealEstate,0.1436,57.18,0.210105
2022-08-26,RealEstate,0.0309,51.54,0.1436
2022-08-29,RealEstate,0.07965416666666666,53.98,0.0309
2022-08-30,RealEstate,0.09305,54.65,0.07965416666666666
2022-08-31,RealEstate,0.08888,54.44,0.09305
2022-09-01,RealEstate,0.0297,51.48,0.08888
2022-09-02,RealEstate,0.011333333333333332,50.57,0.0297
2022-09-06,RealEstate,0.16686875,58.34,0.011333333333333332
2022-09-07,RealEstate,0.08502499999999999,54.25,0.16686875
2022-09-08,RealEstate,0.23168333333333332,61.58,0.08502499999999999
2022-09-09,RealEstate,0.029337500000000002,51.47,0.23168333333333332
2022-09-12,RealEstate,0.21333055555555558,60.67,0.029337500000000002
2022-09-13,RealEstate,0.049624999999999996,52.48,0.21333055555555558
2022-09-14,RealEstate,0.14649166666666666,57.32,0.049624999999999996
2022-09-15,RealEstate,0.16572499999999998,58.29,0.14649166666666666
2022-09-16,RealEstate,0.13615,56.81,0.16572499999999998
2022-09-19,RealEstate,0.05366666666666667,52.68,0.13615
2022-09-20,RealEstate,0.05359166666666666,52.68,0.05366666666666667
2022-09-21,RealEstate,0.08458750000000001,54.23,0.05359166666666666
2022-09-22,RealEstate,0.04548,52.27,0.08458750000000001
2022-09-23,RealEstate,0.049077777777777776,52.45,0.04548
2022-09-26,RealEstate,-0.039220000000000005,48.04,0.049077777777777776
2022-09-27,RealEstate,-0.09193333333333333,45.4,-0.039220000000000005
2022-09-28,RealEstate,-0.17958333333333332,41.02,-0.09193333333333333
2022-09-29,RealEstate,0.0,50.0,-0.17958333333333332
2022-09-30,RealEstate,0.2857,64.28,0.0
2022-10-03,RealEstate,0.029950000000000004,51.5,0.2857
2022-10-04,RealEstate,0.34803666666666666,67.4,0.029950000000000004
2022-10-05,RealEstate,-0.04394166666666666,47.8,0.34803666666666666
2022-10-06,RealEstate,-0.03215,48.39,-0.04394166666666666
2022-10-07,RealEstate,0.0400625,52.0,-0.03215
2022-10-10,RealEstate,0.012570000000000001,50.63,0.0400625
2022-10-11,RealEstate,-0.1366,43.17,0.012570000000000001
2022-10-12,RealEstate,0.004525,50.23,-0.1366
2022-10-13,RealEstate,0.0155,50.78,0.004525
2022-10-14,RealEstate,-0.13714999999999997,43.14,0.0155
2022-10-17,RealEstate,0.1456175,57.28,-0.13714999999999997
2022-10-18,RealEstate,0.036375,51.82,0.1456175
2022-10-19,RealEstate,0.1370625,56.85,0.036375
2022-10-20,RealEstate,0.040108333333333336,52.01,0.1370625
2022-10-21,RealEstate,0.15489999999999998,57.74,0.040108333333333336
2022-10-24,RealEstate,0.050116666666666664,52.51,0.15489999999999998
2022-10-25,RealEstate,0.046830000000000004,52.34,0.050116666666666664
2022-10-26,RealEstate,0.1187375,55.94,0.046830000000000004
2022-10-27,RealEstate,0.027586,51.38,0.1187375
2022-10-28,RealEstate,0.07103333333333334,53.55,0.027586
2022-10-31,RealEstate,0.14787142857142857,57.39,0.07103333333333334
2022-11-01,RealEstate,0.34179583333333335,67.09,0.14787142857142857
2022-11-02,RealEstate,0.17666,58.83,0.34179583333333335
2022-11-03,RealEstate,0.12216944444444444,56.11,0.17666
2022-11-04,RealEstate,0.0013,50.07,0.12216944444444444
2022-11-07,RealEstate,-0.000429166666666668,49.98,0.0013
2022-11-08,RealEstate,0.19685,59.84,-0.000429166666666668
2022-11-09,RealEstate,0.010325,50.52,0.19685
2022-11-10,RealEstate,0.05162499999999999,52.58,0.010325
2022-11-11,RealEstate,0.15286666666666668,57.64,0.05162499999999999
2022-11-14,RealEstate,0.051133333333333336,52.56,0.15286666666666668
2022-11-15,RealEstate,-0.3378,33.11,0.051133333333333336
2022-11-16,RealEstate,0.10726666666666668,55.36,-0.3378
2022-11-18,RealEstate,0.006866666666666667,50.34,0.10726666666666668
2022-11-21,RealEstate,0.17489166666666667,58.74,0.006866666666666667
2022-11-22,RealEstate,-0.02005,49.0,0.17489166666666667
2022-11-23,RealEstate,0.19968333333333335,59.98,-0.02005
2022-11-25,RealEstate,0.23336666666666664,61.67,0.19968333333333335
2022-11-28,RealEstate,0.1135,55.68,0.23336666666666664
2022-11-30,RealEstate,-0.059250000000000004,47.04,0.1135
2022-12-01,RealEstate,0.2792325,63.96,-0.059250000000000004
2022-12-02,RealEstate,0.26688333333333336,63.34,0.2792325
2022-12-05,RealEstate,0.192475,59.62,0.26688333333333336
2022-12-06,RealEstate,0.10429999999999999,55.22,0.192475
2022-12-07,RealEstate,0.392025,69.6,0.10429999999999999
2022-12-08,RealEstate,0.00065,50.03,0.392025
2022-12-09,RealEstate,0.13353333333333334,56.68,0.00065
2022-12-12,RealEstate,0.0185,50.92,0.13353333333333334
2022-12-13,RealEstate,0.00385,50.19,0.0185
2022-12-14,RealEstate,0.06575555555555555,53.29,0.00385
2022-12-15,RealEstate,0.12430000000000001,56.22,0.06575555555555555
2022-12-16,RealEstate,0.19410000000000002,59.7,0.12430000000000001
2022-12-19,RealEstate,0.11609499999999999,55.8,0.19410000000000002
2022-12-20,RealEstate,0.0023375,50.12,0.11609499999999999
2022-12-21,RealEstate,-0.08233333333333333,45.88,0.0023375
2022-12-27,RealEstate,0.20333,60.17,-0.08233333333333333
2022-12-28,RealEstate,0.25456666666666666,62.73,0.20333
2022-12-29,RealEstate,0.010325,50.52,0.25456666666666666
2022-12-30,RealEstate,-0.0365,48.18,0.010325
2023-01-03,RealEstate,0.11969166666666665,55.98,-0.0365
2023-01-04,RealEstate,0.02125,51.06,0.11969166666666665
2023-01-05,RealEstate,0.14403333333333332,57.2,0.02125
2023-01-06,RealEstate,0.011874999999999991,50.59,0.14403333333333332
2023-01-09,RealEstate,0.0064583333333333255,50.32,0.011874999999999991
2023-01-10,RealEstate,0.23,61.5,0.0064583333333333255
2023-01-11,RealEstate,0.08148333333333334,54.07,0.23
2023-01-12,RealEstate,0.28875,64.44,0.08148333333333334
2023-01-13,RealEstate,0.012449999999999998,50.62,0.28875
2023-01-17,RealEstate,0.08651249999999999,54.33,0.012449999999999998
2023-01-18,RealEstate,0.18775555555555556,59.39,0.08651249999999999
2023-01-19,RealEstate,0.06719166666666666,53.36,0.18775555555555556
2023-01-20,RealEstate,0.0755,53.77,0.06719166666666666
2023-01-23,RealEstate,0.07007166666666667,53.5,0.0755
2023-01-24,RealEstate,0.1128625,55.64,0.07007166666666667
2023-01-25,RealEstate,0.2888888888888889,64.44,0.1128625
2023-01-26,RealEstate,0.01457222222222222,50.73,0.2888888888888889
2023-01-27,RealEstate,0.1842,59.21,0.01457222222222222
2023-01-30,RealEstate,0.045879166666666665,52.29,0.1842
2023-01-31,RealEstate,0.017249999999999988,50.86,0.045879166666666665
2023-02-01,RealEstate,0.02685,51.34,0.017249999999999988
2023-02-02,RealEstate,0.0544625,52.72,0.02685
2023-02-03,RealEstate,0.05895,52.95,0.0544625
2023-02-06,RealEstate,0.018798095238095232,50.94,0.05895
2023-02-07,RealEstate,0.14248333333333332,57.12,0.018798095238095232
2023-02-08,RealEstate,0.008375,50.42,0.14248333333333332
2023-02-09,RealEstate,0.2636875,63.18,0.008375
2023-02-10,RealEstate,0.23523333333333332,61.76,0.2636875
2023-02-13,RealEstate,0.33789375,66.89,0.23523333333333332
2023-02-14,RealEstate,0.005550000000000001,50.28,0.33789375
2023-02-15,RealEstate,0.008577777777777776,50.43,0.005550000000000001
2023-02-16,RealEstate,-0.029383333333333327,48.53,0.008577777777777776
2023-02-17,RealEstate,0.07270000000000001,53.64,-0.029383333333333327
2023-02-21,RealEstate,0.015027777777777779,50.75,0.07270000000000001
2023-02-22,RealEstate,0.06057083333333333,53.03,0.015027777777777779
2023-02-23,RealEstate,0.05498333333333334,52.75,0.06057083333333333
2023-02-24,RealEstate,0.01016875,50.51,0.05498333333333334
2023-02-27,RealEstate,0.028206666666666665,51.41,0.01016875
2023-02-28,RealEstate,0.16455,58.23,0.028206666666666665
2023-03-01,RealEstate,0.010862499999999997,50.54,0.16455
2023-03-02,RealEstate,0.13418333333333335,56.71,0.010862499999999997
2023-03-03,RealEstate,0.07039999999999999,53.52,0.13418333333333335
2023-03-06,RealEstate,-0.089135,45.54,0.07039999999999999
2023-03-07,RealEstate,0.100175,55.01,-0.089135
2023-03-08,RealEstate,0.2265625,61.33,0.100175
2023-03-09,RealEstate,-0.0409625,47.95,0.2265625
2023-03-10,RealEstate,0.09043,54.52,-0.0409625
2023-03-13,RealEstate,0.069565,53.48,0.09043
2023-03-14,RealEstate,0.07671333333333334,53.84,0.069565
2023-03-15,RealEstate,-0.07631749999999998,46.18,0.07671333333333334
2023-03-16,RealEstate,0.22690000000000002,61.35,-0.07631749999999998
2023-03-17,RealEstate,0.13372499999999998,56.69,0.22690000000000002
2023-03-20,RealEstate,0.162275,58.11,0.13372499999999998
2023-03-21,RealEstate,0.33735833333333337,66.87,0.162275
2023-03-22,RealEstate,0.13460000000000003,56.73,0.33735833333333337
2023-03-23,RealEstate,-0.010200000000000015,49.49,0.13460000000000003
2023-03-24,RealEstate,0.17145,58.57,-0.010200000000000015
2023-03-27,RealEstate,0.1156,55.78,0.17145
2023-03-28,RealEstate,0.1547,57.74,0.1156
2023-03-29,RealEstate,0.1265888888888889,56.33,0.1547
2023-03-30,RealEstate,0.012055555555555555,50.6,0.1265888888888889
2023-03-31,RealEstate,0.07106666666666667,53.55,0.012055555555555555
2023-04-03,RealEstate,0.1510175,57.55,0.07106666666666667
2023-04-04,RealEstate,0.20870625,60.44,0.1510175
2023-04-05,RealEstate,0.0919,54.6,0.20870625
2023-04-06,RealEstate,0.0518375,52.59,0.0919
2023-04-10,RealEstate,0.0630397619047619,53.15,0.0518375
2023-04-11,RealEstate,0.27825,63.91,0.0630397619047619
2023-04-12,RealEstate,0.21407500000000002,60.7,0.27825
2023-04-13,RealEstate,0.003875,50.19,0.21407500000000002
2023-04-14,RealEstate,-0.061950000000000005,46.9,0.003875
2023-04-17,RealEstate,0.0334875,51.67,-0.061950000000000005
2023-04-18,RealEstate,0.14949,57.47,0.0334875
2023-04-19,RealEstate,-0.001243333333333315,49.94,0.14949
2023-04-20,RealEstate,0.03709583333333333,51.85,-0.001243333333333315
2023-04-21,RealEstate,0.048749999999999995,52.44,0.03709583333333333
2023-04-24,RealEstate,0.04445666666666667,52.22,0.048749999999999995
2023-04-25,RealEstate,0.06988,53.49,0.04445666666666667
2023-04-26,RealEstate,0.04766666666666667,52.38,0.06988
2023-04-27,RealEstate,-0.0010124999999999995,49.95,0.04766666666666667
2023-04-28,RealEstate,0.5286666666666667,76.43,-0.0010124999999999995
2023-05-01,RealEstate,-0.057066666666666675,47.15,0.5286666666666667
2023-05-02,RealEstate,0.07236800000000002,53.62,-0.057066666666666675
2023-05-03,RealEstate,0.05243333333333333,52.62,0.07236800000000002
2023-05-04,RealEstate,0.04979583333333334,52.49,0.05243333333333333
2023-05-05,RealEstate,0.08043999999999998,54.02,0.04979583333333334
2023-05-08,RealEstate,0.06284333333333333,53.14,0.08043999999999998
2023-05-09,RealEstate,0.0232,51.16,0.06284333333333333
2023-05-10,RealEstate,0.18211666666666668,59.11,0.0232
2023-05-11,RealEstate,0.09334,54.67,0.18211666666666668
2023-05-12,RealEstate,0.44405,72.2,0.09334
2023-05-15,RealEstate,0.13511250000000002,56.76,0.44405
2023-05-16,RealEstate,0.019375,50.97,0.13511250000000002
2023-05-17,RealEstate,0.25483333333333336,62.74,0.019375
2023-05-18,RealEstate,-0.0011916666666666694,49.94,0.25483333333333336
2023-05-19,RealEstate,0.006733333333333332,50.34,-0.0011916666666666694
2023-05-22,RealEstate,0.013106250000000003,50.66,0.006733333333333332
2023-05-23,RealEstate,0.04452500000000001,52.23,0.013106250000000003
2023-05-24,RealEstate,0.4224,71.12,0.04452500000000001
2023-05-25,RealEstate,0.051935,52.6,0.4224
2023-05-26,RealEstate,0.01095,50.55,0.051935
2023-05-30,RealEstate,0.12442,56.22,0.01095
2023-05-31,RealEstate,0.1888625,59.44,0.12442
2023-06-01,RealEstate,0.021933333333333332,51.1,0.1888625
2023-06-02,RealEstate,-0.09335,45.33,0.021933333333333332
2023-06-05,RealEstate,0.01002222222222222,50.5,-0.09335
2023-06-06,RealEstate,0.14666666666666664,57.33,0.01002222222222222
2023-06-07,RealEstate,0.0271,51.36,0.14666666666666664
2023-06-08,RealEstate,0.0456,52.28,0.0271
2023-06-09,RealEstate,0.01765,50.88,0.0456
2023-06-12,RealEstate,0.16062500000000002,58.03,0.01765
2023-06-13,RealEstate,0.018266666666666667,50.91,0.16062500000000002
2023-06-14,RealEstate,0.217775,60.89,0.018266666666666667
2023-06-15,RealEstate,0.013037499999999999,50.65,0.217775
2023-06-16,RealEstate,0.1537666666666667,57.69,0.013037499999999999
2023-06-20,RealEstate,0.005,50.25,0.1537666666666667
2023-06-21,RealEstate,0.0,50.0,0.005
2023-06-22,RealEstate,0.089355,54.47,0.0
2023-06-23,RealEstate,0.09273666666666666,54.64,0.089355
2023-06-26,RealEstate,0.11005416666666668,55.5,0.09273666666666666
2023-06-27,RealEstate,0.1009375,55.05,0.11005416666666668
2023-06-28,RealEstate,0.10174166666666666,55.09,0.1009375
2023-06-29,RealEstate,0.0027937499999999994,50.14,0.10174166666666666
2023-06-30,RealEstate,0.02065,51.03,0.0027937499999999994
2023-07-03,RealEstate,0.065915,53.3,0.02065
2023-07-05,RealEstate,0.1432777777777778,57.16,0.065915
2023-07-06,RealEstate,0.01254,50.63,0.1432777777777778
2023-07-07,RealEstate,-0.2039875,39.8,0.01254
2023-07-10,RealEstate,0.019783333333333333,50.99,-0.2039875
2023-07-11,RealEstate,0.021700000000000025,51.08,0.019783333333333333
2023-07-12,RealEstate,0.03276666666666667,51.64,0.021700000000000025
2023-07-13,RealEstate,0.09339583333333334,54.67,0.03276666666666667
2023-07-14,RealEstate,0.0716625,53.58,0.09339583333333334
2023-07-17,RealEstate,0.13694,56.85,0.0716625
2023-07-18,RealEstate,0.17258583333333333,58.63,0.13694
2023-07-19,RealEstate,0.1596575,57.98,0.17258583333333333
2023-07-20,RealEstate,0.0528575238095238,52.64,0.1596575
2023-07-21,RealEstate,0.05445,52.72,0.0528575238095238
2023-07-24,RealEstate,0.17045000000000002,58.52,0.05445
2023-07-25,RealEstate,0.11992,56.0,0.17045000000000002
2023-07-26,RealEstate,0.10643666666666668,55.32,0.11992
2023-07-27,RealEstate,0.08299333333333334,54.15,0.10643666666666668
2023-07-28,RealEstate,0.22092,61.05,0.08299333333333334
2023-07-31,RealEstate,-0.029893749999999997,48.51,0.22092
2023-08-01,RealEstate,0.16618,58.31,-0.029893749999999997
2023-08-02,RealEstate,0.015313333333333332,50.77,0.16618
2023-08-03,RealEstate,0.09358666666666668,54.68,0.015313333333333332
2023-08-04,RealEstate,-0.07666999999999999,46.17,0.09358666666666668
2023-08-07,RealEstate,0.011270833333333334,50.56,-0.07666999999999999
2023-08-08,RealEstate,0.0029999999999999996,50.15,0.011270833333333334
2023-08-09,RealEstate,0.10592333333333333,55.3,0.0029999999999999996
2023-08-10,RealEstate,-0.02627500000000001,48.69,0.10592333333333333
2023-08-11,RealEstate,0.022775,51.14,-0.02627500000000001
2023-08-14,RealEstate,0.06379166666666666,53.19,0.022775
2023-08-15,RealEstate,0.0012499999999999998,50.06,0.06379166666666666
2023-08-16,RealEstate,0.27485000000000004,63.74,0.0012499999999999998
2023-08-17,RealEstate,0.14185333333333333,57.09,0.27485000000000004
2023-08-18,RealEstate,0.06348333333333332,53.17,0.14185333333333333
2023-08-21,RealEstate,0.17048750000000001,58.52,0.06348333333333332
2023-08-22,RealEstate,0.14516666666666667,57.26,0.17048750000000001
2023-08-23,RealEstate,0.00775,50.39,0.14516666666666667
2023-08-24,RealEstate,0.08444,54.22,0.00775
2023-08-25,RealEstate,0.051100000000000007,52.55,0.08444
2023-08-28,RealEstate,0.20601875,60.3,0.051100000000000007
2023-08-29,RealEstate,0.20335833333333334,60.17,0.20601875
2023-08-30,RealEstate,-0.04885000000000001,47.56,0.20335833333333334
2023-08-31,RealEstate,0.18752,59.38,-0.04885000000000001
2023-09-01,RealEstate,0.227452,61.37,0.18752
2023-09-05,RealEstate,0.1431725,57.16,0.227452
2023-09-06,RealEstate,0.06273333333333334,53.14,0.1431725
2023-09-07,RealEstate,0.02919666666666667,51.46,0.06273333333333334
2023-09-08,RealEstate,0.17288750000000003,58.64,0.02919666666666667
2023-09-11,RealEstate,0.009089999999999997,50.45,0.17288750000000003
2023-09-12,RealEstate,0.18266666666666667,59.13,0.009089999999999997
2023-09-13,RealEstate,0.030658333333333336,51.53,0.18266666666666667
2023-09-14,RealEstate,0.0078875,50.39,0.030658333333333336
2023-09-15,RealEstate,0.27253333333333335,63.63,0.0078875
2023-09-18,RealEstate,0.12533333333333332,56.27,0.27253333333333335
2023-09-19,RealEstate,0.1987375,59.94,0.12533333333333332
2023-09-20,RealEstate,0.18346249999999997,59.17,0.1987375
2023-09-21,RealEstate,0.0610875,53.05,0.18346249999999997
2023-09-22,RealEstate,-0.027658333333333326,48.62,0.0610875
2023-09-25,RealEstate,0.06322666666666665,53.16,-0.027658333333333326
2023-09-26,RealEstate,0.2383333333333333,61.92,0.06322666666666665
2023-09-27,RealEstate,0.24931166666666668,62.47,0.2383333333333333
2023-09-28,RealEstate,0.2791166666666667,63.96,0.24931166666666668
2023-09-29,RealEstate,0.013499999999999993,50.68,0.2791166666666667
2023-10-02,RealEstate,0.21778124999999998,60.89,0.013499999999999993
2023-10-03,RealEstate,0.07638333333333333,53.82,0.21778124999999998
2023-10-04,RealEstate,0.0985625,54.93,0.07638333333333333
2023-10-05,RealEstate,-0.03019999999999999,48.49,0.0985625
2023-10-06,RealEstate,0.2192125,60.96,-0.03019999999999999
2023-10-09,RealEstate,0.19568611111111112,59.78,0.2192125
2023-10-10,RealEstate,0.0970375,54.85,0.19568611111111112
2023-10-11,RealEstate,0.0,50.0,0.0970375
2023-10-12,RealEstate,0.20754666666666663,60.38,0.0
2023-10-13,RealEstate,0.01675,50.84,0.20754666666666663
2023-10-16,RealEstate,0.07835916666666666,53.92,0.01675
2023-10-17,RealEstate,0.21866249999999998,60.93,0.07835916666666666
2023-10-18,RealEstate,-0.06221964285714286,46.89,0.21866249999999998
2023-10-19,RealEstate,0.05491857142857143,52.75,-0.06221964285714286
2023-10-20,RealEstate,0.10374000000000001,55.19,0.05491857142857143
2023-10-23,RealEstate,0.24450277777777776,62.23,0.10374000000000001
2023-10-24,RealEstate,0.27256,63.63,0.24450277777777776
2023-10-25,RealEstate,0.13458333333333333,56.73,0.27256
2023-10-26,RealEstate,0.1599625,58.0,0.13458333333333333
2023-10-27,RealEstate,0.05755,52.88,0.1599625
2023-10-30,RealEstate,0.07184327272727273,53.59,0.05755
2023-10-31,RealEstate,0.1313888888888889,56.57,0.07184327272727273
2023-11-01,RealEstate,0.07631111111111111,53.82,0.1313888888888889
2023-11-02,RealEstate,0.20183833333333334,60.09,0.07631111111111111
2023-11-03,RealEstate,0.28969,64.48,0.20183833333333334
2023-11-06,RealEstate,0.307828125,65.39,0.28969
2023-11-07,RealEstate,0.3313,66.56,0.307828125
2023-11-08,RealEstate,-0.08972000000000001,45.51,0.3313
2023-11-09,RealEstate,0.0101875,50.51,-0.08972000000000001
2023-11-10,RealEstate,-0.06778333333333332,46.61,0.0101875
2023-11-13,RealEstate,-0.031655,48.42,-0.06778333333333332
2023-11-14,RealEstate,0.31489999999999996,65.74,-0.031655
2023-11-15,RealEstate,0.021949999999999997,51.1,0.31489999999999996
2023-11-16,RealEstate,0.09039,54.52,0.021949999999999997
2023-11-17,RealEstate,0.0543375,52.72,0.09039
2023-11-20,RealEstate,0.052025,52.6,0.0543375
2023-11-21,RealEstate,0.1883,59.41,0.052025
2023-11-22,RealEstate,0.0005666666666666665,50.03,0.1883
2023-11-24,RealEstate,0.13444166666666665,56.72,0.0005666666666666665
2023-11-27,RealEstate,-0.0998423076923077,45.01,0.13444166666666665
2023-11-28,RealEstate,0.07009166666666666,53.5,-0.0998423076923077
2023-11-29,RealEstate,0.10439916666666668,55.22,0.07009166666666666
2023-11-30,RealEstate,0.1542,57.71,0.10439916666666668
2023-12-01,RealEstate,0.05322,52.66,0.1542
2023-12-04,RealEstate,0.2339125,61.7,0.05322
2023-12-05,RealEstate,0.0464875,52.32,0.2339125
2023-12-06,RealEstate,0.06398958333333334,53.2,0.0464875
2023-12-07,RealEstate,0.10743333333333334,55.37,0.06398958333333334
2023-12-08,RealEstate,0.08943333333333334,54.47,0.10743333333333334
2023-12-11,RealEstate,0.11743333333333335,55.87,0.08943333333333334
2023-12-12,RealEstate,0.16274,58.14,0.11743333333333335
2023-12-13,RealEstate,0.23168933333333333,61.58,0.16274
2023-12-14,RealEstate,-0.01686999999999999,49.16,0.23168933333333333
2023-12-15,RealEstate,0.13075833333333334,56.54,-0.01686999999999999
2023-12-18,RealEstate,0.07993055555555556,54.0,0.13075833333333334
2020-01-02,Tech,0.10983134615384614,55.49,
2020-01-03,Tech,0.06855625,53.43,0.10983134615384614
2020-01-06,Tech,0.04673000000000001,52.34,0.06855625
2020-01-07,Tech,0.13754303571428572,56.88,0.04673000000000001
2020-01-08,Tech,0.16129749999999998,58.06,0.13754303571428572
2020-01-09,Tech,0.089176,54.46,0.16129749999999998
2020-01-10,Tech,0.20571125,60.29,0.089176
2020-01-13,Tech,0.18632149999999997,59.32,0.20571125
2020-01-14,Tech,0.1777333333333333,58.89,0.18632149999999997
2020-01-15,Tech,0.05116533333333334,52.56,0.1777333333333333
2020-01-16,Tech,0.24111944444444447,62.06,0.05116533333333334
2020-01-17,Tech,0.11774021145521148,55.89,0.24111944444444447
2020-01-21,Tech,0.11552599999999999,55.78,0.11774021145521148
2020-01-22,Tech,0.09769,54.88,0.11552599999999999
2020-01-23,Tech,-0.04370666666666667,47.81,0.09769
2020-01-24,Tech,0.05776626344086021,52.89,-0.04370666666666667
2020-01-27,Tech,-0.009552166666666667,49.52,0.05776626344086021
2020-01-28,Tech,0.030595192307692306,51.53,-0.009552166666666667
2020-01-29,Tech,0.10751269841269842,55.38,0.030595192307692306
2020-01-30,Tech,-0.08295208333333334,45.85,0.10751269841269842
2020-01-31,Tech,0.14619583333333333,57.31,-0.08295208333333334
2020-02-03,Tech,0.021941666666666665,51.1,0.14619583333333333
2020-02-04,Tech,0.03284633333333333,51.64,0.021941666666666665
2020-02-05,Tech,0.17055,58.53,0.03284633333333333
2020-02-06,Tech,0.05638361111111112,52.82,0.17055
2020-02-07,Tech,0.11361285714285715,55.68,0.05638361111111112
2020-02-10,Tech,0.12084999999999999,56.04,0.11361285714285715
2020-02-11,Tech,0.08814318181818183,54.41,0.12084999999999999
2020-02-12,Tech,-0.04677625,47.66,0.08814318181818183
2020-02-13,Tech,-0.036438636363636354,48.18,-0.04677625
2020-02-14,Tech,-0.014482526881720435,49.28,-0.036438636363636354
2020-02-18,Tech,-0.08211166666666667,45.89,-0.014482526881720435
2020-02-19,Tech,0.04132420634920635,52.07,-0.08211166666666667
2020-02-20,Tech,0.02198680952380952,51.1,0.04132420634920635
2020-02-21,Tech,-0.13759285714285716,43.12,0.02198680952380952
2020-02-24,Tech,0.005084848484848489,50.25,-0.13759285714285716
2020-02-25,Tech,0.07124666666666667,53.56,0.005084848484848489
2020-02-26,Tech,0.24132000000000003,62.07,0.07124666666666667
2020-02-27,Tech,-0.20084133333333334,39.96,0.24132000000000003
2020-02-28,Tech,0.2445088888888889,62.23,-0.20084133333333334
2020-03-02,Tech,0.071446,53.57,0.2445088888888889
2020-03-03,Tech,0.01852933333333333,50.93,0.071446
2020-03-04,Tech,0.2460009523809524,62.3,0.01852933333333333
2020-03-05,Tech,0.016623000000000006,50.83,0.2460009523809524
2020-03-06,Tech,-0.03758507692307693,48.12,0.016623000000000006
2020-03-09,Tech,-0.169362,41.53,-0.03758507692307693
2020-03-10,Tech,0.335795,66.79,-0.169362
2020-03-11,Tech,-0.04994833333333332,47.5,0.335795
2020-03-12,Tech,0.06269857142857142,53.13,-0.04994833333333332
2020-03-13,Tech,0.2684963690476191,63.42,0.06269857142857142
2020-03-16,Tech,0.017298398268398265,50.86,0.2684963690476191
2020-03-17,Tech,0.19332683333333334,59.67,0.017298398268398265
2020-03-18,Tech,-0.034340476190476185,48.28,0.19332683333333334
2020-03-19,Tech,-0.02585166666666667,48.71,-0.034340476190476185
2020-03-20,Tech,0.23456666666666665,61.73,-0.02585166666666667
2020-03-23,Tech,0.316835,65.84,0.23456666666666665
2020-03-24,Tech,0.37275291666666666,68.64,0.316835
2020-03-25,Tech,0.0538575,52.69,0.37275291666666666
2020-03-26,Tech,0.27697544444444444,63.85,0.0538575
2020-03-27,Tech,0.24717333333333333,62.36,0.27697544444444444
2020-03-30,Tech,0.27812000000000003,63.91,0.24717333333333333
2020-03-31,Tech,0.019707333333333334,50.99,0.27812000000000003
2020-04-01,Tech,0.08454999999999999,54.23,0.019707333333333334
2020-04-02,Tech,-0.06861249999999999,46.57,0.08454999999999999
2020-04-03,Tech,-0.21261666666666668,39.37,-0.06861249999999999
2020-04-06,Tech,0.27160863636363636,63.58,-0.21261666666666668
2020-04-07,Tech,0.083764,54.19,0.27160863636363636
2020-04-08,Tech,0.23109828571428573,61.55,0.083764
2020-04-09,Tech,0.12864,56.43,0.23109828571428573
2020-04-13,Tech,0.06324093137254902,53.16,0.12864
2020-04-14,Tech,0.5256387619047619,76.28,0.06324093137254902
2020-04-15,Tech,0.014782500000000018,50.74,0.5256387619047619
2020-04-16,Tech,0.2671401111111111,63.36,0.014782500000000018
2020-04-17,Tech,0.012705928571428573,50.64,0.2671401111111111
2020-04-20,Tech,0.16466499999999998,58.23,0.012705928571428573
2020-04-21,Tech,-0.2615766666666667,36.92,0.16466499999999998
2020-04-22,Tech,0.32575642857142856,66.29,-0.2615766666666667
2020-04-23,Tech,0.20365547619047622,60.18,0.32575642857142856
2020-04-24,Tech,0.16351290322580647,58.18,0.20365547619047622
2020-04-27,Tech,0.18330944588744588,59.17,0.16351290322580647
2020-04-28,Tech,0.1043686507936508,55.22,0.18330944588744588
2020-04-29,Tech,0.17595485714285714,58.8,0.1043686507936508
2020-04-30,Tech,0.040477,52.02,0.17595485714285714
2020-05-01,Tech,-0.1317095238095238,43.41,0.040477
2020-05-04,Tech,0.2910964705882353,64.55,-0.1317095238095238
2020-05-05,Tech,0.21716875000000002,60.86,0.2910964705882353
2020-05-06,Tech,0.09847333333333333,54.92,0.21716875000000002
2020-05-07,Tech,0.26890533333333333,63.45,0.09847333333333333
2020-05-08,Tech,0.5284142857142857,76.42,0.26890533333333333
2020-05-11,Tech,0.05810977777777778,52.91,0.5284142857142857
2020-05-12,Tech,-0.029849666666666656,48.51,0.05810977777777778
2020-05-13,Tech,0.07198333333333333,53.6,-0.029849666666666656
2020-05-14,Tech,0.05096657142857143,52.55,0.07198333333333333
2020-05-15,Tech,-0.06491237426900585,46.75,0.05096657142857143
2020-05-18,Tech,0.06444866666666667,53.22,-0.06491237426900585
2020-05-19,Tech,0.037740833333333335,51.89,0.06444866666666667
2020-05-20,Tech,0.03234000000000001,51.62,0.037740833333333335
2020-05-21,Tech,0.02418888888888888,51.21,0.03234000000000001
2020-05-22,Tech,-0.07866733333333334,46.07,0.02418888888888888
2020-05-26,Tech,0.08614495238095238,54.31,-0.07866733333333334
2020-05-27,Tech,0.04039333333333333,52.02,0.08614495238095238
2020-05-28,Tech,0.145848,57.29,0.04039333333333333
2020-05-29,Tech,0.066475,53.32,0.145848
2020-06-01,Tech,0.08438999999999999,54.22,0.066475
2020-06-02,Tech,0.1347875,56.74,0.08438999999999999
2020-06-03,Tech,0.21903333333333333,60.95,0.1347875
2020-06-04,Tech,0.15185666666666667,57.59,0.21903333333333333
2020-06-05,Tech,-0.021294999999999998,48.94,0.15185666666666667
2020-06-08,Tech,0.157150625,57.86,-0.021294999999999998
2020-06-09,Tech,0.13992571428571426,57.0,0.157150625
2020-06-10,Tech,0.12709821428571427,56.35,0.13992571428571426
2020-06-11,Tech,0.09606999999999999,54.8,0.12709821428571427
2020-06-12,Tech,0.08400416666666666,54.2,0.09606999999999999
2020-06-15,Tech,0.18140416666666667,59.07,0.08400416666666666
2020-06-16,Tech,0.13420625,56.71,0.18140416666666667
2020-06-17,Tech,0.0929625,54.65,0.13420625
2020-06-18,Tech,-0.090575,45.47,0.0929625
2020-06-19,Tech,0.014416666666666668,50.72,-0.090575
2020-06-22,Tech,0.10771238095238096,55.39,0.014416666666666668
2020-06-23,Tech,0.05390416666666667,52.7,0.10771238095238096
2020-06-24,Tech,-0.12979166666666667,43.51,0.05390416666666667
2020-06-25,Tech,-0.23686666666666667,38.16,-0.12979166666666667
2020-06-26,Tech,-0.08887500000000001,45.56,-0.23686666666666667
2020-06-29,Tech,0.013649999999999995,50.68,-0.08887500000000001
2020-06-30,Tech,0.18428,59.21,0.013649999999999995
2020-07-01,Tech,0.10431666666666667,55.22,0.18428
2020-07-02,Tech,0.28652500000000003,64.33,0.10431666666666667
2020-07-06,Tech,0.047286742424242426,52.36,0.28652500000000003
2020-07-07,Tech,0.011000000000000001,50.55,0.047286742424242426
2020-07-08,Tech,0.010851111111111103,50.54,0.011000000000000001
2020-07-09,Tech,0.10712698412698413,55.36,0.010851111111111103
2020-07-10,Tech,0.10111111111111111,55.06,0.10712698412698413
2020-07-13,Tech,0.19955625000000002,59.98,0.10111111111111111
2020-07-14,Tech,0.012812500000000001,50.64,0.19955625000000002
2020-07-15,Tech,0.03696250000000001,51.85,0.012812500000000001
2020-07-16,Tech,0.03949166666666667,51.97,0.03696250000000001
2020-07-17,Tech,-0.039119999999999995,48.04,0.03949166666666667
2020-07-20,Tech,0.10013858974358975,55.01,-0.039119999999999995
2020-07-21,Tech,0.16562416666666668,58.28,0.10013858974358975
2020-07-22,Tech,0.16169999999999998,58.08,0.16562416666666668
2020-07-23,Tech,0.16319999999999998,58.16,0.16169999999999998
2020-07-24,Tech,-0.0462281746031746,47.69,0.16319999999999998
2020-07-27,Tech,0.061351190476190476,53.07,-0.0462281746031746
2020-07-28,Tech,0.014110119047619047,50.71,0.061351190476190476
2020-07-29,Tech,0.22720595355731227,61.36,0.014110119047619047
2020-07-30,Tech,-0.011874242424242424,49.41,0.22720595355731227
2020-07-31,Tech,0.26084999999999997,63.04,-0.011874242424242424
2020-08-03,Tech,0.08030722222222221,54.02,0.26084999999999997
2020-08-04,Tech,0.21724515151515153,60.86,0.08030722222222221
2020-08-05,Tech,0.07147053571428572,53.57,0.21724515151515153
2020-08-06,Tech,-0.012858333333333331,49.36,0.07147053571428572
2020-08-07,Tech,0.192325,59.62,-0.012858333333333331
2020-08-10,Tech,0.10753541666666666,55.38,0.192325
2020-08-11,Tech,0.168265,58.41,0.10753541666666666
2020-08-12,Tech,0.003670833333333334,50.18,0.168265
2020-08-13,Tech,0.000287301587301587,50.01,0.003670833333333334
2020-08-14,Tech,0.13439166666666666,56.72,0.000287301587301587
2020-08-17,Tech,0.004815000000000007,50.24,0.13439166666666666
2020-08-18,Tech,0.00043333333333333245,50.02,0.004815000000000007
2020-08-19,Tech,0.15343333333333334,57.67,0.00043333333333333245
2020-08-20,Tech,-0.14498055555555556,42.75,0.15343333333333334
2020-08-21,Tech,-0.05527583333333333,47.24,-0.14498055555555556
2020-08-24,Tech,0.01523333333333334,50.76,-0.05527583333333333
2020-08-25,Tech,0.20223000000000002,60.11,0.01523333333333334
2020-08-26,Tech,0.11022777777777777,55.51,0.20223000000000002
2020-08-27,Tech,0.07599583333333335,53.8,0.11022777777777777
2020-08-28,Tech,0.3836,69.18,0.07599583333333335
2020-08-31,Tech,0.16780833333333334,58.39,0.3836
2020-09-01,Tech,0.025043749999999993,51.25,0.16780833333333334
2020-09-02,Tech,0.144684126984127,57.23,0.025043749999999993
2020-09-03,Tech,-0.027575000000000002,48.62,0.144684126984127
2020-09-04,Tech,0.0096375,50.48,-0.027575000000000002
2020-09-08,Tech,0.10496458333333333,55.25,0.0096375
2020-09-09,Tech,0.05466875,52.73,0.10496458333333333
2020-09-10,Tech,0.03526666666666667,51.76,0.05466875
2020-09-11,Tech,-0.05326666666666668,47.34,0.03526666666666667
2020-09-14,Tech,0.083574375,54.18,-0.05326666666666668
2020-09-15,Tech,-0.06598333333333334,46.7,0.083574375
2020-09-16,Tech,0.08592499999999999,54.3,-0.06598333333333334
2020-09-17,Tech,-0.014085714285714285,49.3,0.08592499999999999
2020-09-18,Tech,0.011516666666666668,50.58,-0.014085714285714285
2020-09-21,Tech,0.22797222222222224,61.4,0.011516666666666668
2020-09-22,Tech,0.003516666666666668,50.18,0.22797222222222224
2020-09-23,Tech,0.14175,57.09,0.003516666666666668
2020-09-24,Tech,-0.0013750000000000004,49.93,0.14175
2020-09-25,Tech,-0.0026875000000000002,49.87,-0.0013750000000000004
2020-09-28,Tech,0.030670833333333335,51.53,-0.0026875000000000002
2020-09-29,Tech,0.11034444444444447,55.52,0.030670833333333335
2020-09-30,Tech,0.08511666666666667,54.26,0.11034444444444447
2020-10-01,Tech,-0.0077,49.61,0.08511666666666667
2020-10-02,Tech,0.06729,53.36,-0.0077
2020-10-05,Tech,0.011346666666666666,50.57,0.06729
2020-10-06,Tech,0.004866666666666666,50.24,0.011346666666666666
2020-10-07,Tech,0.14698333333333335,57.35,0.004866666666666666
2020-10-08,Tech,0.06314761904761904,53.16,0.14698333333333335
2020-10-09,Tech,0.23371583333333332,61.69,0.06314761904761904
2020-10-12,Tech,0.12575833333333333,56.29,0.23371583333333332
2020-10-13,Tech,-0.029633333333333334,48.52,0.12575833333333333
2020-10-14,Tech,0.06394444444444446,53.2,-0.029633333333333334
2020-10-15,Tech,0.09857708333333334,54.93,0.06394444444444446
2020-10-16,Tech,0.07803333333333334,53.9,0.09857708333333334
2020-10-19,Tech,0.018121874999999996,50.91,0.07803333333333334
2020-10-20,Tech,0.1371125,56.86,0.018121874999999996
2020-10-21,Tech,0.16293125,58.15,0.1371125
2020-10-22,Tech,0.18013125,59.01,0.16293125
2020-10-23,Tech,0.14597500000000002,57.3,0.18013125
2020-10-26,Tech,0.07502008928571428,53.75,0.14597500000000002
2020-10-27,Tech,0.05603635714285714,52.8,0.07502008928571428
2020-10-28,Tech,0.025984672619047612,51.3,0.05603635714285714
2020-10-29,Tech,0.08144625,54.07,0.025984672619047612
2020-10-30,Tech,0.06561666666666667,53.28,0.08144625
2020-11-02,Tech,-0.026967499999999995,48.65,0.06561666666666667
2020-11-03,Tech,0.0048000000000000004,50.24,-0.026967499999999995
2020-11-04,Tech,0.09282333333333334,54.64,0.0048000000000000004
2020-11-05,Tech,0.08027243589743589,54.01,0.09282333333333334
2020-11-06,Tech,0.01718333333333333,50.86,0.08027243589743589
2020-11-09,Tech,-0.11776666666666667,44.11,0.01718333333333333
2020-11-10,Tech,0.005345000000000001,50.27,-0.11776666666666667
2020-11-11,Tech,0.20531904761904762,60.27,0.005345000000000001
2020-11-12,Tech,0.13265416666666666,56.63,0.20531904761904762
2020-11-13,Tech,-0.00594,49.7,0.13265416666666666
2020-11-16,Tech,0.1350125,56.75,-0.00594
2020-11-17,Tech,0.23430555555555554,61.72,0.1350125
2020-11-18,Tech,0.2312125,61.56,0.23430555555555554
2020-11-19,Tech,-0.12221250000000002,43.89,0.2312125
2020-11-20,Tech,-0.03482222222222223,48.26,-0.12221250000000002
2020-11-23,Tech,0.13621875,56.81,-0.03482222222222223
2020-11-24,Tech,0.0,50.0,0.13621875
2020-11-25,Tech,0.07317222222222222,53.66,0.0
2020-11-27,Tech,0.013933333333333325,50.7,0.07317222222222222
2020-11-30,Tech,-0.07776041666666667,46.11,0.013933333333333325
2020-12-01,Tech,0.11324999999999999,55.66,-0.07776041666666667
2020-12-02,Tech,0.09525624999999999,54.76,0.11324999999999999
2020-12-03,Tech,0.05698333333333333,52.85,0.09525624999999999
2020-12-04,Tech,0.14036666666666667,57.02,0.05698333333333333
2020-12-07,Tech,0.050263888888888886,52.51,0.14036666666666667
2020-12-08,Tech,0.07072083333333332,53.54,0.050263888888888886
2020-12-09,Tech,0.14743333333333333,57.37,0.07072083333333332
2020-12-10,Tech,0.23475416666666668,61.74,0.14743333333333333
2020-12-11,Tech,0.011715833333333335,50.59,0.23475416666666668
2020-12-14,Tech,0.05490833333333334,52.75,0.011715833333333335
2020-12-15,Tech,-0.08342,45.83,0.05490833333333334
2020-12-16,Tech,0.0096,50.48,-0.08342
2020-12-17,Tech,0.142025,57.1,0.0096
2020-12-18,Tech,0.02033125,51.02,0.142025
2020-12-21,Tech,0.08532952380952381,54.27,0.02033125
2020-12-22,Tech,0.21016666666666667,60.51,0.08532952380952381
2020-12-23,Tech,0.07501666666666666,53.75,0.21016666666666667
2020-12-24,Tech,0.18106666666666668,59.05,0.07501666666666666
2020-12-28,Tech,0.14983194444444445,57.49,0.18106666666666668
2020-12-29,Tech,-0.029547500000000008,48.52,0.14983194444444445
2020-12-30,Tech,0.10368541666666667,55.18,-0.029547500000000008
2020-12-31,Tech,0.12105,56.05,0.10368541666666667
2021-01-04,Tech,0.11891000000000002,55.95,0.12105
2021-01-05,Tech,0.10762916666666666,55.38,0.11891000000000002
2021-01-06,Tech,0.160865,58.04,0.10762916666666666
2021-01-07,Tech,-0.03170333333333334,48.41,0.160865
2021-01-08,Tech,0.15595,57.8,-0.03170333333333334
2021-01-11,Tech,0.231665,61.58,0.15595
2021-01-12,Tech,-0.055549999999999995,47.22,0.231665
2021-01-13,Tech,0.054275698757763974,52.71,-0.055549999999999995
2021-01-14,Tech,0.08266666666666665,54.13,0.054275698757763974
2021-01-15,Tech,0.054517499999999997,52.73,0.08266666666666665
2021-01-19,Tech,0.11445403846153847,55.72,0.054517499999999997
2021-01-20,Tech,0.07777916666666666,53.89,0.11445403846153847
2021-01-21,Tech,0.11985833333333333,55.99,0.07777916666666666
2021-01-22,Tech,0.09213833333333334,54.61,0.11985833333333333
2021-01-25,Tech,0.09402884615384616,54.7,0.09213833333333334
2021-01-26,Tech,0.2195877777777778,60.98,0.09402884615384616
2021-01-27,Tech,0.06795833333333334,53.4,0.2195877777777778
2021-01-28,Tech,-0.06426388888888888,46.79,0.06795833333333334
2021-01-29,Tech,0.09478125,54.74,-0.06426388888888888
2021-02-01,Tech,0.21886464285714285,60.94,0.09478125
2021-02-02,Tech,0.1887875,59.44,0.21886464285714285
2021-02-03,Tech,0.07382083333333335,53.69,0.1887875
2021-02-04,Tech,0.03848556998556999,51.92,0.07382083333333335
2021-02-05,Tech,0.018470833333333325,50.92,0.03848556998556999
2021-02-08,Tech,0.09966249999999999,54.98,0.018470833333333325
2021-02-09,Tech,0.0679388888888889,53.4,0.09966249999999999
2021-02-10,Tech,-0.010449999999999994,49.48,0.0679388888888889
2021-02-11,Tech,0.04266833333333333,52.13,-0.010449999999999994
2021-02-12,Tech,0.20530416666666668,60.27,0.04266833333333333
2021-02-16,Tech,0.051699999999999996,52.58,0.20530416666666668
2021-02-17,Tech,0.009151111111111105,50.46,0.051699999999999996
2021-02-18,Tech,0.1912833333333333,59.56,0.009151111111111105
2021-02-19,Tech,0.16150208333333332,58.08,0.1912833333333333
2021-02-22,Tech,0.1586425,57.93,0.16150208333333332
2021-02-23,Tech,0.13604791666666669,56.8,0.1586425
2021-02-24,Tech,0.26837222222222223,63.42,0.13604791666666669
2021-02-25,Tech,0.0208125,51.04,0.26837222222222223
2021-02-26,Tech,0.12283888888888889,56.14,0.0208125
2021-03-01,Tech,0.08426666666666667,54.21,0.12283888888888889
2021-03-02,Tech,-0.08230416666666665,45.88,0.08426666666666667
2021-03-03,Tech,0.18215,59.11,-0.08230416666666665
2021-03-04,Tech,-0.06538333333333335,46.73,0.18215
2021-03-05,Tech,0.11668055555555557,55.83,-0.06538333333333335
2021-03-08,Tech,0.16928500000000002,58.46,0.11668055555555557
2021-03-09,Tech,0.014443750000000002,50.72,0.16928500000000002
2021-03-10,Tech,0.008166666666666668,50.41,0.014443750000000002
2021-03-11,Tech,0.12318214285714285,56.16,0.008166666666666668
2021-03-12,Tech,0.012483333333333332,50.62,0.12318214285714285
2021-03-15,Tech,0.021606666666666663,51.08,0.012483333333333332
2021-03-16,Tech,-0.008004999999999998,49.6,0.021606666666666663
2021-03-17,Tech,0.08764444444444443,54.38,-0.008004999999999998
2021-03-18,Tech,0.2918444444444444,64.59,0.08764444444444443
2021-03-19,Tech,0.15705,57.85,0.2918444444444444
2021-03-22,Tech,0.09429583333333334,54.71,0.15705
2021-03-23,Tech,0.23353541666666666,61.68,0.09429583333333334
2021-03-24,Tech,-0.07351764705882353,46.32,0.23353541666666666
2021-03-25,Tech,-0.09429916666666666,45.29,-0.07351764705882353
2021-03-26,Tech,0.08726666666666667,54.36,-0.09429916666666666
2021-03-29,Tech,0.0420375,52.1,0.08726666666666667
2021-03-30,Tech,0.0487,52.43,0.0420375
2021-03-31,Tech,0.022077777777777776,51.1,0.0487
2021-04-01,Tech,0.0900725,54.5,0.022077777777777776
2021-04-05,Tech,0.2059185897435897,60.3,0.0900725
2021-04-06,Tech,0.05694444444444444,52.85,0.2059185897435897
2021-04-07,Tech,-0.054,47.3,0.05694444444444444
2021-04-08,Tech,0.07981833333333334,53.99,-0.054
2021-04-09,Tech,0.18525,59.26,0.07981833333333334
2021-04-12,Tech,-0.03485208333333333,48.26,0.18525
2021-04-13,Tech,0.15684444444444443,57.84,-0.03485208333333333
2021-04-14,Tech,0.06233333333333334,53.12,0.15684444444444443
2021-04-15,Tech,0.04196875,52.1,0.06233333333333334
2021-04-16,Tech,0.008549999999999995,50.43,0.04196875
2021-04-19,Tech,0.07586714285714286,53.79,0.008549999999999995
2021-04-20,Tech,0.0605375,53.03,0.07586714285714286
2021-04-21,Tech,0.04334166666666667,52.17,0.0605375
2021-04-22,Tech,0.29225999999999996,64.61,0.04334166666666667
2021-04-23,Tech,0.06509711538461539,53.25,0.29225999999999996
2021-04-26,Tech,0.1282,56.41,0.06509711538461539
2021-04-27,Tech,0.021740000000000002,51.09,0.1282
2021-04-28,Tech,0.044915584415584416,52.25,0.021740000000000002
2021-04-29,Tech,0.07970357142857143,53.99,0.044915584415584416
2021-04-30,Tech,-0.0010166666666666657,49.95,0.07970357142857143
2021-05-03,Tech,0.04873611111111111,52.44,-0.0010166666666666657
2021-05-04,Tech,0.19624166666666665,59.81,0.04873611111111111
2021-05-05,Tech,-0.01181666666666667,49.41,0.19624166666666665
2021-05-06,Tech,0.04768333333333333,52.38,-0.01181666666666667
2021-05-07,Tech,0.04871388888888889,52.44,0.04768333333333333
2021-05-10,Tech,-0.05854444444444445,47.07,0.04871388888888889
2021-05-11,Tech,0.04072833333333334,52.04,-0.05854444444444445
2021-05-12,Tech,0.12281666666666667,56.14,0.04072833333333334
2021-05-13,Tech,-0.0459125,47.7,0.12281666666666667
2021-05-14,Tech,-0.05361666666666667,47.32,-0.0459125
2021-05-17,Tech,-0.007183333333333333,49.64,-0.05361666666666667
2021-05-18,Tech,0.17807499999999998,58.9,-0.007183333333333333
2021-05-19,Tech,0.031971428571428574,51.6,0.17807499999999998
2021-05-20,Tech,0.13833583333333332,56.92,0.031971428571428574
2021-05-21,Tech,0.1842375,59.21,0.13833583333333332
2021-05-24,Tech,0.012886111111111112,50.64,0.1842375
2021-05-25,Tech,-0.008124444444444443,49.59,0.012886111111111112
2021-05-26,Tech,0.18998749999999998,59.5,-0.008124444444444443
2021-05-27,Tech,0.04005625,52.0,0.18998749999999998
2021-05-28,Tech,0.093075,54.65,0.04005625
2021-06-01,Tech,0.004536666666666667,50.23,0.093075
2021-06-02,Tech,0.08511666666666666,54.26,0.004536666666666667
2021-06-03,Tech,0.1312,56.56,0.08511666666666666
2021-06-04,Tech,0.07297,53.65,0.1312
2021-06-07,Tech,0.1706975,58.53,0.07297
2021-06-08,Tech,0.4545,72.72,0.1706975
2021-06-09,Tech,0.011,50.55,0.4545
2021-06-10,Tech,0.13249687500000001,56.62,0.011
2021-06-11,Tech,0.026749999999999996,51.34,0.13249687500000001
2021-06-14,Tech,-0.15624625,42.19,0.026749999999999996
2021-06-15,Tech,0.006866666666666667,50.34,-0.15624625
2021-06-16,Tech,0.09072916666666668,54.54,0.006866666666666667
2021-06-17,Tech,0.021519999999999997,51.08,0.09072916666666668
2021-06-18,Tech,0.050868125,52.54,0.021519999999999997
2021-06-21,Tech,0.08934553571428572,54.47,0.050868125
2021-06-22,Tech,-0.009209999999999977,49.54,0.08934553571428572
2021-06-23,Tech,0.06585666666666666,53.29,-0.009209999999999977
2021-06-24,Tech,0.22377291666666668,61.19,0.06585666666666666
2021-06-25,Tech,0.3546833333333333,67.73,0.22377291666666668
2021-06-28,Tech,0.15209333333333333,57.6,0.3546833333333333
2021-06-29,Tech,0.19955416666666667,59.98,0.15209333333333333
2021-06-30,Tech,0.03145888888888888,51.57,0.19955416666666667
2021-07-01,Tech,0.1003375,55.02,0.03145888888888888
2021-07-02,Tech,0.03978333333333333,51.99,0.1003375
2021-07-06,Tech,0.17084166666666667,58.54,0.03978333333333333
2021-07-07,Tech,0.19598333333333331,59.8,0.17084166666666667
2021-07-08,Tech,0.21198666666666666,60.6,0.19598333333333331
2021-07-09,Tech,0.15540833333333334,57.77,0.21198666666666666
2021-07-12,Tech,0.07273333333333334,53.64,0.15540833333333334
2021-07-13,Tech,0.12771666666666667,56.39,0.07273333333333334
2021-07-14,Tech,0.1399375,57.0,0.12771666666666667
2021-07-15,Tech,0.08723714285714286,54.36,0.1399375
2021-07-16,Tech,-0.02327326923076923,48.84,0.08723714285714286
2021-07-19,Tech,-0.09140446428571428,45.43,-0.02327326923076923
2021-07-20,Tech,0.02765625,51.38,-0.09140446428571428
2021-07-21,Tech,0.09445535714285715,54.72,0.02765625
2021-07-22,Tech,0.13170277777777778,56.59,0.09445535714285715
2021-07-23,Tech,0.14723416666666667,57.36,0.13170277777777778
2021-07-26,Tech,0.05532043269230769,52.77,0.14723416666666667
2021-07-27,Tech,0.08957481481481482,54.48,0.05532043269230769
2021-07-28,Tech,0.12248214285714287,56.12,0.08957481481481482
2021-07-29,Tech,0.04924791666666667,52.46,0.12248214285714287
2021-07-30,Tech,0.11520000000000001,55.76,0.04924791666666667
2021-08-02,Tech,0.002773015873015875,50.14,0.11520000000000001
2021-08-03,Tech,0.13563333333333333,56.78,0.002773015873015875
2021-08-04,Tech,0.01721666666666667,50.86,0.13563333333333333
2021-08-05,Tech,0.04184910714285714,52.09,0.01721666666666667
2021-08-06,Tech,0.017334166666666664,50.87,0.04184910714285714
2021-08-09,Tech,0.0506625,52.53,0.017334166666666664
2021-08-10,Tech,0.057640000000000004,52.88,0.0506625
2021-08-11,Tech,0.0,50.0,0.057640000000000004
2021-08-12,Tech,0.16590833333333335,58.3,0.0
2021-08-13,Tech,0.127525,56.38,0.16590833333333335
2021-08-16,Tech,0.030219999999999997,51.51,0.127525
2021-08-17,Tech,-0.09940333333333332,45.03,0.030219999999999997
2021-08-18,Tech,0.151592,57.58,-0.09940333333333332
2021-08-19,Tech,0.02485714285714286,51.24,0.151592
2021-08-20,Tech,-0.02307333333333333,48.85,0.02485714285714286
2021-08-23,Tech,0.2520460227272727,62.6,-0.02307333333333333
2021-08-24,Tech,0.03857671957671958,51.93,0.2520460227272727
2021-08-25,Tech,0.0031215277777777786,50.16,0.03857671957671958
2021-08-26,Tech,0.13945333333333332,56.97,0.0031215277777777786
2021-08-27,Tech,0.021169999999999987,51.06,0.13945333333333332
2021-08-30,Tech,0.16687416666666666,58.34,0.021169999999999987
2021-08-31,Tech,0.026183333333333333,51.31,0.16687416666666666
2021-09-01,Tech,-0.05214444444444443,47.39,0.026183333333333333
2021-09-02,Tech,0.3299125,66.5,-0.05214444444444443
2021-09-03,Tech,0.08387083333333334,54.19,0.3299125
2021-09-07,Tech,0.05221452380952381,52.61,0.08387083333333334
2021-09-08,Tech,-0.012254166666666667,49.39,0.05221452380952381
2021-09-09,Tech,0.052805000000000005,52.64,-0.012254166666666667
2021-09-10,Tech,0.0071925,50.36,0.052805000000000005
2021-09-13,Tech,0.023425333333333336,51.17,0.0071925
2021-09-14,Tech,0.028611666666666667,51.43,0.023425333333333336
2021-09-15,Tech,0.021202976190476196,51.06,0.028611666666666667
2021-09-16,Tech,0.07098,53.55,0.021202976190476196
2021-09-17,Tech,0.06158333333333332,53.08,0.07098
2021-09-20,Tech,0.0795925,53.98,0.06158333333333332
2021-09-21,Tech,0.11066095238095237,55.53,0.0795925
2021-09-22,Tech,0.008546666666666657,50.43,0.11066095238095237
2021-09-23,Tech,-0.01546833333333334,49.23,0.008546666666666657
2021-09-24,Tech,0.15480666666666668,57.74,-0.01546833333333334
2021-09-27,Tech,0.08123200000000001,54.06,0.15480666666666668
2021-09-28,Tech,-0.05195966666666667,47.4,0.08123200000000001
2021-09-29,Tech,0.13076166666666666,56.54,-0.05195966666666667
2021-09-30,Tech,0.05021,52.51,0.13076166666666666
2021-10-01,Tech,-0.03304,48.35,0.05021
2021-10-04,Tech,0.07538857142857143,53.77,-0.03304
2021-10-05,Tech,0.07993333333333333,54.0,0.07538857142857143
2021-10-06,Tech,-0.006940208333333336,49.65,0.07993333333333333
2021-10-07,Tech,0.11259666666666668,55.63,-0.006940208333333336
2021-10-08,Tech,0.06608466666666667,53.3,0.11259666666666668
2021-10-11,Tech,0.12941111111111112,56.47,0.06608466666666667
2021-10-12,Tech,0.15128111111111112,57.56,0.12941111111111112
2021-10-13,Tech,0.09474333333333332,54.74,0.15128111111111112
2021-10-14,Tech,0.111765,55.59,0.09474333333333332
2021-10-15,Tech,0.07870625,53.94,0.111765
2021-10-18,Tech,0.08976854761904762,54.49,0.07870625
2021-10-19,Tech,0.29072333333333333,64.54,0.08976854761904762
2021-10-20,Tech,0.20328999999999997,60.16,0.29072333333333333
2021-10-21,Tech,0.04217283333333333,52.11,0.20328999999999997
2021-10-22,Tech,0.09743833333333334,54.87,0.04217283333333333
2021-10-25,Tech,-0.04193958333333333,47.9,0.09743833333333334
2021-10-26,Tech,0.08184833333333333,54.09,-0.04193958333333333
2021-10-27,Tech,0.012469285714285721,50.62,0.08184833333333333
2021-10-28,Tech,0.053849999999999995,52.69,0.012469285714285721
2021-10-29,Tech,-0.057420000000000006,47.13,0.053849999999999995
2021-11-01,Tech,0.13074166666666667,56.54,-0.057420000000000006
2021-11-02,Tech,0.1108152380952381,55.54,0.13074166666666667
2021-11-03,Tech,0.11869,55.93,0.1108152380952381
2021-11-04,Tech,0.09188254818865346,54.59,0.11869
2021-11-05,Tech,0.013610000000000006,50.68,0.09188254818865346
2021-11-08,Tech,0.148987,57.45,0.013610000000000006
2021-11-09,Tech,-0.05531250000000001,47.23,0.148987
2021-11-10,Tech,0.11708333333333334,55.85,-0.05531250000000001
2021-11-11,Tech,0.11715909090909092,55.86,0.11708333333333334
2021-11-12,Tech,0.009781249999999998,50.49,0.11715909090909092
2021-11-15,Tech,0.10828541666666668,55.41,0.009781249999999998
2021-11-16,Tech,0.1712810606060606,58.56,0.10828541666666668
2021-11-17,Tech,0.028100000000000003,51.4,0.1712810606060606
2021-11-18,Tech,0.09827701149425289,54.91,0.028100000000000003
2021-11-19,Tech,0.0786515350877193,53.93,0.09827701149425289
2021-11-22,Tech,0.09660204545454545,54.83,0.0786515350877193
2021-11-23,Tech,0.26480200000000004,63.24,0.09660204545454545
2021-11-24,Tech,0.03251180555555556,51.63,0.26480200000000004
2021-11-26,Tech,0.030370000000000005,51.52,0.03251180555555556
2021-11-29,Tech,0.12814145454545453,56.41,0.030370000000000005
2021-11-30,Tech,-0.033359444444444435,48.33,0.12814145454545453
2021-12-01,Tech,0.004910000000000003,50.25,-0.033359444444444435
2021-12-02,Tech,0.20494030303030306,60.25,0.004910000000000003
2021-12-03,Tech,0.03471078869047619,51.74,0.20494030303030306
2021-12-06,Tech,0.007333035353535355,50.37,0.03471078869047619
2021-12-07,Tech,0.12043064856711916,56.02,0.007333035353535355
2021-12-08,Tech,0.015300892857142855,50.77,0.12043064856711916
2021-12-09,Tech,0.04993151515151515,52.5,0.015300892857142855
2021-12-10,Tech,0.06483181818181817,53.24,0.04993151515151515
2021-12-13,Tech,0.06969728787878787,53.48,0.06483181818181817
2021-12-14,Tech,-0.013165000000000001,49.34,0.06969728787878787
2021-12-15,Tech,0.16566095238095238,58.28,-0.013165000000000001
2021-12-16,Tech,0.10982624999999999,55.49,0.16566095238095238
2021-12-17,Tech,-0.11886809523809524,44.06,0.10982624999999999
2021-12-20,Tech,-0.039426,48.03,-0.11886809523809524
2021-12-21,Tech,0.13650444444444446,56.83,-0.039426
2021-12-22,Tech,0.30095,65.05,0.13650444444444446
2021-12-23,Tech,0.060143333333333326,53.01,0.30095
2021-12-27,Tech,0.09325125,54.66,0.060143333333333326
2021-12-28,Tech,0.17881622727272728,58.94,0.09325125
2021-12-29,Tech,0.008066666666666672,50.4,0.17881622727272728
2021-12-30,Tech,0.071908,53.6,0.008066666666666672
2021-12-31,Tech,0.13202442857142857,56.6,0.071908
2022-01-03,Tech,0.2889806547619047,64.45,0.13202442857142857
2022-01-04,Tech,-0.0023412745098039256,49.88,0.2889806547619047
2022-01-05,Tech,-0.020665803030303027,48.97,-0.0023412745098039256
2022-01-06,Tech,0.04545899999999999,52.27,-0.020665803030303027
2022-01-07,Tech,-0.03231666666666665,48.38,0.04545899999999999
2022-01-10,Tech,0.08260833333333334,54.13,-0.03231666666666665
2022-01-11,Tech,0.17947244444444446,58.97,0.08260833333333334
2022-01-12,Tech,0.13111166666666665,56.56,0.17947244444444446
2022-01-13,Tech,0.19516336507936508,59.76,0.13111166666666665
2022-01-14,Tech,0.07742761904761905,53.87,0.19516336507936508
2022-01-18,Tech,0.1660402380952381,58.3,0.07742761904761905
2022-01-19,Tech,0.10569297619047618,55.28,0.1660402380952381
2022-01-20,Tech,0.17090745238095237,58.55,0.10569297619047618
2022-01-21,Tech,0.033819602272727275,51.69,0.17090745238095237
2022-01-24,Tech,0.01780283993783994,50.89,0.033819602272727275
2022-01-25,Tech,0.07145833333333333,53.57,0.01780283993783994
2022-01-26,Tech,0.05275830713146503,52.64,0.07145833333333333
2022-01-27,Tech,0.1389971590909091,56.95,0.05275830713146503
2022-01-28,Tech,0.10982295238095237,55.49,0.1389971590909091
2022-01-31,Tech,0.1433625,57.17,0.10982295238095237
2022-02-01,Tech,0.08377981481481481,54.19,0.1433625
2022-02-02,Tech,0.06978479229989867,53.49,0.08377981481481481
2022-02-03,Tech,0.15654809523809526,57.83,0.06978479229989867
2022-02-04,Tech,0.08079166666666668,54.04,0.15654809523809526
2022-02-07,Tech,0.07388095238095238,53.69,0.08079166666666668
2022-02-08,Tech,0.10419464285714286,55.21,0.07388095238095238
2022-02-09,Tech,-0.007147692307692306,49.64,0.10419464285714286
2022-02-10,Tech,0.0035675000000000025,50.18,-0.007147692307692306
2022-02-11,Tech,0.0074316666666666645,50.37,0.0035675000000000025
2022-02-14,Tech,0.05167474358974359,52.58,0.0074316666666666645
2022-02-15,Tech,0.07455606535947713,53.73,0.05167474358974359
2022-02-16,Tech,0.08853227450980392,54.43,0.07455606535947713
2022-02-17,Tech,0.03351044444444445,51.68,0.08853227450980392
2022-02-18,Tech,0.13459933333333335,56.73,0.03351044444444445
2022-02-22,Tech,0.06899070238095237,53.45,0.13459933333333335
2022-02-23,Tech,0.12227000000000002,56.11,0.06899070238095237
2022-02-24,Tech,0.07057416666666667,53.53,0.12227000000000002
2022-02-25,Tech,-0.05959047619047619,47.02,0.07057416666666667
2022-02-28,Tech,0.04609621212121213,52.3,-0.05959047619047619
2022-03-01,Tech,-0.01669,49.17,0.04609621212121213
2022-03-02,Tech,0.22277875000000003,61.14,-0.01669
2022-03-03,Tech,0.03584,51.79,0.22277875000000003
2022-03-04,Tech,0.017455095238095242,50.87,0.03584
2022-03-07,Tech,-0.03992007142857143,48.0,0.017455095238095242
2022-03-08,Tech,0.08180852272727272,54.09,-0.03992007142857143
2022-03-09,Tech,0.038769142857142856,51.94,0.08180852272727272
2022-03-10,Tech,0.11183041025641025,55.59,0.038769142857142856
2022-03-11,Tech,0.032279333333333333,51.61,0.11183041025641025
2022-03-14,Tech,0.07519955555555555,53.76,0.032279333333333333
2022-03-15,Tech,0.14640626984126986,57.32,0.07519955555555555
2022-03-16,Tech,0.15463146645021647,57.73,0.14640626984126986
2022-03-17,Tech,0.05385983333333334,52.69,0.15463146645021647
2022-03-18,Tech,0.112752,55.64,0.05385983333333334
2022-03-21,Tech,0.10465733333333334,55.23,0.112752
2022-03-22,Tech,0.1853037142857143,59.27,0.10465733333333334
2022-03-23,Tech,0.05911615151515152,52.96,0.1853037142857143
2022-03-24,Tech,0.07759287645687646,53.88,0.05911615151515152
2022-03-25,Tech,0.019763333333333327,50.99,0.07759287645687646
2022-03-28,Tech,0.1536675238095238,57.68,0.019763333333333327
2022-03-29,Tech,0.08888416666666667,54.44,0.1536675238095238
2022-03-30,Tech,0.09998516666666667,55.0,0.08888416666666667
2022-03-31,Tech,0.08108333333333333,54.05,0.09998516666666667
2022-04-01,Tech,0.07564797202797202,53.78,0.08108333333333333
2022-04-04,Tech,0.07493910087719298,53.75,0.07564797202797202
2022-04-05,Tech,-0.032967948717948725,48.35,0.07493910087719298
2022-04-06,Tech,0.029762190476190477,51.49,-0.032967948717948725
2022-04-07,Tech,0.04804392857142857,52.4,0.029762190476190477
2022-04-08,Tech,0.19999866666666666,60.0,0.04804392857142857
2022-04-11,Tech,0.05623710256410256,52.81,0.19999866666666666
2022-04-12,Tech,0.03991428571428572,52.0,0.05623710256410256
2022-04-13,Tech,0.068755,53.44,0.03991428571428572
2022-04-14,Tech,0.06220666666666667,53.11,0.068755
2022-04-18,Tech,-0.11344233333333334,44.33,0.06220666666666667
2022-04-19,Tech,0.15274533333333334,57.64,-0.11344233333333334
2022-04-20,Tech,0.07431750000000001,53.72,0.15274533333333334
2022-04-21,Tech,-0.01213128571428572,49.39,0.07431750000000001
2022-04-22,Tech,0.06625,53.31,-0.01213128571428572
2022-04-25,Tech,0.044058714285714284,52.2,0.06625
2022-04-26,Tech,0.04875266666666668,52.44,0.044058714285714284
2022-04-27,Tech,0.10382333333333334,55.19,0.04875266666666668
2022-04-28,Tech,0.12051051136363637,56.03,0.10382333333333334
2022-04-29,Tech,-0.04819965367965368,47.59,0.12051051136363637
2022-05-02,Tech,0.14571181818181816,57.29,-0.04819965367965368
2022-05-03,Tech,-0.03794928571428571,48.1,0.14571181818181816
2022-05-04,Tech,-0.007496875000000002,49.63,-0.03794928571428571
2022-05-05,Tech,0.08375361111111111,54.19,-0.007496875000000002
2022-05-06,Tech,0.062172261904761904,53.11,0.08375361111111111
2022-05-09,Tech,-0.002292341880341886,49.89,0.062172261904761904
2022-05-10,Tech,0.04192179487179487,52.1,-0.002292341880341886
2022-05-11,Tech,0.03326678571428572,51.66,0.04192179487179487
2022-05-12,Tech,-0.0703452380952381,46.48,0.03326678571428572
2022-05-13,Tech,0.023390303030303025,51.17,-0.0703452380952381
2022-05-16,Tech,0.044661333333333345,52.23,0.023390303030303025
2022-05-17,Tech,0.06459344322344322,53.23,0.044661333333333345
2022-05-18,Tech,0.04117499999999998,52.06,0.06459344322344322
2022-05-19,Tech,0.003266477272727269,50.16,0.04117499999999998
2022-05-20,Tech,0.15194666666666667,57.6,0.003266477272727269
2022-05-23,Tech,0.10617168922305764,55.31,0.15194666666666667
2022-05-24,Tech,0.07937333333333334,53.97,0.10617168922305764
2022-05-25,Tech,-0.02014242424242424,48.99,0.07937333333333334
2022-05-26,Tech,0.09942736842105263,54.97,-0.02014242424242424
2022-05-27,Tech,0.035250000000000004,51.76,0.09942736842105263
2022-05-31,Tech,0.20074388888888892,60.04,0.035250000000000004
2022-06-01,Tech,0.13873472222222222,56.94,0.20074388888888892
2022-06-02,Tech,0.10275095238095237,55.14,0.13873472222222222
2022-06-03,Tech,0.0462695238095238,52.31,0.10275095238095237
2022-06-06,Tech,0.046481666666666664,52.32,0.0462695238095238
2022-06-07,Tech,0.05518000000000001,52.76,0.046481666666666664
2022-06-08,Tech,-0.0394053125,48.03,0.05518000000000001
2022-06-09,Tech,0.007939999999999997,50.4,-0.0394053125
2022-06-10,Tech,0.032300833333333334,51.62,0.007939999999999997
2022-06-13,Tech,0.056961920634920636,52.85,0.032300833333333334
2022-06-14,Tech,0.07540595238095238,53.77,0.056961920634920636
2022-06-15,Tech,0.101799,55.09,0.07540595238095238
2022-06-16,Tech,-0.017658571428571433,49.12,0.101799
2022-06-17,Tech,0.09048625,54.52,-0.017658571428571433
2022-06-21,Tech,0.056815884615384615,52.84,0.09048625
2022-06-22,Tech,0.10487714285714285,55.24,0.056815884615384615
2022-06-23,Tech,0.02809166666666667,51.4,0.10487714285714285
2022-06-24,Tech,0.008754666666666666,50.44,0.02809166666666667
2022-06-27,Tech,0.07716295238095239,53.86,0.008754666666666666
2022-06-28,Tech,0.029197500000000005,51.46,0.07716295238095239
2022-06-29,Tech,-0.04167777777777778,47.92,0.029197500000000005
2022-06-30,Tech,-0.006856666666666666,49.66,-0.04167777777777778
2022-07-01,Tech,-0.05082214285714285,47.46,-0.006856666666666666
2022-07-05,Tech,0.07727,53.86,-0.05082214285714285
2022-07-06,Tech,0.04470999999999999,52.24,0.07727
2022-07-07,Tech,0.08285200000000001,54.14,0.04470999999999999
2022-07-08,Tech,0.022126000000000007,51.11,0.08285200000000001
2022-07-11,Tech,0.10490347619047617,55.25,0.022126000000000007
2022-07-12,Tech,-0.033677619047619047,48.32,0.10490347619047617
2022-07-13,Tech,0.06563380952380952,53.28,-0.033677619047619047
2022-07-14,Tech,0.16714964285714284,58.36,0.06563380952380952
2022-07-15,Tech,0.11690357142857144,55.85,0.16714964285714284
2022-07-18,Tech,0.23781349999999998,61.89,0.11690357142857144
2022-07-19,Tech,0.09815666666666667,54.91,0.23781349999999998
2022-07-20,Tech,0.09678892857142858,54.84,0.09815666666666667
2022-07-21,Tech,0.09192559523809524,54.6,0.09678892857142858
2022-07-22,Tech,0.09661488888888889,54.83,0.09192559523809524
2022-07-25,Tech,-0.013994318181818182,49.3,0.09661488888888889
2022-07-26,Tech,0.04562777777777777,52.28,-0.013994318181818182
2022-07-27,Tech,0.06766363636363637,53.38,0.04562777777777777
2022-07-28,Tech,0.02536638257575758,51.27,0.06766363636363637
2022-07-29,Tech,0.18105830409356724,59.05,0.02536638257575758
2022-08-01,Tech,0.17925611111111112,58.96,0.18105830409356724
2022-08-02,Tech,-0.12431511904761905,43.78,0.17925611111111112
2022-08-03,Tech,0.14706392857142858,57.35,-0.12431511904761905
2022-08-04,Tech,-0.001665833333333333,49.92,0.14706392857142858
2022-08-05,Tech,0.02983416666666666,51.49,-0.001665833333333333
2022-08-08,Tech,0.09100824074074075,54.55,0.02983416666666666
2022-08-09,Tech,-0.02775316239316239,48.61,0.09100824074074075
2022-08-10,Tech,0.056005396825396826,52.8,-0.02775316239316239
2022-08-11,Tech,0.07096422077922078,53.55,0.056005396825396826
2022-08-12,Tech,0.20626733333333336,60.31,0.07096422077922078
2022-08-15,Tech,0.1248222857142857,56.24,0.20626733333333336
2022-08-16,Tech,0.12992333333333334,56.5,0.1248222857142857
2022-08-17,Tech,0.06694444444444445,53.35,0.12992333333333334
2022-08-18,Tech,0.05187200000000001,52.59,0.06694444444444445
2022-08-19,Tech,0.13417333333333334,56.71,0.05187200000000001
2022-08-22,Tech,0.12463190476190475,56.23,0.13417333333333334
2022-08-23,Tech,0.01867599999999999,50.93,0.12463190476190475
2022-08-24,Tech,0.12620815126050422,56.31,0.01867599999999999
2022-08-25,Tech,0.013425833333333338,50.67,0.12620815126050422
2022-08-26,Tech,0.04187590476190477,52.09,0.013425833333333338
2022-08-29,Tech,-0.046101190476190476,47.69,0.04187590476190477
2022-08-30,Tech,0.1141385,55.71,-0.046101190476190476
2022-08-31,Tech,0.07348750000000001,53.67,0.1141385
2022-09-01,Tech,-0.04031634453781513,47.98,0.07348750000000001
2022-09-02,Tech,-0.02831076190476191,48.58,-0.04031634453781513
2022-09-06,Tech,0.07449791062801933,53.72,-0.02831076190476191
2022-09-07,Tech,-0.001673333333333335,49.92,0.07449791062801933
2022-09-08,Tech,0.01798333333333335,50.9,-0.001673333333333335
2022-09-09,Tech,0.11089266666666667,55.54,0.01798333333333335
2022-09-12,Tech,0.04357414285714286,52.18,0.11089266666666667
2022-09-13,Tech,-0.02386166666666667,48.81,0.04357414285714286
2022-09-14,Tech,-0.0553105,47.23,-0.02386166666666667
2022-09-15,Tech,-0.021637391304347834,48.92,-0.0553105
2022-09-16,Tech,0.051254428571428576,52.56,-0.021637391304347834
2022-09-19,Tech,-0.04038911111111111,47.98,0.051254428571428576
2022-09-20,Tech,-0.04012238095238095,47.99,-0.04038911111111111
2022-09-21,Tech,0.08589166666666667,54.29,-0.04012238095238095
2022-09-22,Tech,0.12409957142857145,56.2,0.08589166666666667
2022-09-23,Tech,-4.142857142858114e-06,50.0,0.12409957142857145
2022-09-26,Tech,0.02179726190476191,51.09,-4.142857142858114e-06
2022-09-27,Tech,0.09884346031746032,54.94,0.02179726190476191
2022-09-28,Tech,0.029589214285714295,51.48,0.09884346031746032
2022-09-29,Tech,0.06174598484848485,53.09,0.029589214285714295
2022-09-30,Tech,-0.010183333333333332,49.49,0.06174598484848485
2022-10-03,Tech,0.14704523809523812,57.35,-0.010183333333333332
2022-10-04,Tech,0.13234294372294372,56.62,0.14704523809523812
2022-10-05,Tech,0.1482945,57.41,0.13234294372294372
2022-10-06,Tech,-0.15911999999999998,42.04,0.1482945
2022-10-07,Tech,0.10066870015948963,55.03,-0.15911999999999998
2022-10-10,Tech,0.0005003333333333277,50.03,0.10066870015948963
2022-10-11,Tech,0.03997604166666666,52.0,0.0005003333333333277
2022-10-12,Tech,0.0006641666666666685,50.03,0.03997604166666666
2022-10-13,Tech,0.031336785714285706,51.57,0.0006641666666666685
2022-10-14,Tech,0.03103166666666667,51.55,0.031336785714285706
2022-10-17,Tech,0.012894,50.64,0.03103166666666667
2022-10-18,Tech,0.06856966666666667,53.43,0.012894
2022-10-19,Tech,-0.18296833333333332,40.85,0.06856966666666667
2022-10-20,Tech,0.1408575,57.04,-0.18296833333333332
2022-10-21,Tech,0.038323,51.92,0.1408575
2022-10-24,Tech,-0.03353571428571428,48.32,0.038323
2022-10-25,Tech,-0.05567166666666667,47.22,-0.03353571428571428
2022-10-26,Tech,0.16138,58.07,-0.05567166666666667
2022-10-27,Tech,-0.05327333333333334,47.34,0.16138
2022-10-28,Tech,0.08325568181818183,54.16,-0.05327333333333334
2022-10-31,Tech,0.04582916666666666,52.29,0.08325568181818183
2022-11-01,Tech,-0.0016893333333333287,49.92,0.04582916666666666
2022-11-02,Tech,0.13615466666666665,56.81,-0.0016893333333333287
2022-11-03,Tech,-0.018424999999999997,49.08,0.13615466666666665
2022-11-04,Tech,0.06511666666666667,53.26,-0.018424999999999997
2022-11-07,Tech,0.05678076190476191,52.84,0.06511666666666667
2022-11-08,Tech,0.08365061904761906,54.18,0.05678076190476191
2022-11-09,Tech,-0.03164375,48.42,0.08365061904761906
2022-11-10,Tech,0.052306307692307694,52.62,-0.03164375
2022-11-11,Tech,0.041447857142857134,52.07,0.052306307692307694
2022-11-14,Tech,0.09229708180708181,54.61,0.041447857142857134
2022-11-15,Tech,0.031985000000000006,51.6,0.09229708180708181
2022-11-16,Tech,-0.03762944444444445,48.12,0.031985000000000006
2022-11-17,Tech,-0.004886000000000001,49.76,-0.03762944444444445
2022-11-18,Tech,0.14904583333333332,57.45,-0.004886000000000001
2022-11-21,Tech,0.048433,52.42,0.14904583333333332
2022-11-22,Tech,0.010053333333333327,50.5,0.048433
2022-11-23,Tech,0.15605916666666667,57.8,0.010053333333333327
2022-11-25,Tech,-0.11780166666666667,44.11,0.15605916666666667
2022-11-28,Tech,0.02579210256410256,51.29,-0.11780166666666667
2022-11-29,Tech,-0.14405666666666667,42.8,0.02579210256410256
2022-11-30,Tech,0.03846666666666666,51.92,-0.14405666666666667
2022-12-01,Tech,0.09439266666666667,54.72,0.03846666666666666
2022-12-02,Tech,0.1040425,55.2,0.09439266666666667
2022-12-05,Tech,0.03620071428571429,51.81,0.1040425
2022-12-06,Tech,0.008328000000000002,50.42,0.03620071428571429
2022-12-07,Tech,0.20416561904761904,60.21,0.008328000000000002
2022-12-08,Tech,0.09225416666666668,54.61,0.20416561904761904
2022-12-09,Tech,0.129790625,56.49,0.09225416666666668
2022-12-12,Tech,0.1510104761904762,57.55,0.129790625
2022-12-13,Tech,0.08195922619047619,54.1,0.1510104761904762
2022-12-14,Tech,0.08618,54.31,0.08195922619047619
2022-12-15,Tech,-0.023903571428571434,48.8,0.08618
2022-12-16,Tech,0.03674395833333333,51.84,-0.023903571428571434
2022-12-19,Tech,0.019960666666666665,51.0,0.03674395833333333
2022-12-20,Tech,0.16633333333333333,58.32,0.019960666666666665
2022-12-21,Tech,0.13923714285714286,56.96,0.16633333333333333
2022-12-22,Tech,-0.131236,43.44,0.13923714285714286
2022-12-23,Tech,0.09202666666666666,54.6,-0.131236
2022-12-27,Tech,-0.04679806060606061,47.66,0.09202666666666666
2022-12-28,Tech,-0.082465,45.88,-0.04679806060606061
2022-12-29,Tech,0.00928666666666667,50.46,-0.082465
2022-12-30,Tech,-0.118299,44.09,0.00928666666666667
2023-01-03,Tech,0.029803348416289593,51.49,-0.118299
2023-01-04,Tech,0.054918928571428584,52.75,0.029803348416289593
2023-01-05,Tech,0.12680183333333334,56.34,0.054918928571428584
2023-01-06,Tech,0.18142,59.07,0.12680183333333334
2023-01-09,Tech,0.10823466666666667,55.41,0.18142
2023-01-10,Tech,0.1617457142857143,58.09,0.10823466666666667
2023-01-11,Tech,0.044841666666666676,52.24,0.1617457142857143
2023-01-12,Tech,0.006648333333333339,50.33,0.044841666666666676
2023-01-13,Tech,-0.006220000000000003,49.69,0.006648333333333339
2023-01-17,Tech,0.072265,53.61,-0.006220000000000003
2023-01-18,Tech,0.09552047619047618,54.78,0.072265
2023-01-19,Tech,-0.009672222222222221,49.52,0.09552047619047618
2023-01-20,Tech,-0.011516666666666663,49.42,-0.009672222222222221
2023-01-23,Tech,0.24651137844611531,62.33,-0.011516666666666663
2023-01-24,Tech,-0.0020431249999999946,49.9,0.24651137844611531
2023-01-25,Tech,0.06415559523809525,53.21,-0.0020431249999999946
2023-01-26,Tech,0.01421069841269842,50.71,0.06415559523809525
2023-01-27,Tech,0.0010032070707070738,50.05,0.01421069841269842
2023-01-30,Tech,0.050808717948717955,52.54,0.0010032070707070738
2023-01-31,Tech,-0.03314981060606061,48.34,0.050808717948717955
2023-02-01,Tech,-0.03320009916094585,48.34,-0.03314981060606061
2023-02-02,Tech,0.06047916666666666,53.02,-0.03320009916094585
2023-02-03,Tech,0.05687500000000001,52.84,0.06047916666666666
2023-02-06,Tech,0.01935833333333333,50.97,0.05687500000000001
2023-02-07,Tech,0.18698399999999998,59.35,0.01935833333333333
2023-02-08,Tech,0.12416553571428572,56.21,0.18698399999999998
2023-02-09,Tech,0.11261133333333333,55.63,0.12416553571428572
2023-02-10,Tech,-0.011619444444444446,49.42,0.11261133333333333
2023-02-13,Tech,0.05949894677871148,52.97,-0.011619444444444446
2023-02-14,Tech,0.19467712121212122,59.73,0.05949894677871148
2023-02-15,Tech,-0.028117999999999997,48.59,0.19467712121212122
2023-02-16,Tech,0.07660345454545456,53.83,-0.028117999999999997
2023-02-17,Tech,-0.018135151515151517,49.09,0.07660345454545456
2023-02-21,Tech,0.04517106060606061,52.26,-0.018135151515151517
2023-02-22,Tech,0.181434,59.07,0.04517106060606061
2023-02-23,Tech,0.031022916666666667,51.55,0.181434
2023-02-24,Tech,0.010210666666666668,50.51,0.031022916666666667
2023-02-27,Tech,0.08286896825396825,54.14,0.010210666666666668
2023-02-28,Tech,0.2599839285714286,63.0,0.08286896825396825
2023-03-01,Tech,0.09016031746031745,54.51,0.2599839285714286
2023-03-02,Tech,-0.02012833333333333,48.99,0.09016031746031745
2023-03-03,Tech,0.10263066666666668,55.13,-0.02012833333333333
2023-03-06,Tech,0.019194153846153854,50.96,0.10263066666666668
2023-03-07,Tech,0.08492277777777776,54.25,0.019194153846153854
2023-03-08,Tech,0.03609333333333333,51.8,0.08492277777777776
2023-03-09,Tech,0.0639769696969697,53.2,0.03609333333333333
2023-03-10,Tech,0.019304375,50.97,0.0639769696969697
2023-03-13,Tech,0.028566666666666667,51.43,0.019304375
2023-03-14,Tech,0.09343229166666667,54.67,0.028566666666666667
2023-03-15,Tech,0.07203352380952381,53.6,0.09343229166666667
2023-03-16,Tech,0.03884356818181818,51.94,0.07203352380952381
2023-03-17,Tech,0.03532125,51.77,0.03884356818181818
2023-03-20,Tech,0.029568666666666667,51.48,0.03532125
2023-03-21,Tech,0.09304028571428571,54.65,0.029568666666666667
2023-03-22,Tech,0.034421518796992484,51.72,0.09304028571428571
2023-03-23,Tech,0.09698761904761904,54.85,0.034421518796992484
2023-03-24,Tech,0.06406714285714286,53.2,0.09698761904761904
2023-03-27,Tech,0.10471917948717949,55.24,0.06406714285714286
2023-03-28,Tech,0.0735511111111111,53.68,0.10471917948717949
2023-03-29,Tech,0.06344,53.17,0.0735511111111111
2023-03-30,Tech,0.09517666666666666,54.76,0.06344
2023-03-31,Tech,0.09029300000000001,54.51,0.09517666666666666
2023-04-03,Tech,0.1374478181818182,56.87,0.09029300000000001
2023-04-04,Tech,0.03910138311688312,51.96,0.1374478181818182
2023-04-05,Tech,-0.029393421052631586,48.53,0.03910138311688312
2023-04-06,Tech,0.12131230769230769,56.07,-0.029393421052631586
2023-04-10,Tech,0.11415558376711007,55.71,0.12131230769230769
2023-04-11,Tech,0.027017000000000003,51.35,0.11415558376711007
2023-04-12,Tech,0.11352133333333334,55.68,0.027017000000000003
2023-04-13,Tech,0.04986152777777778,52.49,0.11352133333333334
2023-04-14,Tech,0.14189666666666667,57.09,0.04986152777777778
2023-04-17,Tech,0.05110238095238094,52.56,0.14189666666666667
2023-04-18,Tech,0.1580327380952381,57.9,0.05110238095238094
2023-04-19,Tech,0.119882,55.99,0.1580327380952381
2023-04-20,Tech,-0.013227888888888905,49.34,0.119882
2023-04-21,Tech,0.07883819047619048,53.94,-0.013227888888888905
2023-04-24,Tech,0.11162022222222223,55.58,0.07883819047619048
2023-04-25,Tech,0.17222714285714286,58.61,0.11162022222222223
2023-04-26,Tech,0.09292233333333334,54.65,0.17222714285714286
2023-04-27,Tech,0.0893542857142857,54.47,0.09292233333333334
2023-04-28,Tech,0.024914642857142854,51.25,0.0893542857142857
2023-05-01,Tech,0.1528403650793651,57.64,0.024914642857142854
2023-05-02,Tech,0.0019475000000000048,50.1,0.1528403650793651
2023-05-03,Tech,0.07677658297584769,53.84,0.0019475000000000048
2023-05-04,Tech,0.016275388888888888,50.81,0.07677658297584769
2023-05-05,Tech,0.03704095238095238,51.85,0.016275388888888888
2023-05-08,Tech,0.10282485714285713,55.14,0.03704095238095238
2023-05-09,Tech,-0.052990683760683756,47.35,0.10282485714285713
2023-05-10,Tech,0.11173,55.59,-0.052990683760683756
2023-05-11,Tech,0.0041406249999999985,50.21,0.11173
2023-05-12,Tech,0.09525416666666667,54.76,0.0041406249999999985
2023-05-15,Tech,0.1329216233766234,56.65,0.09525416666666667
2023-05-16,Tech,0.013090666666666667,50.65,0.1329216233766234
2023-05-17,Tech,0.030305787878787883,51.52,0.013090666666666667
2023-05-18,Tech,0.2016236111111111,60.08,0.030305787878787883
2023-05-19,Tech,0.01943343137254902,50.97,0.2016236111111111
2023-05-22,Tech,0.024136897435897437,51.21,0.01943343137254902
2023-05-23,Tech,0.1625182857142857,58.13,0.024136897435897437
2023-05-24,Tech,0.04517855555555556,52.26,0.1625182857142857
2023-05-25,Tech,0.18250751850985894,59.13,0.04517855555555556
2023-05-26,Tech,0.03601081300813008,51.8,0.18250751850985894
2023-05-30,Tech,0.08248914287612971,54.12,0.03601081300813008
2023-05-31,Tech,0.02458691081382386,51.23,0.08248914287612971
2023-06-01,Tech,0.09945624624624624,54.97,0.02458691081382386
2023-06-02,Tech,0.09084571428571428,54.54,0.09945624624624624
2023-06-05,Tech,0.014252521645021646,50.71,0.09084571428571428
2023-06-06,Tech,0.048090857142857144,52.4,0.014252521645021646
2023-06-07,Tech,0.06672644444444445,53.34,0.048090857142857144
2023-06-08,Tech,0.08496473593073593,54.25,0.06672644444444445
2023-06-09,Tech,0.06916224561403508,53.46,0.08496473593073593
2023-06-12,Tech,0.10283622222222222,55.14,0.06916224561403508
2023-06-13,Tech,0.14001047619047619,57.0,0.10283622222222222
2023-06-14,Tech,0.08612469703670941,54.31,0.14001047619047619
2023-06-15,Tech,0.05458494868035191,52.73,0.08612469703670941
2023-06-16,Tech,0.1682658152173913,58.41,0.05458494868035191
2023-06-20,Tech,0.07312335992907801,53.66,0.1682658152173913
2023-06-21,Tech,-0.04648010000000001,47.68,0.07312335992907801
2023-06-22,Tech,0.10324238095238095,55.16,-0.04648010000000001
2023-06-23,Tech,0.09963277777777778,54.98,0.10324238095238095
2023-06-26,Tech,0.10293647619047619,55.15,0.09963277777777778
2023-06-27,Tech,0.08446722222222222,54.22,0.10293647619047619
2023-06-28,Tech,-0.05094481770023377,47.45,0.08446722222222222
2023-06-29,Tech,0.04060955357142858,52.03,-0.05094481770023377
2023-06-30,Tech,0.09682245161290323,54.84,0.04060955357142858
2023-07-03,Tech,0.2046669047619048,60.23,0.09682245161290323
2023-07-05,Tech,0.09110090476190477,54.56,0.2046669047619048
2023-07-06,Tech,0.01888408014208014,50.94,0.09110090476190477
2023-07-07,Tech,0.04434083333333333,52.22,0.01888408014208014
2023-07-10,Tech,0.10544167410951621,55.27,0.04434083333333333
2023-07-11,Tech,0.12100126373626371,56.05,0.10544167410951621
2023-07-12,Tech,0.10008253968253969,55.0,0.12100126373626371
2023-07-13,Tech,0.1134786111111111,55.67,0.10008253968253969
2023-07-14,Tech,0.07218291025641026,53.61,0.1134786111111111
2023-07-17,Tech,0.02538986813186813,51.27,0.07218291025641026
2023-07-18,Tech,0.1220016811594203,56.1,0.02538986813186813
2023-07-19,Tech,0.14292083333333333,57.15,0.1220016811594203
2023-07-20,Tech,-0.016037066433566435,49.2,0.14292083333333333
2023-07-21,Tech,0.037287777777777774,51.86,-0.016037066433566435
2023-07-24,Tech,0.0917669696969697,54.59,0.037287777777777774
2023-07-25,Tech,0.10908404761904762,55.45,0.0917669696969697
2023-07-26,Tech,0.09888064685314685,54.94,0.10908404761904762
2023-07-27,Tech,0.12025697534376482,56.01,0.09888064685314685
2023-07-28,Tech,0.14212680141287284,57.11,0.12025697534376482
2023-07-31,Tech,0.17854060648148148,58.93,0.14212680141287284
2023-08-01,Tech,0.09730043137254903,54.87,0.17854060648148148
2023-08-02,Tech,-0.010611146023626842,49.47,0.09730043137254903
2023-08-03,Tech,0.05535807118807119,52.77,-0.010611146023626842
2023-08-04,Tech,0.10586550000000002,55.29,0.05535807118807119
2023-08-07,Tech,-0.004842261904761903,49.76,0.10586550000000002
2023-08-08,Tech,0.10225738095238095,55.11,-0.004842261904761903
2023-08-09,Tech,0.04666633333333333,52.33,0.10225738095238095
2023-08-10,Tech,-0.012794941176470582,49.36,0.04666633333333333
2023-08-11,Tech,0.09421259259259258,54.71,-0.012794941176470582
2023-08-14,Tech,0.13070149350649352,56.54,0.09421259259259258
2023-08-15,Tech,0.047438999999999995,52.37,0.13070149350649352
2023-08-16,Tech,0.09820616161616161,54.91,0.047438999999999995
2023-08-17,Tech,0.08067061050061052,54.03,0.09820616161616161
2023-08-18,Tech,0.06945416666666668,53.47,0.08067061050061052
2023-08-21,Tech,0.0348070761494253,51.74,0.06945416666666668
2023-08-22,Tech,0.1034437380952381,55.17,0.0348070761494253
2023-08-23,Tech,0.1204932251082251,56.02,0.1034437380952381
2023-08-24,Tech,0.09601607246376812,54.8,0.1204932251082251
2023-08-25,Tech,0.09273516784869976,54.64,0.09601607246376812
2023-08-28,Tech,0.10035313880445795,55.02,0.09273516784869976
2023-08-29,Tech,0.10419123809523809,55.21,0.10035313880445795
2023-08-30,Tech,0.05316674136321196,52.66,0.10419123809523809
2023-08-31,Tech,0.07309185714285714,53.65,0.05316674136321196
2023-09-01,Tech,0.12436357142857142,56.22,0.07309185714285714
2023-09-05,Tech,0.1298038619047619,56.49,0.12436357142857142
2023-09-06,Tech,0.059615600000000005,52.98,0.1298038619047619
2023-09-07,Tech,0.07561820833333334,53.78,0.059615600000000005
2023-09-08,Tech,-0.010390644910644915,49.48,0.07561820833333334
2023-09-11,Tech,0.15468827380952382,57.73,-0.010390644910644915
2023-09-12,Tech,0.0335062,51.68,0.15468827380952382
2023-09-13,Tech,0.1695957142857143,58.48,0.0335062
2023-09-14,Tech,0.17299486111111112,58.65,0.1695957142857143
2023-09-15,Tech,-0.013495913978494626,49.33,0.17299486111111112
2023-09-18,Tech,0.08931757814599194,54.47,-0.013495913978494626
2023-09-19,Tech,0.09688750000000002,54.84,0.08931757814599194
2023-09-20,Tech,-0.03427959523809524,48.29,0.09688750000000002
2023-09-21,Tech,0.018133166666666665,50.91,-0.03427959523809524
2023-09-22,Tech,0.04559944444444444,52.28,0.018133166666666665
2023-09-25,Tech,0.02118742368742369,51.06,0.04559944444444444
2023-09-26,Tech,0.11804380952380952,55.9,0.02118742368742369
2023-09-27,Tech,0.12009186666666667,56.0,0.11804380952380952
2023-09-28,Tech,0.080018,54.0,0.12009186666666667
2023-09-29,Tech,0.08079512987012986,54.04,0.080018
2023-10-02,Tech,0.15705740692640693,57.85,0.08079512987012986
2023-10-03,Tech,0.1368636752136752,56.84,0.15705740692640693
2023-10-04,Tech,0.08435676923076924,54.22,0.1368636752136752
2023-10-05,Tech,0.09994917948717949,55.0,0.08435676923076924
2023-10-06,Tech,0.018280879120879123,50.91,0.09994917948717949
2023-10-09,Tech,0.04058980861244019,52.03,0.018280879120879123
2023-10-10,Tech,0.10215329670329672,55.11,0.04058980861244019
2023-10-11,Tech,0.11944580759980761,55.97,0.10215329670329672
2023-10-12,Tech,0.06702125,53.35,0.11944580759980761
2023-10-13,Tech,0.1068757380952381,55.34,0.06702125
2023-10-16,Tech,0.0947197619047619,54.74,0.1068757380952381
2023-10-17,Tech,0.06918124824092317,53.46,0.0947197619047619
2023-10-18,Tech,0.030065134168157426,51.5,0.06918124824092317
2023-10-19,Tech,0.029711858974358973,51.49,0.030065134168157426
2023-10-20,Tech,-0.028749480676328498,48.56,0.029711858974358973
2023-10-23,Tech,0.08047196759259259,54.02,-0.028749480676328498
2023-10-24,Tech,0.10018291208791211,55.01,0.08047196759259259
2023-10-25,Tech,0.03969991228070176,51.98,0.10018291208791211
2023-10-26,Tech,0.06117058823529412,53.06,0.03969991228070176
2023-10-27,Tech,0.1016030064188685,55.08,0.06117058823529412
2023-10-30,Tech,0.025479351981351973,51.27,0.1016030064188685
2023-10-31,Tech,0.05747069449715371,52.87,0.025479351981351973
2023-11-01,Tech,0.08789040027605244,54.39,0.05747069449715371
2023-11-02,Tech,0.1486684888888889,57.43,0.08789040027605244
2023-11-03,Tech,0.13984866666666668,56.99,0.1486684888888889
2023-11-06,Tech,0.13918438961038962,56.96,0.13984866666666668
2023-11-07,Tech,0.27295555555555556,63.65,0.13918438961038962
2023-11-08,Tech,0.048813214285714286,52.44,0.27295555555555556
2023-11-09,Tech,0.1291352380952381,56.46,0.048813214285714286
2023-11-10,Tech,0.15345939130434783,57.67,0.1291352380952381
2023-11-13,Tech,0.11595257142857145,55.8,0.15345939130434783
2023-11-14,Tech,0.15140830041797285,57.57,0.11595257142857145
2023-11-15,Tech,0.031147691197691195,51.56,0.15140830041797285
2023-11-16,Tech,0.11259325396825397,55.63,0.031147691197691195
2023-11-17,Tech,0.11737866666666667,55.87,0.11259325396825397
2023-11-20,Tech,0.10042219858156028,55.02,0.11737866666666667
2023-11-21,Tech,0.15856837719298245,57.93,0.10042219858156028
2023-11-22,Tech,0.1385645882352941,56.93,0.15856837719298245
2023-11-24,Tech,0.09230779461279462,54.62,0.1385645882352941
2023-11-27,Tech,0.14668833333333334,57.33,0.09230779461279462
2023-11-28,Tech,0.15522202380952382,57.76,0.14668833333333334
2023-11-29,Tech,0.1486232142857143,57.43,0.15522202380952382
2023-11-30,Tech,0.10329357142857143,55.16,0.1486232142857143
2023-12-01,Tech,0.07771450980392157,53.89,0.10329357142857143
2023-12-04,Tech,0.12776339775910364,56.39,0.07771450980392157
2023-12-05,Tech,0.08339058823529412,54.17,0.12776339775910364
2023-12-06,Tech,0.12088311111111112,56.04,0.08339058823529412
2023-12-07,Tech,0.1336157619047619,56.68,0.12088311111111112
2023-12-08,Tech,0.14565491663175534,57.28,0.1336157619047619
2023-12-11,Tech,0.09803391156462585,54.9,0.14565491663175534
2023-12-12,Tech,0.09782646825396826,54.89,0.09803391156462585
2023-12-13,Tech,0.13442064705882353,56.72,0.09782646825396826
2023-12-14,Tech,0.0830125,54.15,0.13442064705882353
2023-12-15,Tech,0.03973985858585859,51.99,0.0830125
2023-12-18,Tech,0.07455110544217688,53.73,0.03973985858585859
2023-12-19,Tech,0.12660000000000002,56.33,0.07455110544217688
2023-12-20,Tech,0.2704,63.52,0.12660000000000002
2023-12-21,Tech,0.18545,59.27,0.2704
2023-12-22,Tech,0.14794000000000002,57.4,0.18545
2023-12-26,Tech,0.1369,56.84,0.14794000000000002
2023-12-27,Tech,0.2155,60.78,0.1369
2023-12-28,Tech,0.14733000000000002,57.37,0.2155
2023-12-29,Tech,0.04745,52.37,0.14733000000000002
2020-01-02,Utilities,0.3612,68.06,
2020-01-03,Utilities,0.010933333333333333,50.55,0.3612
2020-01-06,Utilities,-0.020887500000000003,48.96,0.010933333333333333
2020-01-07,Utilities,0.3612,68.06,-0.020887500000000003
2020-01-08,Utilities,0.2899333333333333,64.5,0.3612
2020-01-09,Utilities,0.015000000000000001,50.75,0.2899333333333333
2020-01-10,Utilities,0.027512500000000002,51.38,0.015000000000000001
2020-01-13,Utilities,-0.025899999999999996,48.7,0.027512500000000002
2020-01-14,Utilities,0.10754999999999999,55.38,-0.025899999999999996
2020-01-15,Utilities,0.044845833333333335,52.24,0.10754999999999999
2020-01-16,Utilities,0.06684583333333333,53.34,0.044845833333333335
2020-01-17,Utilities,0.028035555555555553,51.4,0.06684583333333333
2020-01-21,Utilities,0.0075116666666666665,50.38,0.028035555555555553
2020-01-22,Utilities,0.07348229166666666,53.67,0.0075116666666666665
2020-01-23,Utilities,0.006208333333333333,50.31,0.07348229166666666
2020-01-24,Utilities,0.07659368627450981,53.83,0.006208333333333333
2020-01-27,Utilities,0.003766666666666668,50.19,0.07659368627450981
2020-01-28,Utilities,-0.0257175,48.71,0.003766666666666668
2020-01-29,Utilities,0.01031875,50.52,-0.0257175
2020-01-30,Utilities,0.093755,54.69,0.01031875
2020-01-31,Utilities,0.03145,51.57,0.093755
2020-02-03,Utilities,0.06503958333333335,53.25,0.03145
2020-02-04,Utilities,0.0694375,53.47,0.06503958333333335
2020-02-05,Utilities,0.03571333333333333,51.79,0.0694375
2020-02-06,Utilities,0.004083333333333335,50.2,0.03571333333333333
2020-02-07,Utilities,0.12303958333333334,56.15,0.004083333333333335
2020-02-10,Utilities,0.08309791666666667,54.15,0.12303958333333334
2020-02-11,Utilities,0.04456845238095239,52.23,0.08309791666666667
2020-02-12,Utilities,0.22737277777777778,61.37,0.04456845238095239
2020-02-13,Utilities,0.093765,54.69,0.22737277777777778
2020-02-14,Utilities,0.1458025,57.29,0.093765
2020-02-18,Utilities,0.15997083333333334,58.0,0.1458025
2020-02-19,Utilities,-0.009815151515151513,49.51,0.15997083333333334
2020-02-20,Utilities,0.039007487179487176,51.95,-0.009815151515151513
2020-02-21,Utilities,0.16619,58.31,0.039007487179487176
2020-02-24,Utilities,-0.006528000000000001,49.67,0.16619
2020-02-25,Utilities,0.13563541666666667,56.78,-0.006528000000000001
2020-02-26,Utilities,0.09226666666666666,54.61,0.13563541666666667
2020-02-27,Utilities,0.16951083333333333,58.48,0.09226666666666666
2020-02-28,Utilities,-0.11819375,44.09,0.16951083333333333
2020-03-02,Utilities,0.17408666666666667,58.7,-0.11819375
2020-03-03,Utilities,-0.04536874999999999,47.73,0.17408666666666667
2020-03-04,Utilities,0.5051300000000001,75.26,-0.04536874999999999
2020-03-05,Utilities,0.04008333333333333,52.0,0.5051300000000001
2020-03-06,Utilities,0.07395000000000002,53.7,0.04008333333333333
2020-03-09,Utilities,-0.04041458333333332,47.98,0.07395000000000002
2020-03-10,Utilities,0.10175,55.09,-0.04041458333333332
2020-03-11,Utilities,0.1644875,58.22,0.10175
2020-03-12,Utilities,-0.054079613095238094,47.3,0.1644875
2020-03-13,Utilities,0.039762500000000006,51.99,-0.054079613095238094
2020-03-16,Utilities,0.004439047619047613,50.22,0.039762500000000006
2020-03-17,Utilities,0.4753166666666666,73.77,0.004439047619047613
2020-03-18,Utilities,0.29231250000000003,64.62,0.4753166666666666
2020-03-19,Utilities,0.03453333333333334,51.73,0.29231250000000003
2020-03-20,Utilities,0.024,51.2,0.03453333333333334
2020-03-23,Utilities,-0.012243035714285713,49.39,0.024
2020-03-24,Utilities,0.23618333333333333,61.81,-0.012243035714285713
2020-03-25,Utilities,0.27792083333333334,63.9,0.23618333333333333
2020-03-26,Utilities,0.1482133333333333,57.41,0.27792083333333334
2020-03-27,Utilities,0.30840111111111107,65.42,0.1482133333333333
2020-03-30,Utilities,0.19015714285714283,59.51,0.30840111111111107
2020-03-31,Utilities,0.0608375,53.04,0.19015714285714283
2020-04-01,Utilities,0.025436666666666673,51.27,0.0608375
2020-04-02,Utilities,-0.07506666666666666,46.25,0.025436666666666673
2020-04-03,Utilities,0.05675,52.84,-0.07506666666666666
2020-04-06,Utilities,0.3450770833333333,67.25,0.05675
2020-04-07,Utilities,0.13083625,56.54,0.3450770833333333
2020-04-08,Utilities,-0.02576666666666667,48.71,0.13083625
2020-04-09,Utilities,0.4777416666666667,73.89,-0.02576666666666667
2020-04-13,Utilities,-0.10515029761904761,44.74,0.4777416666666667
2020-04-14,Utilities,0.13288285714285716,56.64,-0.10515029761904761
2020-04-15,Utilities,-0.21526875,39.24,0.13288285714285716
2020-04-16,Utilities,-0.0016687499999999966,49.92,-0.21526875
2020-04-17,Utilities,0.21097500000000002,60.55,-0.0016687499999999966
2020-04-20,Utilities,0.03189000000000001,51.59,0.21097500000000002
2020-04-21,Utilities,-0.20800999999999997,39.6,0.03189000000000001
2020-04-22,Utilities,-0.06278782051282052,46.86,-0.20800999999999997
2020-04-23,Utilities,0.14683000000000002,57.34,-0.06278782051282052
2020-04-24,Utilities,-0.1123,44.39,0.14683000000000002
2020-04-27,Utilities,0.07660833333333333,53.83,-0.1123
2020-04-28,Utilities,0.21426111111111112,60.71,0.07660833333333333
2020-04-29,Utilities,0.03632222222222223,51.82,0.21426111111111112
2020-04-30,Utilities,0.10910166666666667,55.46,0.03632222222222223
2020-05-01,Utilities,-0.04636249999999999,47.68,0.10910166666666667
2020-05-04,Utilities,0.059975000000000014,53.0,-0.04636249999999999
2020-05-05,Utilities,0.036892999999999995,51.84,0.059975000000000014
2020-05-06,Utilities,0.014090833333333334,50.7,0.036892999999999995
2020-05-07,Utilities,0.008513333333333335,50.43,0.014090833333333334
2020-05-08,Utilities,-0.04180477272727273,47.91,0.008513333333333335
2020-05-11,Utilities,0.015475000000000003,50.77,-0.04180477272727273
2020-05-12,Utilities,0.016630555555555558,50.83,0.015475000000000003
2020-05-13,Utilities,0.11731666666666667,55.87,0.016630555555555558
2020-05-14,Utilities,0.08207,54.1,0.11731666666666667
2020-05-15,Utilities,0.011175,50.56,0.08207
2020-05-18,Utilities,-0.05776354166666667,47.11,0.011175
2020-05-19,Utilities,0.659375,82.97,-0.05776354166666667
2020-05-20,Utilities,0.01035,50.52,0.659375
2020-05-21,Utilities,0.07338333333333334,53.67,0.01035
2020-05-22,Utilities,0.06920833333333334,53.46,0.07338333333333334
2020-05-26,Utilities,0.1735,58.68,0.06920833333333334
2020-05-27,Utilities,0.0877,54.38,0.1735
2020-05-28,Utilities,0.002804000000000001,50.14,0.0877
2020-05-29,Utilities,0.0861375,54.31,0.002804000000000001
2020-06-01,Utilities,0.10338750000000001,55.17,0.0861375
2020-06-02,Utilities,0.07401666666666666,53.7,0.10338750000000001
2020-06-03,Utilities,0.0,50.0,0.07401666666666666
2020-06-04,Utilities,-0.08941333333333334,45.53,0.0
2020-06-05,Utilities,0.09545833333333333,54.77,-0.08941333333333334
2020-06-08,Utilities,0.0168,50.84,0.09545833333333333
2020-06-09,Utilities,0.745,87.25,0.0168
2020-06-10,Utilities,-0.044191666666666664,47.79,0.745
2020-06-12,Utilities,0.42925,71.46,-0.044191666666666664
2020-06-15,Utilities,0.05145,52.57,0.42925
2020-06-16,Utilities,-0.26055,36.97,0.05145
2020-06-17,Utilities,0.0103,50.52,-0.26055
2020-06-18,Utilities,0.19519999999999998,59.76,0.0103
2020-06-19,Utilities,0.023200000000000002,51.16,0.19519999999999998
2020-06-22,Utilities,0.00818888888888889,50.41,0.023200000000000002
2020-06-23,Utilities,0.0042,50.21,0.00818888888888889
2020-06-24,Utilities,0.0181,50.9,0.0042
2020-06-25,Utilities,-0.10815,44.59,0.0181
2020-06-26,Utilities,0.1216,56.08,-0.10815
2020-06-29,Utilities,0.009,50.45,0.1216
2020-06-30,Utilities,0.18005,59.0,0.009
2020-07-01,Utilities,0.0253,51.27,0.18005
2020-07-02,Utilities,0.5927,79.64,0.0253
2020-07-06,Utilities,0.007375603864734303,50.37,0.5927
2020-07-07,Utilities,-0.1796,41.02,0.007375603864734303
2020-07-08,Utilities,0.008575000000000001,50.43,-0.1796
2020-07-09,Utilities,0.18843333333333334,59.42,0.008575000000000001
2020-07-10,Utilities,0.03605,51.8,0.18843333333333334
2020-07-13,Utilities,0.016016666666666665,50.8,0.03605
2020-07-14,Utilities,0.0168,50.84,0.016016666666666665
2020-07-15,Utilities,0.21056666666666668,60.53,0.0168
2020-07-16,Utilities,0.025500000000000002,51.28,0.21056666666666668
2020-07-17,Utilities,0.16653333333333334,58.33,0.025500000000000002
2020-07-20,Utilities,-0.1446111111111111,42.77,0.16653333333333334
2020-07-21,Utilities,0.021325,51.07,-0.1446111111111111
2020-07-23,Utilities,0.2539,62.7,0.021325
2020-07-24,Utilities,0.4077611111111111,70.39,0.2539
2020-07-27,Utilities,-0.041318750000000015,47.93,0.4077611111111111
2020-07-28,Utilities,0.125,56.25,-0.041318750000000015
2020-07-29,Utilities,0.03611111111111111,51.81,0.125
2020-07-30,Utilities,0.12443333333333334,56.22,0.03611111111111111
2020-07-31,Utilities,0.03648333333333333,51.82,0.12443333333333334
2020-08-03,Utilities,0.13493333333333332,56.75,0.03648333333333333
2020-08-04,Utilities,0.28531666666666666,64.27,0.13493333333333332
2020-08-05,Utilities,0.0084,50.42,0.28531666666666666
2020-08-06,Utilities,-0.029062500000000005,48.55,0.0084
2020-08-07,Utilities,0.0,50.0,-0.029062500000000005
2020-08-10,Utilities,-0.03613888888888889,48.19,0.0
2020-08-11,Utilities,0.01935,50.97,-0.03613888888888889
2020-08-12,Utilities,0.004739999999999999,50.24,0.01935
2020-08-13,Utilities,0.0,50.0,0.004739999999999999
2020-08-14,Utilities,0.3839,69.2,0.0
2020-08-17,Utilities,0.12764999999999999,56.38,0.3839
2020-08-18,Utilities,0.009,50.45,0.12764999999999999
2020-08-20,Utilities,0.00846,50.42,0.009
2020-08-21,Utilities,0.18885000000000002,59.44,0.00846
2020-08-24,Utilities,-0.09275,45.36,0.18885000000000002
2020-08-25,Utilities,0.19440000000000002,59.72,-0.09275
2020-08-26,Utilities,0.26475,63.24,0.19440000000000002
2020-08-27,Utilities,0.0097,50.48,0.26475
2020-08-31,Utilities,0.035166666666666666,51.76,0.0097
2020-09-01,Utilities,0.0194,50.97,0.035166666666666666
2020-09-02,Utilities,0.025833333333333333,51.29,0.0194
2020-09-03,Utilities,0.1411,57.06,0.025833333333333333
2020-09-04,Utilities,0.0219,51.1,0.1411
2020-09-08,Utilities,0.010291428571428573,50.51,0.0219
2020-09-09,Utilities,0.0413,52.07,0.010291428571428573
2020-09-10,Utilities,0.0097,50.48,0.0413
2020-09-11,Utilities,0.0194,50.97,0.0097
2020-09-14,Utilities,0.061149999999999996,53.06,0.0194
2020-09-15,Utilities,0.0010666666666666665,50.05,0.061149999999999996
2020-09-16,Utilities,0.09058749999999999,54.53,0.0010666666666666665
2020-09-18,Utilities,-0.0065,49.68,0.09058749999999999
2020-09-21,Utilities,0.0077,50.39,-0.0065
2020-09-22,Utilities,0.0207,51.04,0.0077
2020-09-23,Utilities,0.009,50.45,0.0207
2020-09-24,Utilities,-0.0013,49.94,0.009
2020-09-28,Utilities,0.17494666666666667,58.75,-0.0013
2020-09-29,Utilities,0.0012499999999999998,50.06,0.17494666666666667
2020-09-30,Utilities,0.06622333333333334,53.31,0.0012499999999999998
2020-10-01,Utilities,0.3674,68.37,0.06622333333333334
2020-10-02,Utilities,0.3242666666666667,66.21,0.3674
2020-10-05,Utilities,0.4573375,72.87,0.3242666666666667
2020-10-06,Utilities,-0.22929999999999998,38.54,0.4573375
2020-10-07,Utilities,0.012249999999999999,50.61,-0.22929999999999998
2020-10-08,Utilities,0.12673333333333334,56.34,0.012249999999999999
2020-10-09,Utilities,0.3378,66.89,0.12673333333333334
2020-10-12,Utilities,0.3767,68.84,0.3378
2020-10-13,Utilities,0.0129,50.64,0.3767
2020-10-14,Utilities,0.0271,51.36,0.0129
2020-10-15,Utilities,0.5768,78.84,0.0271
2020-10-19,Utilities,0.14227499999999998,57.11,0.5768
2020-10-20,Utilities,0.007725,50.39,0.14227499999999998
2020-10-21,Utilities,0.04723333333333334,52.36,0.007725
2020-10-22,Utilities,0.2589666666666666,62.95,0.04723333333333334
2020-10-23,Utilities,0.23726666666666668,61.86,0.2589666666666666
2020-10-26,Utilities,-0.028887499999999997,48.56,0.23726666666666668
2020-10-27,Utilities,-0.15555000000000002,42.22,-0.028887499999999997
2020-10-28,Utilities,0.0026,50.13,-0.15555000000000002
2020-10-29,Utilities,0.19691666666666668,59.85,0.0026
2020-10-30,Utilities,0.009899999999999999,50.5,0.19691666666666668
2020-11-02,Utilities,-0.15579583333333333,42.21,0.009899999999999999
2020-11-03,Utilities,0.3699,68.49,-0.15579583333333333
2020-11-04,Utilities,-0.07056666666666667,46.47,0.3699
2020-11-05,Utilities,0.196325,59.82,-0.07056666666666667
2020-11-06,Utilities,0.08501,54.25,0.196325
2020-11-09,Utilities,0.03255,51.63,0.08501
2020-11-10,Utilities,0.0077,50.39,0.03255
2020-11-11,Utilities,0.02125,51.06,0.0077
2020-11-12,Utilities,0.10713333333333334,55.36,0.02125
2020-11-16,Utilities,-6.666666666666626e-05,50.0,0.10713333333333334
2020-11-18,Utilities,-0.0089,49.56,-6.666666666666626e-05
2020-11-19,Utilities,-0.083375,45.83,-0.0089
2020-11-20,Utilities,0.06658333333333333,53.33,-0.083375
2020-11-23,Utilities,0.11353333333333335,55.68,0.06658333333333333
2020-11-24,Utilities,0.0129,50.64,0.11353333333333335
2020-11-25,Utilities,0.22516666666666668,61.26,0.0129
2020-11-27,Utilities,0.0155,50.78,0.22516666666666668
2020-11-30,Utilities,-0.014570833333333331,49.27,0.0155
2020-12-01,Utilities,0.0077,50.39,-0.014570833333333331
2020-12-02,Utilities,0.0681125,53.41,0.0077
2020-12-04,Utilities,0.147,57.35,0.0681125
2020-12-07,Utilities,0.0168,50.84,0.147
2020-12-08,Utilities,0.021933333333333332,51.1,0.0168
2020-12-09,Utilities,0.17875,58.94,0.021933333333333332
2020-12-10,Utilities,0.0074666666666666675,50.37,0.17875
2020-12-11,Utilities,0.19540000000000002,59.77,0.0074666666666666675
2020-12-14,Utilities,-0.05705,47.15,0.19540000000000002
2020-12-16,Utilities,0.0,50.0,-0.05705
2020-12-17,Utilities,0.014122222222222222,50.71,0.0
2020-12-18,Utilities,0.0206,51.03,0.014122222222222222
2020-12-21,Utilities,0.1729,58.64,0.0206
2020-12-22,Utilities,0.15965000000000001,57.98,0.1729
2020-12-23,Utilities,0.012899999999999998,50.64,0.15965000000000001
2020-12-28,Utilities,0.06055000000000003,53.03,0.012899999999999998
2020-12-30,Utilities,0.0,50.0,0.06055000000000003
2020-12-31,Utilities,0.0451,52.26,0.0
2021-01-04,Utilities,0.024175,51.21,0.0451
2021-01-05,Utilities,0.1799333333333333,59.0,0.024175
2021-01-07,Utilities,0.010175,50.51,0.1799333333333333
2021-01-08,Utilities,0.07891666666666668,53.95,0.010175
2021-01-11,Utilities,0.2697,63.48,0.07891666666666668
2021-01-12,Utilities,0.35841666666666666,67.92,0.2697
2021-01-13,Utilities,0.023944444444444445,51.2,0.35841666666666666
2021-01-14,Utilities,-0.5676,21.62,0.023944444444444445
2021-01-15,Utilities,0.0207,51.04,-0.5676
2021-01-19,Utilities,0.01895,50.95,0.0207
2021-01-20,Utilities,0.01065,50.53,0.01895
2021-01-21,Utilities,0.009,50.45,0.01065
2021-01-22,Utilities,0.0073,50.36,0.009
2021-01-25,Utilities,-0.05748888888888889,47.13,0.0073
2021-01-26,Utilities,0.053412499999999995,52.67,-0.05748888888888889
2021-01-27,Utilities,0.0694,53.47,0.053412499999999995
2021-01-28,Utilities,0.13433333333333333,56.72,0.0694
2021-01-29,Utilities,0.015066666666666667,50.75,0.13433333333333333
2021-02-01,Utilities,0.2015,60.08,0.015066666666666667
2021-02-02,Utilities,0.0168,50.84,0.2015
2021-02-03,Utilities,-0.023633333333333326,48.82,0.0168
2021-02-04,Utilities,0.25766666666666665,62.88,-0.023633333333333326
2021-02-05,Utilities,0.03106666666666667,51.55,0.25766666666666665
2021-02-08,Utilities,0.16369999999999998,58.18,0.03106666666666667
2021-02-09,Utilities,0.0077,50.39,0.16369999999999998
2021-02-10,Utilities,0.13492500000000002,56.75,0.0077
2021-02-11,Utilities,0.0014375,50.07,0.13492500000000002
2021-02-12,Utilities,-0.005399999999999999,49.73,0.0014375
2021-02-16,Utilities,0.2060625,60.3,-0.005399999999999999
2021-02-17,Utilities,0.24531,62.27,0.2060625
2021-02-18,Utilities,0.03045,51.52,0.24531
2021-02-19,Utilities,0.48310000000000003,74.16,0.03045
2021-02-22,Utilities,0.024944444444444446,51.25,0.48310000000000003
2021-02-23,Utilities,0.012055555555555555,50.6,0.024944444444444446
2021-02-24,Utilities,-0.05308333333333334,47.35,0.012055555555555555
2021-02-25,Utilities,-0.10846666666666667,44.58,-0.05308333333333334
2021-02-26,Utilities,0.004933333333333333,50.25,-0.10846666666666667
2021-03-01,Utilities,0.11076666666666668,55.54,0.004933333333333333
2021-03-02,Utilities,-0.10827499999999998,44.59,0.11076666666666668
2021-03-03,Utilities,0.0129,50.64,-0.10827499999999998
2021-03-04,Utilities,0.3027,65.14,0.0129
2021-03-05,Utilities,0.0129,50.64,0.3027
2021-03-08,Utilities,0.0012749999999999997,50.06,0.0129
2021-03-09,Utilities,0.0339,51.7,0.0012749999999999997
2021-03-10,Utilities,0.19415000000000002,59.71,0.0339
2021-03-12,Utilities,0.18705000000000002,59.35,0.19415000000000002
2021-03-15,Utilities,0.05865,52.93,0.18705000000000002
2021-03-16,Utilities,0.11112222222222222,55.56,0.05865
2021-03-18,Utilities,0.17450000000000002,58.73,0.11112222222222222
2021-03-23,Utilities,0.013250000000000001,50.66,0.17450000000000002
2021-03-25,Utilities,0.08618333333333333,54.31,0.013250000000000001
2021-03-26,Utilities,0.3049,65.24,0.08618333333333333
2021-03-29,Utilities,0.140225,57.01,0.3049
2021-03-30,Utilities,0.0,50.0,0.140225
2021-03-31,Utilities,0.0071,50.36,0.0
2021-04-01,Utilities,0.07612222222222222,53.81,0.0071
2021-04-05,Utilities,0.00816111111111111,50.41,0.07612222222222222
2021-04-06,Utilities,0.246775,62.34,0.00816111111111111
2021-04-07,Utilities,0.36845,68.42,0.246775
2021-04-08,Utilities,0.2553666666666667,62.77,0.36845
2021-04-09,Utilities,0.0168,50.84,0.2553666666666667
2021-04-12,Utilities,0.14843333333333333,57.42,0.0168
2021-04-13,Utilities,0.008611111111111111,50.43,0.14843333333333333
2021-04-14,Utilities,0.0857625,54.29,0.008611111111111111
2021-04-15,Utilities,0.03675,51.84,0.0857625
2021-04-19,Utilities,0.029924999999999997,51.5,0.03675
2021-04-20,Utilities,0.024499999999999997,51.22,0.029924999999999997
2021-04-21,Utilities,0.0970357142857143,54.85,0.024499999999999997
2021-04-22,Utilities,0.20375000000000001,60.19,0.0970357142857143
2021-04-23,Utilities,0.011166666666666667,50.56,0.20375000000000001
2021-04-26,Utilities,0.16676666666666665,58.34,0.011166666666666667
2021-04-27,Utilities,0.13976666666666668,56.99,0.16676666666666665
2021-04-28,Utilities,0.06266666666666668,53.13,0.13976666666666668
2021-04-29,Utilities,0.1806,59.03,0.06266666666666668
2021-04-30,Utilities,-0.11722000000000002,44.14,0.1806
2021-05-03,Utilities,0.250725,62.54,-0.11722000000000002
2021-05-04,Utilities,0.08236666666666667,54.12,0.250725
2021-05-05,Utilities,0.009033333333333332,50.45,0.08236666666666667
2021-05-06,Utilities,0.0103,50.52,0.009033333333333332
2021-05-07,Utilities,0.12363333333333333,56.18,0.0103
2021-05-10,Utilities,0.09750357142857144,54.88,0.12363333333333333
2021-05-12,Utilities,0.013766666666666668,50.69,0.09750357142857144
2021-05-13,Utilities,0.1837,59.18,0.013766666666666668
2021-05-14,Utilities,0.3027,65.14,0.1837
2021-05-17,Utilities,0.015525,50.78,0.3027
2021-05-18,Utilities,0.18175000000000002,59.09,0.015525
2021-05-19,Utilities,-0.0155,49.22,0.18175000000000002
2021-05-20,Utilities,0.018340000000000002,50.92,-0.0155
2021-05-21,Utilities,0.12573333333333334,56.29,0.018340000000000002
2021-05-24,Utilities,0.0743,53.72,0.12573333333333334
2021-05-25,Utilities,0.0077,50.39,0.0743
2021-05-26,Utilities,0.20215000000000002,60.11,0.0077
2021-05-27,Utilities,0.2031,60.16,0.20215000000000002
2021-05-28,Utilities,0.0219,51.1,0.2031
2021-06-01,Utilities,0.16356666666666667,58.18,0.0219
2021-06-02,Utilities,0.022366666666666663,51.12,0.16356666666666667
2021-06-03,Utilities,0.017612500000000003,50.88,0.022366666666666663
2021-06-04,Utilities,0.554,77.7,0.017612500000000003
2021-06-08,Utilities,-0.019522222222222222,49.02,0.554
2021-06-09,Utilities,0.02065,51.03,-0.019522222222222222
2021-06-10,Utilities,0.3612,68.06,0.02065
2021-06-11,Utilities,0.0071,50.36,0.3612
2021-06-14,Utilities,0.06956666666666668,53.48,0.0071
2021-06-15,Utilities,0.0181,50.9,0.06956666666666668
2021-06-16,Utilities,0.0194,50.97,0.0181
2021-06-17,Utilities,-0.1977,40.12,0.0194
2021-06-18,Utilities,0.0,50.0,-0.1977
2021-06-21,Utilities,0.031529166666666664,51.58,0.0
2021-06-23,Utilities,-0.39394999999999997,30.3,0.031529166666666664
2021-06-24,Utilities,0.340025,67.0,-0.39394999999999997
2021-06-25,Utilities,0.3798,68.99,0.340025
2021-06-28,Utilities,0.245,62.25,0.3798
2021-06-29,Utilities,-0.11913333333333335,44.04,0.245
2021-06-30,Utilities,0.02,51.0,-0.11913333333333335
2021-07-01,Utilities,-0.00065,49.97,0.02
2021-07-02,Utilities,0.0194,50.97,-0.00065
2021-07-06,Utilities,0.098625,54.93,0.0194
2021-07-07,Utilities,0.3094,65.47,0.098625
2021-07-08,Utilities,0.4507,72.54,0.3094
2021-07-09,Utilities,0.0084,50.42,0.4507
2021-07-12,Utilities,0.06828333333333333,53.41,0.0084
2021-07-13,Utilities,-0.05595,47.2,0.06828333333333333
2021-07-14,Utilities,0.3653,68.26,-0.05595
2021-07-15,Utilities,-0.3038,34.81,0.3653
2021-07-16,Utilities,0.3209222222222222,66.05,-0.3038
2021-07-19,Utilities,-0.11496666666666668,44.25,0.3209222222222222
2021-07-20,Utilities,0.0084,50.42,-0.11496666666666668
2021-07-21,Utilities,-0.082275,45.89,0.0084
2021-07-22,Utilities,0.05071250000000001,52.54,-0.082275
2021-07-23,Utilities,0.1410833333333333,57.05,0.05071250000000001
2021-07-26,Utilities,0.2382875,61.91,0.1410833333333333
2021-07-27,Utilities,0.0,50.0,0.2382875
2021-07-28,Utilities,0.0,50.0,0.0
2021-07-29,Utilities,0.0632,53.16,0.0
2021-07-30,Utilities,0.0,50.0,0.0632
2021-08-02,Utilities,0.006233333333333334,50.31,0.0
2021-08-03,Utilities,0.3612,68.06,0.006233333333333334
2021-08-04,Utilities,0.1806,59.03,0.3612
2021-08-05,Utilities,0.02938,51.47,0.1806
2021-08-06,Utilities,0.013712499999999999,50.69,0.02938
2021-08-09,Utilities,0.0077333333333333325,50.39,0.013712499999999999
2021-08-10,Utilities,0.19046666666666667,59.52,0.0077333333333333325
2021-08-11,Utilities,0.016475,50.82,0.19046666666666667
2021-08-12,Utilities,0.022175,51.11,0.016475
2021-08-13,Utilities,0.0656111111111111,53.28,0.022175
2021-08-16,Utilities,0.012770833333333334,50.64,0.0656111111111111
2021-08-17,Utilities,0.296,64.8,0.012770833333333334
2021-08-20,Utilities,0.26356666666666667,63.18,0.296
2021-08-23,Utilities,0.09763333333333335,54.88,0.26356666666666667
2021-08-24,Utilities,-0.18645555555555557,40.68,0.09763333333333335
2021-08-25,Utilities,-0.16235,41.88,-0.18645555555555557
2021-08-27,Utilities,0.0,50.0,-0.16235
2021-08-30,Utilities,0.061233333333333334,53.06,0.0
2021-08-31,Utilities,-0.002599999999999999,49.87,0.061233333333333334
2021-09-01,Utilities,0.011166666666666667,50.56,-0.002599999999999999
2021-09-02,Utilities,0.050949999999999995,52.55,0.011166666666666667
2021-09-03,Utilities,0.0077,50.39,0.050949999999999995
2021-09-07,Utilities,0.07627083333333334,53.81,0.0077
2021-09-08,Utilities,0.0103,50.52,0.07627083333333334
2021-09-10,Utilities,0.203725,60.19,0.0103
2021-09-13,Utilities,0.0811,54.06,0.203725
2021-09-14,Utilities,0.00485,50.24,0.0811
2021-09-15,Utilities,0.338825,66.94,0.00485
2021-09-16,Utilities,-0.013700000000000002,49.32,0.338825
2021-09-17,Utilities,-0.0052,49.74,-0.013700000000000002
2021-09-20,Utilities,0.00675,50.34,-0.0052
2021-09-21,Utilities,0.0271,51.36,0.00675
2021-09-22,Utilities,0.2046,60.23,0.0271
2021-09-23,Utilities,0.274,63.7,0.2046
2021-09-27,Utilities,0.15508125,57.75,0.274
2021-09-28,Utilities,0.0058000000000000005,50.29,0.15508125
2021-09-29,Utilities,0.1935,59.68,0.0058000000000000005
2021-09-30,Utilities,0.04243333333333333,52.12,0.1935
2021-10-01,Utilities,0.0155,50.78,0.04243333333333333
2021-10-04,Utilities,-0.18230000000000002,40.88,0.0155
2021-10-05,Utilities,0.01515,50.76,-0.18230000000000002
2021-10-07,Utilities,0.009,50.45,0.01515
2021-10-11,Utilities,0.09933,54.97,0.009
2021-10-12,Utilities,-0.009,49.55,0.09933
2021-10-13,Utilities,0.0,50.0,-0.009
2021-10-14,Utilities,0.14930000000000002,57.46,0.0
2021-10-15,Utilities,0.12846666666666665,56.42,0.14930000000000002
2021-10-18,Utilities,0.23995,62.0,0.12846666666666665
2021-10-19,Utilities,0.00504,50.25,0.23995
2021-10-20,Utilities,0.26708,63.35,0.00504
2021-10-22,Utilities,-0.08405,45.8,0.26708
2021-10-25,Utilities,0.25676666666666664,62.84,-0.08405
2021-10-26,Utilities,0.0161,50.8,0.25676666666666664
2021-10-27,Utilities,0.021099999999999997,51.05,0.0161
2021-10-28,Utilities,0.002575,50.13,0.021099999999999997
2021-10-29,Utilities,0.0168,50.84,0.002575
2021-11-01,Utilities,0.0668,53.34,0.0168
2021-11-02,Utilities,0.007775000000000001,50.39,0.0668
2021-11-03,Utilities,0.0483,52.42,0.007775000000000001
2021-11-04,Utilities,0.08855,54.43,0.0483
2021-11-05,Utilities,0.13165,56.58,0.08855
2021-11-08,Utilities,0.01676666666666667,50.84,0.13165
2021-11-09,Utilities,0.0054625,50.27,0.01676666666666667
2021-11-10,Utilities,0.018375000000000002,50.92,0.0054625
2021-11-11,Utilities,0.07793333333333334,53.9,0.018375000000000002
2021-11-12,Utilities,0.3612,68.06,0.07793333333333334
2021-11-15,Utilities,0.19083333333333333,59.54,0.3612
2021-11-16,Utilities,0.1816,59.08,0.19083333333333333
2021-11-17,Utilities,0.18215,59.11,0.1816
2021-11-18,Utilities,0.0129,50.64,0.18215
2021-11-19,Utilities,0.2112,60.56,0.0129
2021-11-22,Utilities,0.12167222222222222,56.08,0.2112
2021-11-23,Utilities,0.0194,50.97,0.12167222222222222
2021-11-24,Utilities,0.09,54.5,0.0194
2021-11-29,Utilities,0.158225,57.91,0.09
2021-11-30,Utilities,0.0103,50.52,0.158225
2021-12-01,Utilities,0.0012833333333333334,50.06,0.0103
2021-12-02,Utilities,0.0103,50.52,0.0012833333333333334
2021-12-03,Utilities,0.0281,51.4,0.0103
2021-12-06,Utilities,0.13616666666666666,56.81,0.0281
2021-12-07,Utilities,-0.0888,45.56,0.13616666666666666
2021-12-08,Utilities,-0.3612,31.94,-0.0888
2021-12-10,Utilities,0.3049,65.24,-0.3612
2021-12-13,Utilities,0.011083333333333332,50.55,0.3049
2021-12-14,Utilities,0.1488,57.44,0.011083333333333332
2021-12-15,Utilities,0.016366666666666668,50.82,0.1488
2021-12-16,Utilities,-0.0045,49.78,0.016366666666666668
2021-12-17,Utilities,0.00225,50.11,-0.0045
2021-12-20,Utilities,0.06508333333333333,53.25,0.00225
2021-12-21,Utilities,0.31435,65.72,0.06508333333333333
2021-12-22,Utilities,0.009,50.45,0.31435
2021-12-23,Utilities,-0.1847,40.76,0.009
2021-12-27,Utilities,0.0058,50.29,-0.1847
2021-12-28,Utilities,0.07373333333333332,53.69,0.0058
2021-12-29,Utilities,0.1735833333333333,58.68,0.07373333333333332
2021-12-30,Utilities,0.2688,63.44,0.1735833333333333
2021-12-31,Utilities,0.014849999999999999,50.74,0.2688
2022-01-03,Utilities,-0.08743333333333335,45.63,0.014849999999999999
2022-01-04,Utilities,0.1793,58.96,-0.08743333333333335
2022-01-05,Utilities,0.2947,64.74,0.1793
2022-01-06,Utilities,0.5775,78.88,0.2947
2022-01-07,Utilities,0.20540000000000003,60.27,0.5775
2022-01-10,Utilities,0.25205,62.6,0.20540000000000003
2022-01-11,Utilities,0.26745,63.37,0.25205
2022-01-12,Utilities,0.0077,50.39,0.26745
2022-01-13,Utilities,0.21293333333333334,60.65,0.0077
2022-01-14,Utilities,0.10825,55.41,0.21293333333333334
2022-01-18,Utilities,0.28844,64.42,0.10825
2022-01-19,Utilities,0.13507666666666668,56.75,0.28844
2022-01-20,Utilities,0.14020000000000002,57.01,0.13507666666666668
2022-01-21,Utilities,0.056056666666666664,52.8,0.14020000000000002
2022-01-24,Utilities,0.05047499999999999,52.52,0.056056666666666664
2022-01-25,Utilities,0.15252708333333334,57.63,0.05047499999999999
2022-01-26,Utilities,0.011166666666666667,50.56,0.15252708333333334
2022-01-27,Utilities,0.31915000000000004,65.96,0.011166666666666667
2022-01-28,Utilities,0.20781999999999998,60.39,0.31915000000000004
2022-01-31,Utilities,0.091725,54.59,0.20781999999999998
2022-02-01,Utilities,0.2628,63.14,0.091725
2022-02-02,Utilities,0.22856666666666667,61.43,0.2628
2022-02-03,Utilities,0.2811875,64.06,0.22856666666666667
2022-02-04,Utilities,0.16072083333333334,58.04,0.2811875
2022-02-07,Utilities,0.05852666666666666,52.93,0.16072083333333334
2022-02-08,Utilities,0.07135,53.57,0.05852666666666666
2022-02-09,Utilities,0.2379111111111111,61.9,0.07135
2022-02-10,Utilities,0.079417,53.97,0.2379111111111111
2022-02-11,Utilities,0.09879199999999999,54.94,0.079417
2022-02-14,Utilities,0.044689999999999994,52.23,0.09879199999999999
2022-02-15,Utilities,0.18222,59.11,0.044689999999999994
2022-02-16,Utilities,0.024358333333333336,51.22,0.18222
2022-02-17,Utilities,0.07237666666666667,53.62,0.024358333333333336
2022-02-18,Utilities,-0.06453125000000001,46.77,0.07237666666666667
2022-02-22,Utilities,0.031080666666666666,51.55,-0.06453125000000001
2022-02-23,Utilities,0.03573333333333334,51.79,0.031080666666666666
2022-02-24,Utilities,0.19865,59.93,0.03573333333333334
2022-02-25,Utilities,0.1868,59.34,0.19865
2022-02-28,Utilities,0.010994444444444454,50.55,0.1868
2022-03-01,Utilities,0.1891875,59.46,0.010994444444444454
2022-03-02,Utilities,0.0,50.0,0.1891875
2022-03-03,Utilities,0.1748,58.74,0.0
2022-03-04,Utilities,0.015579166666666668,50.78,0.1748
2022-03-07,Utilities,0.006208333333333334,50.31,0.015579166666666668
2022-03-08,Utilities,-0.0909,45.46,0.006208333333333334
2022-03-09,Utilities,0.0103,50.52,-0.0909
2022-03-10,Utilities,-0.02667,48.67,0.0103
2022-03-11,Utilities,0.3736,68.68,-0.02667
2022-03-14,Utilities,0.012058333333333332,50.6,0.3736
2022-03-15,Utilities,0.014849999999999999,50.74,0.012058333333333332
2022-03-16,Utilities,-0.0391125,48.04,0.014849999999999999
2022-03-17,Utilities,0.048275,52.41,-0.0391125
2022-03-18,Utilities,0.0245,51.22,0.048275
2022-03-21,Utilities,0.042743333333333335,52.14,0.0245
2022-03-22,Utilities,0.38249999999999995,69.12,0.042743333333333335
2022-03-23,Utilities,0.0077,50.39,0.38249999999999995
2022-03-24,Utilities,0.3736,68.68,0.0077
2022-03-25,Utilities,-0.0005499999999999949,49.97,0.3736
2022-03-28,Utilities,0.12964666666666666,56.48,-0.0005499999999999949
2022-03-29,Utilities,0.014546666666666666,50.73,0.12964666666666666
2022-03-30,Utilities,0.30315000000000003,65.16,0.014546666666666666
2022-03-31,Utilities,-0.030125000000000002,48.49,0.30315000000000003
2022-04-01,Utilities,0.021533333333333335,51.08,-0.030125000000000002
2022-04-04,Utilities,0.13813333333333333,56.91,0.021533333333333335
2022-04-05,Utilities,0.1732,58.66,0.13813333333333333
2022-04-06,Utilities,0.37346666666666667,68.67,0.1732
2022-04-07,Utilities,0.13863333333333333,56.93,0.37346666666666667
2022-04-11,Utilities,0.2349333333333333,61.75,0.13863333333333333
2022-04-12,Utilities,0.35412499999999997,67.71,0.2349333333333333
2022-04-13,Utilities,0.3612,68.06,0.35412499999999997
2022-04-14,Utilities,0.28604999999999997,64.3,0.3612
2022-04-18,Utilities,0.009562499999999998,50.48,0.28604999999999997
2022-04-19,Utilities,0.010333333333333333,50.52,0.009562499999999998
2022-04-20,Utilities,-0.0116,49.42,0.010333333333333333
2022-04-21,Utilities,0.27672833333333335,63.84,-0.0116
2022-04-22,Utilities,0.006056000000000001,50.3,0.27672833333333335
2022-04-25,Utilities,0.08215416666666667,54.11,0.006056000000000001
2022-04-26,Utilities,0.224975,61.25,0.08215416666666667
2022-04-27,Utilities,0.039700000000000006,51.99,0.224975
2022-04-28,Utilities,0.18800833333333333,59.4,0.039700000000000006
2022-04-29,Utilities,0.19013888888888889,59.51,0.18800833333333333
2022-05-02,Utilities,0.025935000000000003,51.3,0.19013888888888889
2022-05-03,Utilities,0.19169,59.58,0.025935000000000003
2022-05-04,Utilities,0.24094920634920636,62.05,0.19169
2022-05-05,Utilities,0.17037666666666668,58.52,0.24094920634920636
2022-05-06,Utilities,0.16709000000000002,58.35,0.17037666666666668
2022-05-09,Utilities,0.11120625,55.56,0.16709000000000002
2022-05-10,Utilities,0.0,50.0,0.11120625
2022-05-11,Utilities,0.0036333333333333335,50.18,0.0
2022-05-12,Utilities,-0.057324999999999994,47.13,0.0036333333333333335
2022-05-13,Utilities,0.195625,59.78,-0.057324999999999994
2022-05-16,Utilities,0.0077,50.39,0.195625
2022-05-17,Utilities,0.079,53.95,0.0077
2022-05-18,Utilities,0.0129,50.64,0.079
2022-05-19,Utilities,0.155975,57.8,0.0129
2022-05-20,Utilities,0.011783333333333333,50.59,0.155975
2022-05-23,Utilities,0.0121125,50.61,0.011783333333333333
2022-05-24,Utilities,0.05675,52.84,0.0121125
2022-05-25,Utilities,0.01718333333333333,50.86,0.05675
2022-05-26,Utilities,0.012875,50.64,0.01718333333333333
2022-05-27,Utilities,0.3674,68.37,0.012875
2022-05-31,Utilities,0.01763666666666667,50.88,0.3674
2022-06-01,Utilities,0.22155,61.08,0.01763666666666667
2022-06-02,Utilities,0.24907500000000002,62.45,0.22155
2022-06-03,Utilities,0.24125,62.06,0.24907500000000002
2022-06-06,Utilities,-0.030644444444444436,48.47,0.24125
2022-06-07,Utilities,0.09713750000000002,54.86,-0.030644444444444436
2022-06-08,Utilities,0.0116,50.58,0.09713750000000002
2022-06-09,Utilities,0.05706,52.85,0.0116
2022-06-10,Utilities,0.05249166666666666,52.62,0.05706
2022-06-13,Utilities,0.0497,52.49,0.05249166666666666
2022-06-14,Utilities,-0.058991666666666664,47.05,0.0497
2022-06-15,Utilities,-0.06205,46.9,-0.058991666666666664
2022-06-16,Utilities,0.044225,52.21,-0.06205
2022-06-17,Utilities,0.09716,54.86,0.044225
2022-06-21,Utilities,0.05940666666666666,52.97,0.09716
2022-06-22,Utilities,0.21832666666666664,60.92,0.05940666666666666
2022-06-23,Utilities,0.13945555555555555,56.97,0.21832666666666664
2022-06-24,Utilities,0.0103,50.52,0.13945555555555555
2022-06-27,Utilities,0.11880357142857143,55.94,0.0103
2022-06-28,Utilities,0.14905,57.45,0.11880357142857143
2022-06-29,Utilities,0.16715,58.36,0.14905
2022-06-30,Utilities,0.10533999999999999,55.27,0.16715
2022-07-01,Utilities,0.3797833333333333,68.99,0.10533999999999999
2022-07-05,Utilities,0.065025,53.25,0.3797833333333333
2022-07-06,Utilities,0.2330833333333333,61.65,0.065025
2022-07-07,Utilities,0.36273333333333335,68.14,0.2330833333333333
2022-07-08,Utilities,0.09604583333333333,54.8,0.36273333333333335
2022-07-11,Utilities,0.0601125,53.01,0.09604583333333333
2022-07-13,Utilities,-0.17726666666666668,41.14,0.0601125
2022-07-14,Utilities,0.006933333333333329,50.35,-0.17726666666666668
2022-07-15,Utilities,0.08565,54.28,0.006933333333333329
2022-07-18,Utilities,0.024444,51.22,0.08565
2022-07-19,Utilities,-0.06679583333333335,46.66,0.024444
2022-07-20,Utilities,0.09885,54.94,-0.06679583333333335
2022-07-21,Utilities,-0.087125,45.64,0.09885
2022-07-22,Utilities,0.23400500000000002,61.7,-0.087125
2022-07-25,Utilities,0.11617499999999999,55.81,0.23400500000000002
2022-07-26,Utilities,0.10306000000000001,55.15,0.11617499999999999
2022-07-27,Utilities,0.210765,60.54,0.10306000000000001
2022-07-28,Utilities,0.20270619047619048,60.14,0.210765
2022-07-29,Utilities,0.10594666666666668,55.3,0.20270619047619048
2022-08-01,Utilities,0.11134444444444443,55.57,0.10594666666666668
2022-08-02,Utilities,0.25706249999999997,62.85,0.11134444444444443
2022-08-03,Utilities,0.09480000000000001,54.74,0.25706249999999997
2022-08-04,Utilities,0.15225809523809525,57.61,0.09480000000000001
2022-08-05,Utilities,0.09928333333333333,54.96,0.15225809523809525
2022-08-08,Utilities,0.2521825,62.61,0.09928333333333333
2022-08-09,Utilities,0.10001499999999999,55.0,0.2521825
2022-08-10,Utilities,0.18197,59.1,0.10001499999999999
2022-08-11,Utilities,0.3602166666666667,68.01,0.18197
2022-08-12,Utilities,0.0198,50.99,0.3602166666666667
2022-08-15,Utilities,0.040181249999999995,52.01,0.0198
2022-08-16,Utilities,0.17694166666666666,58.85,0.040181249999999995
2022-08-17,Utilities,0.33313333333333334,66.66,0.17694166666666666
2022-08-18,Utilities,0.16453333333333334,58.23,0.33313333333333334
2022-08-19,Utilities,0.01948888888888889,50.97,0.16453333333333334
2022-08-22,Utilities,0.22901666666666665,61.45,0.01948888888888889
2022-08-23,Utilities,-0.14375,42.81,0.22901666666666665
2022-08-24,Utilities,0.11097499999999999,55.55,-0.14375
2022-08-25,Utilities,-0.018670000000000003,49.07,0.11097499999999999
2022-08-26,Utilities,0.013575,50.68,-0.018670000000000003
2022-08-29,Utilities,0.1004125,55.02,0.013575
2022-08-30,Utilities,0.0759375,53.8,0.1004125
2022-08-31,Utilities,0.0696,53.48,0.0759375
2022-09-01,Utilities,0.007653333333333333,50.38,0.0696
2022-09-02,Utilities,-0.11896666666666667,44.05,0.007653333333333333
2022-09-06,Utilities,0.01159375,50.58,-0.11896666666666667
2022-09-07,Utilities,-0.007469999999999999,49.63,0.01159375
2022-09-08,Utilities,0.08698,54.35,-0.007469999999999999
2022-09-09,Utilities,0.14673125,57.34,0.08698
2022-09-12,Utilities,0.10003958333333333,55.0,0.14673125
2022-09-13,Utilities,0.018066666666666665,50.9,0.10003958333333333
2022-09-14,Utilities,0.0032666666666666725,50.16,0.018066666666666665
2022-09-15,Utilities,-0.08411166666666667,45.79,0.0032666666666666725
2022-09-16,Utilities,0.2911033333333333,64.56,-0.08411166666666667
2022-09-19,Utilities,0.06042666666666666,53.02,0.2911033333333333
2022-09-20,Utilities,0.1410875,57.05,0.06042666666666666
2022-09-21,Utilities,0.35214999999999996,67.61,0.1410875
2022-09-22,Utilities,0.11237291666666666,55.62,0.35214999999999996
2022-09-23,Utilities,0.015483333333333335,50.77,0.11237291666666666
2022-09-26,Utilities,0.29691999999999996,64.85,0.015483333333333335
2022-09-27,Utilities,0.05368333333333333,52.68,0.29691999999999996
2022-09-28,Utilities,-0.12657833333333332,43.67,0.05368333333333333
2022-09-29,Utilities,0.3674,68.37,-0.12657833333333332
2022-09-30,Utilities,-0.04666666666666666,47.67,0.3674
2022-10-03,Utilities,0.006437499999999999,50.32,-0.04666666666666666
2022-10-04,Utilities,-0.03588125,48.21,0.006437499999999999
2022-10-05,Utilities,0.14846666666666666,57.42,-0.03588125
2022-10-06,Utilities,0.027325000000000002,51.37,0.14846666666666666
2022-10-07,Utilities,0.2129633333333333,60.65,0.027325000000000002
2022-10-10,Utilities,0.26134999999999997,63.07,0.2129633333333333
2022-10-11,Utilities,0.12306666666666666,56.15,0.26134999999999997
2022-10-12,Utilities,0.015083333333333336,50.75,0.12306666666666666
2022-10-13,Utilities,0.00385,50.19,0.015083333333333336
2022-10-14,Utilities,0.038925,51.95,0.00385
2022-10-17,Utilities,-0.10623,44.69,0.038925
2022-10-18,Utilities,0.18390000000000004,59.2,-0.10623
2022-10-19,Utilities,-0.04885833333333334,47.56,0.18390000000000004
2022-10-20,Utilities,0.10436000000000001,55.22,-0.04885833333333334
2022-10-21,Utilities,0.006130000000000002,50.31,0.10436000000000001
2022-10-24,Utilities,0.06351,53.18,0.006130000000000002
2022-10-25,Utilities,0.05158750000000001,52.58,0.06351
2022-10-26,Utilities,0.06725833333333334,53.36,0.05158750000000001
2022-10-27,Utilities,0.09801499999999999,54.9,0.06725833333333334
2022-10-28,Utilities,0.05082499999999999,52.54,0.09801499999999999
2022-10-31,Utilities,0.29244,64.62,0.05082499999999999
2022-11-01,Utilities,0.5868,79.34,0.29244
2022-11-02,Utilities,0.126975,56.35,0.5868
2022-11-03,Utilities,0.23504999999999998,61.75,0.126975
2022-11-04,Utilities,0.2885,64.42,0.23504999999999998
2022-11-07,Utilities,0.012321666666666672,50.62,0.2885
2022-11-08,Utilities,0.10466666666666664,55.23,0.012321666666666672
2022-11-09,Utilities,0.0727,53.64,0.10466666666666664
2022-11-10,Utilities,0.188225,59.41,0.0727
2022-11-11,Utilities,0.04465,52.23,0.188225
2022-11-14,Utilities,-0.00509333333333333,49.75,0.04465
2022-11-15,Utilities,0.0212,51.06,-0.00509333333333333
2022-11-16,Utilities,0.1033625,55.17,0.0212
2022-11-18,Utilities,0.0746125,53.73,0.1033625
2022-11-21,Utilities,0.033174999999999996,51.66,0.0746125
2022-11-22,Utilities,0.0112,50.56,0.033174999999999996
2022-11-23,Utilities,0.0517625,52.59,0.0112
2022-11-25,Utilities,0.053825,52.69,0.0517625
2022-11-28,Utilities,0.1565,57.82,0.053825
2022-11-29,Utilities,0.03455,51.73,0.1565
2022-11-30,Utilities,0.12771666666666667,56.39,0.03455
2022-12-01,Utilities,0.181925,59.1,0.12771666666666667
2022-12-02,Utilities,0.19849999999999998,59.92,0.181925
2022-12-05,Utilities,0.06356250000000001,53.18,0.19849999999999998
2022-12-06,Utilities,-0.0319,48.4,0.06356250000000001
2022-12-07,Utilities,0.23416666666666666,61.71,-0.0319
2022-12-08,Utilities,-0.1078,44.61,0.23416666666666666
2022-12-09,Utilities,0.001275,50.06,-0.1078
2022-12-12,Utilities,-0.026587500000000003,48.67,0.001275
2022-12-13,Utilities,0.23445,61.72,-0.026587500000000003
2022-12-14,Utilities,0.3612,68.06,0.23445
2022-12-15,Utilities,0.1507875,57.54,0.3612
2022-12-16,Utilities,0.1343625,56.72,0.1507875
2022-12-19,Utilities,0.06573888888888889,53.29,0.1343625
2022-12-20,Utilities,0.31522500000000003,65.76,0.06573888888888889
2022-12-21,Utilities,0.4078,70.39,0.31522500000000003
2022-12-22,Utilities,0.0,50.0,0.4078
2022-12-23,Utilities,0.27912499999999996,63.96,0.0
2022-12-27,Utilities,0.1290711111111111,56.45,0.27912499999999996
2022-12-28,Utilities,0.014183333333333334,50.71,0.1290711111111111
2022-12-29,Utilities,0.018600000000000005,50.93,0.014183333333333334
2022-12-30,Utilities,0.12625999999999998,56.31,0.018600000000000005
2023-01-03,Utilities,0.0866,54.33,0.12625999999999998
2023-01-04,Utilities,0.032025000000000005,51.6,0.0866
2023-01-05,Utilities,0.14560833333333334,57.28,0.032025000000000005
2023-01-06,Utilities,-0.1681,41.6,0.14560833333333334
2023-01-09,Utilities,0.05711999999999999,52.86,-0.1681
2023-01-10,Utilities,-0.18425,40.79,0.05711999999999999
2023-01-11,Utilities,-0.07823333333333334,46.09,-0.18425
2023-01-12,Utilities,0.025850000000000005,51.29,-0.07823333333333334
2023-01-13,Utilities,0.18656666666666666,59.33,0.025850000000000005
2023-01-17,Utilities,0.19089375,59.54,0.18656666666666666
2023-01-18,Utilities,0.013300000000000001,50.67,0.19089375
2023-01-19,Utilities,0.0098,50.49,0.013300000000000001
2023-01-20,Utilities,0.09793888888888887,54.9,0.0098
2023-01-23,Utilities,0.06064666666666667,53.03,0.09793888888888887
2023-01-24,Utilities,0.05580416666666667,52.79,0.06064666666666667
2023-01-25,Utilities,0.1470175,57.35,0.05580416666666667
2023-01-26,Utilities,0.05108833333333333,52.55,0.1470175
2023-01-27,Utilities,0.09857500000000001,54.93,0.05108833333333333
2023-01-30,Utilities,0.08835,54.42,0.09857500000000001
2023-01-31,Utilities,-0.06083333333333333,46.96,0.08835
2023-02-01,Utilities,-0.08763000000000001,45.62,-0.06083333333333333
2023-02-02,Utilities,0.2842083333333333,64.21,-0.08763000000000001
2023-02-03,Utilities,0.2477666666666667,62.39,0.2842083333333333
2023-02-06,Utilities,0.14441333333333334,57.22,0.2477666666666667
2023-02-07,Utilities,0.07948541666666667,53.97,0.14441333333333334
2023-02-08,Utilities,0.11645606060606062,55.82,0.07948541666666667
2023-02-09,Utilities,0.165315,58.27,0.11645606060606062
2023-02-10,Utilities,0.07048333333333333,53.52,0.165315
2023-02-13,Utilities,0.024127083333333334,51.21,0.07048333333333333
2023-02-14,Utilities,0.145628,57.28,0.024127083333333334
2023-02-15,Utilities,0.0975625,54.88,0.145628
2023-02-16,Utilities,0.12927812500000002,56.46,0.0975625
2023-02-17,Utilities,0.16107500000000002,58.05,0.12927812500000002
2023-02-21,Utilities,0.09091666666666666,54.55,0.16107500000000002
2023-02-22,Utilities,-0.020316666666666663,48.98,0.09091666666666666
2023-02-23,Utilities,0.15829333333333334,57.91,-0.020316666666666663
2023-02-24,Utilities,0.1980825,59.9,0.15829333333333334
2023-02-27,Utilities,0.165763,58.29,0.1980825
2023-02-28,Utilities,0.15594999999999998,57.8,0.165763
2023-03-01,Utilities,0.22829999999999998,61.42,0.15594999999999998
2023-03-02,Utilities,0.010333333333333333,50.52,0.22829999999999998
2023-03-03,Utilities,-0.11213333333333332,44.39,0.010333333333333333
2023-03-06,Utilities,0.1148875,55.74,-0.11213333333333332
2023-03-07,Utilities,0.06544,53.27,0.1148875
2023-03-08,Utilities,-0.068275,46.59,0.06544
2023-03-09,Utilities,0.138225,56.91,-0.068275
2023-03-10,Utilities,0.057979166666666665,52.9,0.138225
2023-03-13,Utilities,0.059925,53.0,0.057979166666666665
2023-03-14,Utilities,-0.08842222222222222,45.58,0.059925
2023-03-15,Utilities,0.05583958333333333,52.79,-0.08842222222222222
2023-03-16,Utilities,0.04578,52.29,0.05583958333333333
2023-03-17,Utilities,0.01493125,50.75,0.04578
2023-03-20,Utilities,0.11472916666666666,55.74,0.01493125
2023-03-21,Utilities,-0.11281250000000001,44.36,0.11472916666666666
2023-03-22,Utilities,0.007174999999999999,50.36,-0.11281250000000001
2023-03-23,Utilities,0.0916625,54.58,0.007174999999999999
2023-03-24,Utilities,0.0309,51.54,0.0916625
2023-03-27,Utilities,0.03475,51.74,0.0309
2023-03-28,Utilities,0.21726875,60.86,0.03475
2023-03-29,Utilities,0.03175833333333333,51.59,0.21726875
2023-03-30,Utilities,0.2553125,62.77,0.03175833333333333
2023-03-31,Utilities,0.02015277777777778,51.01,0.2553125
2023-04-03,Utilities,0.1558625,57.79,0.02015277777777778
2023-04-04,Utilities,0.191425,59.57,0.1558625
2023-04-05,Utilities,0.08735,54.37,0.191425
2023-04-06,Utilities,0.23539166666666667,61.77,0.08735
2023-04-10,Utilities,0.17362,58.68,0.23539166666666667
2023-04-11,Utilities,0.04626,52.31,0.17362
2023-04-12,Utilities,0.008499999999999999,50.42,0.04626
2023-04-13,Utilities,0.028635,51.43,0.008499999999999999
2023-04-14,Utilities,0.01283,50.64,0.028635
2023-04-17,Utilities,0.14305,57.15,0.01283
2023-04-18,Utilities,0.06691266666666666,53.35,0.14305
2023-04-19,Utilities,0.2,60.0,0.06691266666666666
2023-04-20,Utilities,0.01940666666666667,50.97,0.2
2023-04-21,Utilities,0.06664444444444445,53.33,0.01940666666666667
2023-04-24,Utilities,0.011071153846153847,50.55,0.06664444444444445
2023-04-25,Utilities,0.03491714285714286,51.75,0.011071153846153847
2023-04-26,Utilities,0.1611654761904762,58.06,0.03491714285714286
2023-04-27,Utilities,-0.026182666666666653,48.69,0.1611654761904762
2023-04-28,Utilities,0.08163333333333332,54.08,-0.026182666666666653
2023-05-01,Utilities,0.03077,51.54,0.08163333333333332
2023-05-02,Utilities,0.07337916666666668,53.67,0.03077
2023-05-03,Utilities,0.27069,63.53,0.07337916666666668
2023-05-04,Utilities,0.04653666666666667,52.33,0.27069
2023-05-05,Utilities,0.09300833333333333,54.65,0.04653666666666667
2023-05-08,Utilities,0.14733333333333332,57.37,0.09300833333333333
2023-05-09,Utilities,0.026470238095238092,51.32,0.14733333333333332
2023-05-10,Utilities,0.10499333333333334,55.25,0.026470238095238092
2023-05-11,Utilities,0.15395416666666667,57.7,0.10499333333333334
2023-05-12,Utilities,0.03404375,51.7,0.15395416666666667
2023-05-15,Utilities,0.05331666666666666,52.67,0.03404375
2023-05-16,Utilities,0.0850625,54.25,0.05331666666666666
2023-05-17,Utilities,0.060024999999999995,53.0,0.0850625
2023-05-18,Utilities,0.0146,50.73,0.060024999999999995
2023-05-19,Utilities,0.004175,50.21,0.0146
2023-05-22,Utilities,0.06405,53.2,0.004175
2023-05-23,Utilities,-0.3464,32.68,0.06405
2023-05-24,Utilities,0.15007500000000001,57.5,-0.3464
2023-05-25,Utilities,0.23423333333333338,61.71,0.15007500000000001
2023-05-26,Utilities,0.009883333333333334,50.49,0.23423333333333338
2023-05-30,Utilities,0.04861833333333333,52.43,0.009883333333333334
2023-05-31,Utilities,0.13683333333333333,56.84,0.04861833333333333
2023-06-01,Utilities,0.08254666666666666,54.13,0.13683333333333333
2023-06-02,Utilities,0.005566666666666667,50.28,0.08254666666666666
2023-06-05,Utilities,0.035460000000000005,51.77,0.005566666666666667
2023-06-07,Utilities,0.19930000000000003,59.96,0.035460000000000005
2023-06-08,Utilities,0.05948,52.97,0.19930000000000003
2023-06-09,Utilities,0.00848125,50.42,0.05948
2023-06-12,Utilities,0.09326666666666666,54.66,0.00848125
2023-06-13,Utilities,0.05848166666666666,52.92,0.09326666666666666
2023-06-14,Utilities,0.25819583333333335,62.91,0.05848166666666666
2023-06-15,Utilities,-0.05541666666666666,47.23,0.25819583333333335
2023-06-16,Utilities,0.14948333333333333,57.47,-0.05541666666666666
2023-06-20,Utilities,0.0415375,52.08,0.14948333333333333
2023-06-21,Utilities,0.050897222222222226,52.54,0.0415375
2023-06-22,Utilities,0.057025,52.85,0.050897222222222226
2023-06-23,Utilities,0.04367499999999999,52.18,0.057025
2023-06-26,Utilities,0.17227333333333336,58.61,0.04367499999999999
2023-06-27,Utilities,0.15453999999999998,57.73,0.17227333333333336
2023-06-28,Utilities,0.030100000000000002,51.5,0.15453999999999998
2023-06-29,Utilities,0.1446,57.23,0.030100000000000002
2023-06-30,Utilities,-0.006976666666666656,49.65,0.1446
2023-07-03,Utilities,-0.007016666666666668,49.65,-0.006976666666666656
2023-07-05,Utilities,0.23331666666666667,61.67,-0.007016666666666668
2023-07-06,Utilities,0.172884,58.64,0.23331666666666667
2023-07-07,Utilities,0.011888888888888888,50.59,0.172884
2023-07-10,Utilities,0.03928666666666667,51.96,0.011888888888888888
2023-07-11,Utilities,0.015036666666666667,50.75,0.03928666666666667
2023-07-12,Utilities,0.006433333333333333,50.32,0.015036666666666667
2023-07-13,Utilities,0.06865833333333334,53.43,0.006433333333333333
2023-07-14,Utilities,-0.06394444444444446,46.8,0.06865833333333334
2023-07-17,Utilities,0.0675125,53.38,-0.06394444444444446
2023-07-18,Utilities,0.15484666666666666,57.74,0.0675125
2023-07-19,Utilities,-0.0443,47.78,0.15484666666666666
2023-07-20,Utilities,0.2046888888888889,60.23,-0.0443
2023-07-21,Utilities,0.01451875,50.73,0.2046888888888889
2023-07-24,Utilities,0.18699500000000002,59.35,0.01451875
2023-07-25,Utilities,0.06596066666666667,53.3,0.18699500000000002
2023-07-26,Utilities,0.30611666666666665,65.31,0.06596066666666667
2023-07-27,Utilities,2.8571428571432315e-05,50.0,0.30611666666666665
2023-07-28,Utilities,-0.02664166666666667,48.67,2.8571428571432315e-05
2023-07-31,Utilities,0.13103333333333333,56.55,-0.02664166666666667
2023-08-01,Utilities,0.039799999999999995,51.99,0.13103333333333333
2023-08-02,Utilities,0.0008699999999999986,50.04,0.039799999999999995
2023-08-03,Utilities,0.05559000000000001,52.78,0.0008699999999999986
2023-08-04,Utilities,-0.15621866666666667,42.19,0.05559000000000001
2023-08-07,Utilities,0.11714500000000001,55.86,-0.15621866666666667
2023-08-08,Utilities,0.06557500000000002,53.28,0.11714500000000001
2023-08-09,Utilities,0.0213,51.07,0.06557500000000002
2023-08-10,Utilities,0.023399999999999997,51.17,0.0213
2023-08-11,Utilities,0.012883333333333332,50.64,0.023399999999999997
2023-08-14,Utilities,0.3186,65.93,0.012883333333333332
2023-08-15,Utilities,0.034716666666666667,51.74,0.3186
2023-08-16,Utilities,0.11865,55.93,0.034716666666666667
2023-08-17,Utilities,0.17783749999999998,58.89,0.11865
2023-08-18,Utilities,0.006775,50.34,0.17783749999999998
2023-08-21,Utilities,-0.06728666666666666,46.64,0.006775
2023-08-22,Utilities,0.00515,50.26,-0.06728666666666666
2023-08-23,Utilities,0.012311666666666669,50.62,0.00515
2023-08-24,Utilities,0.007722916666666666,50.39,0.012311666666666669
2023-08-25,Utilities,0.02077777777777778,51.04,0.007722916666666666
2023-08-28,Utilities,-0.004062499999999998,49.8,0.02077777777777778
2023-08-29,Utilities,0.01104375,50.55,-0.004062499999999998
2023-08-30,Utilities,0.09698333333333332,54.85,0.01104375
2023-08-31,Utilities,0.01497,50.75,0.09698333333333332
2023-09-01,Utilities,0.08936250000000001,54.47,0.01497
2023-09-05,Utilities,0.08683055555555556,54.34,0.08936250000000001
2023-09-06,Utilities,-0.0012709090909090912,49.94,0.08683055555555556
2023-09-07,Utilities,0.03606,51.8,-0.0012709090909090912
2023-09-08,Utilities,0.083005,54.15,0.03606
2023-09-11,Utilities,-0.1493,42.54,0.083005
2023-09-12,Utilities,-0.05661666666666667,47.17,-0.1493
2023-09-13,Utilities,0.10815333333333332,55.41,-0.05661666666666667
2023-09-14,Utilities,0.044939999999999994,52.25,0.10815333333333332
2023-09-15,Utilities,0.06418333333333334,53.21,0.044939999999999994
2023-09-18,Utilities,0.10405555555555557,55.2,0.06418333333333334
2023-09-19,Utilities,0.016566666666666667,50.83,0.10405555555555557
2023-09-20,Utilities,0.09435833333333334,54.72,0.016566666666666667
2023-09-21,Utilities,0.010185,50.51,0.09435833333333334
2023-09-22,Utilities,0.0045000000000000005,50.22,0.010185
2023-09-25,Utilities,0.01598888888888889,50.8,0.0045000000000000005
2023-09-26,Utilities,0.046225,52.31,0.01598888888888889
2023-09-27,Utilities,-0.035466,48.23,0.046225
2023-09-28,Utilities,0.12103472222222221,56.05,-0.035466
2023-09-29,Utilities,0.12062999999999999,56.03,0.12103472222222221
2023-10-02,Utilities,0.05754380952380952,52.88,0.12062999999999999
2023-10-03,Utilities,-0.259445,37.03,0.05754380952380952
2023-10-04,Utilities,0.032323333333333336,51.62,-0.259445
2023-10-05,Utilities,0.031968333333333335,51.6,0.032323333333333336
2023-10-06,Utilities,0.11446833333333332,55.72,0.031968333333333335
2023-10-09,Utilities,0.06789166666666667,53.39,0.11446833333333332
2023-10-10,Utilities,-0.01532666666666667,49.23,0.06789166666666667
2023-10-11,Utilities,0.05631111111111111,52.82,-0.01532666666666667
2023-10-12,Utilities,0.09198125,54.6,0.05631111111111111
2023-10-13,Utilities,-0.010970000000000006,49.45,0.09198125
2023-10-16,Utilities,0.014168750000000003,50.71,-0.010970000000000006
2023-10-17,Utilities,0.05098333333333333,52.55,0.014168750000000003
2023-10-18,Utilities,0.0093625,50.47,0.05098333333333333
2023-10-19,Utilities,0.12876666666666667,56.44,0.0093625
2023-10-20,Utilities,-0.019974999999999996,49.0,0.12876666666666667
2023-10-23,Utilities,0.0094375,50.47,-0.019974999999999996
2023-10-24,Utilities,0.09430833333333333,54.72,0.0094375
2023-10-25,Utilities,0.06465,53.23,0.09430833333333333
2023-10-26,Utilities,0.18228428571428573,59.11,0.06465
2023-10-27,Utilities,0.07181746031746032,53.59,0.18228428571428573
2023-10-30,Utilities,0.01065,50.53,0.07181746031746032
2023-10-31,Utilities,0.0609825,53.05,0.01065
2023-11-01,Utilities,0.08748,54.37,0.0609825
2023-11-02,Utilities,0.10727390476190476,55.36,0.08748
2023-11-03,Utilities,0.03899642857142857,51.95,0.10727390476190476
2023-11-06,Utilities,0.048046875,52.4,0.03899642857142857
2023-11-07,Utilities,0.0518375,52.59,0.048046875
2023-11-08,Utilities,0.05164,52.58,0.0518375
2023-11-09,Utilities,0.06454166666666666,53.23,0.05164
2023-11-10,Utilities,0.09929999999999999,54.96,0.06454166666666666
2023-11-13,Utilities,0.06350833333333333,53.18,0.09929999999999999
2023-11-14,Utilities,0.103025,55.15,0.06350833333333333
2023-11-15,Utilities,0.0129,50.64,0.103025
2023-11-16,Utilities,0.2077666666666667,60.39,0.0129
2023-11-17,Utilities,0.19087916666666666,59.54,0.2077666666666667
2023-11-20,Utilities,0.01035,50.52,0.19087916666666666
2023-11-21,Utilities,0.050275,52.51,0.01035
2023-11-22,Utilities,0.06052,53.03,0.050275
2023-11-24,Utilities,0.09457916666666667,54.73,0.06052
2023-11-27,Utilities,0.1931375,59.66,0.09457916666666667
2023-11-28,Utilities,0.0054625,50.27,0.1931375
2023-11-29,Utilities,0.07101666666666666,53.55,0.0054625
2023-11-30,Utilities,0.21347777777777777,60.67,0.07101666666666666
2023-12-01,Utilities,-0.08038333333333332,45.98,0.21347777777777777
2023-12-04,Utilities,0.2482,62.41,-0.08038333333333332
2023-12-05,Utilities,0.098025,54.9,0.2482
2023-12-06,Utilities,0.1600222222222222,58.0,0.098025
2023-12-07,Utilities,0.058735,52.94,0.1600222222222222
2023-12-08,Utilities,0.18707500000000002,59.35,0.058735
2023-12-11,Utilities,0.05778133333333333,52.89,0.18707500000000002
2023-12-12,Utilities,0.07968666666666666,53.98,0.05778133333333333
2023-12-13,Utilities,0.11057500000000002,55.53,0.07968666666666666
2023-12-14,Utilities,-0.03165111111111112,48.42,0.11057500000000002
2023-12-15,Utilities,0.06316666666666666,53.16,-0.03165111111111112
2023-12-18,Utilities,0.0993375,54.97,0.06316666666666666
